{
  "stats" : {
    "nextFaultload" : {
      "count" : 6,
      "average" : {
        "ns" : 2108379.1666666665,
        "us" : 2108.3791666666666,
        "ms" : 2.1083791666666665,
        "s" : 0.0021083791666666666
      },
      "min" : {
        "ns" : 28601,
        "us" : 28.601,
        "ms" : 0.028601,
        "s" : 2.8601E-5
      },
      "max" : {
        "ns" : 3251900,
        "us" : 3251.9,
        "ms" : 3.2519,
        "s" : 0.0032519
      }
    },
    "Per test" : {
      "count" : 5,
      "average" : {
        "ns" : 7.60521904E7,
        "us" : 76052.1904,
        "ms" : 76.0521904,
        "s" : 0.07605219040000001
      },
      "min" : {
        "ns" : 29585617,
        "us" : 29585.617,
        "ms" : 29.585617,
        "s" : 0.029585617
      },
      "max" : {
        "ns" : 242484791,
        "us" : 242484.791,
        "ms" : 242.484791,
        "s" : 0.242484791
      }
    },
    "registerFaultload" : {
      "count" : 5,
      "average" : {
        "ns" : 3.01674726E7,
        "us" : 30167.4726,
        "ms" : 30.1674726,
        "s" : 0.030167472600000002
      },
      "min" : {
        "ns" : 4753091,
        "us" : 4753.091,
        "ms" : 4.753091,
        "s" : 0.004753091
      },
      "max" : {
        "ns" : 116086029,
        "us" : 116086.029,
        "ms" : 116.086029,
        "s" : 0.116086029
      }
    },
    "testMethod" : {
      "count" : 5,
      "average" : {
        "ns" : 3.59987706E7,
        "us" : 35998.7706,
        "ms" : 35.9987706,
        "s" : 0.0359987706
      },
      "min" : {
        "ns" : 17982004,
        "us" : 17982.004,
        "ms" : 17.982004,
        "s" : 0.017982004
      },
      "max" : {
        "ns" : 106218423,
        "us" : 106218.423,
        "ms" : 106.218423,
        "s" : 0.106218423
      }
    },
    "getTraceWithDelay" : {
      "count" : 5,
      "average" : {
        "ns" : 3.58357606E7,
        "us" : 35835.7606,
        "ms" : 35.8357606,
        "s" : 0.0358357606
      },
      "min" : {
        "ns" : 16891337,
        "us" : 16891.337,
        "ms" : 16.891337,
        "s" : 0.016891337
      },
      "max" : {
        "ns" : 107892726,
        "us" : 107892.726,
        "ms" : 107.892726,
        "s" : 0.107892726
      }
    },
    "getTrace" : {
      "count" : 5,
      "average" : {
        "ns" : 2.56228532E7,
        "us" : 25622.853199999998,
        "ms" : 25.622853199999998,
        "s" : 0.0256228532
      },
      "min" : {
        "ns" : 10041516,
        "us" : 10041.516,
        "ms" : 10.041516,
        "s" : 0.010041516
      },
      "max" : {
        "ns" : 86923238,
        "us" : 86923.238,
        "ms" : 86.923238,
        "s" : 0.086923238
      }
    },
    "handleResult" : {
      "count" : 5,
      "average" : {
        "ns" : 5384050.8,
        "us" : 5384.0508,
        "ms" : 5.3840508,
        "s" : 0.0053840508
      },
      "min" : {
        "ns" : 1684603,
        "us" : 1684.603,
        "ms" : 1.684603,
        "s" : 0.001684603
      },
      "max" : {
        "ns" : 15485251,
        "us" : 15485.251,
        "ms" : 15.485251,
        "s" : 0.015485251
      }
    },
    "StrategyRunner.analyze" : {
      "count" : 5,
      "average" : {
        "ns" : 5327527.0,
        "us" : 5327.527,
        "ms" : 5.327527,
        "s" : 0.005327527
      },
      "min" : {
        "ns" : 1674603,
        "us" : 1674.603,
        "ms" : 1.674603,
        "s" : 0.001674603
      },
      "max" : {
        "ns" : 15238636,
        "us" : 15238.636,
        "ms" : 15.238636,
        "s" : 0.015238636
      }
    },
    "DynamicExplorationGenerator.handleFeedback<Analyzer>" : {
      "count" : 5,
      "average" : {
        "ns" : 1370384.4,
        "us" : 1370.3844,
        "ms" : 1.3703843999999998,
        "s" : 0.0013703843999999998
      },
      "min" : {
        "ns" : 108207,
        "us" : 108.207,
        "ms" : 0.108207,
        "s" : 1.08207E-4
      },
      "max" : {
        "ns" : 5867661,
        "us" : 5867.661,
        "ms" : 5.867661,
        "s" : 0.005867661
      }
    },
    "HappyPathDetector.handleFeedback<Analyzer>" : {
      "count" : 5,
      "average" : {
        "ns" : 102866.2,
        "us" : 102.86619999999999,
        "ms" : 0.10286619999999999,
        "s" : 1.028662E-4
      },
      "min" : {
        "ns" : 3800,
        "us" : 3.8,
        "ms" : 0.0038,
        "s" : 3.8E-6
      },
      "max" : {
        "ns" : 498130,
        "us" : 498.13,
        "ms" : 0.49813,
        "s" : 4.9813E-4
      }
    },
    "ParentChildDetector.handleFeedback<Analyzer>" : {
      "count" : 5,
      "average" : {
        "ns" : 685142.0,
        "us" : 685.142,
        "ms" : 0.685142,
        "s" : 6.85142E-4
      },
      "min" : {
        "ns" : 65604,
        "us" : 65.604,
        "ms" : 0.065604,
        "s" : 6.5604E-5
      },
      "max" : {
        "ns" : 2577358,
        "us" : 2577.358,
        "ms" : 2.577358,
        "s" : 0.002577358
      }
    },
    "HappensBeforeNeighbourDetector.handleFeedback<Analyzer>" : {
      "count" : 5,
      "average" : {
        "ns" : 573955.4,
        "us" : 573.9554,
        "ms" : 0.5739554,
        "s" : 5.739554E-4
      },
      "min" : {
        "ns" : 9401,
        "us" : 9.401,
        "ms" : 0.009401,
        "s" : 9.401E-6
      },
      "max" : {
        "ns" : 1302180,
        "us" : 1302.18,
        "ms" : 1.30218,
        "s" : 0.00130218
      }
    },
    "ErrorPropagationDetector.handleFeedback<Analyzer>" : {
      "count" : 5,
      "average" : {
        "ns" : 289477.6,
        "us" : 289.4776,
        "ms" : 0.2894776,
        "s" : 2.894776E-4
      },
      "min" : {
        "ns" : 21601,
        "us" : 21.601,
        "ms" : 0.021601,
        "s" : 2.1601E-5
      },
      "max" : {
        "ns" : 839151,
        "us" : 839.151,
        "ms" : 0.839151,
        "s" : 8.39151E-4
      }
    },
    "ConditionalPointDetector.handleFeedback<Analyzer>" : {
      "count" : 5,
      "average" : {
        "ns" : 1228355.4,
        "us" : 1228.3554,
        "ms" : 1.2283553999999999,
        "s" : 0.0012283554
      },
      "min" : {
        "ns" : 170910,
        "us" : 170.91,
        "ms" : 0.17091,
        "s" : 1.7091E-4
      },
      "max" : {
        "ns" : 4612383,
        "us" : 4612.383,
        "ms" : 4.612383,
        "s" : 0.004612383
      }
    },
    "RedundancyAnalyzer.handleFeedback<Analyzer>" : {
      "count" : 5,
      "average" : {
        "ns" : 69284.4,
        "us" : 69.28439999999999,
        "ms" : 0.0692844,
        "s" : 6.92844E-5
      },
      "min" : {
        "ns" : 25001,
        "us" : 25.001,
        "ms" : 0.025001,
        "s" : 2.5001E-5
      },
      "max" : {
        "ns" : 174211,
        "us" : 174.211,
        "ms" : 0.174211,
        "s" : 1.74211E-4
      }
    },
    "StatusAnalyzer.handleFeedback<Analyzer>" : {
      "count" : 5,
      "average" : {
        "ns" : 49743.0,
        "us" : 49.743,
        "ms" : 0.049743,
        "s" : 4.9743E-5
      },
      "min" : {
        "ns" : 5200,
        "us" : 5.2,
        "ms" : 0.0052,
        "s" : 5.2E-6
      },
      "max" : {
        "ns" : 219814,
        "us" : 219.814,
        "ms" : 0.219814,
        "s" : 2.19814E-4
      }
    },
    "BehaviorAnalyzer.handleFeedback<Analyzer>" : {
      "count" : 5,
      "average" : {
        "ns" : 418845.8,
        "us" : 418.8458,
        "ms" : 0.4188458,
        "s" : 4.188458E-4
      },
      "min" : {
        "ns" : 147609,
        "us" : 147.609,
        "ms" : 0.147609,
        "s" : 1.47609E-4
      },
      "max" : {
        "ns" : 766147,
        "us" : 766.147,
        "ms" : 0.766147,
        "s" : 7.66147E-4
      }
    },
    "TimingAnalyzer.handleFeedback<Analyzer>" : {
      "count" : 5,
      "average" : {
        "ns" : 360102.0,
        "us" : 360.102,
        "ms" : 0.360102,
        "s" : 3.60102E-4
      },
      "min" : {
        "ns" : 157809,
        "us" : 157.809,