{
  "stats" : {
    "nextFaultload" : {
      "count" : 10,
      "average" : {
        "ns" : 3598647.7,
        "us" : 3598.6477,
        "ms" : 3.5986477000000003,
        "s" : 0.0035986477
      },
      "min" : {
        "ns" : 1946702,
        "us" : 1946.702,
        "ms" : 1.946702,
        "s" : 0.001946702
      },
      "max" : {
        "ns" : 10665456,
        "us" : 10665.456,
        "ms" : 10.665456,
        "s" : 0.010665456
      }
    },
    "Per test" : {
      "count" : 9,
      "average" : {
        "ns" : 5.9087236666666664E7,
        "us" : 59087.236666666664,
        "ms" : 59.08723666666666,
        "s" : 0.05908723666666667
      },
      "min" : {
        "ns" : 28461184,
        "us" : 28461.184,
        "ms" : 28.461184,
        "s" : 0.028461184
      },
      "max" : {
        "ns" : 235265769,
        "us" : 235265.769,
        "ms" : 235.265769,
        "s" : 0.235265769
      }
    },
    "registerFaultload" : {
      "count" : 9,
      "average" : {
        "ns" : 1.6927671666666668E7,
        "us" : 16927.67166666667,
        "ms" : 16.92767166666667,
        "s" : 0.016927671666666668
      },
      "min" : {
        "ns" : 2849948,
        "us" : 2849.948,
        "ms" : 2.849948,
        "s" : 0.002849948
      },
      "max" : {
        "ns" : 109445708,
        "us" : 109445.708,
        "ms" : 109.445708,
        "s" : 0.109445708
      }
    },
    "testMethod" : {
      "count" : 9,
      "average" : {
        "ns" : 1.4793815777777778E7,
        "us" : 14793.815777777778,
        "ms" : 14.793815777777779,
        "s" : 0.014793815777777778
      },
      "min" : {
        "ns" : 12207937,
        "us" : 12207.937,
        "ms" : 12.207937,
        "s" : 0.012207937
      },
      "max" : {
        "ns" : 19929639,
        "us" : 19929.639,
        "ms" : 19.929639,
        "s" : 0.019929639
      }
    },
    "getTraceWithDelay" : {
      "count" : 9,
      "average" : {
        "ns" : 2.7122436444444444E7,
        "us" : 27122.436444444444,
        "ms" : 27.122436444444443,
        "s" : 0.027122436444444443
      },
      "min" : {
        "ns" : 12905173,
        "us" : 12905.173,
        "ms" : 12.905173,
        "s" : 0.012905173
      },
      "max" : {
        "ns" : 105618708,
        "us" : 105618.708,
        "ms" : 105.618708,
        "s" : 0.105618708
      }
    },
    "getTrace" : {
      "count" : 9,
      "average" : {
        "ns" : 1.6271004111111112E7,
        "us" : 16271.004111111111,
        "ms" : 16.27100411111111,
        "s" : 0.016271004111111112
      },
      "min" : {
        "ns" : 7274280,
        "us" : 7274.28,
        "ms" : 7.27428,
        "s" : 0.00727428
      },
      "max" : {
        "ns" : 72707792,
        "us" : 72707.792,
        "ms" : 72.707792,
        "s" : 0.072707792
      }
    },
    "handleResult" : {
      "count" : 9,
      "average" : {
        "ns" : 7177774.333333333,
        "us" : 7177.774333333333,
        "ms" : 7.177774333333333,
        "s" : 0.007177774333333333
      },
      "min" : {
        "ns" : 2573534,
        "us" : 2573.534,
        "ms" : 2.573534,
        "s" : 0.002573534
      },
      "max" : {
        "ns" : 23820942,
        "us" : 23820.942,
        "ms" : 23.820942,
        "s" : 0.023820942
      }
    },
    "StrategyRunner.analyze" : {
      "count" : 9,
      "average" : {
        "ns" : 7024299.666666667,
        "us" : 7024.299666666667,
        "ms" : 7.024299666666667,
        "s" : 0.007024299666666667
      },
      "min" : {
        "ns" : 2384424,
        "us" : 2384.424,
        "ms" : 2.384424,
        "s" : 0.002384424
      },
      "max" : {
        "ns" : 23500825,
        "us" : 23500.825,
        "ms" : 23.500825,
        "s" : 0.023500825
      }
    },
    "DynamicExplorationGenerator.handleFeedback<Analyzer>" : {
      "count" : 9,
      "average" : {
        "ns" : 1136003.5555555555,
        "us" : 1136.0035555555555,
        "ms" : 1.1360035555555554,
        "s" : 0.0011360035555555556
      },
      "min" : {
        "ns" : 86205,
        "us" : 86.205,
        "ms" : 0.086205,
        "s" : 8.6205E-5
      },
      "max" : {
        "ns" : 5816603,
        "us" : 5816.603,
        "ms" : 5.816603,
        "s" : 0.005816603
      }
    },
    "HappyPathDetector.handleFeedback<Analyzer>" : {
      "count" : 9,
      "average" : {
        "ns" : 61847.555555555555,
        "us" : 61.84755555555555,
        "ms" : 0.06184755555555555,
        "s" : 6.184755555555556E-5
      },
      "min" : {
        "ns" : 3200,
        "us" : 3.2,
        "ms" : 0.0032,
        "s" : 3.2E-6
      },
      "max" : {
        "ns" : 518427,
        "us" : 518.427,
        "ms" : 0.518427,
        "s" : 5.18427E-4
      }
    },
    "ParentChildDetector.handleFeedback<Analyzer>" : {
      "count" : 9,
      "average" : {
        "ns" : 1033909.6666666666,
        "us" : 1033.9096666666667,
        "ms" : 1.0339096666666667,
        "s" : 0.0010339096666666667
      },
      "min" : {
        "ns" : 44902,
        "us" : 44.902,
        "ms" : 0.044902,
        "s" : 4.4902E-5
      },
      "max" : {
        "ns" : 8573247,
        "us" : 8573.247,
        "ms" : 8.573247,
        "s" : 0.008573247
      }
    },
    "HappensBeforeNeighbourDetector.handleFeedback<Analyzer>" : {
      "count" : 9,
      "average" : {
        "ns" : 551628.7777777778,
        "us" : 551.6287777777777,
        "ms" : 0.5516287777777777,
        "s" : 5.516287777777777E-4
      },
      "min" : {
        "ns" : 15701,
        "us" : 15.701,
        "ms" : 0.015701,
        "s" : 1.5701E-5
      },
      "max" : {
        "ns" : 1573082,
        "us" : 1573.082,
        "ms" : 1.573082,
        "s" : 0.001573082
      }
    },
    "ErrorPropagationDetector.handleFeedback<Analyzer>" : {
      "count" : 9,
      "average" : {
        "ns" : 338851.0,
        "us" : 338.851,
        "ms" : 0.338851,
        "s" : 3.38851E-4
      },
      "min" : {
        "ns" : 3700,
        "us" : 3.7,
        "ms" : 0.0037,
        "s" : 3.7E-6
      },
      "max" : {
        "ns" : 1607384,
        "us" : 1607.384,
        "ms" : 1.607384,
        "s" : 0.001607384
      }
    },
    "ConditionalPointDetector.handleFeedback<Analyzer>" : {
      "count" : 9,
      "average" : {
        "ns" : 2663494.5555555555,
        "us" : 2663.4945555555555,
        "ms" : 2.6634945555555554,
        "s" : 0.0026634945555555553
      },
      "min" : {
        "ns" : 259513,
        "us" : 259.513,
        "ms" : 0.259513,
        "s" : 2.59513E-4
      },
      "max" : {
        "ns" : 8829460,
        "us" : 8829.46,
        "ms" : 8.82946,
        "s" : 0.00882946
      }
    },
    "RedundancyAnalyzer.handleFeedback<Analyzer>" : {
      "count" : 9,
      "average" : {
        "ns" : 38101.88888888889,
        "us" : 38.101888888888894,
        "ms" : 0.038101888888888893,
        "s" : 3.810188888888889E-5
      },
      "min" : {
        "ns" : 16201,
        "us" : 16.201,
        "ms" : 0.016201,
        "s" : 1.6201E-5
      },
      "max" : {
        "ns" : 101005,
        "us" : 101.005,
        "ms" : 0.101005,
        "s" : 1.01005E-4
      }
    },
    "StatusAnalyzer.handleFeedback<Analyzer>" : {
      "count" : 9,
      "average" : {
        "ns" : 21956.555555555555,
        "us" : 21.956555555555553,
        "ms" : 0.021956555555555556,
        "s" : 2.1956555555555553E-5
      },
      "min" : {
        "ns" : 4500,
        "us" : 4.5,
        "ms" : 0.0045,
        "s" : 4.5E-6
      },
      "max" : {
        "ns" : 150608,
        "us" : 150.608,
        "ms" : 0.150608,
        "s" : 1.50608E-4
      }
    },
    "BehaviorAnalyzer.handleFeedback<Analyzer>" : {
      "count" : 9,
      "average" : {
        "ns" : 606976.1111111111,
        "us" : 606.9761111111111,
        "ms" : 0.6069761111111112,
        "s" : 6.069761111111112E-4
      },
      "min" : {
        "ns" : 335418,
        "us" : 335.418,
        "ms" : 0.335418,