{
  "stats" : {
    "nextFaultload" : {
      "count" : 9,
      "average" : {
        "ns" : 2220674.5555555555,
        "us" : 2220.6745555555553,
        "ms" : 2.2206745555555556,
        "s" : 0.0022206745555555553
      },
      "min" : {
        "ns" : 433125,
        "us" : 433.125,
        "ms" : 0.433125,
        "s" : 4.33125E-4
      },
      "max" : {
        "ns" : 3552011,
        "us" : 3552.011,
        "ms" : 3.552011,
        "s" : 0.003552011
      }
    },
    "Per test" : {
      "count" : 8,
      "average" : {
        "ns" : 1.33261827E8,
        "us" : 133261.827,
        "ms" : 133.261827,
        "s" : 0.133261827
      },
      "min" : {
        "ns" : 56360229,
        "us" : 56360.229,
        "ms" : 56.360229,
        "s" : 0.056360229
      },
      "max" : {
        "ns" : 429934798,
        "us" : 429934.798,
        "ms" : 429.934798,
        "s" : 0.429934798
      }
    },
    "registerFaultload" : {
      "count" : 8,
      "average" : {
        "ns" : 1.9288741375E7,
        "us" : 19288.741375,
        "ms" : 19.288741375,
        "s" : 0.019288741375
      },
      "min" : {
        "ns" : 2970470,
        "us" : 2970.47,
        "ms" : 2.97047,
        "s" : 0.00297047
      },
      "max" : {
        "ns" : 117563173,
        "us" : 117563.173,
        "ms" : 117.563173,
        "s" : 0.117563173
      }
    },
    "testMethod" : {
      "count" : 8,
      "average" : {
        "ns" : 8.91832155E7,
        "us" : 89183.2155,
        "ms" : 89.1832155,
        "s" : 0.0891832155
      },
      "min" : {
        "ns" : 39772778,
        "us" : 39772.778,
        "ms" : 39.772778,
        "s" : 0.039772778
      },
      "max" : {
        "ns" : 217191380,
        "us" : 217191.38,
        "ms" : 217.19138,
        "s" : 0.21719138
      }
    },
    "getTraceWithDelay" : {
      "count" : 8,
      "average" : {
        "ns" : 2.4567757E7,
        "us" : 24567.757,
        "ms" : 24.567757,
        "s" : 0.024567757
      },
      "min" : {
        "ns" : 11000731,
        "us" : 11000.731,
        "ms" : 11.000731,
        "s" : 0.011000731
      },
      "max" : {
        "ns" : 94880327,
        "us" : 94880.327,
        "ms" : 94.880327,
        "s" : 0.094880327
      }
    },
    "getTrace" : {
      "count" : 8,
      "average" : {
        "ns" : 1.53694295E7,
        "us" : 15369.4295,
        "ms" : 15.3694295,
        "s" : 0.0153694295
      },
      "min" : {
        "ns" : 6025046,
        "us" : 6025.046,
        "ms" : 6.025046,
        "s" : 0.006025046
      },
      "max" : {
        "ns" : 68350153,
        "us" : 68350.153,
        "ms" : 68.350153,
        "s" : 0.068350153
      }
    },
    "handleResult" : {
      "count" : 8,
      "average" : {
        "ns" : 5468684.5,
        "us" : 5468.6845,
        "ms" : 5.4686845,
        "s" : 0.0054686845
      },
      "min" : {
        "ns" : 1885708,
        "us" : 1885.708,
        "ms" : 1.885708,
        "s" : 0.001885708
      },
      "max" : {
        "ns" : 18567401,
        "us" : 18567.401,
        "ms" : 18.567401,
        "s" : 0.018567401
      }
    },
    "StrategyRunner.analyze" : {
      "count" : 8,
      "average" : {
        "ns" : 5315388.0,
        "us" : 5315.388,
        "ms" : 5.315388,
        "s" : 0.005315388
      },
      "min" : {
        "ns" : 1778502,
        "us" : 1778.502,
        "ms" : 1.778502,
        "s" : 0.001778502
      },
      "max" : {
        "ns" : 18242782,
        "us" : 18242.782,
        "ms" : 18.242782,
        "s" : 0.018242782
      }
    },
    "DynamicExplorationGenerator.handleFeedback<Analyzer>" : {
      "count" : 8,
      "average" : {
        "ns" : 962444.75,
        "us" : 962.44475,
        "ms" : 0.96244475,
        "s" : 9.6244475E-4
      },
      "min" : {
        "ns" : 77105,
        "us" : 77.105,
        "ms" : 0.077105,
        "s" : 7.7105E-5
      },
      "max" : {
        "ns" : 5500427,
        "us" : 5500.427,
        "ms" : 5.500427,
        "s" : 0.005500427
      }
    },
    "HappyPathDetector.handleFeedback<Analyzer>" : {
      "count" : 8,
      "average" : {
        "ns" : 52890.5,
        "us" : 52.8905,
        "ms" : 0.0528905,
        "s" : 5.28905E-5
      },
      "min" : {
        "ns" : 3000,
        "us" : 3.0,
        "ms" : 0.003,
        "s" : 3.0E-6
      },
      "max" : {
        "ns" : 392623,
        "us" : 392.623,
        "ms" : 0.392623,
        "s" : 3.92623E-4
      }
    },
    "ParentChildDetector.handleFeedback<Analyzer>" : {
      "count" : 8,
      "average" : {
        "ns" : 940880.875,
        "us" : 940.880875,
        "ms" : 0.940880875,
        "s" : 9.40880875E-4
      },
      "min" : {
        "ns" : 38302,
        "us" : 38.302,
        "ms" : 0.038302,
        "s" : 3.8302E-5
      },
      "max" : {
        "ns" : 7060219,
        "us" : 7060.219,
        "ms" : 7.060219,
        "s" : 0.007060219
      }
    },
    "HappensBeforeNeighbourDetector.handleFeedback<Analyzer>" : {
      "count" : 8,
      "average" : {
        "ns" : 387460.25,
        "us" : 387.46025,
        "ms" : 0.38746025,
        "s" : 3.8746025E-4
      },
      "min" : {
        "ns" : 11601,
        "us" : 11.601,
        "ms" : 0.011601,
        "s" : 1.1601E-5
      },
      "max" : {
        "ns" : 1345380,
        "us" : 1345.38,
        "ms" : 1.34538,
        "s" : 0.00134538
      }
    },
    "ErrorPropagationDetector.handleFeedback<Analyzer>" : {
      "count" : 8,
      "average" : {
        "ns" : 757681.75,
        "us" : 757.68175,
        "ms" : 0.75768175,
        "s" : 7.5768175E-4
      },
      "min" : {
        "ns" : 16201,
        "us" : 16.201,
        "ms" : 0.016201,
        "s" : 1.6201E-5
      },
      "max" : {
        "ns" : 2668058,
        "us" : 2668.058,
        "ms" : 2.668058,
        "s" : 0.002668058
      }
    },
    "ConditionalPointDetector.handleFeedback<Analyzer>" : {
      "count" : 8,
      "average" : {
        "ns" : 759157.375,
        "us" : 759.157375,
        "ms" : 0.759157375,
        "s" : 7.59157375E-4
      },
      "min" : {
        "ns" : 159909,
        "us" : 159.909,
        "ms" : 0.159909,
        "s" : 1.59909E-4
      },
      "max" : {
        "ns" : 4097243,
        "us" : 4097.243,
        "ms" : 4.097243,
        "s" : 0.004097243
      }
    },
    "RedundancyAnalyzer.handleFeedback<Analyzer>" : {
      "count" : 8,
      "average" : {
        "ns" : 38402.125,
        "us" : 38.402125,
        "ms" : 0.038402125,
        "s" : 3.8402125E-5
      },
      "min" : {
        "ns" : 20301,
        "us" : 20.301,
        "ms" : 0.020301,
        "s" : 2.0301E-5
      },
      "max" : {
        "ns" : 71204,
        "us" : 71.204,
        "ms" : 0.071204,
        "s" : 7.1204E-5
      }
    },
    "StatusAnalyzer.handleFeedback<Analyzer>" : {
      "count" : 8,
      "average" : {
        "ns" : 21063.875,
        "us" : 21.063875,
        "ms" : 0.021063875,
        "s" : 2.1063875E-5
      },
      "min" : {
        "ns" : 4401,
        "us" : 4.401,
        "ms" : 0.004401,
        "s" : 4.401E-6
      },
      "max" : {
        "ns" : 130008,
        "us" : 130.008,
        "ms" : 0.130008,
        "s" : 1.30008E-4
      }
    },
    "BehaviorAnalyzer.handleFeedback<Analyzer>" : {
      "count" : 8,
      "average" : {
        "ns" : 549531.875,
        "us" : 549.531875,
        "ms" : 0.549531875,
        "s" : 5.49531875E-4
      },
      "min" : {
        "ns" : 339919,
        "us" : 339.919,
        "ms" : 0.339919,
        "s" : 3.39919E-4
      },
      "max" : {
        "ns" : 1399883,
        "us" : 1399.883,
        "ms" : 1.399883,
        "s" : 0.001399883
      }
    },
    "TimingAnalyzer.handleFeedback<Analyzer>" : {
      "count" : 8,
      "average" : {
        "ns" : 167685.0,
        "us" : 167.685,
        "ms" : 0.167685,
        "s" : 1.67685E-4
      },
      "min" : {
        "ns" : 53003,
        "us" : 53.003,
        "ms" : 0.053003,