{
  "stats" : {
    "nextFaultload" : {
      "count" : 10,
      "average" : {
        "ns" : 3724935.2,
        "us" : 3724.9352000000003,
        "ms" : 3.7249352,
        "s" : 0.0037249352
      },
      "min" : {
        "ns" : 1863698,
        "us" : 1863.698,
        "ms" : 1.863698,
        "s" : 0.001863698
      },
      "max" : {
        "ns" : 10764228,
        "us" : 10764.228,
        "ms" : 10.764228,
        "s" : 0.010764228
      }
    },
    "Per test" : {
      "count" : 9,
      "average" : {
        "ns" : 6.185133244444445E7,
        "us" : 61851.332444444444,
        "ms" : 61.851332444444445,
        "s" : 0.06185133244444445
      },
      "min" : {
        "ns" : 30049288,
        "us" : 30049.288,
        "ms" : 30.049288,
        "s" : 0.030049288
      },
      "max" : {
        "ns" : 246177487,
        "us" : 246177.487,
        "ms" : 246.177487,
        "s" : 0.246177487
      }
    },
    "registerFaultload" : {
      "count" : 9,
      "average" : {
        "ns" : 1.9588735777777776E7,
        "us" : 19588.735777777776,
        "ms" : 19.588735777777774,
        "s" : 0.019588735777777776
      },
      "min" : {
        "ns" : 2953971,
        "us" : 2953.971,
        "ms" : 2.953971,
        "s" : 0.002953971
      },
      "max" : {
        "ns" : 130131255,
        "us" : 130131.255,
        "ms" : 130.131255,
        "s" : 0.130131255
      }
    },
    "testMethod" : {
      "count" : 9,
      "average" : {
        "ns" : 1.5714919444444444E7,
        "us" : 15714.919444444444,
        "ms" : 15.714919444444444,
        "s" : 0.015714919444444444
      },
      "min" : {
        "ns" : 13382152,
        "us" : 13382.152,
        "ms" : 13.382152,
        "s" : 0.013382152
      },
      "max" : {
        "ns" : 21066225,
        "us" : 21066.225,
        "ms" : 21.066225,
        "s" : 0.021066225
      }
    },
    "getTraceWithDelay" : {
      "count" : 9,
      "average" : {
        "ns" : 2.6553466444444444E7,
        "us" : 26553.466444444442,
        "ms" : 26.553466444444442,
        "s" : 0.026553466444444444
      },
      "min" : {
        "ns" : 12651700,
        "us" : 12651.7,
        "ms" : 12.6517,
        "s" : 0.0126517
      },
      "max" : {
        "ns" : 94907434,
        "us" : 94907.434,
        "ms" : 94.907434,
        "s" : 0.094907434
      }
    },
    "getTrace" : {
      "count" : 9,
      "average" : {
        "ns" : 1.7253318E7,
        "us" : 17253.318,
        "ms" : 17.253318,
        "s" : 0.017253318
      },
      "min" : {
        "ns" : 7571403,
        "us" : 7571.403,
        "ms" : 7.571403,
        "s" : 0.007571403
      },
      "max" : {
        "ns" : 76785656,
        "us" : 76785.656,
        "ms" : 76.785656,
        "s" : 0.076785656
      }
    },
    "handleResult" : {
      "count" : 9,
      "average" : {
        "ns" : 6303730.222222222,
        "us" : 6303.730222222222,
        "ms" : 6.303730222222222,
        "s" : 0.006303730222222222
      },
      "min" : {
        "ns" : 2106583,
        "us" : 2106.583,
        "ms" : 2.106583,
        "s" : 0.002106583
      },
      "max" : {
        "ns" : 16000125,
        "us" : 16000.125,
        "ms" : 16.000125,
        "s" : 0.016000125
      }
    },
    "StrategyRunner.analyze" : {
      "count" : 9,
      "average" : {
        "ns" : 6255703.555555556,
        "us" : 6255.703555555556,
        "ms" : 6.255703555555556,
        "s" : 0.006255703555555556
      },
      "min" : {
        "ns" : 2036561,
        "us" : 2036.561,
        "ms" : 2.036561,
        "s" : 0.002036561
      },
      "max" : {
        "ns" : 15987844,
        "us" : 15987.844,
        "ms" : 15.987844,
        "s" : 0.015987844
      }
    },
    "DynamicExplorationGenerator.handleFeedback<Analyzer>" : {
      "count" : 9,
      "average" : {
        "ns" : 1079977.5555555555,
        "us" : 1079.9775555555555,
        "ms" : 1.0799775555555555,
        "s" : 0.0010799775555555555
      },
      "min" : {
        "ns" : 96362,
        "us" : 96.362,
        "ms" : 0.096362,
        "s" : 9.6362E-5
      },
      "max" : {
        "ns" : 5403359,
        "us" : 5403.359,
        "ms" : 5.403359,
        "s" : 0.005403359
      }
    },
    "HappyPathDetector.handleFeedback<Analyzer>" : {
      "count" : 9,
      "average" : {
        "ns" : 81573.77777777778,
        "us" : 81.57377777777778,
        "ms" : 0.08157377777777779,
        "s" : 8.157377777777778E-5
      },
      "min" : {
        "ns" : 3230,
        "us" : 3.23,
        "ms" : 0.00323,
        "s" : 3.23E-6
      },
      "max" : {
        "ns" : 704804,
        "us" : 704.804,
        "ms" : 0.704804,
        "s" : 7.04804E-4
      }
    },
    "ParentChildDetector.handleFeedback<Analyzer>" : {
      "count" : 9,
      "average" : {
        "ns" : 343911.55555555556,
        "us" : 343.91155555555554,
        "ms" : 0.3439115555555556,
        "s" : 3.439115555555556E-4
      },
      "min" : {
        "ns" : 49771,
        "us" : 49.771,
        "ms" : 0.049771,
        "s" : 4.9771E-5
      },
      "max" : {
        "ns" : 2217045,
        "us" : 2217.045,
        "ms" : 2.217045,
        "s" : 0.002217045
      }
    },
    "HappensBeforeNeighbourDetector.handleFeedback<Analyzer>" : {
      "count" : 9,
      "average" : {
        "ns" : 597294.2222222222,
        "us" : 597.2942222222223,
        "ms" : 0.5972942222222223,
        "s" : 5.972942222222222E-4
      },
      "min" : {
        "ns" : 8351,
        "us" : 8.351,
        "ms" : 0.008351,
        "s" : 8.351E-6
      },
      "max" : {
        "ns" : 1382498,
        "us" : 1382.498,
        "ms" : 1.382498,
        "s" : 0.001382498
      }
    },
    "ErrorPropagationDetector.handleFeedback<Analyzer>" : {
      "count" : 9,
      "average" : {
        "ns" : 120592.44444444444,
        "us" : 120.59244444444444,
        "ms" : 0.12059244444444443,
        "s" : 1.2059244444444444E-4
      },
      "min" : {
        "ns" : 3970,
        "us" : 3.97,
        "ms" : 0.00397,
        "s" : 3.97E-6
      },
      "max" : {
        "ns" : 658543,
        "us" : 658.543,
        "ms" : 0.658543,
        "s" : 6.58543E-4
      }
    },
    "ConditionalPointDetector.handleFeedback<Analyzer>" : {
      "count" : 9,
      "average" : {
        "ns" : 1688708.7777777778,
        "us" : 1688.7087777777776,
        "ms" : 1.6887087777777778,
        "s" : 0.0016887087777777776
      },
      "min" : {
        "ns" : 328547,
        "us" : 328.547,
        "ms" : 0.328547,
        "s" : 3.28547E-4
      },
      "max" : {
        "ns" : 4710905,
        "us" : 4710.905,
        "ms" : 4.710905,
        "s" : 0.004710905
      }
    },
    "RedundancyAnalyzer.handleFeedback<Analyzer>" : {
      "count" : 9,
      "average" : {
        "ns" : 54688.88888888889,
        "us" : 54.68888888888889,
        "ms" : 0.05468888888888889,
        "s" : 5.468888888888889E-5
      },
      "min" : {
        "ns" : 17440,
        "us" : 17.44,
        "ms" : 0.01744,
        "s" : 1.744E-5
      },
      "max" : {
        "ns" : 127343,
        "us" : 127.343,
        "ms" : 0.127343,
        "s" : 1.27343E-4
      }
    },
    "StatusAnalyzer.handleFeedback<Analyzer>" : {
      "count" : 9,
      "average" : {
        "ns" : 29758.333333333332,
        "us" : 29.758333333333333,
        "ms" : 0.02975833333333333,
        "s" : 2.9758333333333333E-5
      },
      "min" : {
        "ns" : 4960,
        "us" : 4.96,
        "ms" : 0.00496,
        "s" : 4.96E-6
      },
      "max" : {
        "ns" : 218954,
        "us" : 218.954,
        "ms" : 0.218954,
        "s" : 2.18954E-4
      }
    },
    "BehaviorAnalyzer.handleFeedback<Analyzer>" : {
      "count" : 9,
      "average" : {
        "ns" : 264517.6666666667,
        "us" : 264.5176666666667,
        "ms" : 0.2645176666666667,
        "s" : 2.6451766666666667E-4
      },
      "min" : {
        "ns" : 93302,
        "us" : 93.302,
        "ms" : 0.093302,