{
  "stats" : {
    "nextFaultload" : {
      "count" : 9,
      "average" : {
        "ns" : 2394299.888888889,
        "us" : 2394.299888888889,
        "ms" : 2.394299888888889,
        "s" : 0.002394299888888889
      },
      "min" : {
        "ns" : 22252,
        "us" : 22.252,
        "ms" : 0.022252,
        "s" : 2.2252E-5
      },
      "max" : {
        "ns" : 4455051,
        "us" : 4455.051,
        "ms" : 4.455051,
        "s" : 0.004455051
      }
    },
    "Per test" : {
      "count" : 8,
      "average" : {
        "ns" : 6.6037246625E7,
        "us" : 66037.246625,
        "ms" : 66.037246625,
        "s" : 0.066037246625
      },
      "min" : {
        "ns" : 27037544,
        "us" : 27037.544,
        "ms" : 27.037544,
        "s" : 0.027037544
      },
      "max" : {
        "ns" : 258421903,
        "us" : 258421.903,
        "ms" : 258.421903,
        "s" : 0.258421903
      }
    },
    "registerFaultload" : {
      "count" : 8,
      "average" : {
        "ns" : 1.970353775E7,
        "us" : 19703.53775,
        "ms" : 19.70353775,
        "s" : 0.01970353775
      },
      "min" : {
        "ns" : 3370658,
        "us" : 3370.658,
        "ms" : 3.370658,
        "s" : 0.003370658
      },
      "max" : {
        "ns" : 117157051,
        "us" : 117157.051,
        "ms" : 117.157051,
        "s" : 0.117157051
      }
    },
    "testMethod" : {
      "count" : 8,
      "average" : {
        "ns" : 1.5779575375E7,
        "us" : 15779.575375,
        "ms" : 15.779575375,
        "s" : 0.015779575375
      },
      "min" : {
        "ns" : 10114802,
        "us" : 10114.802,
        "ms" : 10.114802,
        "s" : 0.010114802
      },
      "max" : {
        "ns" : 28040692,
        "us" : 28040.692,
        "ms" : 28.040692,
        "s" : 0.028040692
      }
    },
    "getTraceWithDelay" : {
      "count" : 8,
      "average" : {
        "ns" : 3.0551413625E7,
        "us" : 30551.413625,
        "ms" : 30.551413625,
        "s" : 0.030551413625
      },
      "min" : {
        "ns" : 13044654,
        "us" : 13044.654,
        "ms" : 13.044654,
        "s" : 0.013044654
      },
      "max" : {
        "ns" : 113106384,
        "us" : 113106.384,
        "ms" : 113.106384,
        "s" : 0.113106384
      }
    },
    "getTrace" : {
      "count" : 8,
      "average" : {
        "ns" : 2.0458173875E7,
        "us" : 20458.173875,
        "ms" : 20.458173875,
        "s" : 0.020458173875
      },
      "min" : {
        "ns" : 7759144,
        "us" : 7759.144,
        "ms" : 7.759144,
        "s" : 0.007759144
      },
      "max" : {
        "ns" : 89008002,
        "us" : 89008.002,
        "ms" : 89.008002,
        "s" : 0.089008002
      }
    },
    "handleResult" : {
      "count" : 8,
      "average" : {
        "ns" : 6801277.0,
        "us" : 6801.277,
        "ms" : 6.801277,
        "s" : 0.006801277
      },
      "min" : {
        "ns" : 1743552,
        "us" : 1743.552,
        "ms" : 1.743552,
        "s" : 0.001743552
      },
      "max" : {
        "ns" : 20563944,
        "us" : 20563.944,
        "ms" : 20.563944,
        "s" : 0.020563944
      }
    },
    "StrategyRunner.analyze" : {
      "count" : 8,
      "average" : {
        "ns" : 6765291.125,
        "us" : 6765.291125,
        "ms" : 6.765291125,
        "s" : 0.006765291125
      },
      "min" : {
        "ns" : 1731622,
        "us" : 1731.622,
        "ms" : 1.731622,
        "s" : 0.001731622
      },
      "max" : {
        "ns" : 20370053,
        "us" : 20370.053,
        "ms" : 20.370053,
        "s" : 0.020370053
      }
    },
    "DynamicExplorationGenerator.handleFeedback<Analyzer>" : {
      "count" : 8,
      "average" : {
        "ns" : 1288556.625,
        "us" : 1288.556625,
        "ms" : 1.288556625,
        "s" : 0.001288556625
      },
      "min" : {
        "ns" : 74264,
        "us" : 74.264,
        "ms" : 0.074264,
        "s" : 7.4264E-5
      },
      "max" : {
        "ns" : 7377492,
        "us" : 7377.492,
        "ms" : 7.377492,
        "s" : 0.007377492
      }
    },
    "HappyPathDetector.handleFeedback<Analyzer>" : {
      "count" : 8,
      "average" : {
        "ns" : 97080.75,
        "us" : 97.08075,
        "ms" : 0.09708075,
        "s" : 9.708075E-5
      },
      "min" : {
        "ns" : 2650,
        "us" : 2.65,
        "ms" : 0.00265,
        "s" : 2.65E-6
      },
      "max" : {
        "ns" : 752944,
        "us" : 752.944,
        "ms" : 0.752944,
        "s" : 7.52944E-4
      }
    },
    "ParentChildDetector.handleFeedback<Analyzer>" : {
      "count" : 8,
      "average" : {
        "ns" : 758574.375,
        "us" : 758.574375,
        "ms" : 0.758574375,
        "s" : 7.58574375E-4
      },
      "min" : {
        "ns" : 41072,
        "us" : 41.072,
        "ms" : 0.041072,
        "s" : 4.1072E-5
      },
      "max" : {
        "ns" : 5512434,
        "us" : 5512.434,
        "ms" : 5.512434,
        "s" : 0.005512434
      }
    },
    "HappensBeforeNeighbourDetector.handleFeedback<Analyzer>" : {
      "count" : 8,
      "average" : {
        "ns" : 498160.625,
        "us" : 498.160625,
        "ms" : 0.498160625,
        "s" : 4.98160625E-4
      },
      "min" : {
        "ns" : 22891,
        "us" : 22.891,
        "ms" : 0.022891,
        "s" : 2.2891E-5
      },
      "max" : {
        "ns" : 1607784,
        "us" : 1607.784,
        "ms" : 1.607784,
        "s" : 0.001607784
      }
    },
    "ErrorPropagationDetector.handleFeedback<Analyzer>" : {
      "count" : 8,
      "average" : {
        "ns" : 257221.25,
        "us" : 257.22125,
        "ms" : 0.25722125,
        "s" : 2.5722125E-4
      },
      "min" : {
        "ns" : 17281,
        "us" : 17.281,
        "ms" : 0.017281,
        "s" : 1.7281E-5
      },
      "max" : {
        "ns" : 819498,
        "us" : 819.498,
        "ms" : 0.819498,
        "s" : 8.19498E-4
      }
    },
    "ConditionalPointDetector.handleFeedback<Analyzer>" : {
      "count" : 8,
      "average" : {
        "ns" : 1020947.0,
        "us" : 1020.947,
        "ms" : 1.020947,
        "s" : 0.001020947
      },
      "min" : {
        "ns" : 286336,
        "us" : 286.336,
        "ms" : 0.286336,
        "s" : 2.86336E-4
      },
      "max" : {
        "ns" : 5010963,
        "us" : 5010.963,
        "ms" : 5.010963,
        "s" : 0.005010963
      }
    },
    "RedundancyAnalyzer.handleFeedback<Analyzer>" : {
      "count" : 8,
      "average" : {
        "ns" : 35655.5,
        "us" : 35.6555,
        "ms" : 0.0356555,
        "s" : 3.56555E-5
      },
      "min" : {
        "ns" : 21901,
        "us" : 21.901,
        "ms" : 0.021901,
        "s" : 2.1901E-5
      },
      "max" : {
        "ns" : 64543,
        "us" : 64.543,
        "ms" : 0.064543,
        "s" : 6.4543E-5
      }
    },
    "StatusAnalyzer.handleFeedback<Analyzer>" : {
      "count" : 8,
      "average" : {
        "ns" : 34899.875,
        "us" : 34.899875,
        "ms" : 0.034899875,
        "s" : 3.4899875E-5
      },
      "min" : {
        "ns" : 4870,
        "us" : 4.87,
        "ms" : 0.00487,
        "s" : 4.87E-6
      },
      "max" : {
        "ns" : 238564,
        "us" : 238.564,
        "ms" : 0.238564,
        "s" : 2.38564E-4
      }
    },
    "BehaviorAnalyzer.handleFeedback<Analyzer>" : {
      "count" : 8,
      "average" : {
        "ns" : 302348.875,
        "us" : 302.348875,
        "ms" : 0.302348875,
        "s" : 3.02348875E-4
      },
      "min" : {
        "ns" : 80974,
        "us" : 80.974,
        "ms" : 0.080974,
        "s" : 8.0974E-5
      },
      "max" : {
        "ns" : 970897,
        "us" : 970.897,
        "ms" : 0.970897,
        "s" : 9.70897E-4
      }
    },
    "TimingAnalyzer.handleFeedback<Analyzer>" : {
      "count" : 8,
      "average" : {
        "ns" : 223048.25,
        "us" : 223.04825,
        "ms" : 0.22304825,
        "s" : 2.2304825E-4
      },
      "min" : {
        "ns" : 45053,