{
  "stats" : {
    "nextFaultload" : {
      "count" : 9,
      "average" : {
        "ns" : 2127067.4444444445,
        "us" : 2127.0674444444444,
        "ms" : 2.1270674444444446,
        "s" : 0.0021270674444444446
      },
      "min" : {
        "ns" : 23481,
        "us" : 23.481,
        "ms" : 0.023481,
        "s" : 2.3481E-5
      },
      "max" : {
        "ns" : 4033365,
        "us" : 4033.365,
        "ms" : 4.033365,
        "s" : 0.004033365
      }
    },
    "Per test" : {
      "count" : 8,
      "average" : {
        "ns" : 6.3026784625E7,
        "us" : 63026.784625,
        "ms" : 63.026784625,
        "s" : 0.063026784625
      },
      "min" : {
        "ns" : 25379438,
        "us" : 25379.438,
        "ms" : 25.379438,
        "s" : 0.025379438
      },
      "max" : {
        "ns" : 244506091,
        "us" : 244506.091,
        "ms" : 244.506091,
        "s" : 0.244506091
      }
    },
    "registerFaultload" : {
      "count" : 8,
      "average" : {
        "ns" : 1.9808504375E7,
        "us" : 19808.504375,
        "ms" : 19.808504375,
        "s" : 0.019808504375
      },
      "min" : {
        "ns" : 3359248,
        "us" : 3359.248,
        "ms" : 3.359248,
        "s" : 0.003359248
      },
      "max" : {
        "ns" : 117896487,
        "us" : 117896.487,
        "ms" : 117.896487,
        "s" : 0.117896487
      }
    },
    "testMethod" : {
      "count" : 8,
      "average" : {
        "ns" : 3.36322825E7,
        "us" : 33632.2825,
        "ms" : 33.6322825,
        "s" : 0.0336322825
      },
      "min" : {
        "ns" : 17040991,
        "us" : 17040.991,
        "ms" : 17.040991,
        "s" : 0.017040991
      },
      "max" : {
        "ns" : 104945635,
        "us" : 104945.635,
        "ms" : 104.945635,
        "s" : 0.104945635
      }
    },
    "getTraceWithDelay" : {
      "count" : 8,
      "average" : {
        "ns" : 2.8159976E7,
        "us" : 28159.976,
        "ms" : 28.159976,
        "s" : 0.028159976
      },
      "min" : {
        "ns" : 12207513,
        "us" : 12207.513,
        "ms" : 12.207513,
        "s" : 0.012207513
      },
      "max" : {
        "ns" : 100169386,
        "us" : 100169.386,
        "ms" : 100.169386,
        "s" : 0.100169386
      }
    },
    "getTrace" : {
      "count" : 8,
      "average" : {
        "ns" : 1.8308395E7,
        "us" : 18308.395,
        "ms" : 18.308395,
        "s" : 0.018308395
      },
      "min" : {
        "ns" : 7008788,
        "us" : 7008.788,
        "ms" : 7.008788,
        "s" : 0.007008788
      },
      "max" : {
        "ns" : 77783314,
        "us" : 77783.314,
        "ms" : 77.783314,
        "s" : 0.077783314
      }
    },
    "handleResult" : {
      "count" : 8,
      "average" : {
        "ns" : 6382329.0,
        "us" : 6382.329,
        "ms" : 6.382329,
        "s" : 0.006382329
      },
      "min" : {
        "ns" : 1622814,
        "us" : 1622.814,
        "ms" : 1.622814,
        "s" : 0.001622814
      },
      "max" : {
        "ns" : 17739712,
        "us" : 17739.712,
        "ms" : 17.739712,
        "s" : 0.017739712
      }
    },
    "StrategyRunner.analyze" : {
      "count" : 8,
      "average" : {
        "ns" : 6350320.75,
        "us" : 6350.32075,
        "ms" : 6.35032075,
        "s" : 0.00635032075
      },
      "min" : {
        "ns" : 1616244,
        "us" : 1616.244,
        "ms" : 1.616244,
        "s" : 0.001616244
      },
      "max" : {
        "ns" : 17728041,
        "us" : 17728.041,
        "ms" : 17.728041,
        "s" : 0.017728041
      }
    },
    "DynamicExplorationGenerator.handleFeedback<Analyzer>" : {
      "count" : 8,
      "average" : {
        "ns" : 1252627.25,
        "us" : 1252.62725,
        "ms" : 1.25262725,
        "s" : 0.00125262725
      },
      "min" : {
        "ns" : 75834,
        "us" : 75.834,
        "ms" : 0.075834,
        "s" : 7.5834E-5
      },
      "max" : {
        "ns" : 7180403,
        "us" : 7180.403,
        "ms" : 7.180403,
        "s" : 0.007180403
      }
    },
    "HappyPathDetector.handleFeedback<Analyzer>" : {
      "count" : 8,
      "average" : {
        "ns" : 69877.875,
        "us" : 69.877875,
        "ms" : 0.069877875,
        "s" : 6.9877875E-5
      },
      "min" : {
        "ns" : 3090,
        "us" : 3.09,
        "ms" : 0.00309,
        "s" : 3.09E-6
      },
      "max" : {
        "ns" : 532691,
        "us" : 532.691,
        "ms" : 0.532691,
        "s" : 5.32691E-4
      }
    },
    "ParentChildDetector.handleFeedback<Analyzer>" : {
      "count" : 8,
      "average" : {
        "ns" : 418470.0,
        "us" : 418.47,
        "ms" : 0.41847,
        "s" : 4.1847E-4
      },
      "min" : {
        "ns" : 38072,
        "us" : 38.072,
        "ms" : 0.038072,
        "s" : 3.8072E-5
      },
      "max" : {
        "ns" : 2846340,
        "us" : 2846.34,
        "ms" : 2.84634,
        "s" : 0.00284634
      }
    },
    "HappensBeforeNeighbourDetector.handleFeedback<Analyzer>" : {
      "count" : 8,
      "average" : {
        "ns" : 536102.75,
        "us" : 536.10275,
        "ms" : 0.53610275,
        "s" : 5.3610275E-4
      },
      "min" : {
        "ns" : 10420,
        "us" : 10.42,
        "ms" : 0.01042,
        "s" : 1.042E-5
      },
      "max" : {
        "ns" : 1966414,
        "us" : 1966.414,
        "ms" : 1.966414,
        "s" : 0.001966414
      }
    },
    "ErrorPropagationDetector.handleFeedback<Analyzer>" : {
      "count" : 8,
      "average" : {
        "ns" : 275916.0,
        "us" : 275.916,
        "ms" : 0.275916,
        "s" : 2.75916E-4
      },
      "min" : {
        "ns" : 11980,
        "us" : 11.98,
        "ms" : 0.01198,
        "s" : 1.198E-5
      },
      "max" : {
        "ns" : 806397,
        "us" : 806.397,
        "ms" : 0.806397,
        "s" : 8.06397E-4
      }
    },
    "ConditionalPointDetector.handleFeedback<Analyzer>" : {
      "count" : 8,
      "average" : {
        "ns" : 989003.5,
        "us" : 989.0035,
        "ms" : 0.9890035,
        "s" : 9.890035E-4
      },
      "min" : {
        "ns" : 212862,
        "us" : 212.862,
        "ms" : 0.212862,
        "s" : 2.12862E-4
      },
      "max" : {
        "ns" : 5071486,
        "us" : 5071.486,
        "ms" : 5.071486,
        "s" : 0.005071486
      }
    },
    "RedundancyAnalyzer.handleFeedback<Analyzer>" : {
      "count" : 8,
      "average" : {
        "ns" : 60412.25,
        "us" : 60.41225,
        "ms" : 0.06041225,
        "s" : 6.041225E-5
      },
      "min" : {
        "ns" : 22191,
        "us" : 22.191,
        "ms" : 0.022191,
        "s" : 2.2191E-5
      },
      "max" : {
        "ns" : 149179,
        "us" : 149.179,
        "ms" : 0.149179,
        "s" : 1.49179E-4
      }
    },
    "StatusAnalyzer.handleFeedback<Analyzer>" : {
      "count" : 8,
      "average" : {
        "ns" : 31569.375,
        "us" : 31.569375,
        "ms" : 0.031569375,
        "s" : 3.1569375E-5
      },
      "min" : {
        "ns" : 4470,
        "us" : 4.47,
        "ms" : 0.00447,
        "s" : 4.47E-6
      },
      "max" : {
        "ns" : 211152,
        "us" : 211.152,
        "ms" : 0.211152,
        "s" : 2.11152E-4
      }
    },
    "BehaviorAnalyzer.handleFeedback<Analyzer>" : {
      "count" : 8,
      "average" : {
        "ns" : 321913.625,
        "us" : 321.913625,
        "ms" : 0.321913625,
        "s" : 3.21913625E-4
      },
      "min" : {
        "ns" : 85275,
        "us" : 85.275,
        "ms" : 0.085275,
        "s" : 8.5275E-5
      },
      "max" : {
        "ns" : 897112,
        "us" : 897.112,
        "ms" : 0.897112,
        "s" : 8.97112E-4
      }
    },
    "TimingAnalyzer.handleFeedback<Analyzer>" : {
      "count" : 8,
      "average" : {
        "ns" : 212682.25,
        "us" : 212.68225,
        "ms" : 0.21268225,
        "s" : 2.1268225E-4
      },
      "min" : {
        "ns" : 48763,
        "us" : 48.763,
        "ms" : 0.048763,