{
  "stats" : {
    "nextFaultload" : {
      "count" : 10,
      "average" : {
        "ns" : 3685565.9,
        "us" : 3685.5659,
        "ms" : 3.6855659,
        "s" : 0.0036855659
      },
      "min" : {
        "ns" : 2090728,
        "us" : 2090.728,
        "ms" : 2.090728,
        "s" : 0.002090728
      },
      "max" : {
        "ns" : 10046716,
        "us" : 10046.716,
        "ms" : 10.046716,
        "s" : 0.010046716
      }
    },
    "Per test" : {
      "count" : 9,
      "average" : {
        "ns" : 5.3816689777777776E7,
        "us" : 53816.68977777778,
        "ms" : 53.816689777777775,
        "s" : 0.053816689777777774
      },
      "min" : {
        "ns" : 25112840,
        "us" : 25112.84,
        "ms" : 25.11284,
        "s" : 0.02511284
      },
      "max" : {
        "ns" : 234228767,
        "us" : 234228.767,
        "ms" : 234.228767,
        "s" : 0.234228767
      }
    },
    "registerFaultload" : {
      "count" : 9,
      "average" : {
        "ns" : 1.8415596222222224E7,
        "us" : 18415.596222222222,
        "ms" : 18.415596222222224,
        "s" : 0.018415596222222223
      },
      "min" : {
        "ns" : 4024147,
        "us" : 4024.147,
        "ms" : 4.024147,
        "s" : 0.004024147
      },
      "max" : {
        "ns" : 115537187,
        "us" : 115537.187,
        "ms" : 115.537187,
        "s" : 0.115537187
      }
    },
    "testMethod" : {
      "count" : 9,
      "average" : {
        "ns" : 2.6687003444444444E7,
        "us" : 26687.003444444443,
        "ms" : 26.687003444444443,
        "s" : 0.026687003444444444
      },
      "min" : {
        "ns" : 16039884,
        "us" : 16039.884,
        "ms" : 16.039884,
        "s" : 0.016039884
      },
      "max" : {
        "ns" : 98279928,
        "us" : 98279.928,
        "ms" : 98.279928,
        "s" : 0.098279928
      }
    },
    "getTraceWithDelay" : {
      "count" : 9,
      "average" : {
        "ns" : 2.5595381E7,
        "us" : 25595.381,
        "ms" : 25.595381,
        "s" : 0.025595381
      },
      "min" : {
        "ns" : 13344218,
        "us" : 13344.218,
        "ms" : 13.344218,
        "s" : 0.013344218
      },
      "max" : {
        "ns" : 98451539,
        "us" : 98451.539,
        "ms" : 98.451539,
        "s" : 0.098451539
      }
    },
    "getTrace" : {
      "count" : 9,
      "average" : {
        "ns" : 1.6649543555555556E7,
        "us" : 16649.543555555556,
        "ms" : 16.649543555555557,
        "s" : 0.016649543555555556
      },
      "min" : {
        "ns" : 8103697,
        "us" : 8103.697,
        "ms" : 8.103697,
        "s" : 0.008103697
      },
      "max" : {
        "ns" : 77328243,
        "us" : 77328.243,
        "ms" : 77.328243,
        "s" : 0.077328243
      }
    },
    "handleResult" : {
      "count" : 9,
      "average" : {
        "ns" : 4110930.111111111,
        "us" : 4110.930111111111,
        "ms" : 4.110930111111111,
        "s" : 0.004110930111111111
      },
      "min" : {
        "ns" : 1446489,
        "us" : 1446.489,
        "ms" : 1.446489,
        "s" : 0.001446489
      },
      "max" : {
        "ns" : 16158391,
        "us" : 16158.391,
        "ms" : 16.158391,
        "s" : 0.016158391
      }
    },
    "StrategyRunner.analyze" : {
      "count" : 9,
      "average" : {
        "ns" : 4064149.111111111,
        "us" : 4064.149111111111,
        "ms" : 4.064149111111111,
        "s" : 0.004064149111111111
      },
      "min" : {
        "ns" : 1396985,
        "us" : 1396.985,
        "ms" : 1.396985,
        "s" : 0.001396985
      },
      "max" : {
        "ns" : 15976980,
        "us" : 15976.98,
        "ms" : 15.97698,
        "s" : 0.01597698
      }
    },
    "DynamicExplorationGenerator.handleFeedback<Analyzer>" : {
      "count" : 9,
      "average" : {
        "ns" : 1009384.0,
        "us" : 1009.384,
        "ms" : 1.009384,
        "s" : 0.001009384
      },
      "min" : {
        "ns" : 91705,
        "us" : 91.705,
        "ms" : 0.091705,
        "s" : 9.1705E-5
      },
      "max" : {
        "ns" : 6974028,
        "us" : 6974.028,
        "ms" : 6.974028,
        "s" : 0.006974028
      }
    },
    "HappyPathDetector.handleFeedback<Analyzer>" : {
      "count" : 9,
      "average" : {
        "ns" : 48047.555555555555,
        "us" : 48.047555555555554,
        "ms" : 0.04804755555555555,
        "s" : 4.8047555555555555E-5
      },
      "min" : {
        "ns" : 3800,
        "us" : 3.8,
        "ms" : 0.0038,
        "s" : 3.8E-6
      },
      "max" : {
        "ns" : 400125,
        "us" : 400.125,
        "ms" : 0.400125,
        "s" : 4.00125E-4
      }
    },
    "ParentChildDetector.handleFeedback<Analyzer>" : {
      "count" : 9,
      "average" : {
        "ns" : 361688.6666666667,
        "us" : 361.6886666666667,
        "ms" : 0.36168866666666666,
        "s" : 3.616886666666667E-4
      },
      "min" : {
        "ns" : 43702,
        "us" : 43.702,
        "ms" : 0.043702,
        "s" : 4.3702E-5
      },
      "max" : {
        "ns" : 2621561,
        "us" : 2621.561,
        "ms" : 2.621561,
        "s" : 0.002621561
      }
    },
    "HappensBeforeNeighbourDetector.handleFeedback<Analyzer>" : {
      "count" : 9,
      "average" : {
        "ns" : 804727.2222222222,
        "us" : 804.7272222222223,
        "ms" : 0.8047272222222223,
        "s" : 8.047272222222223E-4
      },
      "min" : {
        "ns" : 17701,
        "us" : 17.701,
        "ms" : 0.017701,
        "s" : 1.7701E-5
      },
      "max" : {
        "ns" : 2311942,
        "us" : 2311.942,
        "ms" : 2.311942,
        "s" : 0.002311942
      }
    },
    "ErrorPropagationDetector.handleFeedback<Analyzer>" : {
      "count" : 9,
      "average" : {
        "ns" : 193412.0,
        "us" : 193.412,
        "ms" : 0.193412,
        "s" : 1.93412E-4
      },
      "min" : {
        "ns" : 11701,
        "us" : 11.701,
        "ms" : 0.011701,
        "s" : 1.1701E-5
      },
      "max" : {
        "ns" : 483330,
        "us" : 483.33,
        "ms" : 0.48333,
        "s" : 4.8333E-4
      }
    },
    "ConditionalPointDetector.handleFeedback<Analyzer>" : {
      "count" : 9,
      "average" : {
        "ns" : 1000972.4444444445,
        "us" : 1000.9724444444445,
        "ms" : 1.0009724444444446,
        "s" : 0.0010009724444444445
      },
      "min" : {
        "ns" : 206113,
        "us" : 206.113,
        "ms" : 0.206113,
        "s" : 2.06113E-4
      },
      "max" : {
        "ns" : 4396970,
        "us" : 4396.97,
        "ms" : 4.39697,
        "s" : 0.00439697
      }
    },
    "RedundancyAnalyzer.handleFeedback<Analyzer>" : {
      "count" : 9,
      "average" : {
        "ns" : 42613.88888888889,
        "us" : 42.61388888888889,
        "ms" : 0.04261388888888889,
        "s" : 4.261388888888889E-5
      },
      "min" : {
        "ns" : 18501,
        "us" : 18.501,
        "ms" : 0.018501,
        "s" : 1.8501E-5
      },
      "max" : {
        "ns" : 137408,
        "us" : 137.408,
        "ms" : 0.137408,
        "s" : 1.37408E-4
      }
    },
    "StatusAnalyzer.handleFeedback<Analyzer>" : {
      "count" : 9,
      "average" : {
        "ns" : 27045.777777777777,
        "us" : 27.045777777777776,
        "ms" : 0.027045777777777776,
        "s" : 2.7045777777777777E-5
      },
      "min" : {
        "ns" : 4700,
        "us" : 4.7,
        "ms" : 0.0047,
        "s" : 4.7E-6
      },
      "max" : {
        "ns" : 202012,
        "us" : 202.012,
        "ms" : 0.202012,
        "s" : 2.02012E-4
      }
    },
    "BehaviorAnalyzer.handleFeedback<Analyzer>" : {
      "count" : 9,
      "average" : {
        "ns" : 314519.44444444444,
        "us" : 314.51944444444445,
        "ms" : 0.31451944444444446,
        "s" : 3.1451944444444444E-4
      },
      "min" : {
        "ns" : 94906,
        "us" : 94.906,
        "ms" : 0.094906,
        "s" : 9.4906E-5
      },
      "max" : {
        "ns" : 848152,