{
    "per_key": {
        "nextFaultload": {
            "n": 5370,
            "mean": 2.942512219739292,
            "median": 1.423487,
            "std": 22.3326723261205,
            "min": 0.615395,
            "max": 567.237182,
            "p25": 1.0421385,
            "p50": 1.423487,
            "p75": 1.8186959999999999,
            "p90": 2.8485314,
            "p95": 3.7958613,
            "p99": 21.099288950000055
        },
        "Per test": {
            "n": 5360,
            "mean": 39.014344564738806,
            "median": 30.6605945,
            "std": 25.56140863442947,
            "min": 21.992926999999998,
            "max": 314.928538,
            "p25": 27.068313,
            "p50": 30.6605945,
            "p75": 36.671245,
            "p90": 65.9040382,
            "p95": 92.86551195,
            "p99": 134.41114768999995
        },
        "registerFaultload": {
            "n": 5360,
            "mean": 4.726125895335821,
            "median": 3.104788,
            "std": 4.691862038294869,
            "min": 2.124958,
            "max": 54.008173,
            "p25": 2.791213,
            "p50": 3.104788,
            "p75": 3.9413199999999997,
            "p90": 9.5785163,
            "p95": 15.46063595,
            "p99": 24.642756139999932
        },
        "unregisterFautload": {
            "n": 5360,
            "mean": 4.413027899813433,
            "median": 2.8884454999999996,
            "std": 4.427760725952505,
            "min": 2.031157,
            "max": 48.895258,
            "p25": 2.606598,
            "p50": 2.8884454999999996,
            "p75": 3.6618605,
            "p90": 8.636739600000002,
            "p95": 14.597907850000015,
            "p99": 23.918107819999967
        },
        "testMethod": {
            "n": 5360,
            "mean": 28.69388561977612,
            "median": 23.52687,
            "std": 17.930305165433296,
            "min": 16.197347,
            "max": 277.153106,
            "p25": 20.24199025,
            "p50": 23.52687,
            "p75": 28.500045749999998,
            "p90": 44.0622615,
            "p95": 59.83495110000001,
            "p99": 95.63896418999991
        },
        "getTraceWithDelay": {
            "n": 5360,
            "mean": 8.858149971641792,
            "median": 6.054779999999999,
            "std": 7.595666378584989,
            "min": 4.714524,
            "max": 124.223176,
            "p25": 5.62797625,
            "p50": 6.054779999999999,
            "p75": 7.146423749999999,
            "p90": 17.578184100000012,
            "p95": 25.421639400000018,
            "p99": 37.92143670999997
        },
        "handleResult": {
            "n": 5360,
            "mean": 1.1626113949626864,
            "median": 0.9242589999999999,
            "std": 1.275572111985327,
            "min": 0.48895099999999997,
            "max": 27.573152,
            "p25": 0.75261925,
            "p50": 0.9242589999999999,
            "p75": 1.1768939999999999,
            "p90": 1.4165239,
            "p95": 2.0202345499999996,
            "p99": 6.369601639999993
        },
        "Total test time": {
            "n": 10,
            "mean": 23277.4826791,
            "median": 22775.271474499998,
            "std": 980.5744522407715,
            "min": 22541.961763,
            "max": 25384.13999,
            "p25": 22662.772932,
            "p50": 22775.271474499998,
            "p75": 23155.34601375,
            "p90": 25040.4803009,
            "p95": 25212.31014545,
            "p99": 25349.77402109
        },
        "getExpectedBehaviours": {
            "n": 37350,
            "mean": 0.10845276639892905,
            "median": 0.081652,
            "std": 0.23176715852197968,
            "min": 0.02635,
            "max": 11.647081,
            "p25": 0.04628425,
            "p50": 0.081652,
            "p75": 0.14037475,
            "p90": 0.1691083,
            "p95": 0.19385455,
            "p99": 0.3169103700000026
        },
        "getExpectedPoints": {
            "n": 37350,
            "mean": 0.1385692934939759,
            "median": 0.1145445,
            "std": 0.2728608607034094,
            "min": 0.027830999999999998,
            "max": 20.335912999999998,
            "p25": 0.05408425,
            "p50": 0.1145445,
            "p75": 0.16468425,
            "p90": 0.23639099999999993,
            "p95": 0.3195476499999998,
            "p99": 0.48217658000000074
        }
    }
}