{
    "per_key": {
        "nextFaultload": {
            "n": 194,
            "mean": 1.401767597938144,
            "median": 0.6610625,
            "std": 5.324306323695575,
            "min": 0.44084999999999996,
            "max": 74.086711,
            "p25": 0.578985,
            "p50": 0.6610625,
            "p75": 0.9868412499999999,
            "p90": 2.0500688000000014,
            "p95": 3.0158728999999993,
            "p99": 5.520631679999972
        },
        "Per test": {
            "n": 193,
            "mean": 48.2906668134715,
            "median": 44.998481,
            "std": 20.809584651753394,
            "min": 29.104329999999997,
            "max": 309.55585199999996,
            "p25": 41.306422,
            "p50": 44.998481,
            "p75": 51.10397,
            "p90": 57.9048288,
            "p95": 67.50043399999996,
            "p99": 76.12281328
        },
        "registerFaultload": {
            "n": 193,
            "mean": 4.060509937823834,
            "median": 3.215442,
            "std": 9.306689545508876,
            "min": 2.2757009999999998,
            "max": 131.896258,
            "p25": 2.851293,
            "p50": 3.215442,
            "p75": 3.6740739999999996,
            "p90": 4.261082999999999,
            "p95": 4.5709681999999985,
            "p99": 6.7364055199998
        },
        "unregisterFautload": {
            "n": 193,
            "mean": 3.127500647668393,
            "median": 2.975246,
            "std": 0.6642154487029789,
            "min": 2.146935,
            "max": 6.297066,
            "p25": 2.691642,
            "p50": 2.975246,
            "p75": 3.4425839999999996,
            "p90": 3.9740546000000005,
            "p95": 4.227686399999996,
            "p99": 5.723931359999996
        },
        "testMethod": {
            "n": 193,
            "mean": 35.34567458549222,
            "median": 34.506654999999995,
            "std": 7.8000972945992295,
            "min": 11.642814999999999,
            "max": 65.902829,
            "p25": 30.949092,
            "p50": 34.506654999999995,
            "p75": 38.440552,
            "p90": 44.2813408,
            "p95": 47.558056399999984,
            "p99": 60.524416399999915
        },
        "getTraceWithDelay": {
            "n": 193,
            "mean": 8.885095512953367,
            "median": 7.301066,
            "std": 8.230420673290162,
            "min": 5.212472,
            "max": 111.67230099999999,
            "p25": 6.215987,
            "p50": 7.301066,
            "p75": 8.845435,
            "p90": 12.307267800000004,
            "p95": 16.853707999999994,
            "p99": 23.37898375999987
        },
        "handleResult": {
            "n": 193,
            "mean": 1.636809518134715,
            "median": 1.1675959999999999,
            "std": 2.148120005372574,
            "min": 0.5658719999999999,
            "max": 19.795275,
            "p25": 0.9354619999999999,
            "p50": 1.1675959999999999,
            "p75": 1.468376,
            "p90": 2.4462516000000023,
            "p95": 3.4019287999999985,
            "p99": 10.67496099999985
        },
        "Total test time": {
            "n": 1,
            "mean": 10160.170215,
            "median": 10160.170215,
            "std": 0.0,
            "min": 10160.170215,
            "max": 10160.170215,
            "p25": 10160.170215,
            "p50": 10160.170215,
            "p75": 10160.170215,
            "p90": 10160.170215,
            "p95": 10160.170215,
            "p99": 10160.170215
        },
        "getExpectedPoints": {
            "n": 1440,
            "mean": 0.12562036458333334,
            "median": 0.074558,
            "std": 0.20093192676297528,
            "min": 0.042481,
            "max": 3.942656,
            "p25": 0.05852975,
            "p50": 0.074558,
            "p75": 0.11453674999999999,
            "p90": 0.23012,
            "p95": 0.31087049999999994,
            "p99": 0.85340831
        }
    }
}