{
  "stats" : {
    "nextFaultload" : {
      "count" : 6,
      "average" : {
        "ns" : 1965838.8333333333,
        "us" : 1965.8388333333332,
        "ms" : 1.9658388333333332,
        "s" : 0.0019658388333333335
      },
      "min" : {
        "ns" : 24991,
        "us" : 24.991,
        "ms" : 0.024991,
        "s" : 2.4991E-5
      },
      "max" : {
        "ns" : 3423208,
        "us" : 3423.208,
        "ms" : 3.423208,
        "s" : 0.003423208
      }
    },
    "Per test" : {
      "count" : 5,
      "average" : {
        "ns" : 7.38396774E7,
        "us" : 73839.6774,
        "ms" : 73.8396774,
        "s" : 0.07383967740000001
      },
      "min" : {
        "ns" : 26821520,
        "us" : 26821.52,
        "ms" : 26.82152,
        "s" : 0.02682152
      },
      "max" : {
        "ns" : 239179840,
        "us" : 239179.84,
        "ms" : 239.17984,
        "s" : 0.23917984
      }
    },
    "registerFaultload" : {
      "count" : 5,
      "average" : {
        "ns" : 2.92571178E7,
        "us" : 29257.1178,
        "ms" : 29.2571178,
        "s" : 0.0292571178
      },
      "min" : {
        "ns" : 3774593,
        "us" : 3774.593,
        "ms" : 3.774593,
        "s" : 0.003774593
      },
      "max" : {
        "ns" : 115400952,
        "us" : 115400.952,
        "ms" : 115.400952,
        "s" : 0.115400952
      }
    },
    "testMethod" : {
      "count" : 5,
      "average" : {
        "ns" : 3.4790973E7,
        "us" : 34790.973,
        "ms" : 34.790973,
        "s" : 0.034790973
      },
      "min" : {
        "ns" : 16684915,
        "us" : 16684.915,
        "ms" : 16.684915,
        "s" : 0.016684915
      },
      "max" : {
        "ns" : 102261694,
        "us" : 102261.694,
        "ms" : 102.261694,
        "s" : 0.102261694
      }
    },
    "getTraceWithDelay" : {
      "count" : 5,
      "average" : {
        "ns" : 3.52074868E7,
        "us" : 35207.4868,
        "ms" : 35.2074868,
        "s" : 0.0352074868
      },
      "min" : {
        "ns" : 16119185,
        "us" : 16119.185,
        "ms" : 16.119185,
        "s" : 0.016119185
      },
      "max" : {
        "ns" : 105512007,
        "us" : 105512.007,
        "ms" : 105.512007,
        "s" : 0.105512007
      }
    },
    "getTrace" : {
      "count" : 5,
      "average" : {
        "ns" : 2.51079198E7,
        "us" : 25107.9198,
        "ms" : 25.1079198,
        "s" : 0.0251079198
      },
      "min" : {
        "ns" : 9649564,
        "us" : 9649.564,
        "ms" : 9.649564,
        "s" : 0.009649564
      },
      "max" : {
        "ns" : 83226773,
        "us" : 83226.773,
        "ms" : 83.226773,
        "s" : 0.083226773
      }
    },
    "handleResult" : {
      "count" : 5,
      "average" : {
        "ns" : 5545240.8,
        "us" : 5545.2408,
        "ms" : 5.5452408,
        "s" : 0.0055452408
      },
      "min" : {
        "ns" : 1643513,
        "us" : 1643.513,
        "ms" : 1.643513,
        "s" : 0.001643513
      },
      "max" : {
        "ns" : 16823563,
        "us" : 16823.563,
        "ms" : 16.823563,
        "s" : 0.016823563
      }
    },
    "StrategyRunner.analyze" : {
      "count" : 5,
      "average" : {
        "ns" : 5468800.8,
        "us" : 5468.8008,
        "ms" : 5.4688007999999995,
        "s" : 0.0054688008
      },
      "min" : {
        "ns" : 1635073,
        "us" : 1635.073,
        "ms" : 1.635073,
        "s" : 0.001635073
      },
      "max" : {
        "ns" : 16478104,
        "us" : 16478.104,
        "ms" : 16.478104,
        "s" : 0.016478104
      }
    },
    "DynamicExplorationGenerator.handleFeedback<Analyzer>" : {
      "count" : 5,
      "average" : {
        "ns" : 1584377.0,
        "us" : 1584.377,
        "ms" : 1.584377,
        "s" : 0.001584377
      },
      "min" : {
        "ns" : 99312,
        "us" : 99.312,
        "ms" : 0.099312,
        "s" : 9.9312E-5
      },
      "max" : {
        "ns" : 6714923,
        "us" : 6714.923,
        "ms" : 6.714923,
        "s" : 0.006714923
      }
    },
    "HappyPathDetector.handleFeedback<Analyzer>" : {
      "count" : 5,
      "average" : {
        "ns" : 132551.2,
        "us" : 132.55120000000002,
        "ms" : 0.1325512,
        "s" : 1.325512E-4
      },
      "min" : {
        "ns" : 3790,
        "us" : 3.79,
        "ms" : 0.00379,
        "s" : 3.79E-6
      },
      "max" : {
        "ns" : 645886,
        "us" : 645.886,
        "ms" : 0.645886,
        "s" : 6.45886E-4
      }
    },
    "ParentChildDetector.handleFeedback<Analyzer>" : {
      "count" : 5,
      "average" : {
        "ns" : 645358.6,
        "us" : 645.3586,
        "ms" : 0.6453586,
        "s" : 6.453585999999999E-4
      },
      "min" : {
        "ns" : 62292,
        "us" : 62.292,
        "ms" : 0.062292,
        "s" : 6.2292E-5
      },
      "max" : {
        "ns" : 2477584,
        "us" : 2477.584,
        "ms" : 2.477584,
        "s" : 0.002477584
      }
    },
    "HappensBeforeNeighbourDetector.handleFeedback<Analyzer>" : {
      "count" : 5,
      "average" : {
        "ns" : 485104.4,
        "us" : 485.1044,
        "ms" : 0.48510440000000005,
        "s" : 4.851044E-4
      },
      "min" : {
        "ns" : 15550,
        "us" : 15.55,
        "ms" : 0.01555,
        "s" : 1.555E-5
      },
      "max" : {
        "ns" : 1182630,
        "us" : 1182.63,
        "ms" : 1.18263,
        "s" : 0.00118263
      }
    },
    "ErrorPropagationDetector.handleFeedback<Analyzer>" : {
      "count" : 5,
      "average" : {
        "ns" : 314546.4,
        "us" : 314.5464,
        "ms" : 0.3145464,
        "s" : 3.1454640000000005E-4
      },
      "min" : {
        "ns" : 14371,
        "us" : 14.371,
        "ms" : 0.014371,
        "s" : 1.4371E-5
      },
      "max" : {
        "ns" : 829932,
        "us" : 829.932,
        "ms" : 0.829932,
        "s" : 8.29932E-4
      }
    },
    "ConditionalPointDetector.handleFeedback<Analyzer>" : {
      "count" : 5,
      "average" : {
        "ns" : 1241970.0,
        "us" : 1241.97,
        "ms" : 1.24197,
        "s" : 0.00124197
      },
      "min" : {
        "ns" : 181785,
        "us" : 181.785,
        "ms" : 0.181785,
        "s" : 1.81785E-4
      },
      "max" : {
        "ns" : 4927317,
        "us" : 4927.317,
        "ms" : 4.927317,
        "s" : 0.004927317
      }
    },
    "RedundancyAnalyzer.handleFeedback<Analyzer>" : {
      "count" : 5,
      "average" : {
        "ns" : 55723.4,
        "us" : 55.7234,
        "ms" : 0.0557234,
        "s" : 5.57234E-5
      },
      "min" : {
        "ns" : 33451,
        "us" : 33.451,
        "ms" : 0.033451,
        "s" : 3.3451E-5
      },
      "max" : {
        "ns" : 104363,
        "us" : 104.363,
        "ms" : 0.104363,
        "s" : 1.04363E-4
      }
    },
    "StatusAnalyzer.handleFeedback<Analyzer>" : {
      "count" : 5,
      "average" : {
        "ns" : 54425.2,
        "us" : 54.4252,
        "ms" : 0.0544252,
        "s" : 5.4425199999999995E-5
      },
      "min" : {
        "ns" : 5450,
        "us" : 5.45,
        "ms" : 0.00545,
        "s" : 5.45E-6
      },
      "max" : {
        "ns" : 230266,
        "us" : 230.266,
        "ms" : 0.230266,
        "s" : 2.30266E-4
      }
    },
    "BehaviorAnalyzer.handleFeedback<Analyzer>" : {
      "count" : 5,
      "average" : {
        "ns" : 429797.0,
        "us" : 429.797,
        "ms" : 0.429797,
        "s" : 4.29797E-4
      },
      "min" : {
        "ns" : 200535,
        "us" : 200.535,
        "ms" : 0.200535,
        "s" : 2.00535E-4
      },
      "max" : {
        "ns" : 728638,
        "us" : 728.638,
        "ms" : 0.728638,
        "s" : 7.28638E-4
      }
    },
    "TimingAnalyzer.handleFeedback<Analyzer>" : {
      "count" : 5,
      "average" : {
        "ns" : 343850.8,
        "us" : 343.8508,
        "ms" : 0.3438508,
        "s" : 3.438508E-4
      },
      "min" : {
        "ns" : 157404,
        "us" : 157.404,
        "ms" : 0.157404,