{
  "stats" : {
    "nextFaultload" : {
      "count" : 10,
      "average" : {
        "ns" : 3766594.4,
        "us" : 3766.5944,
        "ms" : 3.7665944,
        "s" : 0.0037665944
      },
      "min" : {
        "ns" : 1783025,
        "us" : 1783.025,
        "ms" : 1.783025,
        "s" : 0.001783025
      },
      "max" : {
        "ns" : 10854262,
        "us" : 10854.262,
        "ms" : 10.854262,
        "s" : 0.010854262
      }
    },
    "Per test" : {
      "count" : 9,
      "average" : {
        "ns" : 5.8178341333333336E7,
        "us" : 58178.34133333334,
        "ms" : 58.178341333333336,
        "s" : 0.058178341333333335
      },
      "min" : {
        "ns" : 27875658,
        "us" : 27875.658,
        "ms" : 27.875658,
        "s" : 0.027875658
      },
      "max" : {
        "ns" : 240891518,
        "us" : 240891.518,
        "ms" : 240.891518,
        "s" : 0.240891518
      }
    },
    "registerFaultload" : {
      "count" : 9,
      "average" : {
        "ns" : 1.6872029333333332E7,
        "us" : 16872.029333333332,
        "ms" : 16.872029333333334,
        "s" : 0.016872029333333333
      },
      "min" : {
        "ns" : 2796597,
        "us" : 2796.597,
        "ms" : 2.796597,
        "s" : 0.002796597
      },
      "max" : {
        "ns" : 111856856,
        "us" : 111856.856,
        "ms" : 111.856856,
        "s" : 0.111856856
      }
    },
    "testMethod" : {
      "count" : 9,
      "average" : {
        "ns" : 1.4280591666666666E7,
        "us" : 14280.591666666665,
        "ms" : 14.280591666666666,
        "s" : 0.014280591666666667
      },
      "min" : {
        "ns" : 11111780,
        "us" : 11111.78,
        "ms" : 11.11178,
        "s" : 0.01111178
      },
      "max" : {
        "ns" : 19646580,
        "us" : 19646.58,
        "ms" : 19.64658,
        "s" : 0.01964658
      }
    },
    "getTraceWithDelay" : {
      "count" : 9,
      "average" : {
        "ns" : 2.6744422555555556E7,
        "us" : 26744.422555555557,
        "ms" : 26.744422555555555,
        "s" : 0.026744422555555557
      },
      "min" : {
        "ns" : 12733694,
        "us" : 12733.694,
        "ms" : 12.733694,
        "s" : 0.012733694
      },
      "max" : {
        "ns" : 109107562,
        "us" : 109107.562,
        "ms" : 109.107562,
        "s" : 0.109107562
      }
    },
    "getTrace" : {
      "count" : 9,
      "average" : {
        "ns" : 1.6846138555555556E7,
        "us" : 16846.138555555557,
        "ms" : 16.846138555555555,
        "s" : 0.016846138555555557
      },
      "min" : {
        "ns" : 7464524,
        "us" : 7464.524,
        "ms" : 7.464524,
        "s" : 0.007464524
      },
      "max" : {
        "ns" : 80298739,
        "us" : 80298.739,
        "ms" : 80.298739,
        "s" : 0.080298739
      }
    },
    "handleResult" : {
      "count" : 9,
      "average" : {
        "ns" : 6371658.666666667,
        "us" : 6371.658666666667,
        "ms" : 6.371658666666667,
        "s" : 0.006371658666666667
      },
      "min" : {
        "ns" : 2532878,
        "us" : 2532.878,
        "ms" : 2.532878,
        "s" : 0.002532878
      },
      "max" : {
        "ns" : 20487139,
        "us" : 20487.139,
        "ms" : 20.487139,
        "s" : 0.020487139
      }
    },
    "StrategyRunner.analyze" : {
      "count" : 9,
      "average" : {
        "ns" : 6219170.333333333,
        "us" : 6219.1703333333335,
        "ms" : 6.2191703333333335,
        "s" : 0.006219170333333333
      },
      "min" : {
        "ns" : 2443572,
        "us" : 2443.572,
        "ms" : 2.443572,
        "s" : 0.002443572
      },
      "max" : {
        "ns" : 20124914,
        "us" : 20124.914,
        "ms" : 20.124914,
        "s" : 0.020124914
      }
    },
    "DynamicExplorationGenerator.handleFeedback<Analyzer>" : {
      "count" : 9,
      "average" : {
        "ns" : 1110866.7777777778,
        "us" : 1110.8667777777778,
        "ms" : 1.1108667777777776,
        "s" : 0.0011108667777777778
      },
      "min" : {
        "ns" : 84906,
        "us" : 84.906,
        "ms" : 0.084906,
        "s" : 8.4906E-5
      },
      "max" : {
        "ns" : 6289742,
        "us" : 6289.742,
        "ms" : 6.289742,
        "s" : 0.006289742
      }
    },
    "HappyPathDetector.handleFeedback<Analyzer>" : {
      "count" : 9,
      "average" : {
        "ns" : 65160.333333333336,
        "us" : 65.16033333333334,
        "ms" : 0.06516033333333333,
        "s" : 6.516033333333334E-5
      },
      "min" : {
        "ns" : 3301,
        "us" : 3.301,
        "ms" : 0.003301,
        "s" : 3.301E-6
      },
      "max" : {
        "ns" : 552339,
        "us" : 552.339,
        "ms" : 0.552339,
        "s" : 5.52339E-4
      }
    },
    "ParentChildDetector.handleFeedback<Analyzer>" : {
      "count" : 9,
      "average" : {
        "ns" : 906074.7777777778,
        "us" : 906.0747777777777,
        "ms" : 0.9060747777777778,
        "s" : 9.060747777777777E-4
      },
      "min" : {
        "ns" : 42103,
        "us" : 42.103,
        "ms" : 0.042103,
        "s" : 4.2103E-5
      },
      "max" : {
        "ns" : 7625436,
        "us" : 7625.436,
        "ms" : 7.625436,
        "s" : 0.007625436
      }
    },
    "HappensBeforeNeighbourDetector.handleFeedback<Analyzer>" : {
      "count" : 9,
      "average" : {
        "ns" : 520514.3333333333,
        "us" : 520.5143333333333,
        "ms" : 0.5205143333333333,
        "s" : 5.205143333333333E-4
      },
      "min" : {
        "ns" : 18102,
        "us" : 18.102,
        "ms" : 0.018102,
        "s" : 1.8102E-5
      },
      "max" : {
        "ns" : 1146980,
        "us" : 1146.98,
        "ms" : 1.14698,
        "s" : 0.00114698
      }
    },
    "ErrorPropagationDetector.handleFeedback<Analyzer>" : {
      "count" : 9,
      "average" : {
        "ns" : 302932.1111111111,
        "us" : 302.9321111111111,
        "ms" : 0.3029321111111111,
        "s" : 3.0293211111111115E-4
      },
      "min" : {
        "ns" : 4100,
        "us" : 4.1,
        "ms" : 0.0041,
        "s" : 4.1E-6
      },
      "max" : {
        "ns" : 1401898,
        "us" : 1401.898,
        "ms" : 1.401898,
        "s" : 0.001401898
      }
    },
    "ConditionalPointDetector.handleFeedback<Analyzer>" : {
      "count" : 9,
      "average" : {
        "ns" : 2184942.5555555555,
        "us" : 2184.9425555555554,
        "ms" : 2.1849425555555557,
        "s" : 0.0021849425555555556
      },
      "min" : {
        "ns" : 298121,
        "us" : 298.121,
        "ms" : 0.298121,
        "s" : 2.98121E-4
      },
      "max" : {
        "ns" : 7618335,
        "us" : 7618.335,
        "ms" : 7.618335,
        "s" : 0.007618335
      }
    },
    "RedundancyAnalyzer.handleFeedback<Analyzer>" : {
      "count" : 9,
      "average" : {
        "ns" : 34713.77777777778,
        "us" : 34.71377777777778,
        "ms" : 0.03471377777777778,
        "s" : 3.471377777777778E-5
      },
      "min" : {
        "ns" : 16301,
        "us" : 16.301,
        "ms" : 0.016301,
        "s" : 1.6301E-5
      },
      "max" : {
        "ns" : 91507,
        "us" : 91.507,
        "ms" : 0.091507,
        "s" : 9.1507E-5
      }
    },
    "StatusAnalyzer.handleFeedback<Analyzer>" : {
      "count" : 9,
      "average" : {
        "ns" : 21290.444444444445,
        "us" : 21.290444444444447,
        "ms" : 0.021290444444444445,
        "s" : 2.1290444444444444E-5
      },
      "min" : {
        "ns" : 4100,
        "us" : 4.1,
        "ms" : 0.0041,
        "s" : 4.1E-6
      },
      "max" : {
        "ns" : 142910,
        "us" : 142.91,
        "ms" : 0.14291,
        "s" : 1.4291E-4
      }
    },
    "BehaviorAnalyzer.handleFeedback<Analyzer>" : {
      "count" : 9,
      "average" : {
        "ns" : 567784.3333333334,
        "us" : 567.7843333333334,
        "ms" : 0.5677843333333333,
        "s" : 5.677843333333334E-4
      },
      "min" : {
        "ns" : 323822,
        "us" : 323.822,