{
  "stats" : {
    "nextFaultload" : {
      "count" : 10,
      "average" : {
        "ns" : 3658972.4,
        "us" : 3658.9724,
        "ms" : 3.6589724,
        "s" : 0.0036589724
      },
      "min" : {
        "ns" : 1917901,
        "us" : 1917.901,
        "ms" : 1.917901,
        "s" : 0.001917901
      },
      "max" : {
        "ns" : 9722811,
        "us" : 9722.811,
        "ms" : 9.722811,
        "s" : 0.009722811
      }
    },
    "Per test" : {
      "count" : 9,
      "average" : {
        "ns" : 5.746941111111111E7,
        "us" : 57469.41111111111,
        "ms" : 57.469411111111114,
        "s" : 0.05746941111111111
      },
      "min" : {
        "ns" : 27997873,
        "us" : 27997.873,
        "ms" : 27.997873,
        "s" : 0.027997873
      },
      "max" : {
        "ns" : 236291427,
        "us" : 236291.427,
        "ms" : 236.291427,
        "s" : 0.236291427
      }
    },
    "registerFaultload" : {
      "count" : 9,
      "average" : {
        "ns" : 1.6927912444444444E7,
        "us" : 16927.912444444442,
        "ms" : 16.927912444444445,
        "s" : 0.016927912444444443
      },
      "min" : {
        "ns" : 2888052,
        "us" : 2888.052,
        "ms" : 2.888052,
        "s" : 0.002888052
      },
      "max" : {
        "ns" : 112619923,
        "us" : 112619.923,
        "ms" : 112.619923,
        "s" : 0.112619923
      }
    },
    "testMethod" : {
      "count" : 9,
      "average" : {
        "ns" : 1.4329742444444444E7,
        "us" : 14329.742444444444,
        "ms" : 14.329742444444443,
        "s" : 0.014329742444444444
      },
      "min" : {
        "ns" : 11321195,
        "us" : 11321.195,
        "ms" : 11.321195,
        "s" : 0.011321195
      },
      "max" : {
        "ns" : 20871298,
        "us" : 20871.298,
        "ms" : 20.871298,
        "s" : 0.020871298
      }
    },
    "getTraceWithDelay" : {
      "count" : 9,
      "average" : {
        "ns" : 2.5966365666666668E7,
        "us" : 25966.36566666667,
        "ms" : 25.96636566666667,
        "s" : 0.025966365666666668
      },
      "min" : {
        "ns" : 12941481,
        "us" : 12941.481,
        "ms" : 12.941481,
        "s" : 0.012941481
      },
      "max" : {
        "ns" : 102485590,
        "us" : 102485.59,
        "ms" : 102.48559,
        "s" : 0.10248559
      }
    },
    "getTrace" : {
      "count" : 9,
      "average" : {
        "ns" : 1.5774351666666666E7,
        "us" : 15774.351666666666,
        "ms" : 15.774351666666666,
        "s" : 0.015774351666666665
      },
      "min" : {
        "ns" : 7329385,
        "us" : 7329.385,
        "ms" : 7.329385,
        "s" : 0.007329385
      },
      "max" : {
        "ns" : 73334656,
        "us" : 73334.656,
        "ms" : 73.334656,
        "s" : 0.073334656
      }
    },
    "handleResult" : {
      "count" : 9,
      "average" : {
        "ns" : 6513231.555555556,
        "us" : 6513.231555555556,
        "ms" : 6.5132315555555556,
        "s" : 0.006513231555555556
      },
      "min" : {
        "ns" : 2638739,
        "us" : 2638.739,
        "ms" : 2.638739,
        "s" : 0.002638739
      },
      "max" : {
        "ns" : 20148059,
        "us" : 20148.059,
        "ms" : 20.148059,
        "s" : 0.020148059
      }
    },
    "StrategyRunner.analyze" : {
      "count" : 9,
      "average" : {
        "ns" : 6369879.666666667,
        "us" : 6369.879666666667,
        "ms" : 6.369879666666667,
        "s" : 0.006369879666666667
      },
      "min" : {
        "ns" : 2485031,
        "us" : 2485.031,
        "ms" : 2.485031,
        "s" : 0.002485031
      },
      "max" : {
        "ns" : 19794841,
        "us" : 19794.841,
        "ms" : 19.794841,
        "s" : 0.019794841
      }
    },
    "DynamicExplorationGenerator.handleFeedback<Analyzer>" : {
      "count" : 9,
      "average" : {
        "ns" : 1035298.8888888889,
        "us" : 1035.2988888888888,
        "ms" : 1.0352988888888888,
        "s" : 0.001035298888888889
      },
      "min" : {
        "ns" : 83204,
        "us" : 83.204,
        "ms" : 0.083204,
        "s" : 8.3204E-5
      },
      "max" : {
        "ns" : 5692500,
        "us" : 5692.5,
        "ms" : 5.6925,
        "s" : 0.0056925
      }
    },
    "HappyPathDetector.handleFeedback<Analyzer>" : {
      "count" : 9,
      "average" : {
        "ns" : 82693.11111111111,
        "us" : 82.69311111111111,
        "ms" : 0.0826931111111111,
        "s" : 8.26931111111111E-5
      },
      "min" : {
        "ns" : 3200,
        "us" : 3.2,
        "ms" : 0.0032,
        "s" : 3.2E-6
      },
      "max" : {
        "ns" : 712838,
        "us" : 712.838,
        "ms" : 0.712838,
        "s" : 7.12838E-4
      }
    },
    "ParentChildDetector.handleFeedback<Analyzer>" : {
      "count" : 9,
      "average" : {
        "ns" : 928882.2222222222,
        "us" : 928.8822222222223,
        "ms" : 0.9288822222222223,
        "s" : 9.288822222222223E-4
      },
      "min" : {
        "ns" : 46703,
        "us" : 46.703,
        "ms" : 0.046703,
        "s" : 4.6703E-5
      },
      "max" : {
        "ns" : 7748707,
        "us" : 7748.707,
        "ms" : 7.748707,
        "s" : 0.007748707
      }
    },
    "HappensBeforeNeighbourDetector.handleFeedback<Analyzer>" : {
      "count" : 9,
      "average" : {
        "ns" : 511849.1111111111,
        "us" : 511.84911111111114,
        "ms" : 0.5118491111111111,
        "s" : 5.118491111111111E-4
      },
      "min" : {
        "ns" : 11000,
        "us" : 11.0,
        "ms" : 0.011,
        "s" : 1.1E-5
      },
      "max" : {
        "ns" : 1187062,
        "us" : 1187.062,
        "ms" : 1.187062,
        "s" : 0.001187062
      }
    },
    "ErrorPropagationDetector.handleFeedback<Analyzer>" : {
      "count" : 9,
      "average" : {
        "ns" : 376008.55555555556,
        "us" : 376.0085555555556,
        "ms" : 0.37600855555555557,
        "s" : 3.7600855555555555E-4
      },
      "min" : {
        "ns" : 4100,
        "us" : 4.1,
        "ms" : 0.0041,
        "s" : 4.1E-6
      },
      "max" : {
        "ns" : 1985805,
        "us" : 1985.805,
        "ms" : 1.985805,
        "s" : 0.001985805
      }
    },
    "ConditionalPointDetector.handleFeedback<Analyzer>" : {
      "count" : 9,
      "average" : {
        "ns" : 2205760.5555555555,
        "us" : 2205.7605555555556,
        "ms" : 2.2057605555555555,
        "s" : 0.0022057605555555553
      },
      "min" : {
        "ns" : 273914,
        "us" : 273.914,
        "ms" : 0.273914,
        "s" : 2.73914E-4
      },
      "max" : {
        "ns" : 7576398,
        "us" : 7576.398,
        "ms" : 7.576398,
        "s" : 0.007576398
      }
    },
    "RedundancyAnalyzer.handleFeedback<Analyzer>" : {
      "count" : 9,
      "average" : {
        "ns" : 44768.88888888889,
        "us" : 44.76888888888889,
        "ms" : 0.04476888888888889,
        "s" : 4.476888888888889E-5
      },
      "min" : {
        "ns" : 16401,
        "us" : 16.401,
        "ms" : 0.016401,
        "s" : 1.6401E-5
      },
      "max" : {
        "ns" : 119106,
        "us" : 119.106,
        "ms" : 0.119106,
        "s" : 1.19106E-4
      }
    },
    "StatusAnalyzer.handleFeedback<Analyzer>" : {
      "count" : 9,
      "average" : {
        "ns" : 20790.333333333332,
        "us" : 20.790333333333333,
        "ms" : 0.02079033333333333,
        "s" : 2.0790333333333333E-5
      },
      "min" : {
        "ns" : 4100,
        "us" : 4.1,
        "ms" : 0.0041,
        "s" : 4.1E-6
      },
      "max" : {
        "ns" : 141308,
        "us" : 141.308,
        "ms" : 0.141308,
        "s" : 1.41308E-4
      }
    },
    "BehaviorAnalyzer.handleFeedback<Analyzer>" : {
      "count" : 9,
      "average" : {
        "ns" : 601020.3333333334,
        "us" : 601.0203333333334,
        "ms" : 0.6010203333333334,
        "s" : 6.010203333333333E-4
      },
      "min" : {
        "ns" : 252013,
        "us" : 252.013,