{
  "stats" : {
    "nextFaultload" : {
      "count" : 6,
      "average" : {
        "ns" : 2099577.1666666665,
        "us" : 2099.5771666666665,
        "ms" : 2.0995771666666667,
        "s" : 0.0020995771666666666
      },
      "min" : {
        "ns" : 27121,
        "us" : 27.121,
        "ms" : 0.027121,
        "s" : 2.7121E-5
      },
      "max" : {
        "ns" : 3432809,
        "us" : 3432.809,
        "ms" : 3.432809,
        "s" : 0.003432809
      }
    },
    "Per test" : {
      "count" : 5,
      "average" : {
        "ns" : 7.44451638E7,
        "us" : 74445.1638,
        "ms" : 74.4451638,
        "s" : 0.07444516379999999
      },
      "min" : {
        "ns" : 27017263,
        "us" : 27017.263,
        "ms" : 27.017263,
        "s" : 0.027017263
      },
      "max" : {
        "ns" : 240686781,
        "us" : 240686.781,
        "ms" : 240.686781,
        "s" : 0.240686781
      }
    },
    "registerFaultload" : {
      "count" : 5,
      "average" : {
        "ns" : 3.0543678E7,
        "us" : 30543.678,
        "ms" : 30.543678,
        "s" : 0.030543678
      },
      "min" : {
        "ns" : 3990221,
        "us" : 3990.221,
        "ms" : 3.990221,
        "s" : 0.003990221
      },
      "max" : {
        "ns" : 119428718,
        "us" : 119428.718,
        "ms" : 119.428718,
        "s" : 0.119428718
      }
    },
    "testMethod" : {
      "count" : 5,
      "average" : {
        "ns" : 3.42106632E7,
        "us" : 34210.6632,
        "ms" : 34.210663200000006,
        "s" : 0.034210663200000005
      },
      "min" : {
        "ns" : 16676157,
        "us" : 16676.157,
        "ms" : 16.676157,
        "s" : 0.016676157
      },
      "max" : {
        "ns" : 99759644,
        "us" : 99759.644,
        "ms" : 99.759644,
        "s" : 0.099759644
      }
    },
    "getTraceWithDelay" : {
      "count" : 5,
      "average" : {
        "ns" : 3.42150314E7,
        "us" : 34215.0314,
        "ms" : 34.2150314,
        "s" : 0.0342150314
      },
      "min" : {
        "ns" : 14633692,
        "us" : 14633.692,
        "ms" : 14.633692,
        "s" : 0.014633692
      },
      "max" : {
        "ns" : 102411782,
        "us" : 102411.782,
        "ms" : 102.411782,
        "s" : 0.102411782
      }
    },
    "getTrace" : {
      "count" : 5,
      "average" : {
        "ns" : 2.42190596E7,
        "us" : 24219.0596,
        "ms" : 24.2190596,
        "s" : 0.024219059600000002
      },
      "min" : {
        "ns" : 9289695,
        "us" : 9289.695,
        "ms" : 9.289695,
        "s" : 0.009289695
      },
      "max" : {
        "ns" : 80141152,
        "us" : 80141.152,
        "ms" : 80.141152,
        "s" : 0.080141152
      }
    },
    "handleResult" : {
      "count" : 5,
      "average" : {
        "ns" : 5351780.6,
        "us" : 5351.7806,
        "ms" : 5.3517806,
        "s" : 0.0053517806
      },
      "min" : {
        "ns" : 1448947,
        "us" : 1448.947,
        "ms" : 1.448947,
        "s" : 0.001448947
      },
      "max" : {
        "ns" : 15812134,
        "us" : 15812.134,
        "ms" : 15.812134,
        "s" : 0.015812134
      }
    },
    "StrategyRunner.analyze" : {
      "count" : 5,
      "average" : {
        "ns" : 5284153.0,
        "us" : 5284.153,
        "ms" : 5.284153,
        "s" : 0.005284153
      },
      "min" : {
        "ns" : 1441377,
        "us" : 1441.377,
        "ms" : 1.441377,
        "s" : 0.001441377
      },
      "max" : {
        "ns" : 15507846,
        "us" : 15507.846,
        "ms" : 15.507846,
        "s" : 0.015507846
      }
    },
    "DynamicExplorationGenerator.handleFeedback<Analyzer>" : {
      "count" : 5,
      "average" : {
        "ns" : 1422100.6,
        "us" : 1422.1006,
        "ms" : 1.4221006,
        "s" : 0.0014221006000000001
      },
      "min" : {
        "ns" : 93413,
        "us" : 93.413,
        "ms" : 0.093413,
        "s" : 9.3413E-5
      },
      "max" : {
        "ns" : 6124107,
        "us" : 6124.107,
        "ms" : 6.124107,
        "s" : 0.006124107
      }
    },
    "HappyPathDetector.handleFeedback<Analyzer>" : {
      "count" : 5,
      "average" : {
        "ns" : 140531.6,
        "us" : 140.5316,
        "ms" : 0.1405316,
        "s" : 1.4053160000000001E-4
      },
      "min" : {
        "ns" : 3740,
        "us" : 3.74,
        "ms" : 0.00374,
        "s" : 3.74E-6
      },
      "max" : {
        "ns" : 686608,
        "us" : 686.608,
        "ms" : 0.686608,
        "s" : 6.86608E-4
      }
    },
    "ParentChildDetector.handleFeedback<Analyzer>" : {
      "count" : 5,
      "average" : {
        "ns" : 629467.8,
        "us" : 629.4678,
        "ms" : 0.6294678,
        "s" : 6.294678E-4
      },
      "min" : {
        "ns" : 58171,
        "us" : 58.171,
        "ms" : 0.058171,
        "s" : 5.8171E-5
      },
      "max" : {
        "ns" : 2538655,
        "us" : 2538.655,
        "ms" : 2.538655,
        "s" : 0.002538655
      }
    },
    "HappensBeforeNeighbourDetector.handleFeedback<Analyzer>" : {
      "count" : 5,
      "average" : {
        "ns" : 488230.4,
        "us" : 488.23040000000003,
        "ms" : 0.4882304,
        "s" : 4.882304E-4
      },
      "min" : {
        "ns" : 9100,
        "us" : 9.1,
        "ms" : 0.0091,
        "s" : 9.1E-6
      },
      "max" : {
        "ns" : 1409676,
        "us" : 1409.676,
        "ms" : 1.409676,
        "s" : 0.001409676
      }
    },
    "ErrorPropagationDetector.handleFeedback<Analyzer>" : {
      "count" : 5,
      "average" : {
        "ns" : 345020.8,
        "us" : 345.0208,
        "ms" : 0.34502079999999996,
        "s" : 3.450208E-4
      },
      "min" : {
        "ns" : 11710,
        "us" : 11.71,
        "ms" : 0.01171,
        "s" : 1.171E-5
      },
      "max" : {
        "ns" : 939084,
        "us" : 939.084,
        "ms" : 0.939084,
        "s" : 9.39084E-4
      }
    },
    "ConditionalPointDetector.handleFeedback<Analyzer>" : {
      "count" : 5,
      "average" : {
        "ns" : 1148389.6,
        "us" : 1148.3896000000002,
        "ms" : 1.1483896,
        "s" : 0.0011483896
      },
      "min" : {
        "ns" : 187225,
        "us" : 187.225,
        "ms" : 0.187225,
        "s" : 1.87225E-4
      },
      "max" : {
        "ns" : 4477305,
        "us" : 4477.305,
        "ms" : 4.477305,
        "s" : 0.004477305
      }
    },
    "RedundancyAnalyzer.handleFeedback<Analyzer>" : {
      "count" : 5,
      "average" : {
        "ns" : 82006.2,
        "us" : 82.00619999999999,
        "ms" : 0.0820062,
        "s" : 8.20062E-5
      },
      "min" : {
        "ns" : 32441,
        "us" : 32.441,
        "ms" : 0.032441,
        "s" : 3.2441E-5
      },
      "max" : {
        "ns" : 199395,
        "us" : 199.395,
        "ms" : 0.199395,
        "s" : 1.99395E-4
      }
    },
    "StatusAnalyzer.handleFeedback<Analyzer>" : {
      "count" : 5,
      "average" : {
        "ns" : 52831.4,
        "us" : 52.8314,
        "ms" : 0.0528314,
        "s" : 5.2831400000000004E-5
      },
      "min" : {
        "ns" : 5210,
        "us" : 5.21,
        "ms" : 0.00521,
        "s" : 5.21E-6
      },
      "max" : {
        "ns" : 231676,
        "us" : 231.676,
        "ms" : 0.231676,
        "s" : 2.31676E-4
      }
    },
    "BehaviorAnalyzer.handleFeedback<Analyzer>" : {
      "count" : 5,
      "average" : {
        "ns" : 481606.4,
        "us" : 481.6064,
        "ms" : 0.48160640000000005,
        "s" : 4.816064E-4
      },
      "min" : {
        "ns" : 131353,
        "us" : 131.353,
        "ms" : 0.131353,
        "s" : 1.31353E-4
      },
      "max" : {
        "ns" : 824411,
        "us" : 824.411,
        "ms" : 0.824411,
        "s" : 8.24411E-4
      }
    },
    "TimingAnalyzer.handleFeedback<Analyzer>" : {
      "count" : 5,
      "average" : {
        "ns" : 315806.0,
        "us" : 315.806,
        "ms" : 0.315806,
        "s" : 3.15806E-4
      },
      "min" : {
        "ns" : 150224,