{
    "per_key": {
        "nextFaultload": {
            "n": 5490,
            "mean": 2.499805209107468,
            "median": 1.6439884999999999,
            "std": 10.706553624762682,
            "min": 0.8315779999999999,
            "max": 266.048879,
            "p25": 1.252481,
            "p50": 1.6439884999999999,
            "p75": 2.1060109999999996,
            "p90": 2.7718259000000005,
            "p95": 3.4484062000000004,
            "p99": 12.01404539999992
        },
        "Per test": {
            "n": 5480,
            "mean": 34.1114461609489,
            "median": 31.4351525,
            "std": 17.621431089320517,
            "min": 21.378888999999997,
            "max": 586.367471,
            "p25": 27.906850249999998,
            "p50": 31.4351525,
            "p75": 36.15871274999999,
            "p90": 41.3110266,
            "p95": 46.14538405,
            "p99": 91.45916516000004
        },
        "registerFaultload": {
            "n": 5480,
            "mean": 3.6303782339416055,
            "median": 3.2428559999999997,
            "std": 2.7951478027432253,
            "min": 2.048368,
            "max": 83.036912,
            "p25": 2.8591602499999995,
            "p50": 3.2428559999999997,
            "p75": 3.75222,
            "p90": 4.4034971,
            "p95": 5.0278468,
            "p99": 12.622431150000004
        },
        "unregisterFautload": {
            "n": 5480,
            "mean": 3.201844206386861,
            "median": 2.9574014999999996,
            "std": 1.5566359196048671,
            "min": 1.869734,
            "max": 43.602781,
            "p25": 2.6324035,
            "p50": 2.9574014999999996,
            "p75": 3.3834532499999996,
            "p90": 3.8979242000000003,
            "p95": 4.353784150000001,
            "p99": 8.0230998
        },
        "testMethod": {
            "n": 5480,
            "mean": 25.86947634470803,
            "median": 23.9345875,
            "std": 12.918562285421736,
            "min": 12.98514,
            "max": 434.428659,
            "p25": 20.6502375,
            "p50": 23.9345875,
            "p75": 28.004392999999997,
            "p90": 32.4723365,
            "p95": 36.6089969,
            "p99": 61.05744236000001
        },
        "getTraceWithDelay": {
            "n": 5480,
            "mean": 7.390192948357663,
            "median": 6.3544979999999995,
            "std": 5.962926753744876,
            "min": 4.715539,
            "max": 187.882816,
            "p25": 5.80728575,
            "p50": 6.3544979999999995,
            "p75": 7.3417544999999995,
            "p90": 9.304337900000002,
            "p95": 11.17376755,
            "p99": 26.82559325000001
        },
        "handleResult": {
            "n": 5480,
            "mean": 1.288872225,
            "median": 1.0944455,
            "std": 1.7190440324020493,
            "min": 0.597417,
            "max": 52.566807,
            "p25": 0.89850575,
            "p50": 1.0944455,
            "p75": 1.3263102500000001,
            "p90": 1.5623061,
            "p95": 1.8715201000000006,
            "p99": 5.3125191200000055
        },
        "Total test time": {
            "n": 10,
            "mean": 20817.940559399995,
            "median": 20489.125863499998,
            "std": 1125.8333883968623,
            "min": 20182.500654,
            "max": 24160.696509999998,
            "p25": 20351.92028875,
            "p50": 20489.125863499998,
            "p75": 20623.834529249998,
            "p90": 21027.435113199997,
            "p95": 22594.065811599994,
            "p99": 23847.370370319997
        },
        "getExpectedBehaviours": {
            "n": 32990,
            "mean": 0.11424511154895421,
            "median": 0.0882065,
            "std": 0.22024649891942574,
            "min": 0.052603,
            "max": 9.172933,
            "p25": 0.066602,
            "p50": 0.0882065,
            "p75": 0.12720499999999998,
            "p90": 0.1643249000000002,
            "p95": 0.19101254999999998,
            "p99": 0.30915835000000014
        },
        "getExpectedPoints": {
            "n": 32990,
            "mean": 0.1457730048802667,
            "median": 0.09850149999999999,
            "std": 0.21227350812440984,
            "min": 0.054103,
            "max": 6.479514,
            "p25": 0.06980499999999999,
            "p50": 0.09850149999999999,
            "p75": 0.16001325,
            "p90": 0.2743092,
            "p95": 0.36491454999999995,
            "p99": 0.5116651300000001
        }
    }
}