{
  "stats" : {
    "nextFaultload" : {
      "count" : 9,
      "average" : {
        "ns" : 2204556.111111111,
        "us" : 2204.556111111111,
        "ms" : 2.204556111111111,
        "s" : 0.002204556111111111
      },
      "min" : {
        "ns" : 425628,
        "us" : 425.628,
        "ms" : 0.425628,
        "s" : 4.25628E-4
      },
      "max" : {
        "ns" : 3553534,
        "us" : 3553.534,
        "ms" : 3.553534,
        "s" : 0.003553534
      }
    },
    "Per test" : {
      "count" : 8,
      "average" : {
        "ns" : 1.35585795375E8,
        "us" : 135585.795375,
        "ms" : 135.585795375,
        "s" : 0.135585795375
      },
      "min" : {
        "ns" : 57754494,
        "us" : 57754.494,
        "ms" : 57.754494,
        "s" : 0.057754494
      },
      "max" : {
        "ns" : 507685855,
        "us" : 507685.855,
        "ms" : 507.685855,
        "s" : 0.507685855
      }
    },
    "registerFaultload" : {
      "count" : 8,
      "average" : {
        "ns" : 1.9529395375E7,
        "us" : 19529.395375,
        "ms" : 19.529395375,
        "s" : 0.019529395375
      },
      "min" : {
        "ns" : 2821485,
        "us" : 2821.485,
        "ms" : 2.821485,
        "s" : 0.002821485
      },
      "max" : {
        "ns" : 120287903,
        "us" : 120287.903,
        "ms" : 120.287903,
        "s" : 0.120287903
      }
    },
    "testMethod" : {
      "count" : 8,
      "average" : {
        "ns" : 9.07849395E7,
        "us" : 90784.9395,
        "ms" : 90.7849395,
        "s" : 0.0907849395
      },
      "min" : {
        "ns" : 40217242,
        "us" : 40217.242,
        "ms" : 40.217242,
        "s" : 0.040217242
      },
      "max" : {
        "ns" : 289839143,
        "us" : 289839.143,
        "ms" : 289.839143,
        "s" : 0.289839143
      }
    },
    "getTraceWithDelay" : {
      "count" : 8,
      "average" : {
        "ns" : 2.5040707875E7,
        "us" : 25040.707875,
        "ms" : 25.040707875,
        "s" : 0.025040707875
      },
      "min" : {
        "ns" : 11425851,
        "us" : 11425.851,
        "ms" : 11.425851,
        "s" : 0.011425851
      },
      "max" : {
        "ns" : 97223688,
        "us" : 97223.688,
        "ms" : 97.223688,
        "s" : 0.097223688
      }
    },
    "getTrace" : {
      "count" : 8,
      "average" : {
        "ns" : 1.5734033875E7,
        "us" : 15734.033875,
        "ms" : 15.734033875,
        "s" : 0.015734033875
      },
      "min" : {
        "ns" : 6028196,
        "us" : 6028.196,
        "ms" : 6.028196,
        "s" : 0.006028196
      },
      "max" : {
        "ns" : 70557636,
        "us" : 70557.636,
        "ms" : 70.557636,
        "s" : 0.070557636
      }
    },
    "handleResult" : {
      "count" : 8,
      "average" : {
        "ns" : 5473022.0,
        "us" : 5473.022,
        "ms" : 5.473022,
        "s" : 0.005473022
      },
      "min" : {
        "ns" : 1697311,
        "us" : 1697.311,
        "ms" : 1.697311,
        "s" : 0.001697311
      },
      "max" : {
        "ns" : 18667327,
        "us" : 18667.327,
        "ms" : 18.667327,
        "s" : 0.018667327
      }
    },
    "StrategyRunner.analyze" : {
      "count" : 8,
      "average" : {
        "ns" : 5329137.625,
        "us" : 5329.137625,
        "ms" : 5.329137625,
        "s" : 0.005329137625
      },
      "min" : {
        "ns" : 1610405,
        "us" : 1610.405,
        "ms" : 1.610405,
        "s" : 0.001610405
      },
      "max" : {
        "ns" : 18346906,
        "us" : 18346.906,
        "ms" : 18.346906,
        "s" : 0.018346906
      }
    },
    "DynamicExplorationGenerator.handleFeedback<Analyzer>" : {
      "count" : 8,
      "average" : {
        "ns" : 958038.0,
        "us" : 958.038,
        "ms" : 0.958038,
        "s" : 9.58038E-4
      },
      "min" : {
        "ns" : 76105,
        "us" : 76.105,
        "ms" : 0.076105,
        "s" : 7.6105E-5
      },
      "max" : {
        "ns" : 5573866,
        "us" : 5573.866,
        "ms" : 5.573866,
        "s" : 0.005573866
      }
    },
    "HappyPathDetector.handleFeedback<Analyzer>" : {
      "count" : 8,
      "average" : {
        "ns" : 65229.375,
        "us" : 65.229375,
        "ms" : 0.065229375,
        "s" : 6.5229375E-5
      },
      "min" : {
        "ns" : 3000,
        "us" : 3.0,
        "ms" : 0.003,
        "s" : 3.0E-6
      },
      "max" : {
        "ns" : 492732,
        "us" : 492.732,
        "ms" : 0.492732,
        "s" : 4.92732E-4
      }
    },
    "ParentChildDetector.handleFeedback<Analyzer>" : {
      "count" : 8,
      "average" : {
        "ns" : 950012.5,
        "us" : 950.0125,
        "ms" : 0.9500125,
        "s" : 9.500125E-4
      },
      "min" : {
        "ns" : 40803,
        "us" : 40.803,
        "ms" : 0.040803,
        "s" : 4.0803E-5
      },
      "max" : {
        "ns" : 7030862,
        "us" : 7030.862,
        "ms" : 7.030862,
        "s" : 0.007030862
      }
    },
    "HappensBeforeNeighbourDetector.handleFeedback<Analyzer>" : {
      "count" : 8,
      "average" : {
        "ns" : 380212.5,
        "us" : 380.2125,
        "ms" : 0.3802125,
        "s" : 3.802125E-4
      },
      "min" : {
        "ns" : 11501,
        "us" : 11.501,
        "ms" : 0.011501,
        "s" : 1.1501E-5
      },
      "max" : {
        "ns" : 1224780,
        "us" : 1224.78,
        "ms" : 1.22478,
        "s" : 0.00122478
      }
    },
    "ErrorPropagationDetector.handleFeedback<Analyzer>" : {
      "count" : 8,
      "average" : {
        "ns" : 778701.125,
        "us" : 778.701125,
        "ms" : 0.778701125,
        "s" : 7.78701125E-4
      },
      "min" : {
        "ns" : 13401,
        "us" : 13.401,
        "ms" : 0.013401,
        "s" : 1.3401E-5
      },
      "max" : {
        "ns" : 2538566,
        "us" : 2538.566,
        "ms" : 2.538566,
        "s" : 0.002538566
      }
    },
    "ConditionalPointDetector.handleFeedback<Analyzer>" : {
      "count" : 8,
      "average" : {
        "ns" : 776388.375,
        "us" : 776.388375,
        "ms" : 0.776388375,
        "s" : 7.76388375E-4
      },
      "min" : {
        "ns" : 149310,
        "us" : 149.31,
        "ms" : 0.14931,
        "s" : 1.4931E-4
      },
      "max" : {
        "ns" : 4108370,
        "us" : 4108.37,
        "ms" : 4.10837,
        "s" : 0.00410837
      }
    },
    "RedundancyAnalyzer.handleFeedback<Analyzer>" : {
      "count" : 8,
      "average" : {
        "ns" : 34877.125,
        "us" : 34.877125,
        "ms" : 0.034877125,
        "s" : 3.4877125E-5
      },
      "min" : {
        "ns" : 20101,
        "us" : 20.101,
        "ms" : 0.020101,
        "s" : 2.0101E-5
      },
      "max" : {
        "ns" : 69205,
        "us" : 69.205,
        "ms" : 0.069205,
        "s" : 6.9205E-5
      }
    },
    "StatusAnalyzer.handleFeedback<Analyzer>" : {
      "count" : 8,
      "average" : {
        "ns" : 20876.25,
        "us" : 20.87625,
        "ms" : 0.02087625,
        "s" : 2.087625E-5
      },
      "min" : {
        "ns" : 4301,
        "us" : 4.301,
        "ms" : 0.004301,
        "s" : 4.301E-6
      },
      "max" : {
        "ns" : 129909,
        "us" : 129.909,
        "ms" : 0.129909,
        "s" : 1.29909E-4
      }
    },
    "BehaviorAnalyzer.handleFeedback<Analyzer>" : {
      "count" : 8,
      "average" : {
        "ns" : 537997.875,
        "us" : 537.997875,
        "ms" : 0.537997875,
        "s" : 5.37997875E-4
      },
      "min" : {
        "ns" : 296120,
        "us" : 296.12,
        "ms" : 0.29612,
        "s" : 2.9612E-4
      },
      "max" : {
        "ns" : 1423994,
        "us" : 1423.994,
        "ms" : 1.423994,
        "s" : 0.001423994
      }
    },
    "TimingAnalyzer.handleFeedback<Analyzer>" : {
      "count" : 8,
      "average" : {
        "ns" : 173423.625,
        "us" : 173.423625,
        "ms" : 0.173423625,
        "s" : 1.73423625E-4
      },
      "min" : {
        "ns" : 52304,
        "us" : 52.304,