{
  "stats" : {
    "nextFaultload" : {
      "count" : 22,
      "average" : {
        "ns" : 2395307.9545454546,
        "us" : 2395.307954545455,
        "ms" : 2.3953079545454545,
        "s" : 0.0023953079545454546
      },
      "min" : {
        "ns" : 373220,
        "us" : 373.22,
        "ms" : 0.37322,
        "s" : 3.7322E-4
      },
      "max" : {
        "ns" : 4220130,
        "us" : 4220.13,
        "ms" : 4.22013,
        "s" : 0.00422013
      }
    },
    "Per test" : {
      "count" : 21,
      "average" : {
        "ns" : 4.156443323809524E7,
        "us" : 41564.43323809524,
        "ms" : 41.56443323809524,
        "s" : 0.041564433238095236
      },
      "min" : {
        "ns" : 26250329,
        "us" : 26250.329,
        "ms" : 26.250329,
        "s" : 0.026250329
      },
      "max" : {
        "ns" : 238606791,
        "us" : 238606.791,
        "ms" : 238.606791,
        "s" : 0.238606791
      }
    },
    "registerFaultload" : {
      "count" : 21,
      "average" : {
        "ns" : 9286848.904761905,
        "us" : 9286.848904761904,
        "ms" : 9.286848904761905,
        "s" : 0.009286848904761905
      },
      "min" : {
        "ns" : 2834155,
        "us" : 2834.155,
        "ms" : 2.834155,
        "s" : 0.002834155
      },
      "max" : {
        "ns" : 113350271,
        "us" : 113350.271,
        "ms" : 113.350271,
        "s" : 0.113350271
      }
    },
    "testMethod" : {
      "count" : 21,
      "average" : {
        "ns" : 1.463225538095238E7,
        "us" : 14632.25538095238,
        "ms" : 14.632255380952381,
        "s" : 0.014632255380952381
      },
      "min" : {
        "ns" : 11792442,
        "us" : 11792.442,
        "ms" : 11.792442,
        "s" : 0.011792442
      },
      "max" : {
        "ns" : 24443531,
        "us" : 24443.531,
        "ms" : 24.443531,
        "s" : 0.024443531
      }
    },
    "getTraceWithDelay" : {
      "count" : 21,
      "average" : {
        "ns" : 1.742675485714286E7,
        "us" : 17426.75485714286,
        "ms" : 17.426754857142857,
        "s" : 0.01742675485714286
      },
      "min" : {
        "ns" : 10095349,
        "us" : 10095.349,
        "ms" : 10.095349,
        "s" : 0.010095349
      },
      "max" : {
        "ns" : 100524573,
        "us" : 100524.573,
        "ms" : 100.524573,
        "s" : 0.100524573
      }
    },
    "getTrace" : {
      "count" : 21,
      "average" : {
        "ns" : 1.0461308333333334E7,
        "us" : 10461.308333333334,
        "ms" : 10.461308333333333,
        "s" : 0.010461308333333334
      },
      "min" : {
        "ns" : 5664311,
        "us" : 5664.311,
        "ms" : 5.664311,
        "s" : 0.005664311
      },
      "max" : {
        "ns" : 72485047,
        "us" : 72485.047,
        "ms" : 72.485047,
        "s" : 0.072485047
      }
    },
    "handleResult" : {
      "count" : 21,
      "average" : {
        "ns" : 3678086.238095238,
        "us" : 3678.086238095238,
        "ms" : 3.6780862380952377,
        "s" : 0.003678086238095238
      },
      "min" : {
        "ns" : 1674792,
        "us" : 1674.792,
        "ms" : 1.674792,
        "s" : 0.001674792
      },
      "max" : {
        "ns" : 19734174,
        "us" : 19734.174,
        "ms" : 19.734174,
        "s" : 0.019734174
      }
    },
    "StrategyRunner.analyze" : {
      "count" : 21,
      "average" : {
        "ns" : 3568189.8571428573,
        "us" : 3568.1898571428574,
        "ms" : 3.5681898571428574,
        "s" : 0.0035681898571428574
      },
      "min" : {
        "ns" : 1531584,
        "us" : 1531.584,
        "ms" : 1.531584,
        "s" : 0.001531584
      },
      "max" : {
        "ns" : 19406757,
        "us" : 19406.757,
        "ms" : 19.406757,
        "s" : 0.019406757
      }
    },
    "DynamicExplorationGenerator.handleFeedback<Analyzer>" : {
      "count" : 21,
      "average" : {
        "ns" : 499950.95238095237,
        "us" : 499.95095238095234,
        "ms" : 0.4999509523809524,
        "s" : 4.999509523809524E-4
      },
      "min" : {
        "ns" : 70203,
        "us" : 70.203,
        "ms" : 0.070203,
        "s" : 7.0203E-5
      },
      "max" : {
        "ns" : 5878520,
        "us" : 5878.52,
        "ms" : 5.87852,
        "s" : 0.00587852
      }
    },
    "HappyPathDetector.handleFeedback<Analyzer>" : {
      "count" : 21,
      "average" : {
        "ns" : 39468.95238095238,
        "us" : 39.46895238095238,
        "ms" : 0.03946895238095238,
        "s" : 3.946895238095238E-5
      },
      "min" : {
        "ns" : 2600,
        "us" : 2.6,
        "ms" : 0.0026,
        "s" : 2.6E-6
      },
      "max" : {
        "ns" : 757942,
        "us" : 757.942,
        "ms" : 0.757942,
        "s" : 7.57942E-4
      }
    },
    "ParentChildDetector.handleFeedback<Analyzer>" : {
      "count" : 21,
      "average" : {
        "ns" : 419122.8095238095,
        "us" : 419.1228095238095,
        "ms" : 0.41912280952380954,
        "s" : 4.1912280952380955E-4
      },
      "min" : {
        "ns" : 33602,
        "us" : 33.602,
        "ms" : 0.033602,
        "s" : 3.3602E-5
      },
      "max" : {
        "ns" : 7277196,
        "us" : 7277.196,
        "ms" : 7.277196,
        "s" : 0.007277196
      }
    },
    "HappensBeforeNeighbourDetector.handleFeedback<Analyzer>" : {
      "count" : 21,
      "average" : {
        "ns" : 424427.85714285716,
        "us" : 424.42785714285714,
        "ms" : 0.42442785714285713,
        "s" : 4.2442785714285713E-4
      },
      "min" : {
        "ns" : 10901,
        "us" : 10.901,
        "ms" : 0.010901,
        "s" : 1.0901E-5
      },
      "max" : {
        "ns" : 1191665,
        "us" : 1191.665,
        "ms" : 1.191665,
        "s" : 0.001191665
      }
    },
    "ErrorPropagationDetector.handleFeedback<Analyzer>" : {
      "count" : 21,
      "average" : {
        "ns" : 331241.90476190473,
        "us" : 331.2419047619047,
        "ms" : 0.33124190476190474,
        "s" : 3.3124190476190474E-4
      },
      "min" : {
        "ns" : 4000,
        "us" : 4.0,
        "ms" : 0.004,
        "s" : 4.0E-6
      },
      "max" : {
        "ns" : 1014755,
        "us" : 1014.755,
        "ms" : 1.014755,
        "s" : 0.001014755
      }
    },
    "ConditionalPointDetector.handleFeedback<Analyzer>" : {
      "count" : 21,
      "average" : {
        "ns" : 732792.3333333334,
        "us" : 732.7923333333333,
        "ms" : 0.7327923333333334,
        "s" : 7.327923333333334E-4
      },
      "min" : {
        "ns" : 160209,
        "us" : 160.209,
        "ms" : 0.160209,
        "s" : 1.60209E-4
      },
      "max" : {
        "ns" : 4267332,
        "us" : 4267.332,
        "ms" : 4.267332,
        "s" : 0.004267332
      }
    },
    "RedundancyAnalyzer.handleFeedback<Analyzer>" : {
      "count" : 21,
      "average" : {
        "ns" : 43307.04761904762,
        "us" : 43.307047619047616,
        "ms" : 0.04330704761904762,
        "s" : 4.330704761904762E-5
      },
      "min" : {
        "ns" : 18201,
        "us" : 18.201,
        "ms" : 0.018201,
        "s" : 1.8201E-5
      },
      "max" : {
        "ns" : 129607,
        "us" : 129.607,
        "ms" : 0.129607,
        "s" : 1.29607E-4
      }
    },
    "StatusAnalyzer.handleFeedback<Analyzer>" : {
      "count" : 21,
      "average" : {
        "ns" : 16743.85714285714,
        "us" : 16.74385714285714,
        "ms" : 0.01674385714285714,
        "s" : 1.674385714285714E-5
      },
      "min" : {
        "ns" : 4001,
        "us" : 4.001,
        "ms" : 0.004001,
        "s" : 4.001E-6
      },
      "max" : {
        "ns" : 126807,
        "us" : 126.807,
        "ms" : 0.126807,
        "s" : 1.26807E-4
      }
    },
    "BehaviorAnalyzer.handleFeedback<Analyzer>" : {
      "count" : 21,
      "average" : {
        "ns" : 522580.8095238095,
        "us" : 522.5808095238095,
        "ms" : 0.5225808095238095,
        "s" : 5.225808095238096E-4
      },