{
  "stats" : {
    "nextFaultload" : {
      "count" : 9,
      "average" : {
        "ns" : 2576167.777777778,
        "us" : 2576.167777777778,
        "ms" : 2.576167777777778,
        "s" : 0.002576167777777778
      },
      "min" : {
        "ns" : 556522,
        "us" : 556.522,
        "ms" : 0.556522,
        "s" : 5.56522E-4
      },
      "max" : {
        "ns" : 4381072,
        "us" : 4381.072,
        "ms" : 4.381072,
        "s" : 0.004381072
      }
    },
    "Per test" : {
      "count" : 8,
      "average" : {
        "ns" : 6.16805935E7,
        "us" : 61680.5935,
        "ms" : 61.6805935,
        "s" : 0.0616805935
      },
      "min" : {
        "ns" : 24149347,
        "us" : 24149.347,
        "ms" : 24.149347,
        "s" : 0.024149347
      },
      "max" : {
        "ns" : 254836292,
        "us" : 254836.292,
        "ms" : 254.836292,
        "s" : 0.254836292
      }
    },
    "registerFaultload" : {
      "count" : 8,
      "average" : {
        "ns" : 2.045410175E7,
        "us" : 20454.10175,
        "ms" : 20.45410175,
        "s" : 0.02045410175
      },
      "min" : {
        "ns" : 2939315,
        "us" : 2939.315,
        "ms" : 2.939315,
        "s" : 0.002939315
      },
      "max" : {
        "ns" : 124306174,
        "us" : 124306.174,
        "ms" : 124.306174,
        "s" : 0.124306174
      }
    },
    "testMethod" : {
      "count" : 8,
      "average" : {
        "ns" : 1.4040525625E7,
        "us" : 14040.525625,
        "ms" : 14.040525625,
        "s" : 0.014040525625
      },
      "min" : {
        "ns" : 8673940,
        "us" : 8673.94,
        "ms" : 8.67394,
        "s" : 0.00867394
      },
      "max" : {
        "ns" : 25159187,
        "us" : 25159.187,
        "ms" : 25.159187,
        "s" : 0.025159187
      }
    },
    "getTraceWithDelay" : {
      "count" : 8,
      "average" : {
        "ns" : 2.697792025E7,
        "us" : 26977.92025,
        "ms" : 26.97792025,
        "s" : 0.02697792025
      },
      "min" : {
        "ns" : 11360846,
        "us" : 11360.846,
        "ms" : 11.360846,
        "s" : 0.011360846
      },
      "max" : {
        "ns" : 105073320,
        "us" : 105073.32,
        "ms" : 105.07332,
        "s" : 0.10507332
      }
    },
    "getTrace" : {
      "count" : 8,
      "average" : {
        "ns" : 1.70124545E7,
        "us" : 17012.4545,
        "ms" : 17.0124545,
        "s" : 0.0170124545
      },
      "min" : {
        "ns" : 6638960,
        "us" : 6638.96,
        "ms" : 6.63896,
        "s" : 0.00663896
      },
      "max" : {
        "ns" : 74554223,
        "us" : 74554.223,
        "ms" : 74.554223,
        "s" : 0.074554223
      }
    },
    "handleResult" : {
      "count" : 8,
      "average" : {
        "ns" : 6096539.125,
        "us" : 6096.539125,
        "ms" : 6.096539125,
        "s" : 0.006096539125
      },
      "min" : {
        "ns" : 1950277,
        "us" : 1950.277,
        "ms" : 1.950277,
        "s" : 0.001950277
      },
      "max" : {
        "ns" : 21429441,
        "us" : 21429.441,
        "ms" : 21.429441,
        "s" : 0.021429441
      }
    },
    "StrategyRunner.analyze" : {
      "count" : 8,
      "average" : {
        "ns" : 5951933.5,
        "us" : 5951.9335,
        "ms" : 5.9519335,
        "s" : 0.0059519335
      },
      "min" : {
        "ns" : 1849573,
        "us" : 1849.573,
        "ms" : 1.849573,
        "s" : 0.001849573
      },
      "max" : {
        "ns" : 21106328,
        "us" : 21106.328,
        "ms" : 21.106328,
        "s" : 0.021106328
      }
    },
    "DynamicExplorationGenerator.handleFeedback<Analyzer>" : {
      "count" : 8,
      "average" : {
        "ns" : 1127531.5,
        "us" : 1127.5315,
        "ms" : 1.1275315,
        "s" : 0.0011275315
      },
      "min" : {
        "ns" : 77003,
        "us" : 77.003,
        "ms" : 0.077003,
        "s" : 7.7003E-5
      },
      "max" : {
        "ns" : 6512055,
        "us" : 6512.055,
        "ms" : 6.512055,
        "s" : 0.006512055
      }
    },
    "HappyPathDetector.handleFeedback<Analyzer>" : {
      "count" : 8,
      "average" : {
        "ns" : 90803.375,
        "us" : 90.803375,
        "ms" : 0.090803375,
        "s" : 9.0803375E-5
      },
      "min" : {
        "ns" : 3000,
        "us" : 3.0,
        "ms" : 0.003,
        "s" : 3.0E-6
      },
      "max" : {
        "ns" : 696127,
        "us" : 696.127,
        "ms" : 0.696127,
        "s" : 6.96127E-4
      }
    },
    "ParentChildDetector.handleFeedback<Analyzer>" : {
      "count" : 8,
      "average" : {
        "ns" : 1055353.875,
        "us" : 1055.353875,
        "ms" : 1.055353875,
        "s" : 0.001055353875
      },
      "min" : {
        "ns" : 38902,
        "us" : 38.902,
        "ms" : 0.038902,
        "s" : 3.8902E-5
      },
      "max" : {
        "ns" : 7884609,
        "us" : 7884.609,
        "ms" : 7.884609,
        "s" : 0.007884609
      }
    },
    "HappensBeforeNeighbourDetector.handleFeedback<Analyzer>" : {
      "count" : 8,
      "average" : {
        "ns" : 385140.0,
        "us" : 385.14,
        "ms" : 0.38514,
        "s" : 3.8514E-4
      },
      "min" : {
        "ns" : 11401,
        "us" : 11.401,
        "ms" : 0.011401,
        "s" : 1.1401E-5
      },
      "max" : {
        "ns" : 1252449,
        "us" : 1252.449,
        "ms" : 1.252449,
        "s" : 0.001252449
      }
    },
    "ErrorPropagationDetector.handleFeedback<Analyzer>" : {
      "count" : 8,
      "average" : {
        "ns" : 887447.375,
        "us" : 887.447375,
        "ms" : 0.887447375,
        "s" : 8.87447375E-4
      },
      "min" : {
        "ns" : 14400,
        "us" : 14.4,
        "ms" : 0.0144,
        "s" : 1.44E-5
      },
      "max" : {
        "ns" : 2782109,
        "us" : 2782.109,
        "ms" : 2.782109,
        "s" : 0.002782109
      }
    },
    "ConditionalPointDetector.handleFeedback<Analyzer>" : {
      "count" : 8,
      "average" : {
        "ns" : 826682.25,
        "us" : 826.68225,
        "ms" : 0.82668225,
        "s" : 8.2668225E-4
      },
      "min" : {
        "ns" : 124505,
        "us" : 124.505,
        "ms" : 0.124505,
        "s" : 1.24505E-4
      },
      "max" : {
        "ns" : 4811688,
        "us" : 4811.688,
        "ms" : 4.811688,
        "s" : 0.004811688
      }
    },
    "RedundancyAnalyzer.handleFeedback<Analyzer>" : {
      "count" : 8,
      "average" : {
        "ns" : 43589.125,
        "us" : 43.589125,
        "ms" : 0.043589125,
        "s" : 4.3589125E-5
      },
      "min" : {
        "ns" : 21501,
        "us" : 21.501,
        "ms" : 0.021501,
        "s" : 2.1501E-5
      },
      "max" : {
        "ns" : 104504,
        "us" : 104.504,
        "ms" : 0.104504,
        "s" : 1.04504E-4
      }
    },
    "StatusAnalyzer.handleFeedback<Analyzer>" : {
      "count" : 8,
      "average" : {
        "ns" : 22300.875,
        "us" : 22.300875,
        "ms" : 0.022300875,
        "s" : 2.2300875E-5
      },
      "min" : {
        "ns" : 4600,
        "us" : 4.6,
        "ms" : 0.0046,
        "s" : 4.6E-6
      },
      "max" : {
        "ns" : 138606,
        "us" : 138.606,
        "ms" : 0.138606,
        "s" : 1.38606E-4
      }
    },
    "BehaviorAnalyzer.handleFeedback<Analyzer>" : {
      "count" : 8,
      "average" : {
        "ns" : 565009.75,
        "us" : 565.00975,
        "ms" : 0.56500975,
        "s" : 5.6500975E-4
      },
      "min" : {
        "ns" : 256310,
        "us" : 256.31,
        "ms" : 0.25631,
        "s" : 2.5631E-4
      },
      "max" : {
        "ns" : 1506659,
        "us" : 1506.659,
        "ms" : 1.506659,
        "s" : 0.001506659
      }
    },
    "TimingAnalyzer.handleFeedback<Analyzer>" : {
      "count" : 8,
      "average" : {
        "ns" : 208770.625,
        "us" : 208.770625,
        "ms" : 0.208770625,
        "s" : 2.08770625E-4
      },
      "min" : {
        "ns" : 47802,
        "us" : 47.802,