{
    "per_key": {
        "nextFaultload": {
            "n": 26,
            "mean": 1.0946106923076924,
            "median": 1.001813,
            "std": 0.47572510096926035,
            "min": 0.10846199999999999,
            "max": 2.340014,
            "p25": 0.82114175,
            "p50": 1.001813,
            "p75": 1.2080845,
            "p90": 1.6959535,
            "p95": 2.20937475,
            "p99": 2.334661
        },
        "Per test": {
            "n": 25,
            "mean": 42.4680296,
            "median": 31.755356,
            "std": 46.30157606032091,
            "min": 26.077861,
            "max": 266.982884,
            "p25": 29.055443999999998,
            "p50": 31.755356,
            "p75": 35.201885,
            "p90": 42.382098600000006,
            "p95": 55.69301419999996,
            "p99": 216.9573019999996
        },
        "registerFaultload": {
            "n": 25,
            "mean": 9.103914799999998,
            "median": 3.8716399999999997,
            "std": 23.20836149827598,
            "min": 3.035223,
            "max": 121.905007,
            "p25": 3.309335,
            "p50": 3.8716399999999997,
            "p75": 4.37815,
            "p90": 5.013300200000001,
            "p95": 15.737809799999962,
            "p99": 97.0583813199998
        },
        "unregisterFautload": {
            "n": 25,
            "mean": 3.3385648,
            "median": 3.197543,
            "std": 0.5168417310084007,
            "min": 2.6729499999999997,
            "max": 4.5213399999999995,
            "p25": 2.941316,
            "p50": 3.197543,
            "p75": 3.604932,
            "p90": 4.2214216,
            "p95": 4.3670108,
            "p99": 4.486628799999999
        },
        "testMethod": {
            "n": 25,
            "mean": 17.004499239999998,
            "median": 15.860042,
            "std": 5.836247111427585,
            "min": 12.312272,
            "max": 43.491454,
            "p25": 14.544993,
            "p50": 15.860042,
            "p75": 16.986307,
            "p90": 18.3325194,
            "p95": 22.698971399999984,
            "p99": 38.75879079999996
        },
        "getTraceWithDelay": {
            "n": 25,
            "mean": 16.366095759999997,
            "median": 11.914852,
            "std": 17.653720713161576,
            "min": 9.17546,
            "max": 101.500581,
            "p25": 10.625283,
            "p50": 11.914852,
            "p75": 15.374823,
            "p90": 18.4143894,
            "p95": 21.278511399999992,
            "p99": 82.36691891999985
        },
        "handleResult": {
            "n": 25,
            "mean": 2.18081228,
            "median": 1.236678,
            "std": 3.17944372928392,
            "min": 0.740167,
            "max": 16.708122,
            "p25": 1.009463,
            "p50": 1.236678,
            "p75": 1.706429,
            "p90": 2.8722028000000015,
            "p95": 5.845640799999991,
            "p99": 14.25114503999998
        },
        "Total test time": {
            "n": 1,
            "mean": 1386.7006959999999,
            "median": 1386.7006959999999,
            "std": 0.0,
            "min": 1386.7006959999999,
            "max": 1386.7006959999999,
            "p25": 1386.7006959999999,
            "p50": 1386.7006959999999,
            "p75": 1386.7006959999999,
            "p90": 1386.7006959999999,
            "p95": 1386.7006959999999,
            "p99": 1386.7006959999999
        },
        "getExpectedPoints": {
            "n": 48,
            "mean": 0.2049455208333333,
            "median": 0.174514,
            "std": 0.15781126974490628,
            "min": 0.048180999999999995,
            "max": 1.030723,
            "p25": 0.12930799999999998,
            "p50": 0.174514,
            "p75": 0.237036,
            "p90": 0.27121500000000004,
            "p95": 0.31809199999999993,
            "p99": 0.8777112100000004
        }
    }
}