{
    "per_key": {
        "nextFaultload": {
            "n": 46,
            "mean": 1.7688458695652174,
            "median": 1.2617545,
            "std": 1.5485766000418018,
            "min": 0.5011019999999999,
            "max": 7.913169,
            "p25": 0.7964265,
            "p50": 1.2617545,
            "p75": 2.127643,
            "p90": 3.0496415,
            "p95": 4.979757749999999,
            "p99": 7.540278749999998
        },
        "Per test": {
            "n": 45,
            "mean": 46.593385133333335,
            "median": 38.210389,
            "std": 35.6509513119493,
            "min": 29.769118,
            "max": 267.49555799999996,
            "p25": 32.935413,
            "p50": 38.210389,
            "p75": 46.375772999999995,
            "p90": 54.5628802,
            "p95": 59.749481799999984,
            "p99": 196.63290988000034
        },
        "registerFaultload": {
            "n": 45,
            "mean": 6.935273933333334,
            "median": 3.4445409999999996,
            "std": 18.61160986398508,
            "min": 2.657456,
            "max": 128.76921,
            "p25": 3.068103,
            "p50": 3.4445409999999996,
            "p75": 4.111178,
            "p90": 5.1318302,
            "p95": 8.50331939999999,
            "p99": 82.13370328000023
        },
        "unregisterFautload": {
            "n": 45,
            "mean": 3.173809311111111,
            "median": 3.0953139999999997,
            "std": 0.6634246774387786,
            "min": 2.324545,
            "max": 5.1399349999999995,
            "p25": 2.666684,
            "p50": 3.0953139999999997,
            "p75": 3.372591,
            "p90": 4.059260000000001,
            "p95": 4.7715391999999985,
            "p99": 5.08902436
        },
        "testMethod": {
            "n": 45,
            "mean": 33.11568215555555,
            "median": 29.644907,
            "std": 14.694340620992962,
            "min": 22.611528,
            "max": 116.42893699999999,
            "p25": 24.935140999999998,
            "p50": 29.644907,
            "p75": 36.529948,
            "p90": 42.745836,
            "p95": 47.11015539999999,
            "p99": 89.63814660000014
        },
        "getTraceWithDelay": {
            "n": 45,
            "mean": 15.274593800000002,
            "median": 11.576732,
            "std": 14.953675374687611,
            "min": 7.5178579999999995,
            "max": 104.541095,
            "p25": 9.501526,
            "p50": 11.576732,
            "p75": 15.733105,
            "p90": 18.5915164,
            "p95": 23.784009399999988,
            "p99": 79.58121588000013
        },
        "handleResult": {
            "n": 45,
            "mean": 3.3428136888888877,
            "median": 2.409038,
            "std": 4.137312509772179,
            "min": 1.044435,
            "max": 24.867107999999998,
            "p25": 1.507186,
            "p50": 2.409038,
            "p75": 3.101584,
            "p90": 4.5561922,
            "p95": 4.8005878,
            "p99": 22.03820280000001
        },
        "Total test time": {
            "n": 1,
            "mean": 2528.411982,
            "median": 2528.411982,
            "std": 0.0,
            "min": 2528.411982,
            "max": 2528.411982,
            "p25": 2528.411982,
            "p50": 2528.411982,
            "p75": 2528.411982,
            "p90": 2528.411982,
            "p95": 2528.411982,
            "p99": 2528.411982
        },
        "getExpectedPoints": {
            "n": 196,
            "mean": 0.24113977040816326,
            "median": 0.109302,
            "std": 0.4145923562779657,
            "min": 0.033090999999999995,
            "max": 4.84112,
            "p25": 0.044686000000000003,
            "p50": 0.109302,
            "p75": 0.31128274999999994,
            "p90": 0.5821385,
            "p95": 0.70438125,
            "p99": 1.2640227000000057
        }
    }
}