{
  "stats" : {
    "nextFaultload" : {
      "count" : 22,
      "average" : {
        "ns" : 2232833.6818181816,
        "us" : 2232.8336818181815,
        "ms" : 2.2328336818181818,
        "s" : 0.002232833681818182
      },
      "min" : {
        "ns" : 305112,
        "us" : 305.112,
        "ms" : 0.305112,
        "s" : 3.05112E-4
      },
      "max" : {
        "ns" : 4235267,
        "us" : 4235.267,
        "ms" : 4.235267,
        "s" : 0.004235267
      }
    },
    "Per test" : {
      "count" : 21,
      "average" : {
        "ns" : 3.907730047619048E7,
        "us" : 39077.300476190474,
        "ms" : 39.07730047619048,
        "s" : 0.03907730047619048
      },
      "min" : {
        "ns" : 24204456,
        "us" : 24204.456,
        "ms" : 24.204456,
        "s" : 0.024204456
      },
      "max" : {
        "ns" : 229278756,
        "us" : 229278.756,
        "ms" : 229.278756,
        "s" : 0.229278756
      }
    },
    "registerFaultload" : {
      "count" : 21,
      "average" : {
        "ns" : 8903399.238095239,
        "us" : 8903.399238095239,
        "ms" : 8.903399238095238,
        "s" : 0.008903399238095239
      },
      "min" : {
        "ns" : 2603903,
        "us" : 2603.903,
        "ms" : 2.603903,
        "s" : 0.002603903
      },
      "max" : {
        "ns" : 109485224,
        "us" : 109485.224,
        "ms" : 109.485224,
        "s" : 0.109485224
      }
    },
    "testMethod" : {
      "count" : 21,
      "average" : {
        "ns" : 1.322200342857143E7,
        "us" : 13222.003428571428,
        "ms" : 13.22200342857143,
        "s" : 0.01322200342857143
      },
      "min" : {
        "ns" : 11053136,
        "us" : 11053.136,
        "ms" : 11.053136,
        "s" : 0.011053136
      },
      "max" : {
        "ns" : 20407806,
        "us" : 20407.806,
        "ms" : 20.407806,
        "s" : 0.020407806
      }
    },
    "getTraceWithDelay" : {
      "count" : 21,
      "average" : {
        "ns" : 1.6723346095238095E7,
        "us" : 16723.346095238096,
        "ms" : 16.723346095238096,
        "s" : 0.016723346095238095
      },
      "min" : {
        "ns" : 9589079,
        "us" : 9589.079,
        "ms" : 9.589079,
        "s" : 0.009589079
      },
      "max" : {
        "ns" : 99396125,
        "us" : 99396.125,
        "ms" : 99.396125,
        "s" : 0.099396125
      }
    },
    "getTrace" : {
      "count" : 21,
      "average" : {
        "ns" : 1.0116209E7,
        "us" : 10116.209,
        "ms" : 10.116209,
        "s" : 0.010116209
      },
      "min" : {
        "ns" : 5275009,
        "us" : 5275.009,
        "ms" : 5.275009,
        "s" : 0.005275009
      },
      "max" : {
        "ns" : 71351318,
        "us" : 71351.318,
        "ms" : 71.351318,
        "s" : 0.071351318
      }
    },
    "handleResult" : {
      "count" : 21,
      "average" : {
        "ns" : 3547640.1428571427,
        "us" : 3547.6401428571426,
        "ms" : 3.547640142857143,
        "s" : 0.0035476401428571427
      },
      "min" : {
        "ns" : 1725368,
        "us" : 1725.368,
        "ms" : 1.725368,
        "s" : 0.001725368
      },
      "max" : {
        "ns" : 19352164,
        "us" : 19352.164,
        "ms" : 19.352164,
        "s" : 0.019352164
      }
    },
    "StrategyRunner.analyze" : {
      "count" : 21,
      "average" : {
        "ns" : 3440111.904761905,
        "us" : 3440.111904761905,
        "ms" : 3.440111904761905,
        "s" : 0.0034401119047619048
      },
      "min" : {
        "ns" : 1651865,
        "us" : 1651.865,
        "ms" : 1.651865,
        "s" : 0.001651865
      },
      "max" : {
        "ns" : 18948548,
        "us" : 18948.548,
        "ms" : 18.948548,
        "s" : 0.018948548
      }
    },
    "DynamicExplorationGenerator.handleFeedback<Analyzer>" : {
      "count" : 21,
      "average" : {
        "ns" : 488385.95238095237,
        "us" : 488.38595238095235,
        "ms" : 0.4883859523809524,
        "s" : 4.883859523809523E-4
      },
      "min" : {
        "ns" : 68202,
        "us" : 68.202,
        "ms" : 0.068202,
        "s" : 6.8202E-5
      },
      "max" : {
        "ns" : 5615122,
        "us" : 5615.122,
        "ms" : 5.615122,
        "s" : 0.005615122
      }
    },
    "HappyPathDetector.handleFeedback<Analyzer>" : {
      "count" : 21,
      "average" : {
        "ns" : 23553.333333333332,
        "us" : 23.55333333333333,
        "ms" : 0.023553333333333332,
        "s" : 2.3553333333333334E-5
      },
      "min" : {
        "ns" : 2500,
        "us" : 2.5,
        "ms" : 0.0025,
        "s" : 2.5E-6
      },
      "max" : {
        "ns" : 409516,
        "us" : 409.516,
        "ms" : 0.409516,
        "s" : 4.09516E-4
      }
    },
    "ParentChildDetector.handleFeedback<Analyzer>" : {
      "count" : 21,
      "average" : {
        "ns" : 415954.4761904762,
        "us" : 415.9544761904762,
        "ms" : 0.4159544761904762,
        "s" : 4.159544761904762E-4
      },
      "min" : {
        "ns" : 32502,
        "us" : 32.502,
        "ms" : 0.032502,
        "s" : 3.2502E-5
      },
      "max" : {
        "ns" : 7454494,
        "us" : 7454.494,
        "ms" : 7.454494,
        "s" : 0.007454494
      }
    },
    "HappensBeforeNeighbourDetector.handleFeedback<Analyzer>" : {
      "count" : 21,
      "average" : {
        "ns" : 412458.95238095237,
        "us" : 412.4589523809524,
        "ms" : 0.41245895238095237,
        "s" : 4.1245895238095235E-4
      },
      "min" : {
        "ns" : 18500,
        "us" : 18.5,
        "ms" : 0.0185,
        "s" : 1.85E-5
      },
      "max" : {
        "ns" : 1224548,
        "us" : 1224.548,
        "ms" : 1.224548,
        "s" : 0.001224548
      }
    },
    "ErrorPropagationDetector.handleFeedback<Analyzer>" : {
      "count" : 21,
      "average" : {
        "ns" : 341080.09523809527,
        "us" : 341.0800952380953,
        "ms" : 0.3410800952380953,
        "s" : 3.4108009523809525E-4
      },
      "min" : {
        "ns" : 4000,
        "us" : 4.0,
        "ms" : 0.004,
        "s" : 4.0E-6
      },
      "max" : {
        "ns" : 1093943,
        "us" : 1093.943,
        "ms" : 1.093943,
        "s" : 0.001093943
      }
    },
    "ConditionalPointDetector.handleFeedback<Analyzer>" : {
      "count" : 21,
      "average" : {
        "ns" : 710528.0952380953,
        "us" : 710.5280952380953,
        "ms" : 0.7105280952380952,
        "s" : 7.105280952380953E-4
      },
      "min" : {
        "ns" : 146806,
        "us" : 146.806,
        "ms" : 0.146806,
        "s" : 1.46806E-4
      },
      "max" : {
        "ns" : 4200966,
        "us" : 4200.966,
        "ms" : 4.200966,
        "s" : 0.004200966
      }
    },
    "RedundancyAnalyzer.handleFeedback<Analyzer>" : {
      "count" : 21,
      "average" : {
        "ns" : 43211.28571428572,
        "us" : 43.211285714285715,
        "ms" : 0.043211285714285716,
        "s" : 4.3211285714285717E-5
      },
      "min" : {
        "ns" : 16801,
        "us" : 16.801,
        "ms" : 0.016801,
        "s" : 1.6801E-5
      },
      "max" : {
        "ns" : 205308,
        "us" : 205.308,
        "ms" : 0.205308,
        "s" : 2.05308E-4
      }
    },
    "StatusAnalyzer.handleFeedback<Analyzer>" : {
      "count" : 21,
      "average" : {
        "ns" : 16805.428571428572,
        "us" : 16.80542857142857,
        "ms" : 0.016805428571428572,
        "s" : 1.6805428571428572E-5
      },
      "min" : {
        "ns" : 3600,
        "us" : 3.6,
        "ms" : 0.0036,
        "s" : 3.6E-6
      },
      "max" : {
        "ns" : 128205,
        "us" : 128.205,
        "ms" : 0.128205,
        "s" : 1.28205E-4
      }
    },
    "BehaviorAnalyzer.handleFeedback<Analyzer>" : {
      "count" : 21,
      "average" : {
        "ns" : 468628.0,
        "us" : 468.628,
        "ms" : 0.468628,
        "s" : 4.68628E-4
      },
      "min" : {
        "ns" : 273311,
        "us" : 273.311,
        "ms" : 0.273311,