{
  "stats" : {
    "nextFaultload" : {
      "count" : 22,
      "average" : {
        "ns" : 2404967.409090909,
        "us" : 2404.9674090909093,
        "ms" : 2.4049674090909092,
        "s" : 0.002404967409090909
      },
      "min" : {
        "ns" : 437123,
        "us" : 437.123,
        "ms" : 0.437123,
        "s" : 4.37123E-4
      },
      "max" : {
        "ns" : 4101816,
        "us" : 4101.816,
        "ms" : 4.101816,
        "s" : 0.004101816
      }
    },
    "Per test" : {
      "count" : 21,
      "average" : {
        "ns" : 4.07470539047619E7,
        "us" : 40747.0539047619,
        "ms" : 40.747053904761906,
        "s" : 0.0407470539047619
      },
      "min" : {
        "ns" : 23962461,
        "us" : 23962.461,
        "ms" : 23.962461,
        "s" : 0.023962461
      },
      "max" : {
        "ns" : 244803683,
        "us" : 244803.683,
        "ms" : 244.803683,
        "s" : 0.244803683
      }
    },
    "registerFaultload" : {
      "count" : 21,
      "average" : {
        "ns" : 9586566.523809524,
        "us" : 9586.566523809524,
        "ms" : 9.586566523809525,
        "s" : 0.009586566523809525
      },
      "min" : {
        "ns" : 2716143,
        "us" : 2716.143,
        "ms" : 2.716143,
        "s" : 0.002716143
      },
      "max" : {
        "ns" : 123212184,
        "us" : 123212.184,
        "ms" : 123.212184,
        "s" : 0.123212184
      }
    },
    "testMethod" : {
      "count" : 21,
      "average" : {
        "ns" : 1.3833561238095239E7,
        "us" : 13833.561238095239,
        "ms" : 13.833561238095239,
        "s" : 0.013833561238095239
      },
      "min" : {
        "ns" : 11140386,
        "us" : 11140.386,
        "ms" : 11.140386,
        "s" : 0.011140386
      },
      "max" : {
        "ns" : 24441186,
        "us" : 24441.186,
        "ms" : 24.441186,
        "s" : 0.024441186
      }
    },
    "getTraceWithDelay" : {
      "count" : 21,
      "average" : {
        "ns" : 1.710042385714286E7,
        "us" : 17100.423857142858,
        "ms" : 17.100423857142857,
        "s" : 0.017100423857142857
      },
      "min" : {
        "ns" : 9393694,
        "us" : 9393.694,
        "ms" : 9.393694,
        "s" : 0.009393694
      },
      "max" : {
        "ns" : 101404236,
        "us" : 101404.236,
        "ms" : 101.404236,
        "s" : 0.101404236
      }
    },
    "getTrace" : {
      "count" : 21,
      "average" : {
        "ns" : 1.0364855047619049E7,
        "us" : 10364.855047619048,
        "ms" : 10.364855047619049,
        "s" : 0.010364855047619049
      },
      "min" : {
        "ns" : 5369983,
        "us" : 5369.983,
        "ms" : 5.369983,
        "s" : 0.005369983
      },
      "max" : {
        "ns" : 73186451,
        "us" : 73186.451,
        "ms" : 73.186451,
        "s" : 0.073186451
      }
    },
    "handleResult" : {
      "count" : 21,
      "average" : {
        "ns" : 3612670.9523809524,
        "us" : 3612.6709523809523,
        "ms" : 3.6126709523809524,
        "s" : 0.0036126709523809524
      },
      "min" : {
        "ns" : 1611485,
        "us" : 1611.485,
        "ms" : 1.611485,
        "s" : 0.001611485
      },
      "max" : {
        "ns" : 19716838,
        "us" : 19716.838,
        "ms" : 19.716838,
        "s" : 0.019716838
      }
    },
    "StrategyRunner.analyze" : {
      "count" : 21,
      "average" : {
        "ns" : 3516670.8095238097,
        "us" : 3516.6708095238096,
        "ms" : 3.5166708095238097,
        "s" : 0.00351667080952381
      },
      "min" : {
        "ns" : 1540381,
        "us" : 1540.381,
        "ms" : 1.540381,
        "s" : 0.001540381
      },
      "max" : {
        "ns" : 19367019,
        "us" : 19367.019,
        "ms" : 19.367019,
        "s" : 0.019367019
      }
    },
    "DynamicExplorationGenerator.handleFeedback<Analyzer>" : {
      "count" : 21,
      "average" : {
        "ns" : 487711.2380952381,
        "us" : 487.7112380952381,
        "ms" : 0.4877112380952381,
        "s" : 4.877112380952381E-4
      },
      "min" : {
        "ns" : 71103,
        "us" : 71.103,
        "ms" : 0.071103,
        "s" : 7.1103E-5
      },
      "max" : {
        "ns" : 5588294,
        "us" : 5588.294,
        "ms" : 5.588294,
        "s" : 0.005588294
      }
    },
    "HappyPathDetector.handleFeedback<Analyzer>" : {
      "count" : 21,
      "average" : {
        "ns" : 28444.285714285714,
        "us" : 28.444285714285712,
        "ms" : 0.028444285714285714,
        "s" : 2.8444285714285714E-5
      },
      "min" : {
        "ns" : 2500,
        "us" : 2.5,
        "ms" : 0.0025,
        "s" : 2.5E-6
      },
      "max" : {
        "ns" : 522228,
        "us" : 522.228,
        "ms" : 0.522228,
        "s" : 5.22228E-4
      }
    },
    "ParentChildDetector.handleFeedback<Analyzer>" : {
      "count" : 21,
      "average" : {
        "ns" : 429075.09523809527,
        "us" : 429.0750952380953,
        "ms" : 0.4290750952380953,
        "s" : 4.2907509523809525E-4
      },
      "min" : {
        "ns" : 34101,
        "us" : 34.101,
        "ms" : 0.034101,
        "s" : 3.4101E-5
      },
      "max" : {
        "ns" : 7504095,
        "us" : 7504.095,
        "ms" : 7.504095,
        "s" : 0.007504095
      }
    },
    "HappensBeforeNeighbourDetector.handleFeedback<Analyzer>" : {
      "count" : 21,
      "average" : {
        "ns" : 424379.4761904762,
        "us" : 424.3794761904762,
        "ms" : 0.4243794761904762,
        "s" : 4.243794761904762E-4
      },
      "min" : {
        "ns" : 10701,
        "us" : 10.701,
        "ms" : 0.010701,
        "s" : 1.0701E-5
      },
      "max" : {
        "ns" : 1128160,
        "us" : 1128.16,
        "ms" : 1.12816,
        "s" : 0.00112816
      }
    },
    "ErrorPropagationDetector.handleFeedback<Analyzer>" : {
      "count" : 21,
      "average" : {
        "ns" : 358842.61904761905,
        "us" : 358.84261904761905,
        "ms" : 0.35884261904761905,
        "s" : 3.5884261904761905E-4
      },
      "min" : {
        "ns" : 4500,
        "us" : 4.5,
        "ms" : 0.0045,
        "s" : 4.5E-6
      },
      "max" : {
        "ns" : 1129160,
        "us" : 1129.16,
        "ms" : 1.12916,
        "s" : 0.00112916
      }
    },
    "ConditionalPointDetector.handleFeedback<Analyzer>" : {
      "count" : 21,
      "average" : {
        "ns" : 728057.380952381,
        "us" : 728.057380952381,
        "ms" : 0.7280573809523809,
        "s" : 7.280573809523809E-4
      },
      "min" : {
        "ns" : 149708,
        "us" : 149.708,
        "ms" : 0.149708,
        "s" : 1.49708E-4
      },
      "max" : {
        "ns" : 4432233,
        "us" : 4432.233,
        "ms" : 4.432233,
        "s" : 0.004432233
      }
    },
    "RedundancyAnalyzer.handleFeedback<Analyzer>" : {
      "count" : 21,
      "average" : {
        "ns" : 42954.666666666664,
        "us" : 42.95466666666666,
        "ms" : 0.04295466666666666,
        "s" : 4.2954666666666664E-5
      },
      "min" : {
        "ns" : 16501,
        "us" : 16.501,
        "ms" : 0.016501,
        "s" : 1.6501E-5
      },
      "max" : {
        "ns" : 190810,
        "us" : 190.81,
        "ms" : 0.19081,
        "s" : 1.9081E-4
      }
    },
    "StatusAnalyzer.handleFeedback<Analyzer>" : {
      "count" : 21,
      "average" : {
        "ns" : 18191.428571428572,
        "us" : 18.191428571428574,
        "ms" : 0.018191428571428574,
        "s" : 1.8191428571428572E-5
      },
      "min" : {
        "ns" : 3501,
        "us" : 3.501,
        "ms" : 0.003501,
        "s" : 3.501E-6
      },
      "max" : {
        "ns" : 133807,
        "us" : 133.807,
        "ms" : 0.133807,
        "s" : 1.33807E-4
      }
    },
    "BehaviorAnalyzer.handleFeedback<Analyzer>" : {
      "count" : 21,
      "average" : {
        "ns" : 476206.0,
        "us" : 476.206,
        "ms" : 0.476206,
        "s" : 4.76206E-4
      },
      "min" : {
        "ns" : 274015,