{
    "per_key": {
        "nextFaultload": {
            "n": 440,
            "mean": 2.400662138636364,
            "median": 2.2634235,
            "std": 0.8709177512300412,
            "min": 0.277215,
            "max": 5.781414,
            "p25": 1.8652232499999999,
            "p50": 2.2634235,
            "p75": 2.9893852499999998,
            "p90": 3.5800269,
            "p95": 3.8943420499999983,
            "p99": 4.36779056
        },
        "Per test": {
            "n": 420,
            "mean": 40.448583076190474,
            "median": 28.5804385,
            "std": 44.626005792485536,
            "min": 23.568963999999998,
            "max": 256.32219499999997,
            "p25": 26.092271499999995,
            "p50": 28.5804385,
            "p75": 33.133911999999995,
            "p90": 45.8692168000002,
            "p95": 59.12214999999992,
            "p99": 240.29869389
        },
        "registerFaultload": {
            "n": 420,
            "mean": 9.158466823809524,
            "median": 3.1005595,
            "std": 23.748587398909,
            "min": 2.3862289999999997,
            "max": 128.714126,
            "p25": 2.8838084999999998,
            "p50": 3.1005595,
            "p75": 3.5629389999999996,
            "p90": 4.600451900000004,
            "p95": 18.43010264999999,
            "p99": 117.7865272
        },
        "unregisterFautload": {
            "n": 420,
            "mean": 2.7533297047619043,
            "median": 2.6969459999999996,
            "std": 0.33105581033206827,
            "min": 2.187915,
            "max": 6.046211,
            "p25": 2.55436275,
            "p50": 2.6969459999999996,
            "p75": 2.88607675,
            "p90": 3.1698276,
            "p95": 3.2863092999999997,
            "p99": 3.62861452
        },
        "testMethod": {
            "n": 420,
            "mean": 13.740637992857144,
            "median": 12.475731999999999,
            "std": 3.185858697123349,
            "min": 10.906493,
            "max": 41.998582,
            "p25": 11.967975,
            "p50": 12.475731999999999,
            "p75": 14.655957749999999,
            "p90": 16.5055103,
            "p95": 20.332191199999997,
            "p99": 24.97761866
        },
        "getTraceWithDelay": {
            "n": 420,
            "mean": 17.32963458333333,
            "median": 12.4057585,
            "std": 19.221924650062505,
            "min": 9.076125,
            "max": 104.929402,
            "p25": 10.6931975,
            "p50": 12.4057585,
            "p75": 15.24675425,
            "p90": 18.84318960000003,
            "p95": 23.777509199998963,
            "p99": 102.81607667
        },
        "handleResult": {
            "n": 420,
            "mean": 3.6699668166666664,
            "median": 2.4292204999999996,
            "std": 3.925964531009199,
            "min": 1.601087,
            "max": 21.044812999999998,
            "p25": 2.04263275,
            "p50": 2.4292204999999996,
            "p75": 3.001613,
            "p90": 4.898636500000002,
            "p95": 9.194501099999993,
            "p99": 20.211893449999998
        },
        "Total test time": {
            "n": 20,
            "mean": 1159.22644505,
            "median": 1161.6411835,
            "std": 18.90392648372489,
            "min": 1131.7535149999999,
            "max": 1192.571117,
            "p25": 1141.88800825,
            "p50": 1161.6411835,
            "p75": 1172.46632425,
            "p90": 1187.3519217,
            "p95": 1187.83920595,
            "p99": 1191.62473479
        },
        "getExpectedBehaviours": {
            "n": 800,
            "mean": 0.24138357249999998,
            "median": 0.201261,
            "std": 0.13031809880936432,
            "min": 0.10070599999999999,
            "max": 1.059354,
            "p25": 0.14218225,
            "p50": 0.201261,
            "p75": 0.301241,
            "p90": 0.42370290000000005,
            "p95": 0.4789190999999998,
            "p99": 0.7022879899999998
        },
        "getExpectedPoints": {
            "n": 800,
            "mean": 0.33980647875000003,
            "median": 0.3065655,
            "std": 0.18221829910850626,
            "min": 0.129807,
            "max": 1.4963799999999998,
            "p25": 0.220312,
            "p50": 0.3065655,
            "p75": 0.400972,
            "p90": 0.4959251,
            "p95": 0.5846319499999998,
            "p99": 1.1633879799999998
        }
    }
}