{
  "stats" : {
    "nextFaultload" : {
      "count" : 9,
      "average" : {
        "ns" : 2397650.222222222,
        "us" : 2397.650222222222,
        "ms" : 2.397650222222222,
        "s" : 0.002397650222222222
      },
      "min" : {
        "ns" : 487519,
        "us" : 487.519,
        "ms" : 0.487519,
        "s" : 4.87519E-4
      },
      "max" : {
        "ns" : 4219367,
        "us" : 4219.367,
        "ms" : 4.219367,
        "s" : 0.004219367
      }
    },
    "Per test" : {
      "count" : 8,
      "average" : {
        "ns" : 6.2830670375E7,
        "us" : 62830.670375,
        "ms" : 62.830670375,
        "s" : 0.062830670375
      },
      "min" : {
        "ns" : 25175295,
        "us" : 25175.295,
        "ms" : 25.175295,
        "s" : 0.025175295
      },
      "max" : {
        "ns" : 246450838,
        "us" : 246450.838,
        "ms" : 246.450838,
        "s" : 0.246450838
      }
    },
    "registerFaultload" : {
      "count" : 8,
      "average" : {
        "ns" : 1.9078303875E7,
        "us" : 19078.303875,
        "ms" : 19.078303875,
        "s" : 0.019078303875
      },
      "min" : {
        "ns" : 2998718,
        "us" : 2998.718,
        "ms" : 2.998718,
        "s" : 0.002998718
      },
      "max" : {
        "ns" : 112062528,
        "us" : 112062.528,
        "ms" : 112.062528,
        "s" : 0.112062528
      }
    },
    "testMethod" : {
      "count" : 8,
      "average" : {
        "ns" : 1.5738747E7,
        "us" : 15738.747,
        "ms" : 15.738747,
        "s" : 0.015738747
      },
      "min" : {
        "ns" : 8895352,
        "us" : 8895.352,
        "ms" : 8.895352,
        "s" : 0.008895352
      },
      "max" : {
        "ns" : 27038069,
        "us" : 27038.069,
        "ms" : 27.038069,
        "s" : 0.027038069
      }
    },
    "getTraceWithDelay" : {
      "count" : 8,
      "average" : {
        "ns" : 2.773749625E7,
        "us" : 27737.49625,
        "ms" : 27.73749625,
        "s" : 0.02773749625
      },
      "min" : {
        "ns" : 12128979,
        "us" : 12128.979,
        "ms" : 12.128979,
        "s" : 0.012128979
      },
      "max" : {
        "ns" : 107060730,
        "us" : 107060.73,
        "ms" : 107.06073,
        "s" : 0.10706073
      }
    },
    "getTrace" : {
      "count" : 8,
      "average" : {
        "ns" : 1.7864330875E7,
        "us" : 17864.330875,
        "ms" : 17.864330875,
        "s" : 0.017864330875
      },
      "min" : {
        "ns" : 7164583,
        "us" : 7164.583,
        "ms" : 7.164583,
        "s" : 0.007164583
      },
      "max" : {
        "ns" : 77567065,
        "us" : 77567.065,
        "ms" : 77.567065,
        "s" : 0.077567065
      }
    },
    "handleResult" : {
      "count" : 8,
      "average" : {
        "ns" : 5966335.75,
        "us" : 5966.33575,
        "ms" : 5.96633575,
        "s" : 0.00596633575
      },
      "min" : {
        "ns" : 1998979,
        "us" : 1998.979,
        "ms" : 1.998979,
        "s" : 0.001998979
      },
      "max" : {
        "ns" : 20620615,
        "us" : 20620.615,
        "ms" : 20.620615,
        "s" : 0.020620615
      }
    },
    "StrategyRunner.analyze" : {
      "count" : 8,
      "average" : {
        "ns" : 5810942.0,
        "us" : 5810.942,
        "ms" : 5.810942,
        "s" : 0.005810942
      },
      "min" : {
        "ns" : 1912475,
        "us" : 1912.475,
        "ms" : 1.912475,
        "s" : 0.001912475
      },
      "max" : {
        "ns" : 20169397,
        "us" : 20169.397,
        "ms" : 20.169397,
        "s" : 0.020169397
      }
    },
    "DynamicExplorationGenerator.handleFeedback<Analyzer>" : {
      "count" : 8,
      "average" : {
        "ns" : 1037328.5,
        "us" : 1037.3285,
        "ms" : 1.0373285,
        "s" : 0.0010373285
      },
      "min" : {
        "ns" : 75703,
        "us" : 75.703,
        "ms" : 0.075703,
        "s" : 7.5703E-5
      },
      "max" : {
        "ns" : 5978336,
        "us" : 5978.336,
        "ms" : 5.978336,
        "s" : 0.005978336
      }
    },
    "HappyPathDetector.handleFeedback<Analyzer>" : {
      "count" : 8,
      "average" : {
        "ns" : 58352.375,
        "us" : 58.352375,
        "ms" : 0.058352375,
        "s" : 5.8352375E-5
      },
      "min" : {
        "ns" : 3000,
        "us" : 3.0,
        "ms" : 0.003,
        "s" : 3.0E-6
      },
      "max" : {
        "ns" : 433517,
        "us" : 433.517,
        "ms" : 0.433517,
        "s" : 4.33517E-4
      }
    },
    "ParentChildDetector.handleFeedback<Analyzer>" : {
      "count" : 8,
      "average" : {
        "ns" : 1034528.125,
        "us" : 1034.528125,
        "ms" : 1.034528125,
        "s" : 0.001034528125
      },
      "min" : {
        "ns" : 41101,
        "us" : 41.101,
        "ms" : 0.041101,
        "s" : 4.1101E-5
      },
      "max" : {
        "ns" : 7703104,
        "us" : 7703.104,
        "ms" : 7.703104,
        "s" : 0.007703104
      }
    },
    "HappensBeforeNeighbourDetector.handleFeedback<Analyzer>" : {
      "count" : 8,
      "average" : {
        "ns" : 405615.875,
        "us" : 405.615875,
        "ms" : 0.405615875,
        "s" : 4.05615875E-4
      },
      "min" : {
        "ns" : 17100,
        "us" : 17.1,
        "ms" : 0.0171,
        "s" : 1.71E-5
      },
      "max" : {
        "ns" : 1433357,
        "us" : 1433.357,
        "ms" : 1.433357,
        "s" : 0.001433357
      }
    },
    "ErrorPropagationDetector.handleFeedback<Analyzer>" : {
      "count" : 8,
      "average" : {
        "ns" : 850221.0,
        "us" : 850.221,
        "ms" : 0.850221,
        "s" : 8.50221E-4
      },
      "min" : {
        "ns" : 14501,
        "us" : 14.501,
        "ms" : 0.014501,
        "s" : 1.4501E-5
      },
      "max" : {
        "ns" : 2755409,
        "us" : 2755.409,
        "ms" : 2.755409,
        "s" : 0.002755409
      }
    },
    "ConditionalPointDetector.handleFeedback<Analyzer>" : {
      "count" : 8,
      "average" : {
        "ns" : 824807.625,
        "us" : 824.807625,
        "ms" : 0.824807625,
        "s" : 8.24807625E-4
      },
      "min" : {
        "ns" : 117304,
        "us" : 117.304,
        "ms" : 0.117304,
        "s" : 1.17304E-4
      },
      "max" : {
        "ns" : 4755688,
        "us" : 4755.688,
        "ms" : 4.755688,
        "s" : 0.004755688
      }
    },
    "RedundancyAnalyzer.handleFeedback<Analyzer>" : {
      "count" : 8,
      "average" : {
        "ns" : 34513.75,
        "us" : 34.51375,
        "ms" : 0.03451375,
        "s" : 3.451375E-5
      },
      "min" : {
        "ns" : 24101,
        "us" : 24.101,
        "ms" : 0.024101,
        "s" : 2.4101E-5
      },
      "max" : {
        "ns" : 65902,
        "us" : 65.902,
        "ms" : 0.065902,
        "s" : 6.5902E-5
      }
    },
    "StatusAnalyzer.handleFeedback<Analyzer>" : {
      "count" : 8,
      "average" : {
        "ns" : 26188.625,
        "us" : 26.188625,
        "ms" : 0.026188625,
        "s" : 2.6188625E-5
      },
      "min" : {
        "ns" : 4300,
        "us" : 4.3,
        "ms" : 0.0043,
        "s" : 4.3E-6
      },
      "max" : {
        "ns" : 173907,
        "us" : 173.907,
        "ms" : 0.173907,
        "s" : 1.73907E-4
      }
    },
    "BehaviorAnalyzer.handleFeedback<Analyzer>" : {
      "count" : 8,
      "average" : {
        "ns" : 579860.5,
        "us" : 579.8605,
        "ms" : 0.5798605,
        "s" : 5.798605E-4
      },
      "min" : {
        "ns" : 270711,
        "us" : 270.711,
        "ms" : 0.270711,
        "s" : 2.70711E-4
      },
      "max" : {
        "ns" : 1510759,
        "us" : 1510.759,
        "ms" : 1.510759,
        "s" : 0.001510759
      }
    },
    "TimingAnalyzer.handleFeedback<Analyzer>" : {
      "count" : 8,
      "average" : {
        "ns" : 214746.0,
        "us" : 214.746,
        "ms" : 0.214746,
        "s" : 2.14746E-4
      },
      "min" : {
        "ns" : 48302,
        "us" : 48.302,
        "ms" : 0.048302,