{
  "stats" : {
    "nextFaultload" : {
      "count" : 26,
      "average" : {
        "ns" : 1094610.6923076923,
        "us" : 1094.6106923076923,
        "ms" : 1.0946106923076921,
        "s" : 0.0010946106923076923
      },
      "min" : {
        "ns" : 108462,
        "us" : 108.462,
        "ms" : 0.108462,
        "s" : 1.08462E-4
      },
      "max" : {
        "ns" : 2340014,
        "us" : 2340.014,
        "ms" : 2.340014,
        "s" : 0.002340014
      }
    },
    "Per test" : {
      "count" : 25,
      "average" : {
        "ns" : 4.24680296E7,
        "us" : 42468.0296,
        "ms" : 42.4680296,
        "s" : 0.0424680296
      },
      "min" : {
        "ns" : 26077861,
        "us" : 26077.861,
        "ms" : 26.077861,
        "s" : 0.026077861
      },
      "max" : {
        "ns" : 266982884,
        "us" : 266982.884,
        "ms" : 266.982884,
        "s" : 0.266982884
      }
    },
    "registerFaultload" : {
      "count" : 25,
      "average" : {
        "ns" : 9103914.8,
        "us" : 9103.9148,
        "ms" : 9.1039148,
        "s" : 0.009103914800000001
      },
      "min" : {
        "ns" : 3035223,
        "us" : 3035.223,
        "ms" : 3.035223,
        "s" : 0.003035223
      },
      "max" : {
        "ns" : 121905007,
        "us" : 121905.007,
        "ms" : 121.905007,
        "s" : 0.121905007
      }
    },
    "testMethod" : {
      "count" : 25,
      "average" : {
        "ns" : 1.700449924E7,
        "us" : 17004.499239999997,
        "ms" : 17.004499239999998,
        "s" : 0.01700449924
      },
      "min" : {
        "ns" : 12312272,
        "us" : 12312.272,
        "ms" : 12.312272,
        "s" : 0.012312272
      },
      "max" : {
        "ns" : 43491454,
        "us" : 43491.454,
        "ms" : 43.491454,
        "s" : 0.043491454
      }
    },
    "getTraceWithDelay" : {
      "count" : 25,
      "average" : {
        "ns" : 1.636609576E7,
        "us" : 16366.09576,
        "ms" : 16.36609576,
        "s" : 0.01636609576
      },
      "min" : {
        "ns" : 9175460,
        "us" : 9175.46,
        "ms" : 9.17546,
        "s" : 0.00917546
      },
      "max" : {
        "ns" : 101500581,
        "us" : 101500.581,
        "ms" : 101.500581,
        "s" : 0.101500581
      }
    },
    "getTrace" : {
      "count" : 25,
      "average" : {
        "ns" : 1.078168704E7,
        "us" : 10781.687039999999,
        "ms" : 10.78168704,
        "s" : 0.01078168704
      },
      "min" : {
        "ns" : 5406464,
        "us" : 5406.464,
        "ms" : 5.406464,
        "s" : 0.005406464
      },
      "max" : {
        "ns" : 81114025,
        "us" : 81114.025,
        "ms" : 81.114025,
        "s" : 0.081114025
      }
    },
    "handleResult" : {
      "count" : 25,
      "average" : {
        "ns" : 2180812.28,
        "us" : 2180.8122799999996,
        "ms" : 2.1808122799999996,
        "s" : 0.0021808122799999996
      },
      "min" : {
        "ns" : 740167,
        "us" : 740.167,
        "ms" : 0.740167,
        "s" : 7.40167E-4
      },
      "max" : {
        "ns" : 16708122,
        "us" : 16708.122,
        "ms" : 16.708122,
        "s" : 0.016708122
      }
    },
    "StrategyRunner.analyze" : {
      "count" : 25,
      "average" : {
        "ns" : 2157601.44,
        "us" : 2157.60144,
        "ms" : 2.15760144,
        "s" : 0.00215760144
      },
      "min" : {
        "ns" : 729667,
        "us" : 729.667,
        "ms" : 0.729667,
        "s" : 7.29667E-4
      },
      "max" : {
        "ns" : 16444916,
        "us" : 16444.916,
        "ms" : 16.444916,
        "s" : 0.016444916
      }
    },
    "DynamicExplorationGenerator.handleFeedback<Analyzer>" : {
      "count" : 25,
      "average" : {
        "ns" : 519204.24,
        "us" : 519.20424,
        "ms" : 0.51920424,
        "s" : 5.1920424E-4
      },
      "min" : {
        "ns" : 67431,
        "us" : 67.431,
        "ms" : 0.067431,
        "s" : 6.7431E-5
      },
      "max" : {
        "ns" : 6814397,
        "us" : 6814.397,
        "ms" : 6.814397,
        "s" : 0.006814397
      }
    },
    "HappyPathDetector.handleFeedback<Analyzer>" : {
      "count" : 25,
      "average" : {
        "ns" : 22914.04,
        "us" : 22.91404,
        "ms" : 0.02291404,
        "s" : 2.291404E-5
      },
      "min" : {
        "ns" : 2540,
        "us" : 2.54,
        "ms" : 0.00254,
        "s" : 2.54E-6
      },
      "max" : {
        "ns" : 467600,
        "us" : 467.6,
        "ms" : 0.4676,
        "s" : 4.676E-4
      }
    },
    "ParentChildDetector.handleFeedback<Analyzer>" : {
      "count" : 25,
      "average" : {
        "ns" : 192572.76,
        "us" : 192.57276000000002,
        "ms" : 0.19257276,
        "s" : 1.9257276E-4
      },
      "min" : {
        "ns" : 37961,
        "us" : 37.961,
        "ms" : 0.037961,
        "s" : 3.7961E-5
      },
      "max" : {
        "ns" : 2721292,
        "us" : 2721.292,
        "ms" : 2.721292,
        "s" : 0.002721292
      }
    },
    "HappensBeforeNeighbourDetector.handleFeedback<Analyzer>" : {
      "count" : 25,
      "average" : {
        "ns" : 394583.6,
        "us" : 394.5836,
        "ms" : 0.3945836,
        "s" : 3.945836E-4
      },
      "min" : {
        "ns" : 9860,
        "us" : 9.86,
        "ms" : 0.00986,
        "s" : 9.86E-6
      },
      "max" : {
        "ns" : 1444479,
        "us" : 1444.479,
        "ms" : 1.444479,
        "s" : 0.001444479
      }
    },
    "ErrorPropagationDetector.handleFeedback<Analyzer>" : {
      "count" : 25,
      "average" : {
        "ns" : 4508.52,
        "us" : 4.508520000000001,
        "ms" : 0.00450852,
        "s" : 4.508520000000001E-6
      },
      "min" : {
        "ns" : 3050,
        "us" : 3.05,
        "ms" : 0.00305,
        "s" : 3.05E-6
      },
      "max" : {
        "ns" : 12800,
        "us" : 12.8,
        "ms" : 0.0128,
        "s" : 1.28E-5
      }
    },
    "ConditionalPointDetector.handleFeedback<Analyzer>" : {
      "count" : 25,
      "average" : {
        "ns" : 349968.88,
        "us" : 349.96888,
        "ms" : 0.34996888,
        "s" : 3.4996888E-4
      },
      "min" : {
        "ns" : 75431,
        "us" : 75.431,
        "ms" : 0.075431,
        "s" : 7.5431E-5
      },
      "max" : {
        "ns" : 4466812,
        "us" : 4466.812,
        "ms" : 4.466812,
        "s" : 0.004466812
      }
    },
    "RedundancyAnalyzer.handleFeedback<Analyzer>" : {
      "count" : 25,
      "average" : {
        "ns" : 45402.8,
        "us" : 45.402800000000006,
        "ms" : 0.0454028,
        "s" : 4.5402800000000005E-5
      },
      "min" : {
        "ns" : 20461,
        "us" : 20.461,
        "ms" : 0.020461,
        "s" : 2.0461E-5
      },
      "max" : {
        "ns" : 295367,
        "us" : 295.367,
        "ms" : 0.295367,
        "s" : 2.95367E-4
      }
    },
    "StatusAnalyzer.handleFeedback<Analyzer>" : {
      "count" : 25,
      "average" : {
        "ns" : 20145.32,
        "us" : 20.145319999999998,
        "ms" : 0.02014532,
        "s" : 2.014532E-5
      },
      "min" : {
        "ns" : 3980,
        "us" : 3.98,
        "ms" : 0.00398,
        "s" : 3.98E-6
      },
      "max" : {
        "ns" : 210385,
        "us" : 210.385,
        "ms" : 0.210385,
        "s" : 2.10385E-4
      }
    },
    "BehaviorAnalyzer.handleFeedback<Analyzer>" : {
      "count" : 25,
      "average" : {
        "ns" : 205362.24,
        "us" : 205.36223999999999,
        "ms" : 0.20536224,
        "s" : 2.0536224E-4
      },
      "min" : {
        "ns" : 58171,
        "us" : 58.171,
        "ms" : 0.058171,
        "s" : 5.8171E-5
      },
      "max" : {
        "ns" : 1415192,
        "us" : 1415.192,
        "ms" : 1.415192,
        "s" : 0.001415192
      }
    },
    "TimingAnalyzer.handleFeedback<Analyzer>" : {
      "count" : 25,
      "average" : {
        "ns" : 111628.12,
        "us" : 111.62812,
        "ms" : 0.11162812,