{
    "per_key": {
        "nextFaultload": {
            "n": 400,
            "mean": 4.049295965,
            "median": 2.9484984999999995,
            "std": 3.980156662201807,
            "min": 1.322346,
            "max": 23.228801,
            "p25": 2.2271355,
            "p50": 2.9484984999999995,
            "p75": 3.99148225,
            "p90": 5.214157300000001,
            "p95": 12.079637799999725,
            "p99": 20.864603049999996
        },
        "Per test": {
            "n": 380,
            "mean": 50.53398780526316,
            "median": 38.8006625,
            "std": 46.99679821096495,
            "min": 23.837512999999998,
            "max": 258.034268,
            "p25": 32.7230485,
            "p50": 38.8006625,
            "p75": 44.332196499999995,
            "p90": 75.97138340000001,
            "p95": 237.39955569999998,
            "p99": 246.18648863999994
        },
        "registerFaultload": {
            "n": 380,
            "mean": 9.817787860526316,
            "median": 3.3184785,
            "std": 23.96819141717142,
            "min": 2.433197,
            "max": 123.436011,
            "p25": 3.08212325,
            "p50": 3.3184785,
            "p75": 3.791857,
            "p90": 17.49629940000001,
            "p95": 103.52462220000002,
            "p99": 112.80657812999998
        },
        "unregisterFautload": {
            "n": 380,
            "mean": 2.907672910526315,
            "median": 2.834103,
            "std": 0.39009568301112774,
            "min": 2.24649,
            "max": 5.012699,
            "p25": 2.625555,
            "p50": 2.834103,
            "p75": 3.12100575,
            "p90": 3.3792581,
            "p95": 3.5447786,
            "p99": 4.241271579999997
        },
        "testMethod": {
            "n": 380,
            "mean": 32.296760584210524,
            "median": 28.824723499999998,
            "std": 17.752114144748155,
            "min": 16.846445,
            "max": 106.362256,
            "p25": 24.033623,
            "p50": 28.824723499999998,
            "p75": 33.74757825,
            "p90": 39.191819800000005,
            "p95": 99.24191294999999,
            "p99": 103.85106255999999
        },
        "getTraceWithDelay": {
            "n": 380,
            "mean": 19.973850107894734,
            "median": 14.204175499999998,
            "std": 21.28720399697954,
            "min": 9.603581,
            "max": 119.102055,
            "p25": 12.3244095,
            "p50": 14.204175499999998,
            "p75": 16.64220425,
            "p90": 31.736033600000006,
            "p95": 103.46784820000002,
            "p99": 108.77563988999998
        },
        "handleResult": {
            "n": 380,
            "mean": 4.898034923684211,
            "median": 3.5128125,
            "std": 5.07910514779887,
            "min": 1.553961,
            "max": 29.766638,
            "p25": 2.2763825,
            "p50": 3.5128125,
            "p75": 4.18572825,
            "p90": 15.7162382,
            "p95": 20.303334300000003,
            "p99": 21.693889249999998
        },
        "Total test time": {
            "n": 20,
            "mean": 1293.53955365,
            "median": 1289.284952,
            "std": 24.267147920547792,
            "min": 1249.8472339999998,
            "max": 1342.677854,
            "p25": 1277.745522,
            "p50": 1289.284952,
            "p75": 1312.55679175,
            "p90": 1325.1845851,
            "p95": 1331.813331,
            "p99": 1340.5049494
        },
        "getExpectedBehaviours": {
            "n": 2280,
            "mean": 0.18339283070175438,
            "median": 0.1232595,
            "std": 0.3328038968190555,
            "min": 0.028000999999999998,
            "max": 6.716349,
            "p25": 0.07197724999999999,
            "p50": 0.1232595,
            "p75": 0.20613299999999998,
            "p90": 0.34477299999999994,
            "p95": 0.45704269999999986,
            "p99": 0.7843296400000003
        },
        "getExpectedPoints": {
            "n": 2280,
            "mean": 0.205433999122807,
            "median": 0.147306,
            "std": 0.24288302641486106,
            "min": 0.033201,
            "max": 4.546224,
            "p25": 0.08590524999999999,
            "p50": 0.147306,
            "p75": 0.25097525,
            "p90": 0.3962658999999999,
            "p95": 0.49811959999999944,
            "p99": 1.0686950100000001
        }
    }
}