{
  "stats" : {
    "nextFaultload" : {
      "count" : 9,
      "average" : {
        "ns" : 2428028.4444444445,
        "us" : 2428.0284444444446,
        "ms" : 2.4280284444444447,
        "s" : 0.0024280284444444444
      },
      "min" : {
        "ns" : 543321,
        "us" : 543.321,
        "ms" : 0.543321,
        "s" : 5.43321E-4
      },
      "max" : {
        "ns" : 4167064,
        "us" : 4167.064,
        "ms" : 4.167064,
        "s" : 0.004167064
      }
    },
    "Per test" : {
      "count" : 8,
      "average" : {
        "ns" : 6.05227105E7,
        "us" : 60522.7105,
        "ms" : 60.5227105,
        "s" : 0.0605227105
      },
      "min" : {
        "ns" : 24568663,
        "us" : 24568.663,
        "ms" : 24.568663,
        "s" : 0.024568663
      },
      "max" : {
        "ns" : 240784640,
        "us" : 240784.64,
        "ms" : 240.78464,
        "s" : 0.24078464
      }
    },
    "registerFaultload" : {
      "count" : 8,
      "average" : {
        "ns" : 1.8417597125E7,
        "us" : 18417.597125,
        "ms" : 18.417597125,
        "s" : 0.018417597125
      },
      "min" : {
        "ns" : 2912514,
        "us" : 2912.514,
        "ms" : 2.912514,
        "s" : 0.002912514
      },
      "max" : {
        "ns" : 109832306,
        "us" : 109832.306,
        "ms" : 109.832306,
        "s" : 0.109832306
      }
    },
    "testMethod" : {
      "count" : 8,
      "average" : {
        "ns" : 1.4398202125E7,
        "us" : 14398.202125,
        "ms" : 14.398202125,
        "s" : 0.014398202125
      },
      "min" : {
        "ns" : 8551335,
        "us" : 8551.335,
        "ms" : 8.551335,
        "s" : 0.008551335
      },
      "max" : {
        "ns" : 25620305,
        "us" : 25620.305,
        "ms" : 25.620305,
        "s" : 0.025620305
      }
    },
    "getTraceWithDelay" : {
      "count" : 8,
      "average" : {
        "ns" : 2.7457401375E7,
        "us" : 27457.401375,
        "ms" : 27.457401375,
        "s" : 0.027457401375
      },
      "min" : {
        "ns" : 11993670,
        "us" : 11993.67,
        "ms" : 11.99367,
        "s" : 0.01199367
      },
      "max" : {
        "ns" : 104997417,
        "us" : 104997.417,
        "ms" : 104.997417,
        "s" : 0.104997417
      }
    },
    "getTrace" : {
      "count" : 8,
      "average" : {
        "ns" : 1.7292203E7,
        "us" : 17292.203,
        "ms" : 17.292203,
        "s" : 0.017292203
      },
      "min" : {
        "ns" : 7277286,
        "us" : 7277.286,
        "ms" : 7.277286,
        "s" : 0.007277286
      },
      "max" : {
        "ns" : 75126746,
        "us" : 75126.746,
        "ms" : 75.126746,
        "s" : 0.075126746
      }
    },
    "handleResult" : {
      "count" : 8,
      "average" : {
        "ns" : 6135428.25,
        "us" : 6135.42825,
        "ms" : 6.13542825,
        "s" : 0.00613542825
      },
      "min" : {
        "ns" : 1863173,
        "us" : 1863.173,
        "ms" : 1.863173,
        "s" : 0.001863173
      },
      "max" : {
        "ns" : 20795016,
        "us" : 20795.016,
        "ms" : 20.795016,
        "s" : 0.020795016
      }
    },
    "StrategyRunner.analyze" : {
      "count" : 8,
      "average" : {
        "ns" : 5991210.125,
        "us" : 5991.210125,
        "ms" : 5.991210125,
        "s" : 0.005991210125
      },
      "min" : {
        "ns" : 1768070,
        "us" : 1768.07,
        "ms" : 1.76807,
        "s" : 0.00176807
      },
      "max" : {
        "ns" : 20463803,
        "us" : 20463.803,
        "ms" : 20.463803,
        "s" : 0.020463803
      }
    },
    "DynamicExplorationGenerator.handleFeedback<Analyzer>" : {
      "count" : 8,
      "average" : {
        "ns" : 1112443.375,
        "us" : 1112.443375,
        "ms" : 1.112443375,
        "s" : 0.001112443375
      },
      "min" : {
        "ns" : 67902,
        "us" : 67.902,
        "ms" : 0.067902,
        "s" : 6.7902E-5
      },
      "max" : {
        "ns" : 6351649,
        "us" : 6351.649,
        "ms" : 6.351649,
        "s" : 0.006351649
      }
    },
    "HappyPathDetector.handleFeedback<Analyzer>" : {
      "count" : 8,
      "average" : {
        "ns" : 80116.0,
        "us" : 80.116,
        "ms" : 0.080116,
        "s" : 8.0116E-5
      },
      "min" : {
        "ns" : 3300,
        "us" : 3.3,
        "ms" : 0.0033,
        "s" : 3.3E-6
      },
      "max" : {
        "ns" : 611524,
        "us" : 611.524,
        "ms" : 0.611524,
        "s" : 6.11524E-4
      }
    },
    "ParentChildDetector.handleFeedback<Analyzer>" : {
      "count" : 8,
      "average" : {
        "ns" : 1031827.625,
        "us" : 1031.827625,
        "ms" : 1.031827625,
        "s" : 0.001031827625
      },
      "min" : {
        "ns" : 42101,
        "us" : 42.101,
        "ms" : 0.042101,
        "s" : 4.2101E-5
      },
      "max" : {
        "ns" : 7656000,
        "us" : 7656.0,
        "ms" : 7.656,
        "s" : 0.007656
      }
    },
    "HappensBeforeNeighbourDetector.handleFeedback<Analyzer>" : {
      "count" : 8,
      "average" : {
        "ns" : 383840.25,
        "us" : 383.84025,
        "ms" : 0.38384025,
        "s" : 3.8384025E-4
      },
      "min" : {
        "ns" : 10201,
        "us" : 10.201,
        "ms" : 0.010201,
        "s" : 1.0201E-5
      },
      "max" : {
        "ns" : 1305952,
        "us" : 1305.952,
        "ms" : 1.305952,
        "s" : 0.001305952
      }
    },
    "ErrorPropagationDetector.handleFeedback<Analyzer>" : {
      "count" : 8,
      "average" : {
        "ns" : 984126.0,
        "us" : 984.126,
        "ms" : 0.984126,
        "s" : 9.84126E-4
      },
      "min" : {
        "ns" : 13000,
        "us" : 13.0,
        "ms" : 0.013,
        "s" : 1.3E-5
      },
      "max" : {
        "ns" : 3610241,
        "us" : 3610.241,
        "ms" : 3.610241,
        "s" : 0.003610241
      }
    },
    "ConditionalPointDetector.handleFeedback<Analyzer>" : {
      "count" : 8,
      "average" : {
        "ns" : 796781.125,
        "us" : 796.781125,
        "ms" : 0.796781125,
        "s" : 7.96781125E-4
      },
      "min" : {
        "ns" : 112904,
        "us" : 112.904,
        "ms" : 0.112904,
        "s" : 1.12904E-4
      },
      "max" : {
        "ns" : 4573980,
        "us" : 4573.98,
        "ms" : 4.57398,
        "s" : 0.00457398
      }
    },
    "RedundancyAnalyzer.handleFeedback<Analyzer>" : {
      "count" : 8,
      "average" : {
        "ns" : 37564.0,
        "us" : 37.564,
        "ms" : 0.037564,
        "s" : 3.7564E-5
      },
      "min" : {
        "ns" : 19201,
        "us" : 19.201,
        "ms" : 0.019201,
        "s" : 1.9201E-5
      },
      "max" : {
        "ns" : 85604,
        "us" : 85.604,
        "ms" : 0.085604,
        "s" : 8.5604E-5
      }
    },
    "StatusAnalyzer.handleFeedback<Analyzer>" : {
      "count" : 8,
      "average" : {
        "ns" : 20963.125,
        "us" : 20.963125,
        "ms" : 0.020963125,
        "s" : 2.0963125E-5
      },
      "min" : {
        "ns" : 4500,
        "us" : 4.5,
        "ms" : 0.0045,
        "s" : 4.5E-6
      },
      "max" : {
        "ns" : 129705,
        "us" : 129.705,
        "ms" : 0.129705,
        "s" : 1.29705E-4
      }
    },
    "BehaviorAnalyzer.handleFeedback<Analyzer>" : {
      "count" : 8,
      "average" : {
        "ns" : 584985.25,
        "us" : 584.98525,
        "ms" : 0.58498525,
        "s" : 5.8498525E-4
      },
      "min" : {
        "ns" : 247709,
        "us" : 247.709,
        "ms" : 0.247709,
        "s" : 2.47709E-4
      },
      "max" : {
        "ns" : 1569562,
        "us" : 1569.562,
        "ms" : 1.569562,
        "s" : 0.001569562
      }
    },
    "TimingAnalyzer.handleFeedback<Analyzer>" : {
      "count" : 8,
      "average" : {
        "ns" : 222308.625,
        "us" : 222.308625,
        "ms" : 0.222308625,
        "s" : 2.22308625E-4
      },
      "min" : {
        "ns" : 48802,
        "us" : 48.802,
        "ms" : 0.048802,