{
    "per_key": {
        "nextFaultload": {
            "n": 5560,
            "mean": 4.917950213489208,
            "median": 2.2802565,
            "std": 32.13034911887691,
            "min": 0.926717,
            "max": 819.7653879999999,
            "p25": 1.8405779999999998,
            "p50": 2.2802565,
            "p75": 3.558426,
            "p90": 5.018918000000004,
            "p95": 6.7461151500000005,
            "p99": 56.0404601699995
        },
        "Per test": {
            "n": 5550,
            "mean": 39.98519079189189,
            "median": 31.515463999999998,
            "std": 26.054030721294435,
            "min": 22.902174,
            "max": 421.44690299999996,
            "p25": 28.026366,
            "p50": 31.515463999999998,
            "p75": 37.747941749999995,
            "p90": 67.14229540000002,
            "p95": 91.55942960000007,
            "p99": 139.14323448000005
        },
        "registerFaultload": {
            "n": 5550,
            "mean": 4.880161072972973,
            "median": 3.1550235,
            "std": 5.007602239633532,
            "min": 2.081725,
            "max": 72.612926,
            "p25": 2.8445465,
            "p50": 3.1550235,
            "p75": 3.98873425,
            "p90": 10.321035300000005,
            "p95": 16.018747700000002,
            "p99": 26.39773020000001
        },
        "unregisterFautload": {
            "n": 5550,
            "mean": 4.483883760720721,
            "median": 2.906583,
            "std": 4.547912829128039,
            "min": 1.991609,
            "max": 45.589504,
            "p25": 2.6234477499999995,
            "p50": 2.906583,
            "p75": 3.6435575,
            "p90": 9.051841000000007,
            "p95": 14.9837268,
            "p99": 24.584380010000018
        },
        "testMethod": {
            "n": 5550,
            "mean": 28.929374551531534,
            "median": 23.694747,
            "std": 18.305381410337425,
            "min": 14.832073999999999,
            "max": 311.507809,
            "p25": 20.6675565,
            "p50": 23.694747,
            "p75": 29.03493,
            "p90": 43.3194055,
            "p95": 58.87837500000003,
            "p99": 98.62424823000013
        },
        "getTraceWithDelay": {
            "n": 5550,
            "mean": 9.464445147567567,
            "median": 6.591751499999999,
            "std": 7.904309868839254,
            "min": 5.2213899999999995,
            "max": 123.987129,
            "p25": 6.11714425,
            "p50": 6.591751499999999,
            "p75": 7.7084905,
            "p90": 18.7525815,
            "p95": 26.16968090000001,
            "p99": 39.93934747000003
        },
        "handleResult": {
            "n": 5550,
            "mean": 1.6730540194594594,
            "median": 1.3814134999999998,
            "std": 1.53532472712309,
            "min": 0.8358479999999999,
            "max": 30.277665,
            "p25": 1.1502854999999998,
            "p50": 1.3814134999999998,
            "p75": 1.6941579999999998,
            "p90": 2.0408557,
            "p95": 2.7531363500000032,
            "p99": 7.360451140000025
        },
        "Total test time": {
            "n": 10,
            "mean": 25765.038424799997,
            "median": 25156.1163995,
            "std": 1201.4030346464274,
            "min": 24686.337172,
            "max": 28015.160660999998,
            "p25": 24870.919724749998,
            "p50": 25156.1163995,
            "p75": 26676.35627525,
            "p90": 27573.7986369,
            "p95": 27794.479648949997,
            "p99": 27971.02445859
        },
        "getExpectedBehaviours": {
            "n": 38060,
            "mean": 0.2717782711508145,
            "median": 0.227053,
            "std": 0.34159815405570615,
            "min": 0.115115,
            "max": 16.911326,
            "p25": 0.20070625,
            "p50": 0.227053,
            "p75": 0.27301725,
            "p90": 0.3450488,
            "p95": 0.381107,
            "p99": 0.676814289999994
        },
        "getExpectedPoints": {
            "n": 38060,
            "mean": 0.3089549385181293,
            "median": 0.23924249999999997,
            "std": 0.37422322355134313,
            "min": 0.131612,
            "max": 16.191511,
            "p25": 0.20682725,
            "p50": 0.23924249999999997,
            "p75": 0.325303,
            "p90": 0.43318929999999994,
            "p95": 0.5480765999999998,
            "p99": 0.8920071299999909
        }
    }
}