{
    "per_key": {
        "nextFaultload": {
            "n": 5560,
            "mean": 4.625150439208633,
            "median": 2.290405,
            "std": 29.791119315211812,
            "min": 1.099137,
            "max": 714.053012,
            "p25": 1.86464825,
            "p50": 2.290405,
            "p75": 3.41884475,
            "p90": 4.438947800000002,
            "p95": 5.799046000000001,
            "p99": 32.140578459999986
        },
        "Per test": {
            "n": 5550,
            "mean": 34.55037231693694,
            "median": 31.877792999999997,
            "std": 17.62781553553526,
            "min": 20.040596,
            "max": 540.83041,
            "p25": 28.53306,
            "p50": 31.877792999999997,
            "p75": 36.921661,
            "p90": 42.4805791,
            "p95": 47.2933411,
            "p99": 70.78349852000018
        },
        "registerFaultload": {
            "n": 5550,
            "mean": 3.6483996082882877,
            "median": 3.3220859999999997,
            "std": 2.915319374009687,
            "min": 2.144291,
            "max": 101.73337099999999,
            "p25": 2.9512155,
            "p50": 3.3220859999999997,
            "p75": 3.8223997499999998,
            "p90": 4.4804238000000005,
            "p95": 5.027376,
            "p99": 7.38971001
        },
        "unregisterFautload": {
            "n": 5550,
            "mean": 3.1550409538738733,
            "median": 2.9731125,
            "std": 1.126084504363217,
            "min": 1.914537,
            "max": 37.530564999999996,
            "p25": 2.6495005,
            "p50": 2.9731125,
            "p75": 3.380519,
            "p90": 3.926473,
            "p95": 4.40544055,
            "p99": 6.104674410000007
        },
        "testMethod": {
            "n": 5550,
            "mean": 25.944494869189185,
            "median": 23.985014999999997,
            "std": 12.421949129758326,
            "min": 11.959731999999999,
            "max": 383.530081,
            "p25": 20.905187,
            "p50": 23.985014999999997,
            "p75": 28.30680225,
            "p90": 32.965940200000006,
            "p95": 37.03865710000001,
            "p99": 53.079138670000006
        },
        "getTraceWithDelay": {
            "n": 5550,
            "mean": 7.7342305264864875,
            "median": 6.7678125,
            "std": 6.329485144031071,
            "min": 5.015219,
            "max": 217.839854,
            "p25": 6.215345749999999,
            "p50": 6.7678125,
            "p75": 7.846602749999999,
            "p90": 9.6905529,
            "p95": 11.404998150000003,
            "p99": 18.02898707000001
        },
        "handleResult": {
            "n": 5550,
            "mean": 1.682996887207207,
            "median": 1.4659309999999999,
            "std": 2.1822644323628553,
            "min": 0.8797699999999999,
            "max": 63.142064,
            "p25": 1.25430925,
            "p50": 1.4659309999999999,
            "p75": 1.710454,
            "p90": 1.9431921,
            "p95": 2.2204527500000006,
            "p99": 5.736579540000016
        },
        "Total test time": {
            "n": 10,
            "mean": 22518.8239895,
            "median": 22359.975747999997,
            "std": 461.8216363009809,
            "min": 22090.03714,
            "max": 23601.872176999997,
            "p25": 22182.448117,
            "p50": 22359.975747999997,
            "p75": 22709.36152475,
            "p90": 23080.1145641,
            "p95": 23340.993370549997,
            "p99": 23549.696415709997
        },
        "getExpectedBehaviours": {
            "n": 38060,
            "mean": 0.24618814224908042,
            "median": 0.210115,
            "std": 0.2500754134597609,
            "min": 0.111908,
            "max": 6.959991,
            "p25": 0.18411875,
            "p50": 0.210115,
            "p75": 0.255818,
            "p90": 0.32403559999999987,
            "p95": 0.36514269999999965,
            "p99": 0.5365664299999995
        },
        "getExpectedPoints": {
            "n": 38060,
            "mean": 0.28162879487651077,
            "median": 0.222317,
            "std": 0.2722721975059839,
            "min": 0.129808,
            "max": 11.469085,
            "p25": 0.18950799999999998,
            "p50": 0.222317,
            "p75": 0.308513,
            "p90": 0.4159291,
            "p95": 0.5177412499999996,
            "p99": 0.7223717499999982
        }
    }
}