{
  "stats" : {
    "nextFaultload" : {
      "count" : 10,
      "average" : {
        "ns" : 3875783.7,
        "us" : 3875.7837000000004,
        "ms" : 3.8757837000000004,
        "s" : 0.0038757837
      },
      "min" : {
        "ns" : 2035707,
        "us" : 2035.707,
        "ms" : 2.035707,
        "s" : 0.002035707
      },
      "max" : {
        "ns" : 10177935,
        "us" : 10177.935,
        "ms" : 10.177935,
        "s" : 0.010177935
      }
    },
    "Per test" : {
      "count" : 9,
      "average" : {
        "ns" : 5.6685424E7,
        "us" : 56685.424,
        "ms" : 56.685424,
        "s" : 0.056685424
      },
      "min" : {
        "ns" : 28541100,
        "us" : 28541.1,
        "ms" : 28.5411,
        "s" : 0.0285411
      },
      "max" : {
        "ns" : 229719675,
        "us" : 229719.675,
        "ms" : 229.719675,
        "s" : 0.229719675
      }
    },
    "registerFaultload" : {
      "count" : 9,
      "average" : {
        "ns" : 1.6406295888888888E7,
        "us" : 16406.29588888889,
        "ms" : 16.406295888888888,
        "s" : 0.016406295888888887
      },
      "min" : {
        "ns" : 2937455,
        "us" : 2937.455,
        "ms" : 2.937455,
        "s" : 0.002937455
      },
      "max" : {
        "ns" : 108146185,
        "us" : 108146.185,
        "ms" : 108.146185,
        "s" : 0.108146185
      }
    },
    "testMethod" : {
      "count" : 9,
      "average" : {
        "ns" : 1.4199601888888888E7,
        "us" : 14199.601888888888,
        "ms" : 14.199601888888887,
        "s" : 0.014199601888888889
      },
      "min" : {
        "ns" : 10962176,
        "us" : 10962.176,
        "ms" : 10.962176,
        "s" : 0.010962176
      },
      "max" : {
        "ns" : 19983450,
        "us" : 19983.45,
        "ms" : 19.98345,
        "s" : 0.01998345
      }
    },
    "getTraceWithDelay" : {
      "count" : 9,
      "average" : {
        "ns" : 2.5811879111111112E7,
        "us" : 25811.879111111113,
        "ms" : 25.81187911111111,
        "s" : 0.025811879111111113
      },
      "min" : {
        "ns" : 12768472,
        "us" : 12768.472,
        "ms" : 12.768472,
        "s" : 0.012768472
      },
      "max" : {
        "ns" : 101319725,
        "us" : 101319.725,
        "ms" : 101.319725,
        "s" : 0.101319725
      }
    },
    "getTrace" : {
      "count" : 9,
      "average" : {
        "ns" : 1.5957305444444444E7,
        "us" : 15957.305444444444,
        "ms" : 15.957305444444444,
        "s" : 0.015957305444444445
      },
      "min" : {
        "ns" : 7244681,
        "us" : 7244.681,
        "ms" : 7.244681,
        "s" : 0.007244681
      },
      "max" : {
        "ns" : 73126844,
        "us" : 73126.844,
        "ms" : 73.126844,
        "s" : 0.073126844
      }
    },
    "handleResult" : {
      "count" : 9,
      "average" : {
        "ns" : 6249861.888888889,
        "us" : 6249.861888888889,
        "ms" : 6.249861888888889,
        "s" : 0.006249861888888889
      },
      "min" : {
        "ns" : 2591537,
        "us" : 2591.537,
        "ms" : 2.591537,
        "s" : 0.002591537
      },
      "max" : {
        "ns" : 19680235,
        "us" : 19680.235,
        "ms" : 19.680235,
        "s" : 0.019680235
      }
    },
    "StrategyRunner.analyze" : {
      "count" : 9,
      "average" : {
        "ns" : 6096587.222222222,
        "us" : 6096.587222222222,
        "ms" : 6.096587222222222,
        "s" : 0.006096587222222222
      },
      "min" : {
        "ns" : 2502832,
        "us" : 2502.832,
        "ms" : 2.502832,
        "s" : 0.002502832
      },
      "max" : {
        "ns" : 19309315,
        "us" : 19309.315,
        "ms" : 19.309315,
        "s" : 0.019309315
      }
    },
    "DynamicExplorationGenerator.handleFeedback<Analyzer>" : {
      "count" : 9,
      "average" : {
        "ns" : 1053088.5555555555,
        "us" : 1053.0885555555556,
        "ms" : 1.0530885555555556,
        "s" : 0.0010530885555555555
      },
      "min" : {
        "ns" : 93505,
        "us" : 93.505,
        "ms" : 0.093505,
        "s" : 9.3505E-5
      },
      "max" : {
        "ns" : 5633596,
        "us" : 5633.596,
        "ms" : 5.633596,
        "s" : 0.005633596
      }
    },
    "HappyPathDetector.handleFeedback<Analyzer>" : {
      "count" : 9,
      "average" : {
        "ns" : 58180.77777777778,
        "us" : 58.180777777777784,
        "ms" : 0.05818077777777778,
        "s" : 5.818077777777778E-5
      },
      "min" : {
        "ns" : 3000,
        "us" : 3.0,
        "ms" : 0.003,
        "s" : 3.0E-6
      },
      "max" : {
        "ns" : 488726,
        "us" : 488.726,
        "ms" : 0.488726,
        "s" : 4.88726E-4
      }
    },
    "ParentChildDetector.handleFeedback<Analyzer>" : {
      "count" : 9,
      "average" : {
        "ns" : 900791.6666666666,
        "us" : 900.7916666666666,
        "ms" : 0.9007916666666667,
        "s" : 9.007916666666666E-4
      },
      "min" : {
        "ns" : 46402,
        "us" : 46.402,
        "ms" : 0.046402,
        "s" : 4.6402E-5
      },
      "max" : {
        "ns" : 7424391,
        "us" : 7424.391,
        "ms" : 7.424391,
        "s" : 0.007424391
      }
    },
    "HappensBeforeNeighbourDetector.handleFeedback<Analyzer>" : {
      "count" : 9,
      "average" : {
        "ns" : 547462.1111111111,
        "us" : 547.4621111111111,
        "ms" : 0.5474621111111111,
        "s" : 5.474621111111112E-4
      },
      "min" : {
        "ns" : 19301,
        "us" : 19.301,
        "ms" : 0.019301,
        "s" : 1.9301E-5
      },
      "max" : {
        "ns" : 1283667,
        "us" : 1283.667,
        "ms" : 1.283667,
        "s" : 0.001283667
      }
    },
    "ErrorPropagationDetector.handleFeedback<Analyzer>" : {
      "count" : 9,
      "average" : {
        "ns" : 293260.0,
        "us" : 293.26,
        "ms" : 0.29326,
        "s" : 2.9326E-4
      },
      "min" : {
        "ns" : 4300,
        "us" : 4.3,
        "ms" : 0.0043,
        "s" : 4.3E-6
      },
      "max" : {
        "ns" : 1308669,
        "us" : 1308.669,
        "ms" : 1.308669,
        "s" : 0.001308669
      }
    },
    "ConditionalPointDetector.handleFeedback<Analyzer>" : {
      "count" : 9,
      "average" : {
        "ns" : 2115578.0,
        "us" : 2115.578,
        "ms" : 2.115578,
        "s" : 0.002115578
      },
      "min" : {
        "ns" : 305916,
        "us" : 305.916,
        "ms" : 0.305916,
        "s" : 3.05916E-4
      },
      "max" : {
        "ns" : 7056871,
        "us" : 7056.871,
        "ms" : 7.056871,
        "s" : 0.007056871
      }
    },
    "RedundancyAnalyzer.handleFeedback<Analyzer>" : {
      "count" : 9,
      "average" : {
        "ns" : 36468.666666666664,
        "us" : 36.468666666666664,
        "ms" : 0.03646866666666666,
        "s" : 3.6468666666666665E-5
      },
      "min" : {
        "ns" : 19301,
        "us" : 19.301,
        "ms" : 0.019301,
        "s" : 1.9301E-5
      },
      "max" : {
        "ns" : 93505,
        "us" : 93.505,
        "ms" : 0.093505,
        "s" : 9.3505E-5
      }
    },
    "StatusAnalyzer.handleFeedback<Analyzer>" : {
      "count" : 9,
      "average" : {
        "ns" : 20156.555555555555,
        "us" : 20.156555555555556,
        "ms" : 0.020156555555555556,
        "s" : 2.0156555555555554E-5
      },
      "min" : {
        "ns" : 4200,
        "us" : 4.2,
        "ms" : 0.0042,
        "s" : 4.2E-6
      },
      "max" : {
        "ns" : 126707,
        "us" : 126.707,
        "ms" : 0.126707,
        "s" : 1.26707E-4
      }
    },
    "BehaviorAnalyzer.handleFeedback<Analyzer>" : {
      "count" : 9,
      "average" : {
        "ns" : 566252.2222222222,
        "us" : 566.2522222222223,
        "ms" : 0.5662522222222223,
        "s" : 5.662522222222222E-4
      },
      "min" : {
        "ns" : 320617,
        "us" : 320.617,
        "ms" : 0.320617,
        "s" : 3.20617E-4
      },
      "max" : {
        "ns" : 1354071,