{
  "stats" : {
    "nextFaultload" : {
      "count" : 22,
      "average" : {
        "ns" : 2327084.272727273,
        "us" : 2327.084272727273,
        "ms" : 2.327084272727273,
        "s" : 0.002327084272727273
      },
      "min" : {
        "ns" : 342513,
        "us" : 342.513,
        "ms" : 0.342513,
        "s" : 3.42513E-4
      },
      "max" : {
        "ns" : 4162459,
        "us" : 4162.459,
        "ms" : 4.162459,
        "s" : 0.004162459
      }
    },
    "Per test" : {
      "count" : 21,
      "average" : {
        "ns" : 3.9798415190476194E7,
        "us" : 39798.4151904762,
        "ms" : 39.79841519047619,
        "s" : 0.039798415190476194
      },
      "min" : {
        "ns" : 24989554,
        "us" : 24989.554,
        "ms" : 24.989554,
        "s" : 0.024989554
      },
      "max" : {
        "ns" : 232711587,
        "us" : 232711.587,
        "ms" : 232.711587,
        "s" : 0.232711587
      }
    },
    "registerFaultload" : {
      "count" : 21,
      "average" : {
        "ns" : 9067346.142857144,
        "us" : 9067.346142857145,
        "ms" : 9.067346142857144,
        "s" : 0.009067346142857143
      },
      "min" : {
        "ns" : 2757105,
        "us" : 2757.105,
        "ms" : 2.757105,
        "s" : 0.002757105
      },
      "max" : {
        "ns" : 110924536,
        "us" : 110924.536,
        "ms" : 110.924536,
        "s" : 0.110924536
      }
    },
    "testMethod" : {
      "count" : 21,
      "average" : {
        "ns" : 1.3376558714285715E7,
        "us" : 13376.558714285715,
        "ms" : 13.376558714285714,
        "s" : 0.013376558714285714
      },
      "min" : {
        "ns" : 11741648,
        "us" : 11741.648,
        "ms" : 11.741648,
        "s" : 0.011741648
      },
      "max" : {
        "ns" : 19737854,
        "us" : 19737.854,
        "ms" : 19.737854,
        "s" : 0.019737854
      }
    },
    "getTraceWithDelay" : {
      "count" : 21,
      "average" : {
        "ns" : 1.714053080952381E7,
        "us" : 17140.53080952381,
        "ms" : 17.14053080952381,
        "s" : 0.01714053080952381
      },
      "min" : {
        "ns" : 9879277,
        "us" : 9879.277,
        "ms" : 9.879277,
        "s" : 0.009879277
      },
      "max" : {
        "ns" : 101759886,
        "us" : 101759.886,
        "ms" : 101.759886,
        "s" : 0.101759886
      }
    },
    "getTrace" : {
      "count" : 21,
      "average" : {
        "ns" : 1.0301155333333334E7,
        "us" : 10301.155333333334,
        "ms" : 10.301155333333334,
        "s" : 0.010301155333333334
      },
      "min" : {
        "ns" : 5250301,
        "us" : 5250.301,
        "ms" : 5.250301,
        "s" : 0.005250301
      },
      "max" : {
        "ns" : 72920785,
        "us" : 72920.785,
        "ms" : 72.920785,
        "s" : 0.072920785
      }
    },
    "handleResult" : {
      "count" : 21,
      "average" : {
        "ns" : 3668240.1904761903,
        "us" : 3668.2401904761905,
        "ms" : 3.6682401904761903,
        "s" : 0.0036682401904761905
      },
      "min" : {
        "ns" : 1669364,
        "us" : 1669.364,
        "ms" : 1.669364,
        "s" : 0.001669364
      },
      "max" : {
        "ns" : 20040265,
        "us" : 20040.265,
        "ms" : 20.040265,
        "s" : 0.020040265
      }
    },
    "StrategyRunner.analyze" : {
      "count" : 21,
      "average" : {
        "ns" : 3562902.8571428573,
        "us" : 3562.902857142857,
        "ms" : 3.5629028571428574,
        "s" : 0.0035629028571428573
      },
      "min" : {
        "ns" : 1602362,
        "us" : 1602.362,
        "ms" : 1.602362,
        "s" : 0.001602362
      },
      "max" : {
        "ns" : 19652351,
        "us" : 19652.351,
        "ms" : 19.652351,
        "s" : 0.019652351
      }
    },
    "DynamicExplorationGenerator.handleFeedback<Analyzer>" : {
      "count" : 21,
      "average" : {
        "ns" : 528858.3333333334,
        "us" : 528.8583333333333,
        "ms" : 0.5288583333333333,
        "s" : 5.288583333333334E-4
      },
      "min" : {
        "ns" : 63903,
        "us" : 63.903,
        "ms" : 0.063903,
        "s" : 6.3903E-5
      },
      "max" : {
        "ns" : 5730819,
        "us" : 5730.819,
        "ms" : 5.730819,
        "s" : 0.005730819
      }
    },
    "HappyPathDetector.handleFeedback<Analyzer>" : {
      "count" : 21,
      "average" : {
        "ns" : 27572.428571428572,
        "us" : 27.572428571428574,
        "ms" : 0.027572428571428574,
        "s" : 2.7572428571428572E-5
      },
      "min" : {
        "ns" : 2200,
        "us" : 2.2,
        "ms" : 0.0022,
        "s" : 2.2E-6
      },
      "max" : {
        "ns" : 507319,
        "us" : 507.319,
        "ms" : 0.507319,
        "s" : 5.07319E-4
      }
    },
    "ParentChildDetector.handleFeedback<Analyzer>" : {
      "count" : 21,
      "average" : {
        "ns" : 437811.90476190473,
        "us" : 437.8119047619047,
        "ms" : 0.43781190476190474,
        "s" : 4.3781190476190475E-4
      },
      "min" : {
        "ns" : 33701,
        "us" : 33.701,
        "ms" : 0.033701,
        "s" : 3.3701E-5
      },
      "max" : {
        "ns" : 7701894,
        "us" : 7701.894,
        "ms" : 7.701894,
        "s" : 0.007701894
      }
    },
    "HappensBeforeNeighbourDetector.handleFeedback<Analyzer>" : {
      "count" : 21,
      "average" : {
        "ns" : 410301.4761904762,
        "us" : 410.3014761904762,
        "ms" : 0.4103014761904762,
        "s" : 4.103014761904762E-4
      },
      "min" : {
        "ns" : 10601,
        "us" : 10.601,
        "ms" : 0.010601,
        "s" : 1.0601E-5
      },
      "max" : {
        "ns" : 1161844,
        "us" : 1161.844,
        "ms" : 1.161844,
        "s" : 0.001161844
      }
    },
    "ErrorPropagationDetector.handleFeedback<Analyzer>" : {
      "count" : 21,
      "average" : {
        "ns" : 360870.90476190473,
        "us" : 360.87090476190474,
        "ms" : 0.36087090476190475,
        "s" : 3.608709047619047E-4
      },
      "min" : {
        "ns" : 4100,
        "us" : 4.1,
        "ms" : 0.0041,
        "s" : 4.1E-6
      },
      "max" : {
        "ns" : 1131043,
        "us" : 1131.043,
        "ms" : 1.131043,
        "s" : 0.001131043
      }
    },
    "ConditionalPointDetector.handleFeedback<Analyzer>" : {
      "count" : 21,
      "average" : {
        "ns" : 715565.380952381,
        "us" : 715.5653809523809,
        "ms" : 0.715565380952381,
        "s" : 7.155653809523809E-4
      },
      "min" : {
        "ns" : 150005,
        "us" : 150.005,
        "ms" : 0.150005,
        "s" : 1.50005E-4
      },
      "max" : {
        "ns" : 4248762,
        "us" : 4248.762,
        "ms" : 4.248762,
        "s" : 0.004248762
      }
    },
    "RedundancyAnalyzer.handleFeedback<Analyzer>" : {
      "count" : 21,
      "average" : {
        "ns" : 50897.04761904762,
        "us" : 50.89704761904762,
        "ms" : 0.05089704761904762,
        "s" : 5.089704761904762E-5
      },
      "min" : {
        "ns" : 16700,
        "us" : 16.7,
        "ms" : 0.0167,
        "s" : 1.67E-5
      },
      "max" : {
        "ns" : 295712,
        "us" : 295.712,
        "ms" : 0.295712,
        "s" : 2.95712E-4
      }
    },
    "StatusAnalyzer.handleFeedback<Analyzer>" : {
      "count" : 21,
      "average" : {
        "ns" : 17043.571428571428,
        "us" : 17.04357142857143,
        "ms" : 0.01704357142857143,
        "s" : 1.704357142857143E-5
      },
      "min" : {
        "ns" : 3401,
        "us" : 3.401,
        "ms" : 0.003401,
        "s" : 3.401E-6
      },
      "max" : {
        "ns" : 135906,
        "us" : 135.906,
        "ms" : 0.135906,
        "s" : 1.35906E-4
      }
    },
    "BehaviorAnalyzer.handleFeedback<Analyzer>" : {
      "count" : 21,
      "average" : {
        "ns" : 480808.85714285716,
        "us" : 480.80885714285716,
        "ms" : 0.48080885714285715,
        "s" : 4.808088571428572E-4
      },