{
  "stats" : {
    "nextFaultload" : {
      "count" : 9,
      "average" : {
        "ns" : 2289407.222222222,
        "us" : 2289.407222222222,
        "ms" : 2.289407222222222,
        "s" : 0.002289407222222222
      },
      "min" : {
        "ns" : 21291,
        "us" : 21.291,
        "ms" : 0.021291,
        "s" : 2.1291E-5
      },
      "max" : {
        "ns" : 4135148,
        "us" : 4135.148,
        "ms" : 4.135148,
        "s" : 0.004135148
      }
    },
    "Per test" : {
      "count" : 8,
      "average" : {
        "ns" : 6.2583048625E7,
        "us" : 62583.048625,
        "ms" : 62.583048625,
        "s" : 0.062583048625
      },
      "min" : {
        "ns" : 26367580,
        "us" : 26367.58,
        "ms" : 26.36758,
        "s" : 0.02636758
      },
      "max" : {
        "ns" : 240765611,
        "us" : 240765.611,
        "ms" : 240.765611,
        "s" : 0.240765611
      }
    },
    "registerFaultload" : {
      "count" : 8,
      "average" : {
        "ns" : 1.9404791875E7,
        "us" : 19404.791875,
        "ms" : 19.404791875,
        "s" : 0.019404791875
      },
      "min" : {
        "ns" : 3316756,
        "us" : 3316.756,
        "ms" : 3.316756,
        "s" : 0.003316756
      },
      "max" : {
        "ns" : 115867042,
        "us" : 115867.042,
        "ms" : 115.867042,
        "s" : 0.115867042
      }
    },
    "testMethod" : {
      "count" : 8,
      "average" : {
        "ns" : 1.539414E7,
        "us" : 15394.14,
        "ms" : 15.39414,
        "s" : 0.01539414
      },
      "min" : {
        "ns" : 9572218,
        "us" : 9572.218,
        "ms" : 9.572218,
        "s" : 0.009572218
      },
      "max" : {
        "ns" : 27006227,
        "us" : 27006.227,
        "ms" : 27.006227,
        "s" : 0.027006227
      }
    },
    "getTraceWithDelay" : {
      "count" : 8,
      "average" : {
        "ns" : 2.7779829E7,
        "us" : 27779.829,
        "ms" : 27.779829,
        "s" : 0.027779829
      },
      "min" : {
        "ns" : 13449168,
        "us" : 13449.168,
        "ms" : 13.449168,
        "s" : 0.013449168
      },
      "max" : {
        "ns" : 97819147,
        "us" : 97819.147,
        "ms" : 97.819147,
        "s" : 0.097819147
      }
    },
    "getTrace" : {
      "count" : 8,
      "average" : {
        "ns" : 1.8180986375E7,
        "us" : 18180.986375,
        "ms" : 18.180986375,
        "s" : 0.018180986375
      },
      "min" : {
        "ns" : 8328022,
        "us" : 8328.022,
        "ms" : 8.328022,
        "s" : 0.008328022
      },
      "max" : {
        "ns" : 77447102,
        "us" : 77447.102,
        "ms" : 77.447102,
        "s" : 0.077447102
      }
    },
    "handleResult" : {
      "count" : 8,
      "average" : {
        "ns" : 6307243.0,
        "us" : 6307.243,
        "ms" : 6.307243,
        "s" : 0.006307243
      },
      "min" : {
        "ns" : 1576763,
        "us" : 1576.763,
        "ms" : 1.576763,
        "s" : 0.001576763
      },
      "max" : {
        "ns" : 17989304,
        "us" : 17989.304,
        "ms" : 17.989304,
        "s" : 0.017989304
      }
    },
    "StrategyRunner.analyze" : {
      "count" : 8,
      "average" : {
        "ns" : 6262708.125,
        "us" : 6262.708125,
        "ms" : 6.262708125,
        "s" : 0.006262708125
      },
      "min" : {
        "ns" : 1566503,
        "us" : 1566.503,
        "ms" : 1.566503,
        "s" : 0.001566503
      },
      "max" : {
        "ns" : 17972963,
        "us" : 17972.963,
        "ms" : 17.972963,
        "s" : 0.017972963
      }
    },
    "DynamicExplorationGenerator.handleFeedback<Analyzer>" : {
      "count" : 8,
      "average" : {
        "ns" : 1192700.375,
        "us" : 1192.700375,
        "ms" : 1.192700375,
        "s" : 0.001192700375
      },
      "min" : {
        "ns" : 83765,
        "us" : 83.765,
        "ms" : 0.083765,
        "s" : 8.3765E-5
      },
      "max" : {
        "ns" : 6895538,
        "us" : 6895.538,
        "ms" : 6.895538,
        "s" : 0.006895538
      }
    },
    "HappyPathDetector.handleFeedback<Analyzer>" : {
      "count" : 8,
      "average" : {
        "ns" : 79645.875,
        "us" : 79.645875,
        "ms" : 0.079645875,
        "s" : 7.9645875E-5
      },
      "min" : {
        "ns" : 2950,
        "us" : 2.95,
        "ms" : 0.00295,
        "s" : 2.95E-6
      },
      "max" : {
        "ns" : 611656,
        "us" : 611.656,
        "ms" : 0.611656,
        "s" : 6.11656E-4
      }
    },
    "ParentChildDetector.handleFeedback<Analyzer>" : {
      "count" : 8,
      "average" : {
        "ns" : 417961.0,
        "us" : 417.961,
        "ms" : 0.417961,
        "s" : 4.17961E-4
      },
      "min" : {
        "ns" : 42023,
        "us" : 42.023,
        "ms" : 0.042023,
        "s" : 4.2023E-5
      },
      "max" : {
        "ns" : 2528720,
        "us" : 2528.72,
        "ms" : 2.52872,
        "s" : 0.00252872
      }
    },
    "HappensBeforeNeighbourDetector.handleFeedback<Analyzer>" : {
      "count" : 8,
      "average" : {
        "ns" : 503128.5,
        "us" : 503.1285,
        "ms" : 0.5031285,
        "s" : 5.031285E-4
      },
      "min" : {
        "ns" : 8061,
        "us" : 8.061,
        "ms" : 0.008061,
        "s" : 8.061E-6
      },
      "max" : {
        "ns" : 1816237,
        "us" : 1816.237,
        "ms" : 1.816237,
        "s" : 0.001816237
      }
    },
    "ErrorPropagationDetector.handleFeedback<Analyzer>" : {
      "count" : 8,
      "average" : {
        "ns" : 286010.75,
        "us" : 286.01075,
        "ms" : 0.28601075,
        "s" : 2.8601075E-4
      },
      "min" : {
        "ns" : 16001,
        "us" : 16.001,
        "ms" : 0.016001,
        "s" : 1.6001E-5
      },
      "max" : {
        "ns" : 954067,
        "us" : 954.067,
        "ms" : 0.954067,
        "s" : 9.54067E-4
      }
    },
    "ConditionalPointDetector.handleFeedback<Analyzer>" : {
      "count" : 8,
      "average" : {
        "ns" : 923652.0,
        "us" : 923.652,
        "ms" : 0.923652,
        "s" : 9.23652E-4
      },
      "min" : {
        "ns" : 229813,
        "us" : 229.813,
        "ms" : 0.229813,
        "s" : 2.29813E-4
      },
      "max" : {
        "ns" : 4762532,
        "us" : 4762.532,
        "ms" : 4.762532,
        "s" : 0.004762532
      }
    },
    "RedundancyAnalyzer.handleFeedback<Analyzer>" : {
      "count" : 8,
      "average" : {
        "ns" : 48617.875,
        "us" : 48.617875,
        "ms" : 0.048617875,
        "s" : 4.8617875E-5
      },
      "min" : {
        "ns" : 21242,
        "us" : 21.242,
        "ms" : 0.021242,
        "s" : 2.1242E-5
      },
      "max" : {
        "ns" : 129907,
        "us" : 129.907,
        "ms" : 0.129907,
        "s" : 1.29907E-4
      }
    },
    "StatusAnalyzer.handleFeedback<Analyzer>" : {
      "count" : 8,
      "average" : {
        "ns" : 56205.75,
        "us" : 56.20575,
        "ms" : 0.05620575,
        "s" : 5.620575E-5
      },
      "min" : {
        "ns" : 4580,
        "us" : 4.58,
        "ms" : 0.00458,
        "s" : 4.58E-6
      },
      "max" : {
        "ns" : 397654,
        "us" : 397.654,
        "ms" : 0.397654,
        "s" : 3.97654E-4
      }
    },
    "BehaviorAnalyzer.handleFeedback<Analyzer>" : {
      "count" : 8,
      "average" : {
        "ns" : 312056.125,
        "us" : 312.056125,
        "ms" : 0.312056125,
        "s" : 3.12056125E-4
      },
      "min" : {
        "ns" : 97906,
        "us" : 97.906,
        "ms" : 0.097906,
        "s" : 9.7906E-5
      },
      "max" : {
        "ns" : 921944,
        "us" : 921.944,
        "ms" : 0.921944,
        "s" : 9.21944E-4
      }
    },
    "TimingAnalyzer.handleFeedback<Analyzer>" : {
      "count" : 8,
      "average" : {
        "ns" : 221525.375,
        "us" : 221.525375,
        "ms" : 0.221525375,
        "s" : 2.21525375E-4
      },
      "min" : {
        "ns" : 50733,
        "us" : 50.733,
        "ms" : 0.050733,