{
  "stats" : {
    "nextFaultload" : {
      "count" : 10,
      "average" : {
        "ns" : 3911000.3,
        "us" : 3911.0002999999997,
        "ms" : 3.9110003,
        "s" : 0.0039110003
      },
      "min" : {
        "ns" : 1860258,
        "us" : 1860.258,
        "ms" : 1.860258,
        "s" : 0.001860258
      },
      "max" : {
        "ns" : 9910505,
        "us" : 9910.505,
        "ms" : 9.910505,
        "s" : 0.009910505
      }
    },
    "Per test" : {
      "count" : 9,
      "average" : {
        "ns" : 5.5509717777777776E7,
        "us" : 55509.717777777776,
        "ms" : 55.50971777777777,
        "s" : 0.05550971777777777
      },
      "min" : {
        "ns" : 26287009,
        "us" : 26287.009,
        "ms" : 26.287009,
        "s" : 0.026287009
      },
      "max" : {
        "ns" : 238011017,
        "us" : 238011.017,
        "ms" : 238.011017,
        "s" : 0.238011017
      }
    },
    "registerFaultload" : {
      "count" : 9,
      "average" : {
        "ns" : 1.6597276888888888E7,
        "us" : 16597.27688888889,
        "ms" : 16.59727688888889,
        "s" : 0.016597276888888887
      },
      "min" : {
        "ns" : 3108296,
        "us" : 3108.296,
        "ms" : 3.108296,
        "s" : 0.003108296
      },
      "max" : {
        "ns" : 108560237,
        "us" : 108560.237,
        "ms" : 108.560237,
        "s" : 0.108560237
      }
    },
    "testMethod" : {
      "count" : 9,
      "average" : {
        "ns" : 2.9267533E7,
        "us" : 29267.533,
        "ms" : 29.267533,
        "s" : 0.029267533
      },
      "min" : {
        "ns" : 17059024,
        "us" : 17059.024,
        "ms" : 17.059024,
        "s" : 0.017059024
      },
      "max" : {
        "ns" : 99188649,
        "us" : 99188.649,
        "ms" : 99.188649,
        "s" : 0.099188649
      }
    },
    "getTraceWithDelay" : {
      "count" : 9,
      "average" : {
        "ns" : 2.5651166333333332E7,
        "us" : 25651.16633333333,
        "ms" : 25.651166333333332,
        "s" : 0.025651166333333333
      },
      "min" : {
        "ns" : 13788223,
        "us" : 13788.223,
        "ms" : 13.788223,
        "s" : 0.013788223
      },
      "max" : {
        "ns" : 105124732,
        "us" : 105124.732,
        "ms" : 105.124732,
        "s" : 0.105124732
      }
    },
    "getTrace" : {
      "count" : 9,
      "average" : {
        "ns" : 1.5775207111111112E7,
        "us" : 15775.207111111113,
        "ms" : 15.775207111111111,
        "s" : 0.015775207111111113
      },
      "min" : {
        "ns" : 7623134,
        "us" : 7623.134,
        "ms" : 7.623134,
        "s" : 0.007623134
      },
      "max" : {
        "ns" : 74118978,
        "us" : 74118.978,
        "ms" : 74.118978,
        "s" : 0.074118978
      }
    },
    "handleResult" : {
      "count" : 9,
      "average" : {
        "ns" : 5774477.555555556,
        "us" : 5774.477555555556,
        "ms" : 5.774477555555556,
        "s" : 0.005774477555555556
      },
      "min" : {
        "ns" : 2913990,
        "us" : 2913.99,
        "ms" : 2.91399,
        "s" : 0.00291399
      },
      "max" : {
        "ns" : 21096249,
        "us" : 21096.249,
        "ms" : 21.096249,
        "s" : 0.021096249
      }
    },
    "StrategyRunner.analyze" : {
      "count" : 9,
      "average" : {
        "ns" : 5589482.777777778,
        "us" : 5589.482777777778,
        "ms" : 5.589482777777778,
        "s" : 0.005589482777777778
      },
      "min" : {
        "ns" : 2727084,
        "us" : 2727.084,
        "ms" : 2.727084,
        "s" : 0.002727084
      },
      "max" : {
        "ns" : 20762338,
        "us" : 20762.338,
        "ms" : 20.762338,
        "s" : 0.020762338
      }
    },
    "DynamicExplorationGenerator.handleFeedback<Analyzer>" : {
      "count" : 9,
      "average" : {
        "ns" : 964507.4444444445,
        "us" : 964.5074444444444,
        "ms" : 0.9645074444444445,
        "s" : 9.645074444444445E-4
      },
      "min" : {
        "ns" : 120804,
        "us" : 120.804,
        "ms" : 0.120804,
        "s" : 1.20804E-4
      },
      "max" : {
        "ns" : 6778008,
        "us" : 6778.008,
        "ms" : 6.778008,
        "s" : 0.006778008
      }
    },
    "HappyPathDetector.handleFeedback<Analyzer>" : {
      "count" : 9,
      "average" : {
        "ns" : 49023.666666666664,
        "us" : 49.023666666666664,
        "ms" : 0.04902366666666667,
        "s" : 4.902366666666666E-5
      },
      "min" : {
        "ns" : 3700,
        "us" : 3.7,
        "ms" : 0.0037,
        "s" : 3.7E-6
      },
      "max" : {
        "ns" : 406313,
        "us" : 406.313,
        "ms" : 0.406313,
        "s" : 4.06313E-4
      }
    },
    "ParentChildDetector.handleFeedback<Analyzer>" : {
      "count" : 9,
      "average" : {
        "ns" : 915028.2222222222,
        "us" : 915.0282222222222,
        "ms" : 0.9150282222222222,
        "s" : 9.150282222222222E-4
      },
      "min" : {
        "ns" : 45201,
        "us" : 45.201,
        "ms" : 0.045201,
        "s" : 4.5201E-5
      },
      "max" : {
        "ns" : 7671236,
        "us" : 7671.236,
        "ms" : 7.671236,
        "s" : 0.007671236
      }
    },
    "HappensBeforeNeighbourDetector.handleFeedback<Analyzer>" : {
      "count" : 9,
      "average" : {
        "ns" : 895716.5555555555,
        "us" : 895.7165555555555,
        "ms" : 0.8957165555555555,
        "s" : 8.957165555555555E-4
      },
      "min" : {
        "ns" : 9900,
        "us" : 9.9,
        "ms" : 0.0099,
        "s" : 9.9E-6
      },
      "max" : {
        "ns" : 3343503,
        "us" : 3343.503,
        "ms" : 3.343503,
        "s" : 0.003343503
      }
    },
    "ErrorPropagationDetector.handleFeedback<Analyzer>" : {
      "count" : 9,
      "average" : {
        "ns" : 473548.1111111111,
        "us" : 473.5481111111111,
        "ms" : 0.4735481111111111,
        "s" : 4.735481111111111E-4
      },
      "min" : {
        "ns" : 12601,
        "us" : 12.601,
        "ms" : 0.012601,
        "s" : 1.2601E-5
      },
      "max" : {
        "ns" : 899228,
        "us" : 899.228,
        "ms" : 0.899228,
        "s" : 8.99228E-4
      }
    },
    "ConditionalPointDetector.handleFeedback<Analyzer>" : {
      "count" : 9,
      "average" : {
        "ns" : 1000264.1111111111,
        "us" : 1000.2641111111111,
        "ms" : 1.000264111111111,
        "s" : 0.001000264111111111
      },
      "min" : {
        "ns" : 277009,
        "us" : 277.009,
        "ms" : 0.277009,
        "s" : 2.77009E-4
      },
      "max" : {
        "ns" : 4295632,
        "us" : 4295.632,
        "ms" : 4.295632,
        "s" : 0.004295632
      }
    },
    "RedundancyAnalyzer.handleFeedback<Analyzer>" : {
      "count" : 9,
      "average" : {
        "ns" : 43168.11111111111,
        "us" : 43.16811111111111,
        "ms" : 0.04316811111111111,
        "s" : 4.3168111111111106E-5
      },
      "min" : {
        "ns" : 25401,
        "us" : 25.401,
        "ms" : 0.025401,
        "s" : 2.5401E-5
      },
      "max" : {
        "ns" : 120404,
        "us" : 120.404,
        "ms" : 0.120404,
        "s" : 1.20404E-4
      }
    },
    "StatusAnalyzer.handleFeedback<Analyzer>" : {
      "count" : 9,
      "average" : {
        "ns" : 22511.555555555555,
        "us" : 22.511555555555553,
        "ms" : 0.022511555555555555,
        "s" : 2.2511555555555554E-5
      },
      "min" : {
        "ns" : 5200,
        "us" : 5.2,
        "ms" : 0.0052,
        "s" : 5.2E-6
      },
      "max" : {
        "ns" : 157004,
        "us" : 157.004,
        "ms" : 0.157004,
        "s" : 1.57004E-4
      }
    },
    "BehaviorAnalyzer.handleFeedback<Analyzer>" : {
      "count" : 9,
      "average" : {
        "ns" : 534949.6666666666,
        "us" : 534.9496666666666,
        "ms" : 0.5349496666666667,
        "s" : 5.349496666666666E-4
      },
      "min" : {
        "ns" : 388712,
        "us" : 388.712,
        "ms" : 0.388712,