{
  "stats" : {
    "nextFaultload" : {
      "count" : 10,
      "average" : {
        "ns" : 3873299.5,
        "us" : 3873.2995,
        "ms" : 3.8732995,
        "s" : 0.0038732995
      },
      "min" : {
        "ns" : 2091681,
        "us" : 2091.681,
        "ms" : 2.091681,
        "s" : 0.002091681
      },
      "max" : {
        "ns" : 9532268,
        "us" : 9532.268,
        "ms" : 9.532268,
        "s" : 0.009532268
      }
    },
    "Per test" : {
      "count" : 9,
      "average" : {
        "ns" : 5.6772035666666664E7,
        "us" : 56772.03566666666,
        "ms" : 56.77203566666667,
        "s" : 0.056772035666666665
      },
      "min" : {
        "ns" : 27505461,
        "us" : 27505.461,
        "ms" : 27.505461,
        "s" : 0.027505461
      },
      "max" : {
        "ns" : 243497698,
        "us" : 243497.698,
        "ms" : 243.497698,
        "s" : 0.243497698
      }
    },
    "registerFaultload" : {
      "count" : 9,
      "average" : {
        "ns" : 1.7065236444444444E7,
        "us" : 17065.236444444443,
        "ms" : 17.065236444444444,
        "s" : 0.017065236444444444
      },
      "min" : {
        "ns" : 2852110,
        "us" : 2852.11,
        "ms" : 2.85211,
        "s" : 0.00285211
      },
      "max" : {
        "ns" : 112016623,
        "us" : 112016.623,
        "ms" : 112.016623,
        "s" : 0.112016623
      }
    },
    "testMethod" : {
      "count" : 9,
      "average" : {
        "ns" : 2.9862985888888888E7,
        "us" : 29862.98588888889,
        "ms" : 29.86298588888889,
        "s" : 0.029862985888888888
      },
      "min" : {
        "ns" : 17370271,
        "us" : 17370.271,
        "ms" : 17.370271,
        "s" : 0.017370271
      },
      "max" : {
        "ns" : 101364112,
        "us" : 101364.112,
        "ms" : 101.364112,
        "s" : 0.101364112
      }
    },
    "getTraceWithDelay" : {
      "count" : 9,
      "average" : {
        "ns" : 2.5997225555555556E7,
        "us" : 25997.225555555557,
        "ms" : 25.997225555555556,
        "s" : 0.025997225555555555
      },
      "min" : {
        "ns" : 13025203,
        "us" : 13025.203,
        "ms" : 13.025203,
        "s" : 0.013025203
      },
      "max" : {
        "ns" : 106184499,
        "us" : 106184.499,
        "ms" : 106.184499,
        "s" : 0.106184499
      }
    },
    "getTrace" : {
      "count" : 9,
      "average" : {
        "ns" : 1.5917169888888888E7,
        "us" : 15917.169888888888,
        "ms" : 15.917169888888887,
        "s" : 0.015917169888888888
      },
      "min" : {
        "ns" : 6945868,
        "us" : 6945.868,
        "ms" : 6.945868,
        "s" : 0.006945868
      },
      "max" : {
        "ns" : 75247805,
        "us" : 75247.805,
        "ms" : 75.247805,
        "s" : 0.075247805
      }
    },
    "handleResult" : {
      "count" : 9,
      "average" : {
        "ns" : 5863626.111111111,
        "us" : 5863.626111111111,
        "ms" : 5.863626111111111,
        "s" : 0.005863626111111111
      },
      "min" : {
        "ns" : 2616301,
        "us" : 2616.301,
        "ms" : 2.616301,
        "s" : 0.002616301
      },
      "max" : {
        "ns" : 21157416,
        "us" : 21157.416,
        "ms" : 21.157416,
        "s" : 0.021157416
      }
    },
    "StrategyRunner.analyze" : {
      "count" : 9,
      "average" : {
        "ns" : 5686819.333333333,
        "us" : 5686.819333333333,
        "ms" : 5.686819333333333,
        "s" : 0.005686819333333333
      },
      "min" : {
        "ns" : 2466495,
        "us" : 2466.495,
        "ms" : 2.466495,
        "s" : 0.002466495
      },
      "max" : {
        "ns" : 20845204,
        "us" : 20845.204,
        "ms" : 20.845204,
        "s" : 0.020845204
      }
    },
    "DynamicExplorationGenerator.handleFeedback<Analyzer>" : {
      "count" : 9,
      "average" : {
        "ns" : 1014927.7777777778,
        "us" : 1014.9277777777778,
        "ms" : 1.0149277777777777,
        "s" : 0.0010149277777777778
      },
      "min" : {
        "ns" : 94604,
        "us" : 94.604,
        "ms" : 0.094604,
        "s" : 9.4604E-5
      },
      "max" : {
        "ns" : 7060872,
        "us" : 7060.872,
        "ms" : 7.060872,
        "s" : 0.007060872
      }
    },
    "HappyPathDetector.handleFeedback<Analyzer>" : {
      "count" : 9,
      "average" : {
        "ns" : 47501.77777777778,
        "us" : 47.50177777777778,
        "ms" : 0.04750177777777778,
        "s" : 4.750177777777778E-5
      },
      "min" : {
        "ns" : 3200,
        "us" : 3.2,
        "ms" : 0.0032,
        "s" : 3.2E-6
      },
      "max" : {
        "ns" : 394615,
        "us" : 394.615,
        "ms" : 0.394615,
        "s" : 3.94615E-4
      }
    },
    "ParentChildDetector.handleFeedback<Analyzer>" : {
      "count" : 9,
      "average" : {
        "ns" : 900079.1111111111,
        "us" : 900.0791111111112,
        "ms" : 0.9000791111111112,
        "s" : 9.000791111111111E-4
      },
      "min" : {
        "ns" : 41401,
        "us" : 41.401,
        "ms" : 0.041401,
        "s" : 4.1401E-5
      },
      "max" : {
        "ns" : 7439487,
        "us" : 7439.487,
        "ms" : 7.439487,
        "s" : 0.007439487
      }
    },
    "HappensBeforeNeighbourDetector.handleFeedback<Analyzer>" : {
      "count" : 9,
      "average" : {
        "ns" : 891990.2222222222,
        "us" : 891.9902222222222,
        "ms" : 0.8919902222222222,
        "s" : 8.919902222222222E-4
      },
      "min" : {
        "ns" : 10901,
        "us" : 10.901,
        "ms" : 0.010901,
        "s" : 1.0901E-5
      },
      "max" : {
        "ns" : 3335429,
        "us" : 3335.429,
        "ms" : 3.335429,
        "s" : 0.003335429
      }
    },
    "ErrorPropagationDetector.handleFeedback<Analyzer>" : {
      "count" : 9,
      "average" : {
        "ns" : 465407.0,
        "us" : 465.407,
        "ms" : 0.465407,
        "s" : 4.65407E-4
      },
      "min" : {
        "ns" : 12901,
        "us" : 12.901,
        "ms" : 0.012901,
        "s" : 1.2901E-5
      },
      "max" : {
        "ns" : 1010539,
        "us" : 1010.539,
        "ms" : 1.010539,
        "s" : 0.001010539
      }
    },
    "ConditionalPointDetector.handleFeedback<Analyzer>" : {
      "count" : 9,
      "average" : {
        "ns" : 1050763.0,
        "us" : 1050.763,
        "ms" : 1.050763,
        "s" : 0.001050763
      },
      "min" : {
        "ns" : 213109,
        "us" : 213.109,
        "ms" : 0.213109,
        "s" : 2.13109E-4
      },
      "max" : {
        "ns" : 4512674,
        "us" : 4512.674,
        "ms" : 4.512674,
        "s" : 0.004512674
      }
    },
    "RedundancyAnalyzer.handleFeedback<Analyzer>" : {
      "count" : 9,
      "average" : {
        "ns" : 36445.77777777778,
        "us" : 36.44577777777778,
        "ms" : 0.03644577777777778,
        "s" : 3.644577777777778E-5
      },
      "min" : {
        "ns" : 21400,
        "us" : 21.4,
        "ms" : 0.0214,
        "s" : 2.14E-5
      },
      "max" : {
        "ns" : 74703,
        "us" : 74.703,
        "ms" : 0.074703,
        "s" : 7.4703E-5
      }
    },
    "StatusAnalyzer.handleFeedback<Analyzer>" : {
      "count" : 9,
      "average" : {
        "ns" : 20534.11111111111,
        "us" : 20.53411111111111,
        "ms" : 0.02053411111111111,
        "s" : 2.053411111111111E-5
      },
      "min" : {
        "ns" : 5100,
        "us" : 5.1,
        "ms" : 0.0051,
        "s" : 5.1E-6
      },
      "max" : {
        "ns" : 141606,
        "us" : 141.606,
        "ms" : 0.141606,
        "s" : 1.41606E-4
      }
    },
    "BehaviorAnalyzer.handleFeedback<Analyzer>" : {
      "count" : 9,
      "average" : {
        "ns" : 537965.0,
        "us" : 537.965,
        "ms" : 0.537965,
        "s" : 5.37965E-4
      },
      "min" : {
        "ns" : 351313,
        "us" : 351.313,
        "ms" : 0.351313,
        "s" : 3.51313E-4
      },
      "max" : {
        "ns" : 1002538,
        "us" : 1002.538,