{
  "stats" : {
    "nextFaultload" : {
      "count" : 10,
      "average" : {
        "ns" : 3973716.9,
        "us" : 3973.7169,
        "ms" : 3.9737169,
        "s" : 0.0039737169
      },
      "min" : {
        "ns" : 1843409,
        "us" : 1843.409,
        "ms" : 1.843409,
        "s" : 0.001843409
      },
      "max" : {
        "ns" : 12915070,
        "us" : 12915.07,
        "ms" : 12.91507,
        "s" : 0.01291507
      }
    },
    "Per test" : {
      "count" : 9,
      "average" : {
        "ns" : 5.2821817222222224E7,
        "us" : 52821.81722222223,
        "ms" : 52.82181722222222,
        "s" : 0.05282181722222223
      },
      "min" : {
        "ns" : 25988850,
        "us" : 25988.85,
        "ms" : 25.98885,
        "s" : 0.02598885
      },
      "max" : {
        "ns" : 231365700,
        "us" : 231365.7,
        "ms" : 231.3657,
        "s" : 0.2313657
      }
    },
    "registerFaultload" : {
      "count" : 9,
      "average" : {
        "ns" : 1.8317237111111112E7,
        "us" : 18317.237111111113,
        "ms" : 18.317237111111112,
        "s" : 0.018317237111111113
      },
      "min" : {
        "ns" : 3656318,
        "us" : 3656.318,
        "ms" : 3.656318,
        "s" : 0.003656318
      },
      "max" : {
        "ns" : 113745685,
        "us" : 113745.685,
        "ms" : 113.745685,
        "s" : 0.113745685
      }
    },
    "testMethod" : {
      "count" : 9,
      "average" : {
        "ns" : 2.6176650222222224E7,
        "us" : 26176.650222222223,
        "ms" : 26.176650222222225,
        "s" : 0.026176650222222222
      },
      "min" : {
        "ns" : 15630432,
        "us" : 15630.432,
        "ms" : 15.630432,
        "s" : 0.015630432
      },
      "max" : {
        "ns" : 97274402,
        "us" : 97274.402,
        "ms" : 97.274402,
        "s" : 0.097274402
      }
    },
    "getTraceWithDelay" : {
      "count" : 9,
      "average" : {
        "ns" : 2.4914130555555556E7,
        "us" : 24914.130555555555,
        "ms" : 24.914130555555555,
        "s" : 0.024914130555555556
      },
      "min" : {
        "ns" : 14141844,
        "us" : 14141.844,
        "ms" : 14.141844,
        "s" : 0.014141844
      },
      "max" : {
        "ns" : 96713069,
        "us" : 96713.069,
        "ms" : 96.713069,
        "s" : 0.096713069
      }
    },
    "getTrace" : {
      "count" : 9,
      "average" : {
        "ns" : 1.6349119555555556E7,
        "us" : 16349.119555555557,
        "ms" : 16.349119555555557,
        "s" : 0.016349119555555555
      },
      "min" : {
        "ns" : 7980676,
        "us" : 7980.676,
        "ms" : 7.980676,
        "s" : 0.007980676
      },
      "max" : {
        "ns" : 75594908,
        "us" : 75594.908,
        "ms" : 75.594908,
        "s" : 0.075594908
      }
    },
    "handleResult" : {
      "count" : 9,
      "average" : {
        "ns" : 4069342.777777778,
        "us" : 4069.342777777778,
        "ms" : 4.069342777777778,
        "s" : 0.004069342777777778
      },
      "min" : {
        "ns" : 1457987,
        "us" : 1457.987,
        "ms" : 1.457987,
        "s" : 0.001457987
      },
      "max" : {
        "ns" : 16002655,
        "us" : 16002.655,
        "ms" : 16.002655,
        "s" : 0.016002655
      }
    },
    "StrategyRunner.analyze" : {
      "count" : 9,
      "average" : {
        "ns" : 4028106.777777778,
        "us" : 4028.106777777778,
        "ms" : 4.028106777777778,
        "s" : 0.004028106777777778
      },
      "min" : {
        "ns" : 1450587,
        "us" : 1450.587,
        "ms" : 1.450587,
        "s" : 0.001450587
      },
      "max" : {
        "ns" : 15792441,
        "us" : 15792.441,
        "ms" : 15.792441,
        "s" : 0.015792441
      }
    },
    "DynamicExplorationGenerator.handleFeedback<Analyzer>" : {
      "count" : 9,
      "average" : {
        "ns" : 981780.7777777778,
        "us" : 981.7807777777778,
        "ms" : 0.9817807777777777,
        "s" : 9.817807777777778E-4
      },
      "min" : {
        "ns" : 90406,
        "us" : 90.406,
        "ms" : 0.090406,
        "s" : 9.0406E-5
      },
      "max" : {
        "ns" : 6701700,
        "us" : 6701.7,
        "ms" : 6.7017,
        "s" : 0.0067017
      }
    },
    "HappyPathDetector.handleFeedback<Analyzer>" : {
      "count" : 9,
      "average" : {
        "ns" : 40313.555555555555,
        "us" : 40.31355555555555,
        "ms" : 0.040313555555555554,
        "s" : 4.031355555555556E-5
      },
      "min" : {
        "ns" : 3500,
        "us" : 3.5,
        "ms" : 0.0035,
        "s" : 3.5E-6
      },
      "max" : {
        "ns" : 328219,
        "us" : 328.219,
        "ms" : 0.328219,
        "s" : 3.28219E-4
      }
    },
    "ParentChildDetector.handleFeedback<Analyzer>" : {
      "count" : 9,
      "average" : {
        "ns" : 352665.55555555556,
        "us" : 352.66555555555556,
        "ms" : 0.35266555555555557,
        "s" : 3.5266555555555555E-4
      },
      "min" : {
        "ns" : 46503,
        "us" : 46.503,
        "ms" : 0.046503,
        "s" : 4.6503E-5
      },
      "max" : {
        "ns" : 2623956,
        "us" : 2623.956,
        "ms" : 2.623956,
        "s" : 0.002623956
      }
    },
    "HappensBeforeNeighbourDetector.handleFeedback<Analyzer>" : {
      "count" : 9,
      "average" : {
        "ns" : 790980.4444444445,
        "us" : 790.9804444444445,
        "ms" : 0.7909804444444445,
        "s" : 7.909804444444445E-4
      },
      "min" : {
        "ns" : 9701,
        "us" : 9.701,
        "ms" : 0.009701,
        "s" : 9.701E-6
      },
      "max" : {
        "ns" : 2281836,
        "us" : 2281.836,
        "ms" : 2.281836,
        "s" : 0.002281836
      }
    },
    "ErrorPropagationDetector.handleFeedback<Analyzer>" : {
      "count" : 9,
      "average" : {
        "ns" : 228091.44444444444,
        "us" : 228.09144444444445,
        "ms" : 0.22809144444444443,
        "s" : 2.2809144444444445E-4
      },
      "min" : {
        "ns" : 11201,
        "us" : 11.201,
        "ms" : 0.011201,
        "s" : 1.1201E-5
      },
      "max" : {
        "ns" : 499230,
        "us" : 499.23,
        "ms" : 0.49923,
        "s" : 4.9923E-4
      }
    },
    "ConditionalPointDetector.handleFeedback<Analyzer>" : {
      "count" : 9,
      "average" : {
        "ns" : 1011726.8888888889,
        "us" : 1011.7268888888889,
        "ms" : 1.0117268888888888,
        "s" : 0.0010117268888888888
      },
      "min" : {
        "ns" : 235214,
        "us" : 235.214,
        "ms" : 0.235214,
        "s" : 2.35214E-4
      },
      "max" : {
        "ns" : 4524170,
        "us" : 4524.17,
        "ms" : 4.52417,
        "s" : 0.00452417
      }
    },
    "RedundancyAnalyzer.handleFeedback<Analyzer>" : {
      "count" : 9,
      "average" : {
        "ns" : 47180.555555555555,
        "us" : 47.18055555555556,
        "ms" : 0.04718055555555555,
        "s" : 4.718055555555556E-5
      },
      "min" : {
        "ns" : 21501,
        "us" : 21.501,
        "ms" : 0.021501,
        "s" : 2.1501E-5
      },
      "max" : {
        "ns" : 139008,
        "us" : 139.008,
        "ms" : 0.139008,
        "s" : 1.39008E-4
      }
    },
    "StatusAnalyzer.handleFeedback<Analyzer>" : {
      "count" : 9,
      "average" : {
        "ns" : 31790.666666666668,
        "us" : 31.790666666666667,
        "ms" : 0.03179066666666667,
        "s" : 3.179066666666667E-5
      },
      "min" : {
        "ns" : 4700,
        "us" : 4.7,
        "ms" : 0.0047,
        "s" : 4.7E-6
      },
      "max" : {
        "ns" : 241214,
        "us" : 241.214,
        "ms" : 0.241214,
        "s" : 2.41214E-4
      }
    },
    "BehaviorAnalyzer.handleFeedback<Analyzer>" : {
      "count" : 9,
      "average" : {
        "ns" : 275149.6666666667,
        "us" : 275.1496666666667,
        "ms" : 0.2751496666666667,
        "s" : 2.7514966666666667E-4
      },
      "min" : {
        "ns" : 114407,
        "us" : 114.407,