{
  "stats" : {
    "nextFaultload" : {
      "count" : 10,
      "average" : {
        "ns" : 3437277.7,
        "us" : 3437.2777,
        "ms" : 3.4372777,
        "s" : 0.0034372777
      },
      "min" : {
        "ns" : 1671987,
        "us" : 1671.987,
        "ms" : 1.671987,
        "s" : 0.001671987
      },
      "max" : {
        "ns" : 9516992,
        "us" : 9516.992,
        "ms" : 9.516992,
        "s" : 0.009516992
      }
    },
    "Per test" : {
      "count" : 9,
      "average" : {
        "ns" : 5.534914044444445E7,
        "us" : 55349.14044444445,
        "ms" : 55.34914044444445,
        "s" : 0.055349140444444445
      },
      "min" : {
        "ns" : 26856789,
        "us" : 26856.789,
        "ms" : 26.856789,
        "s" : 0.026856789
      },
      "max" : {
        "ns" : 226203500,
        "us" : 226203.5,
        "ms" : 226.2035,
        "s" : 0.2262035
      }
    },
    "registerFaultload" : {
      "count" : 9,
      "average" : {
        "ns" : 1.5759203888888888E7,
        "us" : 15759.203888888887,
        "ms" : 15.759203888888887,
        "s" : 0.01575920388888889
      },
      "min" : {
        "ns" : 2885749,
        "us" : 2885.749,
        "ms" : 2.885749,
        "s" : 0.002885749
      },
      "max" : {
        "ns" : 102476100,
        "us" : 102476.1,
        "ms" : 102.4761,
        "s" : 0.1024761
      }
    },
    "testMethod" : {
      "count" : 9,
      "average" : {
        "ns" : 1.4128408666666666E7,
        "us" : 14128.408666666666,
        "ms" : 14.128408666666665,
        "s" : 0.014128408666666667
      },
      "min" : {
        "ns" : 11396689,
        "us" : 11396.689,
        "ms" : 11.396689,
        "s" : 0.011396689
      },
      "max" : {
        "ns" : 19439405,
        "us" : 19439.405,
        "ms" : 19.439405,
        "s" : 0.019439405
      }
    },
    "getTraceWithDelay" : {
      "count" : 9,
      "average" : {
        "ns" : 2.5220748666666668E7,
        "us" : 25220.748666666666,
        "ms" : 25.22074866666667,
        "s" : 0.025220748666666667
      },
      "min" : {
        "ns" : 11515895,
        "us" : 11515.895,
        "ms" : 11.515895,
        "s" : 0.011515895
      },
      "max" : {
        "ns" : 104024580,
        "us" : 104024.58,
        "ms" : 104.02458,
        "s" : 0.10402458
      }
    },
    "getTrace" : {
      "count" : 9,
      "average" : {
        "ns" : 1.5669865777777778E7,
        "us" : 15669.865777777777,
        "ms" : 15.669865777777778,
        "s" : 0.015669865777777778
      },
      "min" : {
        "ns" : 6254823,
        "us" : 6254.823,
        "ms" : 6.254823,
        "s" : 0.006254823
      },
      "max" : {
        "ns" : 75974029,
        "us" : 75974.029,
        "ms" : 75.974029,
        "s" : 0.075974029
      }
    },
    "handleResult" : {
      "count" : 9,
      "average" : {
        "ns" : 5976053.222222222,
        "us" : 5976.053222222222,
        "ms" : 5.976053222222222,
        "s" : 0.005976053222222222
      },
      "min" : {
        "ns" : 2379723,
        "us" : 2379.723,
        "ms" : 2.379723,
        "s" : 0.002379723
      },
      "max" : {
        "ns" : 19325699,
        "us" : 19325.699,
        "ms" : 19.325699,
        "s" : 0.019325699
      }
    },
    "StrategyRunner.analyze" : {
      "count" : 9,
      "average" : {
        "ns" : 5835201.666666667,
        "us" : 5835.201666666667,
        "ms" : 5.835201666666667,
        "s" : 0.005835201666666667
      },
      "min" : {
        "ns" : 2295719,
        "us" : 2295.719,
        "ms" : 2.295719,
        "s" : 0.002295719
      },
      "max" : {
        "ns" : 18965181,
        "us" : 18965.181,
        "ms" : 18.965181,
        "s" : 0.018965181
      }
    },
    "DynamicExplorationGenerator.handleFeedback<Analyzer>" : {
      "count" : 9,
      "average" : {
        "ns" : 966661.1111111111,
        "us" : 966.6611111111112,
        "ms" : 0.9666611111111111,
        "s" : 9.666611111111111E-4
      },
      "min" : {
        "ns" : 89005,
        "us" : 89.005,
        "ms" : 0.089005,
        "s" : 8.9005E-5
      },
      "max" : {
        "ns" : 5374878,
        "us" : 5374.878,
        "ms" : 5.374878,
        "s" : 0.005374878
      }
    },
    "HappyPathDetector.handleFeedback<Analyzer>" : {
      "count" : 9,
      "average" : {
        "ns" : 61925.555555555555,
        "us" : 61.925555555555555,
        "ms" : 0.06192555555555555,
        "s" : 6.192555555555555E-5
      },
      "min" : {
        "ns" : 2800,
        "us" : 2.8,
        "ms" : 0.0028,
        "s" : 2.8E-6
      },
      "max" : {
        "ns" : 526528,
        "us" : 526.528,
        "ms" : 0.526528,
        "s" : 5.26528E-4
      }
    },
    "ParentChildDetector.handleFeedback<Analyzer>" : {
      "count" : 9,
      "average" : {
        "ns" : 888434.7777777778,
        "us" : 888.4347777777778,
        "ms" : 0.8884347777777778,
        "s" : 8.884347777777777E-4
      },
      "min" : {
        "ns" : 46603,
        "us" : 46.603,
        "ms" : 0.046603,
        "s" : 4.6603E-5
      },
      "max" : {
        "ns" : 7373981,
        "us" : 7373.981,
        "ms" : 7.373981,
        "s" : 0.007373981
      }
    },
    "HappensBeforeNeighbourDetector.handleFeedback<Analyzer>" : {
      "count" : 9,
      "average" : {
        "ns" : 490169.55555555556,
        "us" : 490.1695555555556,
        "ms" : 0.4901695555555556,
        "s" : 4.901695555555556E-4
      },
      "min" : {
        "ns" : 12900,
        "us" : 12.9,
        "ms" : 0.0129,
        "s" : 1.29E-5
      },
      "max" : {
        "ns" : 1115257,
        "us" : 1115.257,
        "ms" : 1.115257,
        "s" : 0.001115257
      }
    },
    "ErrorPropagationDetector.handleFeedback<Analyzer>" : {
      "count" : 9,
      "average" : {
        "ns" : 285070.55555555556,
        "us" : 285.0705555555556,
        "ms" : 0.28507055555555555,
        "s" : 2.8507055555555556E-4
      },
      "min" : {
        "ns" : 3700,
        "us" : 3.7,
        "ms" : 0.0037,
        "s" : 3.7E-6
      },
      "max" : {
        "ns" : 1338769,
        "us" : 1338.769,
        "ms" : 1.338769,
        "s" : 0.001338769
      }
    },
    "ConditionalPointDetector.handleFeedback<Analyzer>" : {
      "count" : 9,
      "average" : {
        "ns" : 2076652.0,
        "us" : 2076.652,
        "ms" : 2.076652,
        "s" : 0.002076652
      },
      "min" : {
        "ns" : 252813,
        "us" : 252.813,
        "ms" : 0.252813,
        "s" : 2.52813E-4
      },
      "max" : {
        "ns" : 7265376,
        "us" : 7265.376,
        "ms" : 7.265376,
        "s" : 0.007265376
      }
    },
    "RedundancyAnalyzer.handleFeedback<Analyzer>" : {
      "count" : 9,
      "average" : {
        "ns" : 36402.0,
        "us" : 36.402,
        "ms" : 0.036402,
        "s" : 3.6402E-5
      },
      "min" : {
        "ns" : 16301,
        "us" : 16.301,
        "ms" : 0.016301,
        "s" : 1.6301E-5
      },
      "max" : {
        "ns" : 100705,
        "us" : 100.705,
        "ms" : 0.100705,
        "s" : 1.00705E-4
      }
    },
    "StatusAnalyzer.handleFeedback<Analyzer>" : {
      "count" : 9,
      "average" : {
        "ns" : 21156.555555555555,
        "us" : 21.156555555555556,
        "ms" : 0.021156555555555553,
        "s" : 2.1156555555555554E-5
      },
      "min" : {
        "ns" : 4800,
        "us" : 4.8,
        "ms" : 0.0048,
        "s" : 4.8E-6
      },
      "max" : {
        "ns" : 139807,
        "us" : 139.807,
        "ms" : 0.139807,
        "s" : 1.39807E-4
      }
    },
    "BehaviorAnalyzer.handleFeedback<Analyzer>" : {
      "count" : 9,
      "average" : {
        "ns" : 541939.2222222222,
        "us" : 541.9392222222223,
        "ms" : 0.5419392222222222,
        "s" : 5.419392222222222E-4
      },
      "min" : {
        "ns" : 242512,
        "us" : 242.512,
        "ms" : 0.242512,
        "s" : 2.42512E-4
      },
      "max" : {
        "ns" : 1532880,