{
  "stats" : {
    "nextFaultload" : {
      "count" : 22,
      "average" : {
        "ns" : 2695118.4545454546,
        "us" : 2695.1184545454544,
        "ms" : 2.6951184545454545,
        "s" : 0.0026951184545454545
      },
      "min" : {
        "ns" : 314813,
        "us" : 314.813,
        "ms" : 0.314813,
        "s" : 3.14813E-4
      },
      "max" : {
        "ns" : 4733384,
        "us" : 4733.384,
        "ms" : 4.733384,
        "s" : 0.004733384
      }
    },
    "Per test" : {
      "count" : 21,
      "average" : {
        "ns" : 4.4247958666666664E7,
        "us" : 44247.958666666666,
        "ms" : 44.24795866666666,
        "s" : 0.04424795866666666
      },
      "min" : {
        "ns" : 24542955,
        "us" : 24542.955,
        "ms" : 24.542955,
        "s" : 0.024542955
      },
      "max" : {
        "ns" : 250678847,
        "us" : 250678.847,
        "ms" : 250.678847,
        "s" : 0.250678847
      }
    },
    "registerFaultload" : {
      "count" : 21,
      "average" : {
        "ns" : 9803390.857142856,
        "us" : 9803.390857142856,
        "ms" : 9.803390857142857,
        "s" : 0.009803390857142857
      },
      "min" : {
        "ns" : 2892013,
        "us" : 2892.013,
        "ms" : 2.892013,
        "s" : 0.002892013
      },
      "max" : {
        "ns" : 120843599,
        "us" : 120843.599,
        "ms" : 120.843599,
        "s" : 0.120843599
      }
    },
    "testMethod" : {
      "count" : 21,
      "average" : {
        "ns" : 1.5538385095238095E7,
        "us" : 15538.385095238094,
        "ms" : 15.538385095238095,
        "s" : 0.015538385095238095
      },
      "min" : {
        "ns" : 11291039,
        "us" : 11291.039,
        "ms" : 11.291039,
        "s" : 0.011291039
      },
      "max" : {
        "ns" : 26696538,
        "us" : 26696.538,
        "ms" : 26.696538,
        "s" : 0.026696538
      }
    },
    "getTraceWithDelay" : {
      "count" : 21,
      "average" : {
        "ns" : 1.864829661904762E7,
        "us" : 18648.296619047618,
        "ms" : 18.64829661904762,
        "s" : 0.01864829661904762
      },
      "min" : {
        "ns" : 10141494,
        "us" : 10141.494,
        "ms" : 10.141494,
        "s" : 0.010141494
      },
      "max" : {
        "ns" : 102836599,
        "us" : 102836.599,
        "ms" : 102.836599,
        "s" : 0.102836599
      }
    },
    "getTrace" : {
      "count" : 21,
      "average" : {
        "ns" : 1.1028628857142856E7,
        "us" : 11028.628857142856,
        "ms" : 11.028628857142856,
        "s" : 0.011028628857142857
      },
      "min" : {
        "ns" : 5341608,
        "us" : 5341.608,
        "ms" : 5.341608,
        "s" : 0.005341608
      },
      "max" : {
        "ns" : 73945976,
        "us" : 73945.976,
        "ms" : 73.945976,
        "s" : 0.073945976
      }
    },
    "handleResult" : {
      "count" : 21,
      "average" : {
        "ns" : 4000270.0476190476,
        "us" : 4000.2700476190475,
        "ms" : 4.000270047619048,
        "s" : 0.004000270047619048
      },
      "min" : {
        "ns" : 1893574,
        "us" : 1893.574,
        "ms" : 1.893574,
        "s" : 0.001893574
      },
      "max" : {
        "ns" : 20220487,
        "us" : 20220.487,
        "ms" : 20.220487,
        "s" : 0.020220487
      }
    },
    "StrategyRunner.analyze" : {
      "count" : 21,
      "average" : {
        "ns" : 3884813.1904761903,
        "us" : 3884.8131904761904,
        "ms" : 3.8848131904761902,
        "s" : 0.0038848131904761904
      },
      "min" : {
        "ns" : 1831372,
        "us" : 1831.372,
        "ms" : 1.831372,
        "s" : 0.001831372
      },
      "max" : {
        "ns" : 19851372,
        "us" : 19851.372,
        "ms" : 19.851372,
        "s" : 0.019851372
      }
    },
    "DynamicExplorationGenerator.handleFeedback<Analyzer>" : {
      "count" : 21,
      "average" : {
        "ns" : 551231.0476190476,
        "us" : 551.2310476190476,
        "ms" : 0.5512310476190476,
        "s" : 5.512310476190476E-4
      },
      "min" : {
        "ns" : 74303,
        "us" : 74.303,
        "ms" : 0.074303,
        "s" : 7.4303E-5
      },
      "max" : {
        "ns" : 5916730,
        "us" : 5916.73,
        "ms" : 5.91673,
        "s" : 0.00591673
      }
    },
    "HappyPathDetector.handleFeedback<Analyzer>" : {
      "count" : 21,
      "average" : {
        "ns" : 29067.714285714286,
        "us" : 29.067714285714285,
        "ms" : 0.029067714285714287,
        "s" : 2.9067714285714287E-5
      },
      "min" : {
        "ns" : 2700,
        "us" : 2.7,
        "ms" : 0.0027,
        "s" : 2.7E-6
      },
      "max" : {
        "ns" : 523121,
        "us" : 523.121,
        "ms" : 0.523121,
        "s" : 5.23121E-4
      }
    },
    "ParentChildDetector.handleFeedback<Analyzer>" : {
      "count" : 21,
      "average" : {
        "ns" : 449350.8095238095,
        "us" : 449.3508095238095,
        "ms" : 0.4493508095238095,
        "s" : 4.4935080952380953E-4
      },
      "min" : {
        "ns" : 39202,
        "us" : 39.202,
        "ms" : 0.039202,
        "s" : 3.9202E-5
      },
      "max" : {
        "ns" : 7826804,
        "us" : 7826.804,
        "ms" : 7.826804,
        "s" : 0.007826804
      }
    },
    "HappensBeforeNeighbourDetector.handleFeedback<Analyzer>" : {
      "count" : 21,
      "average" : {
        "ns" : 451488.95238095237,
        "us" : 451.48895238095236,
        "ms" : 0.4514889523809524,
        "s" : 4.5148895238095237E-4
      },
      "min" : {
        "ns" : 10501,
        "us" : 10.501,
        "ms" : 0.010501,
        "s" : 1.0501E-5
      },
      "max" : {
        "ns" : 1304350,
        "us" : 1304.35,
        "ms" : 1.30435,
        "s" : 0.00130435
      }
    },
    "ErrorPropagationDetector.handleFeedback<Analyzer>" : {
      "count" : 21,
      "average" : {
        "ns" : 398110.6666666667,
        "us" : 398.1106666666667,
        "ms" : 0.39811066666666667,
        "s" : 3.9811066666666666E-4
      },
      "min" : {
        "ns" : 4700,
        "us" : 4.7,
        "ms" : 0.0047,
        "s" : 4.7E-6
      },
      "max" : {
        "ns" : 1378653,
        "us" : 1378.653,
        "ms" : 1.378653,
        "s" : 0.001378653
      }
    },
    "ConditionalPointDetector.handleFeedback<Analyzer>" : {
      "count" : 21,
      "average" : {
        "ns" : 810846.0476190476,
        "us" : 810.8460476190476,
        "ms" : 0.8108460476190475,
        "s" : 8.108460476190475E-4
      },
      "min" : {
        "ns" : 136506,
        "us" : 136.506,
        "ms" : 0.136506,
        "s" : 1.36506E-4
      },
      "max" : {
        "ns" : 4314268,
        "us" : 4314.268,
        "ms" : 4.314268,
        "s" : 0.004314268
      }
    },
    "RedundancyAnalyzer.handleFeedback<Analyzer>" : {
      "count" : 21,
      "average" : {
        "ns" : 65369.142857142855,
        "us" : 65.36914285714286,
        "ms" : 0.06536914285714286,
        "s" : 6.536914285714285E-5
      },
      "min" : {
        "ns" : 16001,
        "us" : 16.001,
        "ms" : 0.016001,
        "s" : 1.6001E-5
      },
      "max" : {
        "ns" : 482019,
        "us" : 482.019,
        "ms" : 0.482019,
        "s" : 4.82019E-4
      }
    },
    "StatusAnalyzer.handleFeedback<Analyzer>" : {
      "count" : 21,
      "average" : {
        "ns" : 18252.85714285714,
        "us" : 18.252857142857142,
        "ms" : 0.01825285714285714,
        "s" : 1.825285714285714E-5
      },
      "min" : {
        "ns" : 3800,
        "us" : 3.8,
        "ms" : 0.0038,
        "s" : 3.8E-6
      },
      "max" : {
        "ns" : 128605,
        "us" : 128.605,
        "ms" : 0.128605,
        "s" : 1.28605E-4
      }
    },
    "BehaviorAnalyzer.handleFeedback<Analyzer>" : {
      "count" : 21,
      "average" : {
        "ns" : 521272.8095238095,
        "us" : 521.2728095238095,
        "ms" : 0.5212728095238095,
        "s" : 5.212728095238096E-4
      },