{
  "stats" : {
    "nextFaultload" : {
      "count" : 22,
      "average" : {
        "ns" : 2611014.590909091,
        "us" : 2611.0145909090907,
        "ms" : 2.611014590909091,
        "s" : 0.002611014590909091
      },
      "min" : {
        "ns" : 288716,
        "us" : 288.716,
        "ms" : 0.288716,
        "s" : 2.88716E-4
      },
      "max" : {
        "ns" : 5781414,
        "us" : 5781.414,
        "ms" : 5.781414,
        "s" : 0.005781414
      }
    },
    "Per test" : {
      "count" : 21,
      "average" : {
        "ns" : 4.08102510952381E7,
        "us" : 40810.2510952381,
        "ms" : 40.810251095238094,
        "s" : 0.040810251095238094
      },
      "min" : {
        "ns" : 23960602,
        "us" : 23960.602,
        "ms" : 23.960602,
        "s" : 0.023960602
      },
      "max" : {
        "ns" : 237874027,
        "us" : 237874.027,
        "ms" : 237.874027,
        "s" : 0.237874027
      }
    },
    "registerFaultload" : {
      "count" : 21,
      "average" : {
        "ns" : 9124605.38095238,
        "us" : 9124.60538095238,
        "ms" : 9.12460538095238,
        "s" : 0.00912460538095238
      },
      "min" : {
        "ns" : 2682745,
        "us" : 2682.745,
        "ms" : 2.682745,
        "s" : 0.002682745
      },
      "max" : {
        "ns" : 111597965,
        "us" : 111597.965,
        "ms" : 111.597965,
        "s" : 0.111597965
      }
    },
    "testMethod" : {
      "count" : 21,
      "average" : {
        "ns" : 1.4129739142857144E7,
        "us" : 14129.739142857145,
        "ms" : 14.129739142857144,
        "s" : 0.014129739142857143
      },
      "min" : {
        "ns" : 10906493,
        "us" : 10906.493,
        "ms" : 10.906493,
        "s" : 0.010906493
      },
      "max" : {
        "ns" : 25436382,
        "us" : 25436.382,
        "ms" : 25.436382,
        "s" : 0.025436382
      }
    },
    "getTraceWithDelay" : {
      "count" : 21,
      "average" : {
        "ns" : 1.734004704761905E7,
        "us" : 17340.04704761905,
        "ms" : 17.34004704761905,
        "s" : 0.01734004704761905
      },
      "min" : {
        "ns" : 9522017,
        "us" : 9522.017,
        "ms" : 9.522017,
        "s" : 0.009522017
      },
      "max" : {
        "ns" : 101388709,
        "us" : 101388.709,
        "ms" : 101.388709,
        "s" : 0.101388709
      }
    },
    "getTrace" : {
      "count" : 21,
      "average" : {
        "ns" : 1.0350772047619049E7,
        "us" : 10350.772047619048,
        "ms" : 10.35077204761905,
        "s" : 0.010350772047619049
      },
      "min" : {
        "ns" : 4999372,
        "us" : 4999.372,
        "ms" : 4.999372,
        "s" : 0.004999372
      },
      "max" : {
        "ns" : 72786355,
        "us" : 72786.355,
        "ms" : 72.786355,
        "s" : 0.072786355
      }
    },
    "handleResult" : {
      "count" : 21,
      "average" : {
        "ns" : 3717559.1904761903,
        "us" : 3717.5591904761905,
        "ms" : 3.7175591904761904,
        "s" : 0.0037175591904761904
      },
      "min" : {
        "ns" : 1625988,
        "us" : 1625.988,
        "ms" : 1.625988,
        "s" : 0.001625988
      },
      "max" : {
        "ns" : 19570964,
        "us" : 19570.964,
        "ms" : 19.570964,
        "s" : 0.019570964
      }
    },
    "StrategyRunner.analyze" : {
      "count" : 21,
      "average" : {
        "ns" : 3608919.904761905,
        "us" : 3608.919904761905,
        "ms" : 3.6089199047619047,
        "s" : 0.0036089199047619046
      },
      "min" : {
        "ns" : 1560685,
        "us" : 1560.685,
        "ms" : 1.560685,
        "s" : 0.001560685
      },
      "max" : {
        "ns" : 19240645,
        "us" : 19240.645,
        "ms" : 19.240645,
        "s" : 0.019240645
      }
    },
    "DynamicExplorationGenerator.handleFeedback<Analyzer>" : {
      "count" : 21,
      "average" : {
        "ns" : 527576.2380952381,
        "us" : 527.5762380952381,
        "ms" : 0.5275762380952381,
        "s" : 5.275762380952381E-4
      },
      "min" : {
        "ns" : 71304,
        "us" : 71.304,
        "ms" : 0.071304,
        "s" : 7.1304E-5
      },
      "max" : {
        "ns" : 5894121,
        "us" : 5894.121,
        "ms" : 5.894121,
        "s" : 0.005894121
      }
    },
    "HappyPathDetector.handleFeedback<Analyzer>" : {
      "count" : 21,
      "average" : {
        "ns" : 30244.571428571428,
        "us" : 30.244571428571426,
        "ms" : 0.030244571428571426,
        "s" : 3.0244571428571426E-5
      },
      "min" : {
        "ns" : 2000,
        "us" : 2.0,
        "ms" : 0.002,
        "s" : 2.0E-6
      },
      "max" : {
        "ns" : 562631,
        "us" : 562.631,
        "ms" : 0.562631,
        "s" : 5.62631E-4
      }
    },
    "ParentChildDetector.handleFeedback<Analyzer>" : {
      "count" : 21,
      "average" : {
        "ns" : 423194.38095238095,
        "us" : 423.1943809523809,
        "ms" : 0.42319438095238093,
        "s" : 4.2319438095238097E-4
      },
      "min" : {
        "ns" : 32402,
        "us" : 32.402,
        "ms" : 0.032402,
        "s" : 3.2402E-5
      },
      "max" : {
        "ns" : 7294796,
        "us" : 7294.796,
        "ms" : 7.294796,
        "s" : 0.007294796
      }
    },
    "HappensBeforeNeighbourDetector.handleFeedback<Analyzer>" : {
      "count" : 21,
      "average" : {
        "ns" : 448010.09523809527,
        "us" : 448.0100952380953,
        "ms" : 0.44801009523809526,
        "s" : 4.480100952380953E-4
      },
      "min" : {
        "ns" : 15201,
        "us" : 15.201,
        "ms" : 0.015201,
        "s" : 1.5201E-5
      },
      "max" : {
        "ns" : 1127461,
        "us" : 1127.461,
        "ms" : 1.127461,
        "s" : 0.001127461
      }
    },
    "ErrorPropagationDetector.handleFeedback<Analyzer>" : {
      "count" : 21,
      "average" : {
        "ns" : 364634.1904761905,
        "us" : 364.6341904761905,
        "ms" : 0.3646341904761905,
        "s" : 3.6463419047619045E-4
      },
      "min" : {
        "ns" : 4000,
        "us" : 4.0,
        "ms" : 0.004,
        "s" : 4.0E-6
      },
      "max" : {
        "ns" : 1200966,
        "us" : 1200.966,
        "ms" : 1.200966,
        "s" : 0.001200966
      }
    },
    "ConditionalPointDetector.handleFeedback<Analyzer>" : {
      "count" : 21,
      "average" : {
        "ns" : 741002.2857142857,
        "us" : 741.0022857142857,
        "ms" : 0.7410022857142857,
        "s" : 7.410022857142857E-4
      },
      "min" : {
        "ns" : 139508,
        "us" : 139.508,
        "ms" : 0.139508,
        "s" : 1.39508E-4
      },
      "max" : {
        "ns" : 4129525,
        "us" : 4129.525,
        "ms" : 4.129525,
        "s" : 0.004129525
      }
    },
    "RedundancyAnalyzer.handleFeedback<Analyzer>" : {
      "count" : 21,
      "average" : {
        "ns" : 47983.666666666664,
        "us" : 47.983666666666664,
        "ms" : 0.04798366666666667,
        "s" : 4.7983666666666666E-5
      },
      "min" : {
        "ns" : 14901,
        "us" : 14.901,
        "ms" : 0.014901,
        "s" : 1.4901E-5
      },
      "max" : {
        "ns" : 139308,
        "us" : 139.308,
        "ms" : 0.139308,
        "s" : 1.39308E-4
      }
    },
    "StatusAnalyzer.handleFeedback<Analyzer>" : {
      "count" : 21,
      "average" : {
        "ns" : 19353.333333333332,
        "us" : 19.35333333333333,
        "ms" : 0.019353333333333333,
        "s" : 1.9353333333333333E-5
      },
      "min" : {
        "ns" : 2900,
        "us" : 2.9,
        "ms" : 0.0029,
        "s" : 2.9E-6
      },
      "max" : {
        "ns" : 137207,
        "us" : 137.207,
        "ms" : 0.137207,
        "s" : 1.37207E-4
      }
    },
    "BehaviorAnalyzer.handleFeedback<Analyzer>" : {
      "count" : 21,
      "average" : {
        "ns" : 480621.3333333333,
        "us" : 480.6213333333333,
        "ms" : 0.4806213333333333,
        "s" : 4.806213333333333E-4
      },