{
  "stats" : {
    "nextFaultload" : {
      "count" : 10,
      "average" : {
        "ns" : 2442941.8,
        "us" : 2442.9417999999996,
        "ms" : 2.4429418,
        "s" : 0.0024429418
      },
      "min" : {
        "ns" : 1471327,
        "us" : 1471.327,
        "ms" : 1.471327,
        "s" : 0.001471327
      },
      "max" : {
        "ns" : 6774924,
        "us" : 6774.924,
        "ms" : 6.774924,
        "s" : 0.006774924
      }
    },
    "Per test" : {
      "count" : 9,
      "average" : {
        "ns" : 5.861375044444445E7,
        "us" : 58613.75044444445,
        "ms" : 58.61375044444445,
        "s" : 0.058613750444444446
      },
      "min" : {
        "ns" : 27202528,
        "us" : 27202.528,
        "ms" : 27.202528,
        "s" : 0.027202528
      },
      "max" : {
        "ns" : 263674182,
        "us" : 263674.182,
        "ms" : 263.674182,
        "s" : 0.263674182
      }
    },
    "registerFaultload" : {
      "count" : 9,
      "average" : {
        "ns" : 1.9782384555555556E7,
        "us" : 19782.384555555556,
        "ms" : 19.782384555555556,
        "s" : 0.019782384555555556
      },
      "min" : {
        "ns" : 3688849,
        "us" : 3688.849,
        "ms" : 3.688849,
        "s" : 0.003688849
      },
      "max" : {
        "ns" : 123004594,
        "us" : 123004.594,
        "ms" : 123.004594,
        "s" : 0.123004594
      }
    },
    "testMethod" : {
      "count" : 9,
      "average" : {
        "ns" : 2.9117408555555556E7,
        "us" : 29117.408555555558,
        "ms" : 29.117408555555556,
        "s" : 0.029117408555555557
      },
      "min" : {
        "ns" : 16042143,
        "us" : 16042.143,
        "ms" : 16.042143,
        "s" : 0.016042143
      },
      "max" : {
        "ns" : 116683219,
        "us" : 116683.219,
        "ms" : 116.683219,
        "s" : 0.116683219
      }
    },
    "getTraceWithDelay" : {
      "count" : 9,
      "average" : {
        "ns" : 2.7027227555555556E7,
        "us" : 27027.227555555557,
        "ms" : 27.027227555555555,
        "s" : 0.027027227555555557
      },
      "min" : {
        "ns" : 13712666,
        "us" : 13712.666,
        "ms" : 13.712666,
        "s" : 0.013712666
      },
      "max" : {
        "ns" : 105882281,
        "us" : 105882.281,
        "ms" : 105.882281,
        "s" : 0.105882281
      }
    },
    "getTrace" : {
      "count" : 9,
      "average" : {
        "ns" : 1.7058752222222224E7,
        "us" : 17058.752222222225,
        "ms" : 17.058752222222225,
        "s" : 0.017058752222222223
      },
      "min" : {
        "ns" : 7150101,
        "us" : 7150.101,
        "ms" : 7.150101,
        "s" : 0.007150101
      },
      "max" : {
        "ns" : 81170788,
        "us" : 81170.788,
        "ms" : 81.170788,
        "s" : 0.081170788
      }
    },
    "handleResult" : {
      "count" : 9,
      "average" : {
        "ns" : 4619199.555555556,
        "us" : 4619.199555555556,
        "ms" : 4.619199555555556,
        "s" : 0.004619199555555556
      },
      "min" : {
        "ns" : 1890834,
        "us" : 1890.834,
        "ms" : 1.890834,
        "s" : 0.001890834
      },
      "max" : {
        "ns" : 18414067,
        "us" : 18414.067,
        "ms" : 18.414067,
        "s" : 0.018414067
      }
    },
    "StrategyRunner.analyze" : {
      "count" : 9,
      "average" : {
        "ns" : 4570445.111111111,
        "us" : 4570.445111111111,
        "ms" : 4.570445111111111,
        "s" : 0.004570445111111111
      },
      "min" : {
        "ns" : 1883344,
        "us" : 1883.344,
        "ms" : 1.883344,
        "s" : 0.001883344
      },
      "max" : {
        "ns" : 18189942,
        "us" : 18189.942,
        "ms" : 18.189942,
        "s" : 0.018189942
      }
    },
    "DynamicExplorationGenerator.handleFeedback<Analyzer>" : {
      "count" : 9,
      "average" : {
        "ns" : 1188696.0,
        "us" : 1188.696,
        "ms" : 1.188696,
        "s" : 0.001188696
      },
      "min" : {
        "ns" : 103222,
        "us" : 103.222,
        "ms" : 0.103222,
        "s" : 1.03222E-4
      },
      "max" : {
        "ns" : 7766754,
        "us" : 7766.754,
        "ms" : 7.766754,
        "s" : 0.007766754
      }
    },
    "HappyPathDetector.handleFeedback<Analyzer>" : {
      "count" : 9,
      "average" : {
        "ns" : 56477.555555555555,
        "us" : 56.477555555555554,
        "ms" : 0.05647755555555555,
        "s" : 5.6477555555555554E-5
      },
      "min" : {
        "ns" : 3530,
        "us" : 3.53,
        "ms" : 0.00353,
        "s" : 3.53E-6
      },
      "max" : {
        "ns" : 475028,
        "us" : 475.028,
        "ms" : 0.475028,
        "s" : 4.75028E-4
      }
    },
    "ParentChildDetector.handleFeedback<Analyzer>" : {
      "count" : 9,
      "average" : {
        "ns" : 403441.6666666667,
        "us" : 403.44166666666666,
        "ms" : 0.4034416666666667,
        "s" : 4.034416666666667E-4
      },
      "min" : {
        "ns" : 49651,
        "us" : 49.651,
        "ms" : 0.049651,
        "s" : 4.9651E-5
      },
      "max" : {
        "ns" : 2769599,
        "us" : 2769.599,
        "ms" : 2.769599,
        "s" : 0.002769599
      }
    },
    "HappensBeforeNeighbourDetector.handleFeedback<Analyzer>" : {
      "count" : 9,
      "average" : {
        "ns" : 900349.7777777778,
        "us" : 900.3497777777777,
        "ms" : 0.9003497777777778,
        "s" : 9.003497777777778E-4
      },
      "min" : {
        "ns" : 8870,
        "us" : 8.87,
        "ms" : 0.00887,
        "s" : 8.87E-6
      },
      "max" : {
        "ns" : 2618938,
        "us" : 2618.938,
        "ms" : 2.618938,
        "s" : 0.002618938
      }
    },
    "ErrorPropagationDetector.handleFeedback<Analyzer>" : {
      "count" : 9,
      "average" : {
        "ns" : 200332.55555555556,
        "us" : 200.33255555555556,
        "ms" : 0.20033255555555557,
        "s" : 2.0033255555555556E-4
      },
      "min" : {
        "ns" : 11950,
        "us" : 11.95,
        "ms" : 0.01195,
        "s" : 1.195E-5
      },
      "max" : {
        "ns" : 533810,
        "us" : 533.81,
        "ms" : 0.53381,
        "s" : 5.3381E-4
      }
    },
    "ConditionalPointDetector.handleFeedback<Analyzer>" : {
      "count" : 9,
      "average" : {
        "ns" : 1213214.3333333333,
        "us" : 1213.2143333333333,
        "ms" : 1.2132143333333332,
        "s" : 0.0012132143333333332
      },
      "min" : {
        "ns" : 316876,
        "us" : 316.876,
        "ms" : 0.316876,
        "s" : 3.16876E-4
      },
      "max" : {
        "ns" : 5568852,
        "us" : 5568.852,
        "ms" : 5.568852,
        "s" : 0.005568852
      }
    },
    "RedundancyAnalyzer.handleFeedback<Analyzer>" : {
      "count" : 9,
      "average" : {
        "ns" : 41858.555555555555,
        "us" : 41.858555555555554,
        "ms" : 0.04185855555555555,
        "s" : 4.185855555555556E-5
      },
      "min" : {
        "ns" : 21341,
        "us" : 21.341,
        "ms" : 0.021341,
        "s" : 2.1341E-5
      },
      "max" : {
        "ns" : 116733,
        "us" : 116.733,
        "ms" : 0.116733,
        "s" : 1.16733E-4
      }
    },
    "StatusAnalyzer.handleFeedback<Analyzer>" : {
      "count" : 9,
      "average" : {
        "ns" : 29670.555555555555,
        "us" : 29.670555555555556,
        "ms" : 0.029670555555555554,
        "s" : 2.9670555555555554E-5
      },
      "min" : {
        "ns" : 5030,
        "us" : 5.03,
        "ms" : 0.00503,
        "s" : 5.03E-6
      },
      "max" : {
        "ns" : 221744,
        "us" : 221.744,
        "ms" : 0.221744,
        "s" : 2.21744E-4
      }
    },
    "BehaviorAnalyzer.handleFeedback<Analyzer>" : {
      "count" : 9,
      "average" : {
        "ns" : 283340.77777777775,
        "us" : 283.34077777777776,
        "ms" : 0.2833407777777778,
        "s" : 2.8334077777777776E-4
      },
      "min" : {
        "ns" : 110232,
        "us" : 110.232,