{
  "stats" : {
    "nextFaultload" : {
      "count" : 22,
      "average" : {
        "ns" : 2451318.3181818184,
        "us" : 2451.3183181818185,
        "ms" : 2.4513183181818183,
        "s" : 0.002451318318181818
      },
      "min" : {
        "ns" : 370314,
        "us" : 370.314,
        "ms" : 0.370314,
        "s" : 3.70314E-4
      },
      "max" : {
        "ns" : 4467674,
        "us" : 4467.674,
        "ms" : 4.467674,
        "s" : 0.004467674
      }
    },
    "Per test" : {
      "count" : 21,
      "average" : {
        "ns" : 3.97038400952381E7,
        "us" : 39703.8400952381,
        "ms" : 39.7038400952381,
        "s" : 0.0397038400952381
      },
      "min" : {
        "ns" : 24059239,
        "us" : 24059.239,
        "ms" : 24.059239,
        "s" : 0.024059239
      },
      "max" : {
        "ns" : 229226146,
        "us" : 229226.146,
        "ms" : 229.226146,
        "s" : 0.229226146
      }
    },
    "registerFaultload" : {
      "count" : 21,
      "average" : {
        "ns" : 8823439.61904762,
        "us" : 8823.43961904762,
        "ms" : 8.823439619047619,
        "s" : 0.00882343961904762
      },
      "min" : {
        "ns" : 2557900,
        "us" : 2557.9,
        "ms" : 2.5579,
        "s" : 0.0025579
      },
      "max" : {
        "ns" : 107023176,
        "us" : 107023.176,
        "ms" : 107.023176,
        "s" : 0.107023176
      }
    },
    "testMethod" : {
      "count" : 21,
      "average" : {
        "ns" : 1.3569915333333334E7,
        "us" : 13569.915333333334,
        "ms" : 13.569915333333334,
        "s" : 0.013569915333333333
      },
      "min" : {
        "ns" : 10969628,
        "us" : 10969.628,
        "ms" : 10.969628,
        "s" : 0.010969628
      },
      "max" : {
        "ns" : 23797928,
        "us" : 23797.928,
        "ms" : 23.797928,
        "s" : 0.023797928
      }
    },
    "getTraceWithDelay" : {
      "count" : 21,
      "average" : {
        "ns" : 1.710689623809524E7,
        "us" : 17106.89623809524,
        "ms" : 17.10689623809524,
        "s" : 0.017106896238095238
      },
      "min" : {
        "ns" : 9773081,
        "us" : 9773.081,
        "ms" : 9.773081,
        "s" : 0.009773081
      },
      "max" : {
        "ns" : 101928278,
        "us" : 101928.278,
        "ms" : 101.928278,
        "s" : 0.101928278
      }
    },
    "getTrace" : {
      "count" : 21,
      "average" : {
        "ns" : 1.0283377476190476E7,
        "us" : 10283.377476190475,
        "ms" : 10.283377476190475,
        "s" : 0.010283377476190476
      },
      "min" : {
        "ns" : 5200603,
        "us" : 5200.603,
        "ms" : 5.200603,
        "s" : 0.005200603
      },
      "max" : {
        "ns" : 73725777,
        "us" : 73725.777,
        "ms" : 73.725777,
        "s" : 0.073725777
      }
    },
    "handleResult" : {
      "count" : 21,
      "average" : {
        "ns" : 3619336.5714285714,
        "us" : 3619.3365714285715,
        "ms" : 3.6193365714285712,
        "s" : 0.0036193365714285715
      },
      "min" : {
        "ns" : 1766669,
        "us" : 1766.669,
        "ms" : 1.766669,
        "s" : 0.001766669
      },
      "max" : {
        "ns" : 19219451,
        "us" : 19219.451,
        "ms" : 19.219451,
        "s" : 0.019219451
      }
    },
    "StrategyRunner.analyze" : {
      "count" : 21,
      "average" : {
        "ns" : 3514446.761904762,
        "us" : 3514.4467619047623,
        "ms" : 3.514446761904762,
        "s" : 0.003514446761904762
      },
      "min" : {
        "ns" : 1699866,
        "us" : 1699.866,
        "ms" : 1.699866,
        "s" : 0.001699866
      },
      "max" : {
        "ns" : 18792833,
        "us" : 18792.833,
        "ms" : 18.792833,
        "s" : 0.018792833
      }
    },
    "DynamicExplorationGenerator.handleFeedback<Analyzer>" : {
      "count" : 21,
      "average" : {
        "ns" : 487695.28571428574,
        "us" : 487.6952857142857,
        "ms" : 0.4876952857142857,
        "s" : 4.8769528571428574E-4
      },
      "min" : {
        "ns" : 69003,
        "us" : 69.003,
        "ms" : 0.069003,
        "s" : 6.9003E-5
      },
      "max" : {
        "ns" : 5386710,
        "us" : 5386.71,
        "ms" : 5.38671,
        "s" : 0.00538671
      }
    },
    "HappyPathDetector.handleFeedback<Analyzer>" : {
      "count" : 21,
      "average" : {
        "ns" : 29386.95238095238,
        "us" : 29.386952380952383,
        "ms" : 0.02938695238095238,
        "s" : 2.938695238095238E-5
      },
      "min" : {
        "ns" : 2000,
        "us" : 2.0,
        "ms" : 0.002,
        "s" : 2.0E-6
      },
      "max" : {
        "ns" : 548021,
        "us" : 548.021,
        "ms" : 0.548021,
        "s" : 5.48021E-4
      }
    },
    "ParentChildDetector.handleFeedback<Analyzer>" : {
      "count" : 21,
      "average" : {
        "ns" : 419921.04761904763,
        "us" : 419.9210476190476,
        "ms" : 0.41992104761904764,
        "s" : 4.199210476190476E-4
      },
      "min" : {
        "ns" : 34001,
        "us" : 34.001,
        "ms" : 0.034001,
        "s" : 3.4001E-5
      },
      "max" : {
        "ns" : 7421190,
        "us" : 7421.19,
        "ms" : 7.42119,
        "s" : 0.00742119
      }
    },
    "HappensBeforeNeighbourDetector.handleFeedback<Analyzer>" : {
      "count" : 21,
      "average" : {
        "ns" : 443198.38095238095,
        "us" : 443.19838095238094,
        "ms" : 0.44319838095238095,
        "s" : 4.431983809523809E-4
      },
      "min" : {
        "ns" : 11501,
        "us" : 11.501,
        "ms" : 0.011501,
        "s" : 1.1501E-5
      },
      "max" : {
        "ns" : 1158446,
        "us" : 1158.446,
        "ms" : 1.158446,
        "s" : 0.001158446
      }
    },
    "ErrorPropagationDetector.handleFeedback<Analyzer>" : {
      "count" : 21,
      "average" : {
        "ns" : 373909.8095238095,
        "us" : 373.90980952380954,
        "ms" : 0.37390980952380953,
        "s" : 3.7390980952380955E-4
      },
      "min" : {
        "ns" : 4000,
        "us" : 4.0,
        "ms" : 0.004,
        "s" : 4.0E-6
      },
      "max" : {
        "ns" : 1352053,
        "us" : 1352.053,
        "ms" : 1.352053,
        "s" : 0.001352053
      }
    },
    "ConditionalPointDetector.handleFeedback<Analyzer>" : {
      "count" : 21,
      "average" : {
        "ns" : 709475.4285714285,
        "us" : 709.4754285714286,
        "ms" : 0.7094754285714285,
        "s" : 7.094754285714286E-4
      },
      "min" : {
        "ns" : 161807,
        "us" : 161.807,
        "ms" : 0.161807,
        "s" : 1.61807E-4
      },
      "max" : {
        "ns" : 4094460,
        "us" : 4094.46,
        "ms" : 4.09446,
        "s" : 0.00409446
      }
    },
    "RedundancyAnalyzer.handleFeedback<Analyzer>" : {
      "count" : 21,
      "average" : {
        "ns" : 40792.09523809524,
        "us" : 40.792095238095236,
        "ms" : 0.04079209523809524,
        "s" : 4.0792095238095234E-5
      },
      "min" : {
        "ns" : 15901,
        "us" : 15.901,
        "ms" : 0.015901,
        "s" : 1.5901E-5
      },
      "max" : {
        "ns" : 214309,
        "us" : 214.309,
        "ms" : 0.214309,
        "s" : 2.14309E-4
      }
    },
    "StatusAnalyzer.handleFeedback<Analyzer>" : {
      "count" : 21,
      "average" : {
        "ns" : 17186.428571428572,
        "us" : 17.18642857142857,
        "ms" : 0.01718642857142857,
        "s" : 1.7186428571428574E-5
      },
      "min" : {
        "ns" : 3400,
        "us" : 3.4,
        "ms" : 0.0034,
        "s" : 3.4E-6
      },
      "max" : {
        "ns" : 125505,
        "us" : 125.505,
        "ms" : 0.125505,
        "s" : 1.25505E-4
      }
    },
    "BehaviorAnalyzer.handleFeedback<Analyzer>" : {
      "count" : 21,
      "average" : {
        "ns" : 455774.85714285716,
        "us" : 455.7748571428572,
        "ms" : 0.45577485714285715,
        "s" : 4.5577485714285717E-4
      },
      "min" : {
        "ns" : 271710,