{
  "stats" : {
    "nextFaultload" : {
      "count" : 9,
      "average" : {
        "ns" : 2372001.6666666665,
        "us" : 2372.0016666666666,
        "ms" : 2.3720016666666663,
        "s" : 0.0023720016666666666
      },
      "min" : {
        "ns" : 695239,
        "us" : 695.239,
        "ms" : 0.695239,
        "s" : 6.95239E-4
      },
      "max" : {
        "ns" : 3536302,
        "us" : 3536.302,
        "ms" : 3.536302,
        "s" : 0.003536302
      }
    },
    "Per test" : {
      "count" : 8,
      "average" : {
        "ns" : 1.27086849625E8,
        "us" : 127086.849625,
        "ms" : 127.086849625,
        "s" : 0.127086849625
      },
      "min" : {
        "ns" : 53376934,
        "us" : 53376.934,
        "ms" : 53.376934,
        "s" : 0.053376934
      },
      "max" : {
        "ns" : 406636917,
        "us" : 406636.917,
        "ms" : 406.636917,
        "s" : 0.406636917
      }
    },
    "registerFaultload" : {
      "count" : 8,
      "average" : {
        "ns" : 1.7817625375E7,
        "us" : 17817.625375,
        "ms" : 17.817625375,
        "s" : 0.017817625375
      },
      "min" : {
        "ns" : 2684853,
        "us" : 2684.853,
        "ms" : 2.684853,
        "s" : 0.002684853
      },
      "max" : {
        "ns" : 105096175,
        "us" : 105096.175,
        "ms" : 105.096175,
        "s" : 0.105096175
      }
    },
    "testMethod" : {
      "count" : 8,
      "average" : {
        "ns" : 8.2882237E7,
        "us" : 82882.237,
        "ms" : 82.882237,
        "s" : 0.082882237
      },
      "min" : {
        "ns" : 38461386,
        "us" : 38461.386,
        "ms" : 38.461386,
        "s" : 0.038461386
      },
      "max" : {
        "ns" : 203305958,
        "us" : 203305.958,
        "ms" : 203.305958,
        "s" : 0.203305958
      }
    },
    "getTraceWithDelay" : {
      "count" : 8,
      "average" : {
        "ns" : 2.6136886E7,
        "us" : 26136.886,
        "ms" : 26.136886,
        "s" : 0.026136886
      },
      "min" : {
        "ns" : 11213437,
        "us" : 11213.437,
        "ms" : 11.213437,
        "s" : 0.011213437
      },
      "max" : {
        "ns" : 97900666,
        "us" : 97900.666,
        "ms" : 97.900666,
        "s" : 0.097900666
      }
    },
    "getTrace" : {
      "count" : 8,
      "average" : {
        "ns" : 1.66198825E7,
        "us" : 16619.8825,
        "ms" : 16.6198825,
        "s" : 0.0166198825
      },
      "min" : {
        "ns" : 6327459,
        "us" : 6327.459,
        "ms" : 6.327459,
        "s" : 0.006327459
      },
      "max" : {
        "ns" : 71264752,
        "us" : 71264.752,
        "ms" : 71.264752,
        "s" : 0.071264752
      }
    },
    "handleResult" : {
      "count" : 8,
      "average" : {
        "ns" : 5788566.5,
        "us" : 5788.5665,
        "ms" : 5.7885665,
        "s" : 0.0057885665
      },
      "min" : {
        "ns" : 1929710,
        "us" : 1929.71,
        "ms" : 1.92971,
        "s" : 0.00192971
      },
      "max" : {
        "ns" : 18548454,
        "us" : 18548.454,
        "ms" : 18.548454,
        "s" : 0.018548454
      }
    },
    "StrategyRunner.analyze" : {
      "count" : 8,
      "average" : {
        "ns" : 5629957.75,
        "us" : 5629.95775,
        "ms" : 5.62995775,
        "s" : 0.00562995775
      },
      "min" : {
        "ns" : 1836205,
        "us" : 1836.205,
        "ms" : 1.836205,
        "s" : 0.001836205
      },
      "max" : {
        "ns" : 18204835,
        "us" : 18204.835,
        "ms" : 18.204835,
        "s" : 0.018204835
      }
    },
    "DynamicExplorationGenerator.handleFeedback<Analyzer>" : {
      "count" : 8,
      "average" : {
        "ns" : 968630.0,
        "us" : 968.63,
        "ms" : 0.96863,
        "s" : 9.6863E-4
      },
      "min" : {
        "ns" : 69904,
        "us" : 69.904,
        "ms" : 0.069904,
        "s" : 6.9904E-5
      },
      "max" : {
        "ns" : 5327803,
        "us" : 5327.803,
        "ms" : 5.327803,
        "s" : 0.005327803
      }
    },
    "HappyPathDetector.handleFeedback<Analyzer>" : {
      "count" : 8,
      "average" : {
        "ns" : 52728.0,
        "us" : 52.728,
        "ms" : 0.052728,
        "s" : 5.2728E-5
      },
      "min" : {
        "ns" : 3400,
        "us" : 3.4,
        "ms" : 0.0034,
        "s" : 3.4E-6
      },
      "max" : {
        "ns" : 385722,
        "us" : 385.722,
        "ms" : 0.385722,
        "s" : 3.85722E-4
      }
    },
    "ParentChildDetector.handleFeedback<Analyzer>" : {
      "count" : 8,
      "average" : {
        "ns" : 957066.875,
        "us" : 957.066875,
        "ms" : 0.957066875,
        "s" : 9.57066875E-4
      },
      "min" : {
        "ns" : 38002,
        "us" : 38.002,
        "ms" : 0.038002,
        "s" : 3.8002E-5
      },
      "max" : {
        "ns" : 7062502,
        "us" : 7062.502,
        "ms" : 7.062502,
        "s" : 0.007062502
      }
    },
    "HappensBeforeNeighbourDetector.handleFeedback<Analyzer>" : {
      "count" : 8,
      "average" : {
        "ns" : 432512.125,
        "us" : 432.512125,
        "ms" : 0.432512125,
        "s" : 4.32512125E-4
      },
      "min" : {
        "ns" : 11001,
        "us" : 11.001,
        "ms" : 0.011001,
        "s" : 1.1001E-5
      },
      "max" : {
        "ns" : 1653994,
        "us" : 1653.994,
        "ms" : 1.653994,
        "s" : 0.001653994
      }
    },
    "ErrorPropagationDetector.handleFeedback<Analyzer>" : {
      "count" : 8,
      "average" : {
        "ns" : 864186.75,
        "us" : 864.18675,
        "ms" : 0.86418675,
        "s" : 8.6418675E-4
      },
      "min" : {
        "ns" : 13401,
        "us" : 13.401,
        "ms" : 0.013401,
        "s" : 1.3401E-5
      },
      "max" : {
        "ns" : 3115578,
        "us" : 3115.578,
        "ms" : 3.115578,
        "s" : 0.003115578
      }
    },
    "ConditionalPointDetector.handleFeedback<Analyzer>" : {
      "count" : 8,
      "average" : {
        "ns" : 800007.875,
        "us" : 800.007875,
        "ms" : 0.800007875,
        "s" : 8.00007875E-4
      },
      "min" : {
        "ns" : 112606,
        "us" : 112.606,
        "ms" : 0.112606,
        "s" : 1.12606E-4
      },
      "max" : {
        "ns" : 4283043,
        "us" : 4283.043,
        "ms" : 4.283043,
        "s" : 0.004283043
      }
    },
    "RedundancyAnalyzer.handleFeedback<Analyzer>" : {
      "count" : 8,
      "average" : {
        "ns" : 44627.625,
        "us" : 44.627625,
        "ms" : 0.044627625,
        "s" : 4.4627625E-5
      },
      "min" : {
        "ns" : 20701,
        "us" : 20.701,
        "ms" : 0.020701,
        "s" : 2.0701E-5
      },
      "max" : {
        "ns" : 85305,
        "us" : 85.305,
        "ms" : 0.085305,
        "s" : 8.5305E-5
      }
    },
    "StatusAnalyzer.handleFeedback<Analyzer>" : {
      "count" : 8,
      "average" : {
        "ns" : 21176.125,
        "us" : 21.176125,
        "ms" : 0.021176125,
        "s" : 2.1176125E-5
      },
      "min" : {
        "ns" : 4500,
        "us" : 4.5,
        "ms" : 0.0045,
        "s" : 4.5E-6
      },
      "max" : {
        "ns" : 129307,
        "us" : 129.307,
        "ms" : 0.129307,
        "s" : 1.29307E-4
      }
    },
    "BehaviorAnalyzer.handleFeedback<Analyzer>" : {
      "count" : 8,
      "average" : {
        "ns" : 567044.875,
        "us" : 567.044875,
        "ms" : 0.567044875,
        "s" : 5.67044875E-4
      },
      "min" : {
        "ns" : 254114,
        "us" : 254.114,
        "ms" : 0.254114,
        "s" : 2.54114E-4
      },
      "max" : {
        "ns" : 1793102,
        "us" : 1793.102,
        "ms" : 1.793102,
        "s" : 0.001793102
      }
    },
    "TimingAnalyzer.handleFeedback<Analyzer>" : {
      "count" : 8,
      "average" : {
        "ns" : 163071.75,
        "us" : 163.07175,
        "ms" : 0.16307175,
        "s" : 1.6307175E-4
      },
      "min" : {
        "ns" : 47203,
        "us" : 47.203,