{
  "stats" : {
    "nextFaultload" : {
      "count" : 10,
      "average" : {
        "ns" : 3965388.6,
        "us" : 3965.3886,
        "ms" : 3.9653886000000003,
        "s" : 0.0039653886000000005
      },
      "min" : {
        "ns" : 1761993,
        "us" : 1761.993,
        "ms" : 1.761993,
        "s" : 0.001761993
      },
      "max" : {
        "ns" : 10569757,
        "us" : 10569.757,
        "ms" : 10.569757,
        "s" : 0.010569757
      }
    },
    "Per test" : {
      "count" : 9,
      "average" : {
        "ns" : 5.719179988888889E7,
        "us" : 57191.79988888889,
        "ms" : 57.19179988888889,
        "s" : 0.05719179988888889
      },
      "min" : {
        "ns" : 28044776,
        "us" : 28044.776,
        "ms" : 28.044776,
        "s" : 0.028044776
      },
      "max" : {
        "ns" : 234430841,
        "us" : 234430.841,
        "ms" : 234.430841,
        "s" : 0.234430841
      }
    },
    "registerFaultload" : {
      "count" : 9,
      "average" : {
        "ns" : 1.6490523777777778E7,
        "us" : 16490.523777777777,
        "ms" : 16.490523777777778,
        "s" : 0.01649052377777778
      },
      "min" : {
        "ns" : 2594237,
        "us" : 2594.237,
        "ms" : 2.594237,
        "s" : 0.002594237
      },
      "max" : {
        "ns" : 109844983,
        "us" : 109844.983,
        "ms" : 109.844983,
        "s" : 0.109844983
      }
    },
    "testMethod" : {
      "count" : 9,
      "average" : {
        "ns" : 1.4314664555555556E7,
        "us" : 14314.664555555555,
        "ms" : 14.314664555555556,
        "s" : 0.014314664555555556
      },
      "min" : {
        "ns" : 12010132,
        "us" : 12010.132,
        "ms" : 12.010132,
        "s" : 0.012010132
      },
      "max" : {
        "ns" : 21309822,
        "us" : 21309.822,
        "ms" : 21.309822,
        "s" : 0.021309822
      }
    },
    "getTraceWithDelay" : {
      "count" : 9,
      "average" : {
        "ns" : 2.6094073666666668E7,
        "us" : 26094.073666666667,
        "ms" : 26.094073666666667,
        "s" : 0.02609407366666667
      },
      "min" : {
        "ns" : 12961382,
        "us" : 12961.382,
        "ms" : 12.961382,
        "s" : 0.012961382
      },
      "max" : {
        "ns" : 102999122,
        "us" : 102999.122,
        "ms" : 102.999122,
        "s" : 0.102999122
      }
    },
    "getTrace" : {
      "count" : 9,
      "average" : {
        "ns" : 1.6174118E7,
        "us" : 16174.118,
        "ms" : 16.174118,
        "s" : 0.016174118
      },
      "min" : {
        "ns" : 7333586,
        "us" : 7333.586,
        "ms" : 7.333586,
        "s" : 0.007333586
      },
      "max" : {
        "ns" : 74292311,
        "us" : 74292.311,
        "ms" : 74.292311,
        "s" : 0.074292311
      }
    },
    "handleResult" : {
      "count" : 9,
      "average" : {
        "ns" : 6330233.333333333,
        "us" : 6330.233333333333,
        "ms" : 6.330233333333333,
        "s" : 0.006330233333333333
      },
      "min" : {
        "ns" : 2510032,
        "us" : 2510.032,
        "ms" : 2.510032,
        "s" : 0.002510032
      },
      "max" : {
        "ns" : 20259167,
        "us" : 20259.167,
        "ms" : 20.259167,
        "s" : 0.020259167
      }
    },
    "StrategyRunner.analyze" : {
      "count" : 9,
      "average" : {
        "ns" : 6151779.333333333,
        "us" : 6151.779333333333,
        "ms" : 6.151779333333333,
        "s" : 0.006151779333333333
      },
      "min" : {
        "ns" : 2421427,
        "us" : 2421.427,
        "ms" : 2.421427,
        "s" : 0.002421427
      },
      "max" : {
        "ns" : 19867446,
        "us" : 19867.446,
        "ms" : 19.867446,
        "s" : 0.019867446
      }
    },
    "DynamicExplorationGenerator.handleFeedback<Analyzer>" : {
      "count" : 9,
      "average" : {
        "ns" : 1034321.0,
        "us" : 1034.321,
        "ms" : 1.034321,
        "s" : 0.001034321
      },
      "min" : {
        "ns" : 89305,
        "us" : 89.305,
        "ms" : 0.089305,
        "s" : 8.9305E-5
      },
      "max" : {
        "ns" : 5590994,
        "us" : 5590.994,
        "ms" : 5.590994,
        "s" : 0.005590994
      }
    },
    "HappyPathDetector.handleFeedback<Analyzer>" : {
      "count" : 9,
      "average" : {
        "ns" : 69414.66666666667,
        "us" : 69.41466666666668,
        "ms" : 0.06941466666666667,
        "s" : 6.941466666666668E-5
      },
      "min" : {
        "ns" : 3000,
        "us" : 3.0,
        "ms" : 0.003,
        "s" : 3.0E-6
      },
      "max" : {
        "ns" : 591431,
        "us" : 591.431,
        "ms" : 0.591431,
        "s" : 5.91431E-4
      }
    },
    "ParentChildDetector.handleFeedback<Analyzer>" : {
      "count" : 9,
      "average" : {
        "ns" : 942049.6666666666,
        "us" : 942.0496666666667,
        "ms" : 0.9420496666666667,
        "s" : 9.420496666666667E-4
      },
      "min" : {
        "ns" : 45403,
        "us" : 45.403,
        "ms" : 0.045403,
        "s" : 4.5403E-5
      },
      "max" : {
        "ns" : 7883215,
        "us" : 7883.215,
        "ms" : 7.883215,
        "s" : 0.007883215
      }
    },
    "HappensBeforeNeighbourDetector.handleFeedback<Analyzer>" : {
      "count" : 9,
      "average" : {
        "ns" : 540350.6666666666,
        "us" : 540.3506666666666,
        "ms" : 0.5403506666666666,
        "s" : 5.403506666666666E-4
      },
      "min" : {
        "ns" : 13200,
        "us" : 13.2,
        "ms" : 0.0132,
        "s" : 1.32E-5
      },
      "max" : {
        "ns" : 1133159,
        "us" : 1133.159,
        "ms" : 1.133159,
        "s" : 0.001133159
      }
    },
    "ErrorPropagationDetector.handleFeedback<Analyzer>" : {
      "count" : 9,
      "average" : {
        "ns" : 322672.55555555556,
        "us" : 322.67255555555556,
        "ms" : 0.3226725555555556,
        "s" : 3.226725555555556E-4
      },
      "min" : {
        "ns" : 4000,
        "us" : 4.0,
        "ms" : 0.004,
        "s" : 4.0E-6
      },
      "max" : {
        "ns" : 1501279,
        "us" : 1501.279,
        "ms" : 1.501279,
        "s" : 0.001501279
      }
    },
    "ConditionalPointDetector.handleFeedback<Analyzer>" : {
      "count" : 9,
      "average" : {
        "ns" : 2113711.222222222,
        "us" : 2113.711222222222,
        "ms" : 2.113711222222222,
        "s" : 0.002113711222222222
      },
      "min" : {
        "ns" : 260414,
        "us" : 260.414,
        "ms" : 0.260414,
        "s" : 2.60414E-4
      },
      "max" : {
        "ns" : 7086673,
        "us" : 7086.673,
        "ms" : 7.086673,
        "s" : 0.007086673
      }
    },
    "RedundancyAnalyzer.handleFeedback<Analyzer>" : {
      "count" : 9,
      "average" : {
        "ns" : 35446.0,
        "us" : 35.446,
        "ms" : 0.035446,
        "s" : 3.5446E-5
      },
      "min" : {
        "ns" : 16300,
        "us" : 16.3,
        "ms" : 0.0163,
        "s" : 1.63E-5
      },
      "max" : {
        "ns" : 87804,
        "us" : 87.804,
        "ms" : 0.087804,
        "s" : 8.7804E-5
      }
    },
    "StatusAnalyzer.handleFeedback<Analyzer>" : {
      "count" : 9,
      "average" : {
        "ns" : 19556.444444444445,
        "us" : 19.556444444444445,
        "ms" : 0.019556444444444446,
        "s" : 1.9556444444444444E-5
      },
      "min" : {
        "ns" : 4300,
        "us" : 4.3,
        "ms" : 0.0043,
        "s" : 4.3E-6
      },
      "max" : {
        "ns" : 130706,
        "us" : 130.706,
        "ms" : 0.130706,
        "s" : 1.30706E-4
      }
    },
    "BehaviorAnalyzer.handleFeedback<Analyzer>" : {
      "count" : 9,
      "average" : {
        "ns" : 562440.7777777778,
        "us" : 562.4407777777777,
        "ms" : 0.5624407777777778,
        "s" : 5.624407777777777E-4
      },
      "min" : {
        "ns" : 250014,
        "us" : 250.014,
        "ms" : 0.250014,
        "s" : 2.50014E-4
      },
      "max" : {
        "ns" : 1342171,