{
  "stats" : {
    "nextFaultload" : {
      "count" : 10,
      "average" : {
        "ns" : 3851694.0,
        "us" : 3851.694,
        "ms" : 3.851694,
        "s" : 0.003851694
      },
      "min" : {
        "ns" : 2246745,
        "us" : 2246.745,
        "ms" : 2.246745,
        "s" : 0.002246745
      },
      "max" : {
        "ns" : 10642073,
        "us" : 10642.073,
        "ms" : 10.642073,
        "s" : 0.010642073
      }
    },
    "Per test" : {
      "count" : 9,
      "average" : {
        "ns" : 5.6121287333333336E7,
        "us" : 56121.287333333334,
        "ms" : 56.121287333333335,
        "s" : 0.05612128733333334
      },
      "min" : {
        "ns" : 27873270,
        "us" : 27873.27,
        "ms" : 27.87327,
        "s" : 0.02787327
      },
      "max" : {
        "ns" : 245032205,
        "us" : 245032.205,
        "ms" : 245.032205,
        "s" : 0.245032205
      }
    },
    "registerFaultload" : {
      "count" : 9,
      "average" : {
        "ns" : 1.9025092333333332E7,
        "us" : 19025.09233333333,
        "ms" : 19.025092333333333,
        "s" : 0.019025092333333334
      },
      "min" : {
        "ns" : 3664700,
        "us" : 3664.7,
        "ms" : 3.6647,
        "s" : 0.0036647
      },
      "max" : {
        "ns" : 118308079,
        "us" : 118308.079,
        "ms" : 118.308079,
        "s" : 0.118308079
      }
    },
    "testMethod" : {
      "count" : 9,
      "average" : {
        "ns" : 2.8344331222222224E7,
        "us" : 28344.331222222223,
        "ms" : 28.344331222222223,
        "s" : 0.028344331222222224
      },
      "min" : {
        "ns" : 17568966,
        "us" : 17568.966,
        "ms" : 17.568966,
        "s" : 0.017568966
      },
      "max" : {
        "ns" : 104287751,
        "us" : 104287.751,
        "ms" : 104.287751,
        "s" : 0.104287751
      }
    },
    "getTraceWithDelay" : {
      "count" : 9,
      "average" : {
        "ns" : 2.6592351777777776E7,
        "us" : 26592.351777777778,
        "ms" : 26.592351777777775,
        "s" : 0.026592351777777776
      },
      "min" : {
        "ns" : 14076027,
        "us" : 14076.027,
        "ms" : 14.076027,
        "s" : 0.014076027
      },
      "max" : {
        "ns" : 103971214,
        "us" : 103971.214,
        "ms" : 103.971214,
        "s" : 0.103971214
      }
    },
    "getTrace" : {
      "count" : 9,
      "average" : {
        "ns" : 1.7592072888888888E7,
        "us" : 17592.072888888888,
        "ms" : 17.59207288888889,
        "s" : 0.017592072888888886
      },
      "min" : {
        "ns" : 8084290,
        "us" : 8084.29,
        "ms" : 8.08429,
        "s" : 0.00808429
      },
      "max" : {
        "ns" : 80721938,
        "us" : 80721.938,
        "ms" : 80.721938,
        "s" : 0.080721938
      }
    },
    "handleResult" : {
      "count" : 9,
      "average" : {
        "ns" : 4380105.111111111,
        "us" : 4380.105111111111,
        "ms" : 4.380105111111111,
        "s" : 0.004380105111111111
      },
      "min" : {
        "ns" : 1605300,
        "us" : 1605.3,
        "ms" : 1.6053,
        "s" : 0.0016053
      },
      "max" : {
        "ns" : 17488732,
        "us" : 17488.732,
        "ms" : 17.488732,
        "s" : 0.017488732
      }
    },
    "StrategyRunner.analyze" : {
      "count" : 9,
      "average" : {
        "ns" : 4332504.0,
        "us" : 4332.504,
        "ms" : 4.332504,
        "s" : 0.004332504
      },
      "min" : {
        "ns" : 1597980,
        "us" : 1597.98,
        "ms" : 1.59798,
        "s" : 0.00159798
      },
      "max" : {
        "ns" : 17168085,
        "us" : 17168.085,
        "ms" : 17.168085,
        "s" : 0.017168085
      }
    },
    "DynamicExplorationGenerator.handleFeedback<Analyzer>" : {
      "count" : 9,
      "average" : {
        "ns" : 1122792.3333333333,
        "us" : 1122.7923333333333,
        "ms" : 1.1227923333333332,
        "s" : 0.0011227923333333332
      },
      "min" : {
        "ns" : 107893,
        "us" : 107.893,
        "ms" : 0.107893,
        "s" : 1.07893E-4
      },
      "max" : {
        "ns" : 7753862,
        "us" : 7753.862,
        "ms" : 7.753862,
        "s" : 0.007753862
      }
    },
    "HappyPathDetector.handleFeedback<Analyzer>" : {
      "count" : 9,
      "average" : {
        "ns" : 39646.555555555555,
        "us" : 39.64655555555556,
        "ms" : 0.03964655555555555,
        "s" : 3.964655555555555E-5
      },
      "min" : {
        "ns" : 3630,
        "us" : 3.63,
        "ms" : 0.00363,
        "s" : 3.63E-6
      },
      "max" : {
        "ns" : 322938,
        "us" : 322.938,
        "ms" : 0.322938,
        "s" : 3.22938E-4
      }
    },
    "ParentChildDetector.handleFeedback<Analyzer>" : {
      "count" : 9,
      "average" : {
        "ns" : 355453.22222222225,
        "us" : 355.4532222222222,
        "ms" : 0.35545322222222225,
        "s" : 3.5545322222222227E-4
      },
      "min" : {
        "ns" : 46761,
        "us" : 46.761,
        "ms" : 0.046761,
        "s" : 4.6761E-5
      },
      "max" : {
        "ns" : 2473301,
        "us" : 2473.301,
        "ms" : 2.473301,
        "s" : 0.002473301
      }
    },
    "HappensBeforeNeighbourDetector.handleFeedback<Analyzer>" : {
      "count" : 9,
      "average" : {
        "ns" : 804218.5555555555,
        "us" : 804.2185555555556,
        "ms" : 0.8042185555555555,
        "s" : 8.042185555555555E-4
      },
      "min" : {
        "ns" : 8960,
        "us" : 8.96,
        "ms" : 0.00896,
        "s" : 8.96E-6
      },
      "max" : {
        "ns" : 2438150,
        "us" : 2438.15,
        "ms" : 2.43815,
        "s" : 0.00243815
      }
    },
    "ErrorPropagationDetector.handleFeedback<Analyzer>" : {
      "count" : 9,
      "average" : {
        "ns" : 207394.88888888888,
        "us" : 207.3948888888889,
        "ms" : 0.20739488888888888,
        "s" : 2.0739488888888889E-4
      },
      "min" : {
        "ns" : 11350,
        "us" : 11.35,
        "ms" : 0.01135,
        "s" : 1.135E-5
      },
      "max" : {
        "ns" : 510433,
        "us" : 510.433,
        "ms" : 0.510433,
        "s" : 5.10433E-4
      }
    },
    "ConditionalPointDetector.handleFeedback<Analyzer>" : {
      "count" : 9,
      "average" : {
        "ns" : 1120481.2222222222,
        "us" : 1120.4812222222222,
        "ms" : 1.1204812222222222,
        "s" : 0.0011204812222222222
      },
      "min" : {
        "ns" : 232276,
        "us" : 232.276,
        "ms" : 0.232276,
        "s" : 2.32276E-4
      },
      "max" : {
        "ns" : 4979843,
        "us" : 4979.843,
        "ms" : 4.979843,
        "s" : 0.004979843
      }
    },
    "RedundancyAnalyzer.handleFeedback<Analyzer>" : {
      "count" : 9,
      "average" : {
        "ns" : 68177.33333333333,
        "us" : 68.17733333333332,
        "ms" : 0.06817733333333333,
        "s" : 6.817733333333333E-5
      },
      "min" : {
        "ns" : 18701,
        "us" : 18.701,
        "ms" : 0.018701,
        "s" : 1.8701E-5
      },
      "max" : {
        "ns" : 310327,
        "us" : 310.327,
        "ms" : 0.310327,
        "s" : 3.10327E-4
      }
    },
    "StatusAnalyzer.handleFeedback<Analyzer>" : {
      "count" : 9,
      "average" : {
        "ns" : 29323.88888888889,
        "us" : 29.32388888888889,
        "ms" : 0.02932388888888889,
        "s" : 2.932388888888889E-5
      },
      "min" : {
        "ns" : 4830,
        "us" : 4.83,
        "ms" : 0.00483,
        "s" : 4.83E-6
      },
      "max" : {
        "ns" : 218965,
        "us" : 218.965,
        "ms" : 0.218965,
        "s" : 2.18965E-4
      }
    },
    "BehaviorAnalyzer.handleFeedback<Analyzer>" : {
      "count" : 9,
      "average" : {
        "ns" : 296544.1111111111,
        "us" : 296.54411111111114,
        "ms" : 0.2965441111111111,
        "s" : 2.9654411111111113E-4
      },
      "min" : {
        "ns" : 96542,
        "us" : 96.542,
        "ms" : 0.096542,