{
  "stats" : {
    "nextFaultload" : {
      "count" : 9,
      "average" : {
        "ns" : 2395028.3333333335,
        "us" : 2395.0283333333336,
        "ms" : 2.3950283333333333,
        "s" : 0.0023950283333333336
      },
      "min" : {
        "ns" : 955737,
        "us" : 955.737,
        "ms" : 0.955737,
        "s" : 9.55737E-4
      },
      "max" : {
        "ns" : 3954557,
        "us" : 3954.557,
        "ms" : 3.954557,
        "s" : 0.003954557
      }
    },
    "Per test" : {
      "count" : 8,
      "average" : {
        "ns" : 6.300102025E7,
        "us" : 63001.02025,
        "ms" : 63.00102025,
        "s" : 0.06300102025
      },
      "min" : {
        "ns" : 24960387,
        "us" : 24960.387,
        "ms" : 24.960387,
        "s" : 0.024960387
      },
      "max" : {
        "ns" : 260936057,
        "us" : 260936.057,
        "ms" : 260.936057,
        "s" : 0.260936057
      }
    },
    "registerFaultload" : {
      "count" : 8,
      "average" : {
        "ns" : 1.8967123875E7,
        "us" : 18967.123875,
        "ms" : 18.967123875,
        "s" : 0.018967123875
      },
      "min" : {
        "ns" : 2835813,
        "us" : 2835.813,
        "ms" : 2.835813,
        "s" : 0.002835813
      },
      "max" : {
        "ns" : 112594244,
        "us" : 112594.244,
        "ms" : 112.594244,
        "s" : 0.112594244
      }
    },
    "testMethod" : {
      "count" : 8,
      "average" : {
        "ns" : 1.5594082125E7,
        "us" : 15594.082125,
        "ms" : 15.594082125,
        "s" : 0.015594082125
      },
      "min" : {
        "ns" : 9084059,
        "us" : 9084.059,
        "ms" : 9.084059,
        "s" : 0.009084059
      },
      "max" : {
        "ns" : 32912528,
        "us" : 32912.528,
        "ms" : 32.912528,
        "s" : 0.032912528
      }
    },
    "getTraceWithDelay" : {
      "count" : 8,
      "average" : {
        "ns" : 2.820424225E7,
        "us" : 28204.24225,
        "ms" : 28.20424225,
        "s" : 0.02820424225
      },
      "min" : {
        "ns" : 12195882,
        "us" : 12195.882,
        "ms" : 12.195882,
        "s" : 0.012195882
      },
      "max" : {
        "ns" : 115123373,
        "us" : 115123.373,
        "ms" : 115.123373,
        "s" : 0.115123373
      }
    },
    "getTrace" : {
      "count" : 8,
      "average" : {
        "ns" : 1.8059054125E7,
        "us" : 18059.054125,
        "ms" : 18.059054125,
        "s" : 0.018059054125
      },
      "min" : {
        "ns" : 7286388,
        "us" : 7286.388,
        "ms" : 7.286388,
        "s" : 0.007286388
      },
      "max" : {
        "ns" : 82208073,
        "us" : 82208.073,
        "ms" : 82.208073,
        "s" : 0.082208073
      }
    },
    "handleResult" : {
      "count" : 8,
      "average" : {
        "ns" : 6313999.625,
        "us" : 6313.999625,
        "ms" : 6.313999625,
        "s" : 0.006313999625
      },
      "min" : {
        "ns" : 1924076,
        "us" : 1924.076,
        "ms" : 1.924076,
        "s" : 0.001924076
      },
      "max" : {
        "ns" : 23450827,
        "us" : 23450.827,
        "ms" : 23.450827,
        "s" : 0.023450827
      }
    },
    "StrategyRunner.analyze" : {
      "count" : 8,
      "average" : {
        "ns" : 6166956.5,
        "us" : 6166.9565,
        "ms" : 6.1669565,
        "s" : 0.0061669565
      },
      "min" : {
        "ns" : 1843473,
        "us" : 1843.473,
        "ms" : 1.843473,
        "s" : 0.001843473
      },
      "max" : {
        "ns" : 23072112,
        "us" : 23072.112,
        "ms" : 23.072112,
        "s" : 0.023072112
      }
    },
    "DynamicExplorationGenerator.handleFeedback<Analyzer>" : {
      "count" : 8,
      "average" : {
        "ns" : 1350128.25,
        "us" : 1350.12825,
        "ms" : 1.35012825,
        "s" : 0.00135012825
      },
      "min" : {
        "ns" : 71903,
        "us" : 71.903,
        "ms" : 0.071903,
        "s" : 7.1903E-5
      },
      "max" : {
        "ns" : 8263826,
        "us" : 8263.826,
        "ms" : 8.263826,
        "s" : 0.008263826
      }
    },
    "HappyPathDetector.handleFeedback<Analyzer>" : {
      "count" : 8,
      "average" : {
        "ns" : 72140.375,
        "us" : 72.140375,
        "ms" : 0.072140375,
        "s" : 7.2140375E-5
      },
      "min" : {
        "ns" : 3300,
        "us" : 3.3,
        "ms" : 0.0033,
        "s" : 3.3E-6
      },
      "max" : {
        "ns" : 541422,
        "us" : 541.422,
        "ms" : 0.541422,
        "s" : 5.41422E-4
      }
    },
    "ParentChildDetector.handleFeedback<Analyzer>" : {
      "count" : 8,
      "average" : {
        "ns" : 1089118.125,
        "us" : 1089.118125,
        "ms" : 1.089118125,
        "s" : 0.001089118125
      },
      "min" : {
        "ns" : 39902,
        "us" : 39.902,
        "ms" : 0.039902,
        "s" : 3.9902E-5
      },
      "max" : {
        "ns" : 8184923,
        "us" : 8184.923,
        "ms" : 8.184923,
        "s" : 0.008184923
      }
    },
    "HappensBeforeNeighbourDetector.handleFeedback<Analyzer>" : {
      "count" : 8,
      "average" : {
        "ns" : 388615.375,
        "us" : 388.615375,
        "ms" : 0.388615375,
        "s" : 3.88615375E-4
      },
      "min" : {
        "ns" : 11901,
        "us" : 11.901,
        "ms" : 0.011901,
        "s" : 1.1901E-5
      },
      "max" : {
        "ns" : 1295651,
        "us" : 1295.651,
        "ms" : 1.295651,
        "s" : 0.001295651
      }
    },
    "ErrorPropagationDetector.handleFeedback<Analyzer>" : {
      "count" : 8,
      "average" : {
        "ns" : 831070.25,
        "us" : 831.07025,
        "ms" : 0.83107025,
        "s" : 8.3107025E-4
      },
      "min" : {
        "ns" : 14700,
        "us" : 14.7,
        "ms" : 0.0147,
        "s" : 1.47E-5
      },
      "max" : {
        "ns" : 2737609,
        "us" : 2737.609,
        "ms" : 2.737609,
        "s" : 0.002737609
      }
    },
    "ConditionalPointDetector.handleFeedback<Analyzer>" : {
      "count" : 8,
      "average" : {
        "ns" : 813906.75,
        "us" : 813.90675,
        "ms" : 0.81390675,
        "s" : 8.1390675E-4
      },
      "min" : {
        "ns" : 114005,
        "us" : 114.005,
        "ms" : 0.114005,
        "s" : 1.14005E-4
      },
      "max" : {
        "ns" : 4735087,
        "us" : 4735.087,
        "ms" : 4.735087,
        "s" : 0.004735087
      }
    },
    "RedundancyAnalyzer.handleFeedback<Analyzer>" : {
      "count" : 8,
      "average" : {
        "ns" : 40614.125,
        "us" : 40.614125,
        "ms" : 0.040614125,
        "s" : 4.0614125E-5
      },
      "min" : {
        "ns" : 22501,
        "us" : 22.501,
        "ms" : 0.022501,
        "s" : 2.2501E-5
      },
      "max" : {
        "ns" : 67603,
        "us" : 67.603,
        "ms" : 0.067603,
        "s" : 6.7603E-5
      }
    },
    "StatusAnalyzer.handleFeedback<Analyzer>" : {
      "count" : 8,
      "average" : {
        "ns" : 23450.75,
        "us" : 23.45075,
        "ms" : 0.02345075,
        "s" : 2.345075E-5
      },
      "min" : {
        "ns" : 4200,
        "us" : 4.2,
        "ms" : 0.0042,
        "s" : 4.2E-6
      },
      "max" : {
        "ns" : 150505,
        "us" : 150.505,
        "ms" : 0.150505,
        "s" : 1.50505E-4
      }
    },
    "BehaviorAnalyzer.handleFeedback<Analyzer>" : {
      "count" : 8,
      "average" : {
        "ns" : 596661.125,
        "us" : 596.661125,
        "ms" : 0.596661125,
        "s" : 5.96661125E-4
      },
      "min" : {
        "ns" : 257511,
        "us" : 257.511,
        "ms" : 0.257511,
        "s" : 2.57511E-4
      },
      "max" : {
        "ns" : 1483158,
        "us" : 1483.158,
        "ms" : 1.483158,
        "s" : 0.001483158
      }
    },
    "TimingAnalyzer.handleFeedback<Analyzer>" : {
      "count" : 8,
      "average" : {
        "ns" : 209195.875,
        "us" : 209.195875,
        "ms" : 0.209195875,
        "s" : 2.09195875E-4
      },
      "min" : {
        "ns" : 49002,