{
  "stats" : {
    "nextFaultload" : {
      "count" : 9,
      "average" : {
        "ns" : 2386170.3333333335,
        "us" : 2386.1703333333335,
        "ms" : 2.3861703333333333,
        "s" : 0.0023861703333333335
      },
      "min" : {
        "ns" : 469427,
        "us" : 469.427,
        "ms" : 0.469427,
        "s" : 4.69427E-4
      },
      "max" : {
        "ns" : 4260744,
        "us" : 4260.744,
        "ms" : 4.260744,
        "s" : 0.004260744
      }
    },
    "Per test" : {
      "count" : 8,
      "average" : {
        "ns" : 1.41798257375E8,
        "us" : 141798.257375,
        "ms" : 141.798257375,
        "s" : 0.141798257375
      },
      "min" : {
        "ns" : 56916569,
        "us" : 56916.569,
        "ms" : 56.916569,
        "s" : 0.056916569
      },
      "max" : {
        "ns" : 476221554,
        "us" : 476221.554,
        "ms" : 476.221554,
        "s" : 0.476221554
      }
    },
    "registerFaultload" : {
      "count" : 8,
      "average" : {
        "ns" : 1.876225275E7,
        "us" : 18762.25275,
        "ms" : 18.76225275,
        "s" : 0.01876225275
      },
      "min" : {
        "ns" : 2604349,
        "us" : 2604.349,
        "ms" : 2.604349,
        "s" : 0.002604349
      },
      "max" : {
        "ns" : 111157985,
        "us" : 111157.985,
        "ms" : 111.157985,
        "s" : 0.111157985
      }
    },
    "testMethod" : {
      "count" : 8,
      "average" : {
        "ns" : 9.6108257875E7,
        "us" : 96108.257875,
        "ms" : 96.108257875,
        "s" : 0.096108257875
      },
      "min" : {
        "ns" : 41651793,
        "us" : 41651.793,
        "ms" : 41.651793,
        "s" : 0.041651793
      },
      "max" : {
        "ns" : 260029836,
        "us" : 260029.836,
        "ms" : 260.029836,
        "s" : 0.260029836
      }
    },
    "getTraceWithDelay" : {
      "count" : 8,
      "average" : {
        "ns" : 2.6679995125E7,
        "us" : 26679.995125,
        "ms" : 26.679995125,
        "s" : 0.026679995125
      },
      "min" : {
        "ns" : 11009832,
        "us" : 11009.832,
        "ms" : 11.009832,
        "s" : 0.011009832
      },
      "max" : {
        "ns" : 104631510,
        "us" : 104631.51,
        "ms" : 104.63151,
        "s" : 0.10463151
      }
    },
    "getTrace" : {
      "count" : 8,
      "average" : {
        "ns" : 1.686466875E7,
        "us" : 16864.66875,
        "ms" : 16.86466875,
        "s" : 0.01686466875
      },
      "min" : {
        "ns" : 6310562,
        "us" : 6310.562,
        "ms" : 6.310562,
        "s" : 0.006310562
      },
      "max" : {
        "ns" : 75466535,
        "us" : 75466.535,
        "ms" : 75.466535,
        "s" : 0.075466535
      }
    },
    "handleResult" : {
      "count" : 8,
      "average" : {
        "ns" : 5857936.625,
        "us" : 5857.936625,
        "ms" : 5.857936625,
        "s" : 0.005857936625
      },
      "min" : {
        "ns" : 1715599,
        "us" : 1715.599,
        "ms" : 1.715599,
        "s" : 0.001715599
      },
      "max" : {
        "ns" : 20573182,
        "us" : 20573.182,
        "ms" : 20.573182,
        "s" : 0.020573182
      }
    },
    "StrategyRunner.analyze" : {
      "count" : 8,
      "average" : {
        "ns" : 5687389.375,
        "us" : 5687.389375,
        "ms" : 5.687389375,
        "s" : 0.005687389375
      },
      "min" : {
        "ns" : 1627494,
        "us" : 1627.494,
        "ms" : 1.627494,
        "s" : 0.001627494
      },
      "max" : {
        "ns" : 20148558,
        "us" : 20148.558,
        "ms" : 20.148558,
        "s" : 0.020148558
      }
    },
    "DynamicExplorationGenerator.handleFeedback<Analyzer>" : {
      "count" : 8,
      "average" : {
        "ns" : 1107713.75,
        "us" : 1107.71375,
        "ms" : 1.10771375,
        "s" : 0.00110771375
      },
      "min" : {
        "ns" : 81104,
        "us" : 81.104,
        "ms" : 0.081104,
        "s" : 8.1104E-5
      },
      "max" : {
        "ns" : 6498974,
        "us" : 6498.974,
        "ms" : 6.498974,
        "s" : 0.006498974
      }
    },
    "HappyPathDetector.handleFeedback<Analyzer>" : {
      "count" : 8,
      "average" : {
        "ns" : 64866.375,
        "us" : 64.866375,
        "ms" : 0.064866375,
        "s" : 6.4866375E-5
      },
      "min" : {
        "ns" : 3301,
        "us" : 3.301,
        "ms" : 0.003301,
        "s" : 3.301E-6
      },
      "max" : {
        "ns" : 486828,
        "us" : 486.828,
        "ms" : 0.486828,
        "s" : 4.86828E-4
      }
    },
    "ParentChildDetector.handleFeedback<Analyzer>" : {
      "count" : 8,
      "average" : {
        "ns" : 1011058.25,
        "us" : 1011.05825,
        "ms" : 1.01105825,
        "s" : 0.00101105825
      },
      "min" : {
        "ns" : 40602,
        "us" : 40.602,
        "ms" : 0.040602,
        "s" : 4.0602E-5
      },
      "max" : {
        "ns" : 7479830,
        "us" : 7479.83,
        "ms" : 7.47983,
        "s" : 0.00747983
      }
    },
    "HappensBeforeNeighbourDetector.handleFeedback<Analyzer>" : {
      "count" : 8,
      "average" : {
        "ns" : 417274.0,
        "us" : 417.274,
        "ms" : 0.417274,
        "s" : 4.17274E-4
      },
      "min" : {
        "ns" : 10801,
        "us" : 10.801,
        "ms" : 0.010801,
        "s" : 1.0801E-5
      },
      "max" : {
        "ns" : 1410981,
        "us" : 1410.981,
        "ms" : 1.410981,
        "s" : 0.001410981
      }
    },
    "ErrorPropagationDetector.handleFeedback<Analyzer>" : {
      "count" : 8,
      "average" : {
        "ns" : 835135.25,
        "us" : 835.13525,
        "ms" : 0.83513525,
        "s" : 8.3513525E-4
      },
      "min" : {
        "ns" : 12900,
        "us" : 12.9,
        "ms" : 0.0129,
        "s" : 1.29E-5
      },
      "max" : {
        "ns" : 2759658,
        "us" : 2759.658,
        "ms" : 2.759658,
        "s" : 0.002759658
      }
    },
    "ConditionalPointDetector.handleFeedback<Analyzer>" : {
      "count" : 8,
      "average" : {
        "ns" : 782419.875,
        "us" : 782.419875,
        "ms" : 0.782419875,
        "s" : 7.82419875E-4
      },
      "min" : {
        "ns" : 129707,
        "us" : 129.707,
        "ms" : 0.129707,
        "s" : 1.29707E-4
      },
      "max" : {
        "ns" : 4429454,
        "us" : 4429.454,
        "ms" : 4.429454,
        "s" : 0.004429454
      }
    },
    "RedundancyAnalyzer.handleFeedback<Analyzer>" : {
      "count" : 8,
      "average" : {
        "ns" : 40077.375,
        "us" : 40.077375,
        "ms" : 0.040077375,
        "s" : 4.0077375E-5
      },
      "min" : {
        "ns" : 19901,
        "us" : 19.901,
        "ms" : 0.019901,
        "s" : 1.9901E-5
      },
      "max" : {
        "ns" : 66404,
        "us" : 66.404,
        "ms" : 0.066404,
        "s" : 6.6404E-5
      }
    },
    "StatusAnalyzer.handleFeedback<Analyzer>" : {
      "count" : 8,
      "average" : {
        "ns" : 21663.75,
        "us" : 21.66375,
        "ms" : 0.02166375,
        "s" : 2.166375E-5
      },
      "min" : {
        "ns" : 4400,
        "us" : 4.4,
        "ms" : 0.0044,
        "s" : 4.4E-6
      },
      "max" : {
        "ns" : 133907,
        "us" : 133.907,
        "ms" : 0.133907,
        "s" : 1.33907E-4
      }
    },
    "BehaviorAnalyzer.handleFeedback<Analyzer>" : {
      "count" : 8,
      "average" : {
        "ns" : 546193.875,
        "us" : 546.193875,
        "ms" : 0.546193875,
        "s" : 5.46193875E-4
      },
      "min" : {
        "ns" : 290317,
        "us" : 290.317,
        "ms" : 0.290317,
        "s" : 2.90317E-4
      },
      "max" : {
        "ns" : 1526188,
        "us" : 1526.188,
        "ms" : 1.526188,
        "s" : 0.001526188
      }
    },
    "TimingAnalyzer.handleFeedback<Analyzer>" : {
      "count" : 8,
      "average" : {
        "ns" : 195848.75,
        "us" : 195.84875,
        "ms" : 0.19584875,
        "s" : 1.9584875E-4
      },
      "min" : {
        "ns" : 51003,