{
    "per_key": {
        "nextFaultload": {
            "n": 48900,
            "mean": 91.64068184903884,
            "median": 16.4767625,
            "std": 1950.4023094797212,
            "min": 0.725526,
            "max": 104798.631538,
            "p25": 11.45919,
            "p50": 16.4767625,
            "p75": 25.54082475,
            "p90": 93.0900619,
            "p95": 120.51051734999916,
            "p99": 437.87911995
        },
        "Per test": {
            "n": 48880,
            "mean": 144.95304430272094,
            "median": 143.19212399999998,
            "std": 47.194498041037654,
            "min": 23.787031,
            "max": 436.280622,
            "p25": 106.31001425,
            "p50": 143.19212399999998,
            "p75": 183.85992875,
            "p90": 210.59386569999998,
            "p95": 219.97967434999998,
            "p99": 233.45144545
        },
        "registerFaultload": {
            "n": 48880,
            "mean": 3.314641252761866,
            "median": 3.146708,
            "std": 2.6199251627913003,
            "min": 2.279684,
            "max": 157.01145599999998,
            "p25": 2.97643025,
            "p50": 3.146708,
            "p75": 3.3772357499999996,
            "p90": 3.7092225,
            "p95": 4.024595549999999,
            "p99": 5.4681050099999995
        },
        "unregisterFautload": {
            "n": 48880,
            "mean": 2.8793006009615385,
            "median": 2.7753229999999998,
            "std": 0.570220610066695,
            "min": 2.013293,
            "max": 44.255517999999995,
            "p25": 2.62638025,
            "p50": 2.7753229999999998,
            "p75": 2.98979975,
            "p90": 3.3087988999999998,
            "p95": 3.5814638999999997,
            "p99": 4.695512999999999
        },
        "testMethod": {
            "n": 48880,
            "mean": 128.72378473600656,
            "median": 127.6775655,
            "std": 46.092374111055484,
            "min": 14.619211,
            "max": 253.420302,
            "p25": 89.88413425,
            "p50": 127.6775655,
            "p75": 167.00901499999998,
            "p90": 192.4479489,
            "p95": 203.7783467,
            "p99": 212.23495352999996
        },
        "getTraceWithDelay": {
            "n": 48880,
            "mean": 14.765951143166937,
            "median": 13.4603635,
            "std": 5.527302157948639,
            "min": 7.60121,
            "max": 139.747783,
            "p25": 10.87624075,
            "p50": 13.4603635,
            "p75": 17.442438499999998,
            "p90": 22.425024499999996,
            "p95": 24.708712399999992,
            "p99": 29.393315039999997
        },
        "handleResult": {
            "n": 48880,
            "mean": 9.987656264157119,
            "median": 8.958749,
            "std": 5.310970078870984,
            "min": 0.57672,
            "max": 46.656172,
            "p25": 6.092594249999999,
            "p50": 8.958749,
            "p75": 12.86364975,
            "p90": 17.9741835,
            "p95": 20.298285699999994,
            "p99": 24.46182542999999
        },
        "Total test time": {
            "n": 20,
            "mean": 580944.92437925,
            "median": 580362.118744,
            "std": 105223.76672961564,
            "min": 416307.656969,
            "max": 750799.168141,
            "p25": 495664.11341124994,
            "p50": 580362.118744,
            "p75": 664450.50780175,
            "p90": 718012.3469208999,
            "p95": 742590.49811455,
            "p99": 749157.43413571
        },
        "getExpectedBehaviours": {
            "n": 866700,
            "mean": 2.1639199834256373,
            "median": 1.920175,
            "std": 0.7003156562318972,
            "min": 0.0098,
            "max": 33.876104999999995,
            "p25": 1.8292947499999999,
            "p50": 1.920175,
            "p75": 2.3148922499999998,
            "p90": 2.9829145,
            "p95": 3.5474273499999995,
            "p99": 4.755008640000002
        },
        "getExpectedPoints": {
            "n": 866700,
            "mean": 2.3502105255878623,
            "median": 1.9444759999999999,
            "std": 0.9783762303624032,
            "min": 0.013300999999999999,
            "max": 42.763645,
            "p25": 1.8475679999999999,
            "p50": 1.9444759999999999,
            "p75": 2.4384942499999998,
            "p90": 3.8479143,
            "p95": 4.5634614,
            "p99": 5.774212520000001
        }
    }
}