{
  "stats" : {
    "nextFaultload" : {
      "count" : 9,
      "average" : {
        "ns" : 2529843.3333333335,
        "us" : 2529.8433333333337,
        "ms" : 2.5298433333333334,
        "s" : 0.0025298433333333335
      },
      "min" : {
        "ns" : 699128,
        "us" : 699.128,
        "ms" : 0.699128,
        "s" : 6.99128E-4
      },
      "max" : {
        "ns" : 5364309,
        "us" : 5364.309,
        "ms" : 5.364309,
        "s" : 0.005364309
      }
    },
    "Per test" : {
      "count" : 8,
      "average" : {
        "ns" : 6.03685085E7,
        "us" : 60368.5085,
        "ms" : 60.3685085,
        "s" : 0.0603685085
      },
      "min" : {
        "ns" : 25231786,
        "us" : 25231.786,
        "ms" : 25.231786,
        "s" : 0.025231786
      },
      "max" : {
        "ns" : 239803469,
        "us" : 239803.469,
        "ms" : 239.803469,
        "s" : 0.239803469
      }
    },
    "registerFaultload" : {
      "count" : 8,
      "average" : {
        "ns" : 1.836711775E7,
        "us" : 18367.11775,
        "ms" : 18.36711775,
        "s" : 0.01836711775
      },
      "min" : {
        "ns" : 2905214,
        "us" : 2905.214,
        "ms" : 2.905214,
        "s" : 0.002905214
      },
      "max" : {
        "ns" : 108356633,
        "us" : 108356.633,
        "ms" : 108.356633,
        "s" : 0.108356633
      }
    },
    "testMethod" : {
      "count" : 8,
      "average" : {
        "ns" : 1.473617575E7,
        "us" : 14736.17575,
        "ms" : 14.73617575,
        "s" : 0.01473617575
      },
      "min" : {
        "ns" : 9609975,
        "us" : 9609.975,
        "ms" : 9.609975,
        "s" : 0.009609975
      },
      "max" : {
        "ns" : 26384131,
        "us" : 26384.131,
        "ms" : 26.384131,
        "s" : 0.026384131
      }
    },
    "getTraceWithDelay" : {
      "count" : 8,
      "average" : {
        "ns" : 2.70288685E7,
        "us" : 27028.8685,
        "ms" : 27.0288685,
        "s" : 0.0270288685
      },
      "min" : {
        "ns" : 11601253,
        "us" : 11601.253,
        "ms" : 11.601253,
        "s" : 0.011601253
      },
      "max" : {
        "ns" : 104759994,
        "us" : 104759.994,
        "ms" : 104.759994,
        "s" : 0.104759994
      }
    },
    "getTrace" : {
      "count" : 8,
      "average" : {
        "ns" : 1.7028477625E7,
        "us" : 17028.477625,
        "ms" : 17.028477625,
        "s" : 0.017028477625
      },
      "min" : {
        "ns" : 6661860,
        "us" : 6661.86,
        "ms" : 6.66186,
        "s" : 0.00666186
      },
      "max" : {
        "ns" : 74876125,
        "us" : 74876.125,
        "ms" : 74.876125,
        "s" : 0.074876125
      }
    },
    "handleResult" : {
      "count" : 8,
      "average" : {
        "ns" : 6047824.0,
        "us" : 6047.824,
        "ms" : 6.047824,
        "s" : 0.006047824
      },
      "min" : {
        "ns" : 1962977,
        "us" : 1962.977,
        "ms" : 1.962977,
        "s" : 0.001962977
      },
      "max" : {
        "ns" : 20858815,
        "us" : 20858.815,
        "ms" : 20.858815,
        "s" : 0.020858815
      }
    },
    "StrategyRunner.analyze" : {
      "count" : 8,
      "average" : {
        "ns" : 5915231.125,
        "us" : 5915.231125,
        "ms" : 5.915231125,
        "s" : 0.005915231125
      },
      "min" : {
        "ns" : 1884173,
        "us" : 1884.173,
        "ms" : 1.884173,
        "s" : 0.001884173
      },
      "max" : {
        "ns" : 20531602,
        "us" : 20531.602,
        "ms" : 20.531602,
        "s" : 0.020531602
      }
    },
    "DynamicExplorationGenerator.handleFeedback<Analyzer>" : {
      "count" : 8,
      "average" : {
        "ns" : 1103105.25,
        "us" : 1103.10525,
        "ms" : 1.10310525,
        "s" : 0.00110310525
      },
      "min" : {
        "ns" : 93604,
        "us" : 93.604,
        "ms" : 0.093604,
        "s" : 9.3604E-5
      },
      "max" : {
        "ns" : 6343747,
        "us" : 6343.747,
        "ms" : 6.343747,
        "s" : 0.006343747
      }
    },
    "HappyPathDetector.handleFeedback<Analyzer>" : {
      "count" : 8,
      "average" : {
        "ns" : 71227.75,
        "us" : 71.22775,
        "ms" : 0.07122775,
        "s" : 7.122775E-5
      },
      "min" : {
        "ns" : 3000,
        "us" : 3.0,
        "ms" : 0.003,
        "s" : 3.0E-6
      },
      "max" : {
        "ns" : 527620,
        "us" : 527.62,
        "ms" : 0.52762,
        "s" : 5.2762E-4
      }
    },
    "ParentChildDetector.handleFeedback<Analyzer>" : {
      "count" : 8,
      "average" : {
        "ns" : 1035802.75,
        "us" : 1035.80275,
        "ms" : 1.03580275,
        "s" : 0.00103580275
      },
      "min" : {
        "ns" : 40702,
        "us" : 40.702,
        "ms" : 0.040702,
        "s" : 4.0702E-5
      },
      "max" : {
        "ns" : 7677000,
        "us" : 7677.0,
        "ms" : 7.677,
        "s" : 0.007677
      }
    },
    "HappensBeforeNeighbourDetector.handleFeedback<Analyzer>" : {
      "count" : 8,
      "average" : {
        "ns" : 405066.0,
        "us" : 405.066,
        "ms" : 0.405066,
        "s" : 4.05066E-4
      },
      "min" : {
        "ns" : 12301,
        "us" : 12.301,
        "ms" : 0.012301,
        "s" : 1.2301E-5
      },
      "max" : {
        "ns" : 1310352,
        "us" : 1310.352,
        "ms" : 1.310352,
        "s" : 0.001310352
      }
    },
    "ErrorPropagationDetector.handleFeedback<Analyzer>" : {
      "count" : 8,
      "average" : {
        "ns" : 898272.5,
        "us" : 898.2725,
        "ms" : 0.8982725,
        "s" : 8.982725E-4
      },
      "min" : {
        "ns" : 30901,
        "us" : 30.901,
        "ms" : 0.030901,
        "s" : 3.0901E-5
      },
      "max" : {
        "ns" : 2822710,
        "us" : 2822.71,
        "ms" : 2.82271,
        "s" : 0.00282271
      }
    },
    "ConditionalPointDetector.handleFeedback<Analyzer>" : {
      "count" : 8,
      "average" : {
        "ns" : 807806.75,
        "us" : 807.80675,
        "ms" : 0.80780675,
        "s" : 8.0780675E-4
      },
      "min" : {
        "ns" : 127505,
        "us" : 127.505,
        "ms" : 0.127505,
        "s" : 1.27505E-4
      },
      "max" : {
        "ns" : 4712685,
        "us" : 4712.685,
        "ms" : 4.712685,
        "s" : 0.004712685
      }
    },
    "RedundancyAnalyzer.handleFeedback<Analyzer>" : {
      "count" : 8,
      "average" : {
        "ns" : 36051.5,
        "us" : 36.0515,
        "ms" : 0.0360515,
        "s" : 3.60515E-5
      },
      "min" : {
        "ns" : 24201,
        "us" : 24.201,
        "ms" : 0.024201,
        "s" : 2.4201E-5
      },
      "max" : {
        "ns" : 67203,
        "us" : 67.203,
        "ms" : 0.067203,
        "s" : 6.7203E-5
      }
    },
    "StatusAnalyzer.handleFeedback<Analyzer>" : {
      "count" : 8,
      "average" : {
        "ns" : 21488.25,
        "us" : 21.48825,
        "ms" : 0.02148825,
        "s" : 2.148825E-5
      },
      "min" : {
        "ns" : 4500,
        "us" : 4.5,
        "ms" : 0.0045,
        "s" : 4.5E-6
      },
      "max" : {
        "ns" : 133005,
        "us" : 133.005,
        "ms" : 0.133005,
        "s" : 1.33005E-4
      }
    },
    "BehaviorAnalyzer.handleFeedback<Analyzer>" : {
      "count" : 8,
      "average" : {
        "ns" : 585022.625,
        "us" : 585.022625,
        "ms" : 0.585022625,
        "s" : 5.85022625E-4
      },
      "min" : {
        "ns" : 255110,
        "us" : 255.11,
        "ms" : 0.25511,
        "s" : 2.5511E-4
      },
      "max" : {
        "ns" : 1490058,
        "us" : 1490.058,
        "ms" : 1.490058,
        "s" : 0.001490058
      }
    },
    "TimingAnalyzer.handleFeedback<Analyzer>" : {
      "count" : 8,
      "average" : {
        "ns" : 199570.375,
        "us" : 199.570375,
        "ms" : 0.199570375,
        "s" : 1.99570375E-4
      },
      "min" : {
        "ns" : 49202,
        "us" : 49.202,
        "ms" : 0.049202,