{
  "stats" : {
    "nextFaultload" : {
      "count" : 22,
      "average" : {
        "ns" : 2415217.409090909,
        "us" : 2415.2174090909093,
        "ms" : 2.4152174090909093,
        "s" : 0.002415217409090909
      },
      "min" : {
        "ns" : 392721,
        "us" : 392.721,
        "ms" : 0.392721,
        "s" : 3.92721E-4
      },
      "max" : {
        "ns" : 3828007,
        "us" : 3828.007,
        "ms" : 3.828007,
        "s" : 0.003828007
      }
    },
    "Per test" : {
      "count" : 21,
      "average" : {
        "ns" : 3.9675232809523806E7,
        "us" : 39675.232809523804,
        "ms" : 39.675232809523806,
        "s" : 0.03967523280952381
      },
      "min" : {
        "ns" : 24525730,
        "us" : 24525.73,
        "ms" : 24.52573,
        "s" : 0.02452573
      },
      "max" : {
        "ns" : 230394195,
        "us" : 230394.195,
        "ms" : 230.394195,
        "s" : 0.230394195
      }
    },
    "registerFaultload" : {
      "count" : 21,
      "average" : {
        "ns" : 8874362.38095238,
        "us" : 8874.362380952381,
        "ms" : 8.87436238095238,
        "s" : 0.008874362380952381
      },
      "min" : {
        "ns" : 2714248,
        "us" : 2714.248,
        "ms" : 2.714248,
        "s" : 0.002714248
      },
      "max" : {
        "ns" : 109494839,
        "us" : 109494.839,
        "ms" : 109.494839,
        "s" : 0.109494839
      }
    },
    "testMethod" : {
      "count" : 21,
      "average" : {
        "ns" : 1.3619200523809524E7,
        "us" : 13619.200523809524,
        "ms" : 13.619200523809525,
        "s" : 0.013619200523809525
      },
      "min" : {
        "ns" : 11156105,
        "us" : 11156.105,
        "ms" : 11.156105,
        "s" : 0.011156105
      },
      "max" : {
        "ns" : 22807037,
        "us" : 22807.037,
        "ms" : 22.807037,
        "s" : 0.022807037
      }
    },
    "getTraceWithDelay" : {
      "count" : 21,
      "average" : {
        "ns" : 1.6966405904761903E7,
        "us" : 16966.4059047619,
        "ms" : 16.966405904761903,
        "s" : 0.016966405904761905
      },
      "min" : {
        "ns" : 9973541,
        "us" : 9973.541,
        "ms" : 9.973541,
        "s" : 0.009973541
      },
      "max" : {
        "ns" : 101445202,
        "us" : 101445.202,
        "ms" : 101.445202,
        "s" : 0.101445202
      }
    },
    "getTrace" : {
      "count" : 21,
      "average" : {
        "ns" : 1.0213801523809524E7,
        "us" : 10213.801523809525,
        "ms" : 10.213801523809524,
        "s" : 0.010213801523809525
      },
      "min" : {
        "ns" : 5230684,
        "us" : 5230.684,
        "ms" : 5.230684,
        "s" : 0.005230684
      },
      "max" : {
        "ns" : 73182269,
        "us" : 73182.269,
        "ms" : 73.182269,
        "s" : 0.073182269
      }
    },
    "handleResult" : {
      "count" : 21,
      "average" : {
        "ns" : 3589794.761904762,
        "us" : 3589.7947619047623,
        "ms" : 3.5897947619047623,
        "s" : 0.0035897947619047623
      },
      "min" : {
        "ns" : 1653389,
        "us" : 1653.389,
        "ms" : 1.653389,
        "s" : 0.001653389
      },
      "max" : {
        "ns" : 19606563,
        "us" : 19606.563,
        "ms" : 19.606563,
        "s" : 0.019606563
      }
    },
    "StrategyRunner.analyze" : {
      "count" : 21,
      "average" : {
        "ns" : 3479398.1904761903,
        "us" : 3479.3981904761904,
        "ms" : 3.47939819047619,
        "s" : 0.0034793981904761902
      },
      "min" : {
        "ns" : 1522982,
        "us" : 1522.982,
        "ms" : 1.522982,
        "s" : 0.001522982
      },
      "max" : {
        "ns" : 19214342,
        "us" : 19214.342,
        "ms" : 19.214342,
        "s" : 0.019214342
      }
    },
    "DynamicExplorationGenerator.handleFeedback<Analyzer>" : {
      "count" : 21,
      "average" : {
        "ns" : 501117.4761904762,
        "us" : 501.1174761904762,
        "ms" : 0.5011174761904762,
        "s" : 5.011174761904762E-4
      },
      "min" : {
        "ns" : 63304,
        "us" : 63.304,
        "ms" : 0.063304,
        "s" : 6.3304E-5
      },
      "max" : {
        "ns" : 5800415,
        "us" : 5800.415,
        "ms" : 5.800415,
        "s" : 0.005800415
      }
    },
    "HappyPathDetector.handleFeedback<Analyzer>" : {
      "count" : 21,
      "average" : {
        "ns" : 25006.0,
        "us" : 25.006,
        "ms" : 0.025006,
        "s" : 2.5006E-5
      },
      "min" : {
        "ns" : 1900,
        "us" : 1.9,
        "ms" : 0.0019,
        "s" : 1.9E-6
      },
      "max" : {
        "ns" : 456325,
        "us" : 456.325,
        "ms" : 0.456325,
        "s" : 4.56325E-4
      }
    },
    "ParentChildDetector.handleFeedback<Analyzer>" : {
      "count" : 21,
      "average" : {
        "ns" : 403331.28571428574,
        "us" : 403.33128571428574,
        "ms" : 0.4033312857142857,
        "s" : 4.033312857142857E-4
      },
      "min" : {
        "ns" : 33802,
        "us" : 33.802,
        "ms" : 0.033802,
        "s" : 3.3802E-5
      },
      "max" : {
        "ns" : 7209091,
        "us" : 7209.091,
        "ms" : 7.209091,
        "s" : 0.007209091
      }
    },
    "HappensBeforeNeighbourDetector.handleFeedback<Analyzer>" : {
      "count" : 21,
      "average" : {
        "ns" : 423465.7619047619,
        "us" : 423.4657619047619,
        "ms" : 0.4234657619047619,
        "s" : 4.2346576190476187E-4
      },
      "min" : {
        "ns" : 17301,
        "us" : 17.301,
        "ms" : 0.017301,
        "s" : 1.7301E-5
      },
      "max" : {
        "ns" : 1174264,
        "us" : 1174.264,
        "ms" : 1.174264,
        "s" : 0.001174264
      }
    },
    "ErrorPropagationDetector.handleFeedback<Analyzer>" : {
      "count" : 21,
      "average" : {
        "ns" : 335475.38095238095,
        "us" : 335.47538095238093,
        "ms" : 0.33547538095238094,
        "s" : 3.354753809523809E-4
      },
      "min" : {
        "ns" : 4100,
        "us" : 4.1,
        "ms" : 0.0041,
        "s" : 4.1E-6
      },
      "max" : {
        "ns" : 1026556,
        "us" : 1026.556,
        "ms" : 1.026556,
        "s" : 0.001026556
      }
    },
    "ConditionalPointDetector.handleFeedback<Analyzer>" : {
      "count" : 21,
      "average" : {
        "ns" : 737278.0476190476,
        "us" : 737.2780476190476,
        "ms" : 0.7372780476190476,
        "s" : 7.372780476190476E-4
      },
      "min" : {
        "ns" : 137208,
        "us" : 137.208,
        "ms" : 0.137208,
        "s" : 1.37208E-4
      },
      "max" : {
        "ns" : 4447742,
        "us" : 4447.742,
        "ms" : 4.447742,
        "s" : 0.004447742
      }
    },
    "RedundancyAnalyzer.handleFeedback<Analyzer>" : {
      "count" : 21,
      "average" : {
        "ns" : 41930.90476190476,
        "us" : 41.93090476190476,
        "ms" : 0.041930904761904766,
        "s" : 4.193090476190476E-5
      },
      "min" : {
        "ns" : 16201,
        "us" : 16.201,
        "ms" : 0.016201,
        "s" : 1.6201E-5
      },
      "max" : {
        "ns" : 101306,
        "us" : 101.306,
        "ms" : 0.101306,
        "s" : 1.01306E-4
      }
    },
    "StatusAnalyzer.handleFeedback<Analyzer>" : {
      "count" : 21,
      "average" : {
        "ns" : 13186.285714285714,
        "us" : 13.186285714285713,
        "ms" : 0.013186285714285715,
        "s" : 1.3186285714285713E-5
      },
      "min" : {
        "ns" : 3600,
        "us" : 3.6,
        "ms" : 0.0036,
        "s" : 3.6E-6
      },
      "max" : {
        "ns" : 131907,
        "us" : 131.907,
        "ms" : 0.131907,
        "s" : 1.31907E-4
      }
    },
    "BehaviorAnalyzer.handleFeedback<Analyzer>" : {
      "count" : 21,
      "average" : {
        "ns" : 462401.2380952381,
        "us" : 462.4012380952381,
        "ms" : 0.4624012380952381,
        "s" : 4.624012380952381E-4
      },
      "min" : {
        "ns" : 271614,
        "us" : 271.614,