{
  "stats" : {
    "nextFaultload" : {
      "count" : 9,
      "average" : {
        "ns" : 2258035.6666666665,
        "us" : 2258.0356666666667,
        "ms" : 2.2580356666666663,
        "s" : 0.0022580356666666666
      },
      "min" : {
        "ns" : 642226,
        "us" : 642.226,
        "ms" : 0.642226,
        "s" : 6.42226E-4
      },
      "max" : {
        "ns" : 4284273,
        "us" : 4284.273,
        "ms" : 4.284273,
        "s" : 0.004284273
      }
    },
    "Per test" : {
      "count" : 8,
      "average" : {
        "ns" : 6.0811441625E7,
        "us" : 60811.441625,
        "ms" : 60.811441625,
        "s" : 0.060811441625
      },
      "min" : {
        "ns" : 24499389,
        "us" : 24499.389,
        "ms" : 24.499389,
        "s" : 0.024499389
      },
      "max" : {
        "ns" : 245637314,
        "us" : 245637.314,
        "ms" : 245.637314,
        "s" : 0.245637314
      }
    },
    "registerFaultload" : {
      "count" : 8,
      "average" : {
        "ns" : 1.90771575E7,
        "us" : 19077.1575,
        "ms" : 19.0771575,
        "s" : 0.0190771575
      },
      "min" : {
        "ns" : 2808313,
        "us" : 2808.313,
        "ms" : 2.808313,
        "s" : 0.002808313
      },
      "max" : {
        "ns" : 115006241,
        "us" : 115006.241,
        "ms" : 115.006241,
        "s" : 0.115006241
      }
    },
    "testMethod" : {
      "count" : 8,
      "average" : {
        "ns" : 1.465187875E7,
        "us" : 14651.87875,
        "ms" : 14.65187875,
        "s" : 0.01465187875
      },
      "min" : {
        "ns" : 8984463,
        "us" : 8984.463,
        "ms" : 8.984463,
        "s" : 0.008984463
      },
      "max" : {
        "ns" : 25973348,
        "us" : 25973.348,
        "ms" : 25.973348,
        "s" : 0.025973348
      }
    },
    "getTraceWithDelay" : {
      "count" : 8,
      "average" : {
        "ns" : 2.6841095625E7,
        "us" : 26841.095625,
        "ms" : 26.841095625,
        "s" : 0.026841095625
      },
      "min" : {
        "ns" : 12096788,
        "us" : 12096.788,
        "ms" : 12.096788,
        "s" : 0.012096788
      },
      "max" : {
        "ns" : 104350511,
        "us" : 104350.511,
        "ms" : 104.350511,
        "s" : 0.104350511
      }
    },
    "getTrace" : {
      "count" : 8,
      "average" : {
        "ns" : 1.70631635E7,
        "us" : 17063.1635,
        "ms" : 17.0631635,
        "s" : 0.0170631635
      },
      "min" : {
        "ns" : 7019083,
        "us" : 7019.083,
        "ms" : 7.019083,
        "s" : 0.007019083
      },
      "max" : {
        "ns" : 74710215,
        "us" : 74710.215,
        "ms" : 74.710215,
        "s" : 0.074710215
      }
    },
    "handleResult" : {
      "count" : 8,
      "average" : {
        "ns" : 6081057.875,
        "us" : 6081.057875,
        "ms" : 6.081057875,
        "s" : 0.006081057875
      },
      "min" : {
        "ns" : 1940278,
        "us" : 1940.278,
        "ms" : 1.940278,
        "s" : 0.001940278
      },
      "max" : {
        "ns" : 20833341,
        "us" : 20833.341,
        "ms" : 20.833341,
        "s" : 0.020833341
      }
    },
    "StrategyRunner.analyze" : {
      "count" : 8,
      "average" : {
        "ns" : 5951665.125,
        "us" : 5951.665125,
        "ms" : 5.951665125,
        "s" : 0.005951665125
      },
      "min" : {
        "ns" : 1853875,
        "us" : 1853.875,
        "ms" : 1.853875,
        "s" : 0.001853875
      },
      "max" : {
        "ns" : 20507728,
        "us" : 20507.728,
        "ms" : 20.507728,
        "s" : 0.020507728
      }
    },
    "DynamicExplorationGenerator.handleFeedback<Analyzer>" : {
      "count" : 8,
      "average" : {
        "ns" : 1090206.5,
        "us" : 1090.2065,
        "ms" : 1.0902065,
        "s" : 0.0010902065
      },
      "min" : {
        "ns" : 77303,
        "us" : 77.303,
        "ms" : 0.077303,
        "s" : 7.7303E-5
      },
      "max" : {
        "ns" : 6287554,
        "us" : 6287.554,
        "ms" : 6.287554,
        "s" : 0.006287554
      }
    },
    "HappyPathDetector.handleFeedback<Analyzer>" : {
      "count" : 8,
      "average" : {
        "ns" : 73990.5,
        "us" : 73.9905,
        "ms" : 0.0739905,
        "s" : 7.39905E-5
      },
      "min" : {
        "ns" : 3200,
        "us" : 3.2,
        "ms" : 0.0032,
        "s" : 3.2E-6
      },
      "max" : {
        "ns" : 564123,
        "us" : 564.123,
        "ms" : 0.564123,
        "s" : 5.64123E-4
      }
    },
    "ParentChildDetector.handleFeedback<Analyzer>" : {
      "count" : 8,
      "average" : {
        "ns" : 1044754.75,
        "us" : 1044.75475,
        "ms" : 1.04475475,
        "s" : 0.00104475475
      },
      "min" : {
        "ns" : 42702,
        "us" : 42.702,
        "ms" : 0.042702,
        "s" : 4.2702E-5
      },
      "max" : {
        "ns" : 7789015,
        "us" : 7789.015,
        "ms" : 7.789015,
        "s" : 0.007789015
      }
    },
    "HappensBeforeNeighbourDetector.handleFeedback<Analyzer>" : {
      "count" : 8,
      "average" : {
        "ns" : 397891.125,
        "us" : 397.891125,
        "ms" : 0.397891125,
        "s" : 3.97891125E-4
      },
      "min" : {
        "ns" : 14500,
        "us" : 14.5,
        "ms" : 0.0145,
        "s" : 1.45E-5
      },
      "max" : {
        "ns" : 1320754,
        "us" : 1320.754,
        "ms" : 1.320754,
        "s" : 0.001320754
      }
    },
    "ErrorPropagationDetector.handleFeedback<Analyzer>" : {
      "count" : 8,
      "average" : {
        "ns" : 911224.375,
        "us" : 911.224375,
        "ms" : 0.911224375,
        "s" : 9.11224375E-4
      },
      "min" : {
        "ns" : 14401,
        "us" : 14.401,
        "ms" : 0.014401,
        "s" : 1.4401E-5
      },
      "max" : {
        "ns" : 2953619,
        "us" : 2953.619,
        "ms" : 2.953619,
        "s" : 0.002953619
      }
    },
    "ConditionalPointDetector.handleFeedback<Analyzer>" : {
      "count" : 8,
      "average" : {
        "ns" : 819120.75,
        "us" : 819.12075,
        "ms" : 0.81912075,
        "s" : 8.1912075E-4
      },
      "min" : {
        "ns" : 129606,
        "us" : 129.606,
        "ms" : 0.129606,
        "s" : 1.29606E-4
      },
      "max" : {
        "ns" : 4685689,
        "us" : 4685.689,
        "ms" : 4.685689,
        "s" : 0.004685689
      }
    },
    "RedundancyAnalyzer.handleFeedback<Analyzer>" : {
      "count" : 8,
      "average" : {
        "ns" : 40189.125,
        "us" : 40.189125,
        "ms" : 0.040189125,
        "s" : 4.0189125E-5
      },
      "min" : {
        "ns" : 21501,
        "us" : 21.501,
        "ms" : 0.021501,
        "s" : 2.1501E-5
      },
      "max" : {
        "ns" : 81503,
        "us" : 81.503,
        "ms" : 0.081503,
        "s" : 8.1503E-5
      }
    },
    "StatusAnalyzer.handleFeedback<Analyzer>" : {
      "count" : 8,
      "average" : {
        "ns" : 21975.875,
        "us" : 21.975875,
        "ms" : 0.021975875,
        "s" : 2.1975875E-5
      },
      "min" : {
        "ns" : 4600,
        "us" : 4.6,
        "ms" : 0.0046,
        "s" : 4.6E-6
      },
      "max" : {
        "ns" : 137606,
        "us" : 137.606,
        "ms" : 0.137606,
        "s" : 1.37606E-4
      }
    },
    "BehaviorAnalyzer.handleFeedback<Analyzer>" : {
      "count" : 8,
      "average" : {
        "ns" : 602012.0,
        "us" : 602.012,
        "ms" : 0.602012,
        "s" : 6.02012E-4
      },
      "min" : {
        "ns" : 264411,
        "us" : 264.411,
        "ms" : 0.264411,
        "s" : 2.64411E-4
      },
      "max" : {
        "ns" : 1574764,
        "us" : 1574.764,
        "ms" : 1.574764,
        "s" : 0.001574764
      }
    },
    "TimingAnalyzer.handleFeedback<Analyzer>" : {
      "count" : 8,
      "average" : {
        "ns" : 175707.125,
        "us" : 175.707125,
        "ms" : 0.175707125,
        "s" : 1.75707125E-4
      },
      "min" : {
        "ns" : 50202,
        "us" : 50.202,