{
  "stats" : {
    "nextFaultload" : {
      "count" : 10,
      "average" : {
        "ns" : 3484253.4,
        "us" : 3484.2534,
        "ms" : 3.4842534,
        "s" : 0.0034842534
      },
      "min" : {
        "ns" : 1985305,
        "us" : 1985.305,
        "ms" : 1.985305,
        "s" : 0.001985305
      },
      "max" : {
        "ns" : 9467999,
        "us" : 9467.999,
        "ms" : 9.467999,
        "s" : 0.009467999
      }
    },
    "Per test" : {
      "count" : 9,
      "average" : {
        "ns" : 5.7265979777777776E7,
        "us" : 57265.97977777778,
        "ms" : 57.26597977777777,
        "s" : 0.057265979777777774
      },
      "min" : {
        "ns" : 28876120,
        "us" : 28876.12,
        "ms" : 28.87612,
        "s" : 0.02887612
      },
      "max" : {
        "ns" : 233112659,
        "us" : 233112.659,
        "ms" : 233.112659,
        "s" : 0.233112659
      }
    },
    "registerFaultload" : {
      "count" : 9,
      "average" : {
        "ns" : 1.6847408333333332E7,
        "us" : 16847.408333333333,
        "ms" : 16.84740833333333,
        "s" : 0.01684740833333333
      },
      "min" : {
        "ns" : 2680641,
        "us" : 2680.641,
        "ms" : 2.680641,
        "s" : 0.002680641
      },
      "max" : {
        "ns" : 110435308,
        "us" : 110435.308,
        "ms" : 110.435308,
        "s" : 0.110435308
      }
    },
    "testMethod" : {
      "count" : 9,
      "average" : {
        "ns" : 1.4367945111111112E7,
        "us" : 14367.945111111112,
        "ms" : 14.367945111111112,
        "s" : 0.014367945111111112
      },
      "min" : {
        "ns" : 11756419,
        "us" : 11756.419,
        "ms" : 11.756419,
        "s" : 0.011756419
      },
      "max" : {
        "ns" : 20118558,
        "us" : 20118.558,
        "ms" : 20.118558,
        "s" : 0.020118558
      }
    },
    "getTraceWithDelay" : {
      "count" : 9,
      "average" : {
        "ns" : 2.5798935444444444E7,
        "us" : 25798.935444444443,
        "ms" : 25.798935444444442,
        "s" : 0.025798935444444445
      },
      "min" : {
        "ns" : 12868677,
        "us" : 12868.677,
        "ms" : 12.868677,
        "s" : 0.012868677
      },
      "max" : {
        "ns" : 102287180,
        "us" : 102287.18,
        "ms" : 102.28718,
        "s" : 0.10228718
      }
    },
    "getTrace" : {
      "count" : 9,
      "average" : {
        "ns" : 1.5954106111111112E7,
        "us" : 15954.106111111112,
        "ms" : 15.954106111111113,
        "s" : 0.015954106111111113
      },
      "min" : {
        "ns" : 6709253,
        "us" : 6709.253,
        "ms" : 6.709253,
        "s" : 0.006709253
      },
      "max" : {
        "ns" : 73029941,
        "us" : 73029.941,
        "ms" : 73.029941,
        "s" : 0.073029941
      }
    },
    "handleResult" : {
      "count" : 9,
      "average" : {
        "ns" : 6288286.444444444,
        "us" : 6288.286444444444,
        "ms" : 6.288286444444444,
        "s" : 0.006288286444444444
      },
      "min" : {
        "ns" : 2275420,
        "us" : 2275.42,
        "ms" : 2.27542,
        "s" : 0.00227542
      },
      "max" : {
        "ns" : 20375772,
        "us" : 20375.772,
        "ms" : 20.375772,
        "s" : 0.020375772
      }
    },
    "StrategyRunner.analyze" : {
      "count" : 9,
      "average" : {
        "ns" : 6127189.333333333,
        "us" : 6127.189333333333,
        "ms" : 6.127189333333333,
        "s" : 0.006127189333333333
      },
      "min" : {
        "ns" : 2185215,
        "us" : 2185.215,
        "ms" : 2.185215,
        "s" : 0.002185215
      },
      "max" : {
        "ns" : 19953050,
        "us" : 19953.05,
        "ms" : 19.95305,
        "s" : 0.01995305
      }
    },
    "DynamicExplorationGenerator.handleFeedback<Analyzer>" : {
      "count" : 9,
      "average" : {
        "ns" : 1121270.2222222222,
        "us" : 1121.2702222222222,
        "ms" : 1.1212702222222222,
        "s" : 0.0011212702222222223
      },
      "min" : {
        "ns" : 86804,
        "us" : 86.804,
        "ms" : 0.086804,
        "s" : 8.6804E-5
      },
      "max" : {
        "ns" : 6239928,
        "us" : 6239.928,
        "ms" : 6.239928,
        "s" : 0.006239928
      }
    },
    "HappyPathDetector.handleFeedback<Analyzer>" : {
      "count" : 9,
      "average" : {
        "ns" : 59725.22222222222,
        "us" : 59.72522222222222,
        "ms" : 0.05972522222222222,
        "s" : 5.972522222222222E-5
      },
      "min" : {
        "ns" : 3300,
        "us" : 3.3,
        "ms" : 0.0033,
        "s" : 3.3E-6
      },
      "max" : {
        "ns" : 504726,
        "us" : 504.726,
        "ms" : 0.504726,
        "s" : 5.04726E-4
      }
    },
    "ParentChildDetector.handleFeedback<Analyzer>" : {
      "count" : 9,
      "average" : {
        "ns" : 921848.5555555555,
        "us" : 921.8485555555555,
        "ms" : 0.9218485555555554,
        "s" : 9.218485555555555E-4
      },
      "min" : {
        "ns" : 44603,
        "us" : 44.603,
        "ms" : 0.044603,
        "s" : 4.4603E-5
      },
      "max" : {
        "ns" : 7672504,
        "us" : 7672.504,
        "ms" : 7.672504,
        "s" : 0.007672504
      }
    },
    "HappensBeforeNeighbourDetector.handleFeedback<Analyzer>" : {
      "count" : 9,
      "average" : {
        "ns" : 503493.22222222225,
        "us" : 503.49322222222224,
        "ms" : 0.5034932222222223,
        "s" : 5.034932222222222E-4
      },
      "min" : {
        "ns" : 12101,
        "us" : 12.101,
        "ms" : 0.012101,
        "s" : 1.2101E-5
      },
      "max" : {
        "ns" : 1061956,
        "us" : 1061.956,
        "ms" : 1.061956,
        "s" : 0.001061956
      }
    },
    "ErrorPropagationDetector.handleFeedback<Analyzer>" : {
      "count" : 9,
      "average" : {
        "ns" : 330628.44444444444,
        "us" : 330.6284444444444,
        "ms" : 0.33062844444444445,
        "s" : 3.3062844444444443E-4
      },
      "min" : {
        "ns" : 3700,
        "us" : 3.7,
        "ms" : 0.0037,
        "s" : 3.7E-6
      },
      "max" : {
        "ns" : 1628085,
        "us" : 1628.085,
        "ms" : 1.628085,
        "s" : 0.001628085
      }
    },
    "ConditionalPointDetector.handleFeedback<Analyzer>" : {
      "count" : 9,
      "average" : {
        "ns" : 2088954.3333333333,
        "us" : 2088.954333333333,
        "ms" : 2.088954333333333,
        "s" : 0.0020889543333333332
      },
      "min" : {
        "ns" : 251313,
        "us" : 251.313,
        "ms" : 0.251313,
        "s" : 2.51313E-4
      },
      "max" : {
        "ns" : 7311185,
        "us" : 7311.185,
        "ms" : 7.311185,
        "s" : 0.007311185
      }
    },
    "RedundancyAnalyzer.handleFeedback<Analyzer>" : {
      "count" : 9,
      "average" : {
        "ns" : 35968.666666666664,
        "us" : 35.968666666666664,
        "ms" : 0.03596866666666666,
        "s" : 3.596866666666667E-5
      },
      "min" : {
        "ns" : 24201,
        "us" : 24.201,
        "ms" : 0.024201,
        "s" : 2.4201E-5
      },
      "max" : {
        "ns" : 94405,
        "us" : 94.405,
        "ms" : 0.094405,
        "s" : 9.4405E-5
      }
    },
    "StatusAnalyzer.handleFeedback<Analyzer>" : {
      "count" : 9,
      "average" : {
        "ns" : 19267.666666666668,
        "us" : 19.267666666666667,
        "ms" : 0.01926766666666667,
        "s" : 1.926766666666667E-5
      },
      "min" : {
        "ns" : 4400,
        "us" : 4.4,
        "ms" : 0.0044,
        "s" : 4.4E-6
      },
      "max" : {
        "ns" : 131507,
        "us" : 131.507,
        "ms" : 0.131507,
        "s" : 1.31507E-4
      }
    },
    "BehaviorAnalyzer.handleFeedback<Analyzer>" : {
      "count" : 9,
      "average" : {
        "ns" : 536495.0,
        "us" : 536.495,
        "ms" : 0.536495,
        "s" : 5.36495E-4
      },
      "min" : {
        "ns" : 326218,
        "us" : 326.218,
        "ms" : 0.326218,