{
    "per_key": {
        "nextFaultload": {
            "n": 160,
            "mean": 3.7152946812499996,
            "median": 2.447599,
            "std": 4.214022137885635,
            "min": 0.9389219999999999,
            "max": 24.696257,
            "p25": 1.766935,
            "p50": 2.447599,
            "p75": 3.6647855,
            "p90": 5.432451799999999,
            "p95": 17.825554899999993,
            "p99": 19.830691449999993
        },
        "Per test": {
            "n": 150,
            "mean": 51.52340043333333,
            "median": 38.8988065,
            "std": 49.713873040240635,
            "min": 21.117048,
            "max": 323.24483,
            "p25": 32.917097,
            "p50": 38.8988065,
            "p75": 43.0182955,
            "p90": 64.49196089999998,
            "p95": 217.58474344999996,
            "p99": 228.05662653
        },
        "registerFaultload": {
            "n": 150,
            "mean": 10.015328919999998,
            "median": 4.649443,
            "std": 16.303728921449142,
            "min": 3.4957939999999996,
            "max": 72.67484499999999,
            "p25": 4.29847,
            "p50": 4.649443,
            "p75": 5.2759575,
            "p90": 20.414288799999998,
            "p95": 67.39874565,
            "p99": 70.48484952999999
        },
        "unregisterFautload": {
            "n": 150,
            "mean": 4.442542513333333,
            "median": 4.3587805,
            "std": 0.5457932916569633,
            "min": 3.3590649999999997,
            "max": 6.671622999999999,
            "p25": 4.17816775,
            "p50": 4.3587805,
            "p75": 4.5853035,
            "p90": 5.115638099999999,
            "p95": 5.474200399999999,
            "p99": 6.470451059999999
        },
        "testMethod": {
            "n": 150,
            "mean": 32.70617453333334,
            "median": 27.496484499999998,
            "std": 29.986678377026127,
            "min": 12.073304,
            "max": 225.371667,
            "p25": 20.72648625,
            "p50": 27.496484499999998,
            "p75": 30.29960675,
            "p90": 38.8917316,
            "p95": 125.55221274999998,
            "p99": 133.79151430999997
        },
        "getTraceWithDelay": {
            "n": 150,
            "mean": 22.94175445333333,
            "median": 15.491849499999999,
            "std": 23.99985837661664,
            "min": 10.816417,
            "max": 116.10921099999999,
            "p25": 14.095498,
            "p50": 15.491849499999999,
            "p75": 20.3473555,
            "p90": 25.343432899999996,
            "p95": 108.57777284999997,
            "p99": 115.41937047999998
        },
        "handleResult": {
            "n": 150,
            "mean": 4.329456653333334,
            "median": 2.23219,
            "std": 4.808969946295218,
            "min": 1.0029029999999999,
            "max": 21.151177999999998,
            "p25": 1.8104955,
            "p50": 2.23219,
            "p75": 3.38862025,
            "p90": 10.833761099999998,
            "p95": 18.381302899999998,
            "p99": 20.290002629999996
        },
        "Total test time": {
            "n": 10,
            "mean": 1149.3458693999996,
            "median": 1145.9259149999998,
            "std": 63.00755946007093,
            "min": 1080.86467,
            "max": 1317.381443,
            "p25": 1106.49154375,
            "p50": 1145.9259149999998,
            "p75": 1155.377774,
            "p90": 1191.4894898,
            "p95": 1254.4354663999998,
            "p99": 1304.79224768
        },
        "getExpectedBehaviours": {
            "n": 620,
            "mean": 0.2696737564516129,
            "median": 0.224318,
            "std": 0.18690032378779936,
            "min": 0.030043999999999998,
            "max": 1.175835,
            "p25": 0.137957,
            "p50": 0.224318,
            "p75": 0.35171749999999996,
            "p90": 0.523026,
            "p95": 0.6686044499999998,
            "p99": 0.8721699999999999
        },
        "getExpectedPoints": {
            "n": 620,
            "mean": 0.32843585322580643,
            "median": 0.246518,
            "std": 0.23892610730793992,
            "min": 0.03558,
            "max": 1.412353,
            "p25": 0.15412725,
            "p50": 0.246518,
            "p75": 0.43788599999999994,
            "p90": 0.6891915,
            "p95": 0.8187037999999991,
            "p99": 1.1218682299999954
        }
    }
}