{
    "per_key": {
        "nextFaultload": {
            "n": 90,
            "mean": 2.3298347222222224,
            "median": 2.2037639999999996,
            "std": 1.1413148103693782,
            "min": 0.019111,
            "max": 4.711688,
            "p25": 1.9675175,
            "p50": 2.2037639999999996,
            "p75": 2.9901945,
            "p90": 3.9143384,
            "p95": 4.06713115,
            "p99": 4.66437382
        },
        "Per test": {
            "n": 80,
            "mean": 63.634264037499996,
            "median": 36.459323999999995,
            "std": 69.85720177001522,
            "min": 25.379438,
            "max": 264.784195,
            "p25": 28.43365125,
            "p50": 36.459323999999995,
            "p75": 47.90595125,
            "p90": 236.67777370000002,
            "p95": 244.98945539999997,
            "p99": 257.1140786799999
        },
        "registerFaultload": {
            "n": 80,
            "mean": 19.676673762500002,
            "median": 3.8911685,
            "std": 37.091479988458204,
            "min": 2.857548,
            "max": 126.693067,
            "p25": 3.42282325,
            "p50": 3.8911685,
            "p75": 8.72326775,
            "p90": 112.23561320000002,
            "p95": 117.97439179999999,
            "p99": 124.05381129999996
        },
        "unregisterFautload": {
            "n": 80,
            "mean": 3.1406256249999998,
            "median": 3.103814,
            "std": 0.3468367021050532,
            "min": 2.5541709999999997,
            "max": 4.21654,
            "p25": 2.878425,
            "p50": 3.103814,
            "p75": 3.3232625,
            "p90": 3.604115,
            "p95": 3.8513529999999996,
            "p99": 4.010546709999998
        },
        "testMethod": {
            "n": 80,
            "mean": 34.45777995,
            "median": 26.660165999999997,
            "std": 28.12107537868476,
            "min": 16.854757,
            "max": 115.61809099999999,
            "p25": 18.9182205,
            "p50": 26.660165999999997,
            "p75": 28.85883225,
            "p90": 104.7045826,
            "p95": 107.01924255,
            "p99": 112.88933619999997
        },
        "getTraceWithDelay": {
            "n": 80,
            "mean": 28.3072517875,
            "median": 17.062973999999997,
            "std": 27.799859099289275,
            "min": 11.966864,
            "max": 105.391238,
            "p25": 13.87751675,
            "p50": 17.062973999999997,
            "p75": 23.94772725,
            "p90": 97.1846339,
            "p95": 100.0481736,
            "p99": 104.69982368
        },
        "handleResult": {
            "n": 80,
            "mean": 6.325408350000001,
            "median": 2.9574949999999998,
            "std": 6.489826813685116,
            "min": 1.470705,
            "max": 20.136582999999998,
            "p25": 1.91874525,
            "p50": 2.9574949999999998,
            "p75": 7.6693855,
            "p90": 17.4592753,
            "p95": 18.315748099999997,
            "p99": 20.06353407
        },
        "Total test time": {
            "n": 10,
            "mean": 779.6384795000001,
            "median": 771.256574,
            "std": 15.756038203184259,
            "min": 761.52422,
            "max": 811.496813,
            "p25": 770.3729667499999,
            "p50": 771.256574,
            "p75": 789.8842697499999,
            "p90": 801.7199410999999,
            "p95": 806.60837705,
            "p99": 810.51912581
        },
        "getExpectedBehaviours": {
            "n": 150,
            "mean": 0.24736437333333333,
            "median": 0.20852199999999999,
            "std": 0.16396704008548169,
            "min": 0.075114,
            "max": 0.9295359999999999,
            "p25": 0.11653124999999999,
            "p50": 0.20852199999999999,
            "p75": 0.301197,
            "p90": 0.4480838,
            "p95": 0.6035435999999997,
            "p99": 0.8372750099999996
        },
        "getExpectedPoints": {
            "n": 150,
            "mean": 0.3579830066666666,
            "median": 0.30717799999999995,
            "std": 0.21086468196871333,
            "min": 0.07936499999999999,
            "max": 1.038349,
            "p25": 0.18176775,
            "p50": 0.30717799999999995,
            "p75": 0.48127725,
            "p90": 0.6678100999999999,
            "p95": 0.71739045,
            "p99": 0.8878236399999995
        }
    }
}