{
  "stats" : {
    "nextFaultload" : {
      "count" : 10,
      "average" : {
        "ns" : 3874849.1,
        "us" : 3874.8491,
        "ms" : 3.8748491,
        "s" : 0.0038748491
      },
      "min" : {
        "ns" : 2167133,
        "us" : 2167.133,
        "ms" : 2.167133,
        "s" : 0.002167133
      },
      "max" : {
        "ns" : 11603216,
        "us" : 11603.216,
        "ms" : 11.603216,
        "s" : 0.011603216
      }
    },
    "Per test" : {
      "count" : 9,
      "average" : {
        "ns" : 5.4123406666666664E7,
        "us" : 54123.40666666666,
        "ms" : 54.12340666666666,
        "s" : 0.054123406666666665
      },
      "min" : {
        "ns" : 26971665,
        "us" : 26971.665,
        "ms" : 26.971665,
        "s" : 0.026971665
      },
      "max" : {
        "ns" : 239750894,
        "us" : 239750.894,
        "ms" : 239.750894,
        "s" : 0.239750894
      }
    },
    "registerFaultload" : {
      "count" : 9,
      "average" : {
        "ns" : 1.9076777333333332E7,
        "us" : 19076.77733333333,
        "ms" : 19.076777333333332,
        "s" : 0.019076777333333333
      },
      "min" : {
        "ns" : 3778433,
        "us" : 3778.433,
        "ms" : 3.778433,
        "s" : 0.003778433
      },
      "max" : {
        "ns" : 119310163,
        "us" : 119310.163,
        "ms" : 119.310163,
        "s" : 0.119310163
      }
    },
    "testMethod" : {
      "count" : 9,
      "average" : {
        "ns" : 2.6911271777777776E7,
        "us" : 26911.271777777776,
        "ms" : 26.911271777777777,
        "s" : 0.026911271777777777
      },
      "min" : {
        "ns" : 15966885,
        "us" : 15966.885,
        "ms" : 15.966885,
        "s" : 0.015966885
      },
      "max" : {
        "ns" : 100250986,
        "us" : 100250.986,
        "ms" : 100.250986,
        "s" : 0.100250986
      }
    },
    "getTraceWithDelay" : {
      "count" : 9,
      "average" : {
        "ns" : 2.5067102333333332E7,
        "us" : 25067.102333333332,
        "ms" : 25.06710233333333,
        "s" : 0.02506710233333333
      },
      "min" : {
        "ns" : 13256918,
        "us" : 13256.918,
        "ms" : 13.256918,
        "s" : 0.013256918
      },
      "max" : {
        "ns" : 99056112,
        "us" : 99056.112,
        "ms" : 99.056112,
        "s" : 0.099056112
      }
    },
    "getTrace" : {
      "count" : 9,
      "average" : {
        "ns" : 1.6703908444444444E7,
        "us" : 16703.908444444445,
        "ms" : 16.703908444444444,
        "s" : 0.016703908444444443
      },
      "min" : {
        "ns" : 7987993,
        "us" : 7987.993,
        "ms" : 7.987993,
        "s" : 0.007987993
      },
      "max" : {
        "ns" : 78132021,
        "us" : 78132.021,
        "ms" : 78.132021,
        "s" : 0.078132021
      }
    },
    "handleResult" : {
      "count" : 9,
      "average" : {
        "ns" : 4168601.5555555555,
        "us" : 4168.601555555556,
        "ms" : 4.168601555555555,
        "s" : 0.004168601555555556
      },
      "min" : {
        "ns" : 1543495,
        "us" : 1543.495,
        "ms" : 1.543495,
        "s" : 0.001543495
      },
      "max" : {
        "ns" : 15832477,
        "us" : 15832.477,
        "ms" : 15.832477,
        "s" : 0.015832477
      }
    },
    "StrategyRunner.analyze" : {
      "count" : 9,
      "average" : {
        "ns" : 4136110.888888889,
        "us" : 4136.110888888889,
        "ms" : 4.136110888888889,
        "s" : 0.004136110888888889
      },
      "min" : {
        "ns" : 1495392,
        "us" : 1495.392,
        "ms" : 1.495392,
        "s" : 0.001495392
      },
      "max" : {
        "ns" : 15647966,
        "us" : 15647.966,
        "ms" : 15.647966,
        "s" : 0.015647966
      }
    },
    "DynamicExplorationGenerator.handleFeedback<Analyzer>" : {
      "count" : 9,
      "average" : {
        "ns" : 986949.7777777778,
        "us" : 986.9497777777777,
        "ms" : 0.9869497777777777,
        "s" : 9.869497777777777E-4
      },
      "min" : {
        "ns" : 91106,
        "us" : 91.106,
        "ms" : 0.091106,
        "s" : 9.1106E-5
      },
      "max" : {
        "ns" : 6709314,
        "us" : 6709.314,
        "ms" : 6.709314,
        "s" : 0.006709314
      }
    },
    "HappyPathDetector.handleFeedback<Analyzer>" : {
      "count" : 9,
      "average" : {
        "ns" : 56825.666666666664,
        "us" : 56.82566666666666,
        "ms" : 0.05682566666666666,
        "s" : 5.682566666666667E-5
      },
      "min" : {
        "ns" : 3600,
        "us" : 3.6,
        "ms" : 0.0036,
        "s" : 3.6E-6
      },
      "max" : {
        "ns" : 479130,
        "us" : 479.13,
        "ms" : 0.47913,
        "s" : 4.7913E-4
      }
    },
    "ParentChildDetector.handleFeedback<Analyzer>" : {
      "count" : 9,
      "average" : {
        "ns" : 326764.44444444444,
        "us" : 326.76444444444445,
        "ms" : 0.3267644444444444,
        "s" : 3.267644444444444E-4
      },
      "min" : {
        "ns" : 48303,
        "us" : 48.303,
        "ms" : 0.048303,
        "s" : 4.8303E-5
      },
      "max" : {
        "ns" : 2334644,
        "us" : 2334.644,
        "ms" : 2.334644,
        "s" : 0.002334644
      }
    },
    "HappensBeforeNeighbourDetector.handleFeedback<Analyzer>" : {
      "count" : 9,
      "average" : {
        "ns" : 802971.8888888889,
        "us" : 802.9718888888889,
        "ms" : 0.8029718888888889,
        "s" : 8.029718888888889E-4
      },
      "min" : {
        "ns" : 13701,
        "us" : 13.701,
        "ms" : 0.013701,
        "s" : 1.3701E-5
      },
      "max" : {
        "ns" : 2295741,
        "us" : 2295.741,
        "ms" : 2.295741,
        "s" : 0.002295741
      }
    },
    "ErrorPropagationDetector.handleFeedback<Analyzer>" : {
      "count" : 9,
      "average" : {
        "ns" : 204846.11111111112,
        "us" : 204.84611111111113,
        "ms" : 0.20484611111111112,
        "s" : 2.0484611111111113E-4
      },
      "min" : {
        "ns" : 12301,
        "us" : 12.301,
        "ms" : 0.012301,
        "s" : 1.2301E-5
      },
      "max" : {
        "ns" : 499630,
        "us" : 499.63,
        "ms" : 0.49963,
        "s" : 4.9963E-4
      }
    },
    "ConditionalPointDetector.handleFeedback<Analyzer>" : {
      "count" : 9,
      "average" : {
        "ns" : 1086789.2222222222,
        "us" : 1086.7892222222222,
        "ms" : 1.0867892222222222,
        "s" : 0.0010867892222222223
      },
      "min" : {
        "ns" : 219214,
        "us" : 219.214,
        "ms" : 0.219214,
        "s" : 2.19214E-4
      },
      "max" : {
        "ns" : 4408672,
        "us" : 4408.672,
        "ms" : 4.408672,
        "s" : 0.004408672
      }
    },
    "RedundancyAnalyzer.handleFeedback<Analyzer>" : {
      "count" : 9,
      "average" : {
        "ns" : 63392.88888888889,
        "us" : 63.39288888888889,
        "ms" : 0.06339288888888889,
        "s" : 6.339288888888889E-5
      },
      "min" : {
        "ns" : 18801,
        "us" : 18.801,
        "ms" : 0.018801,
        "s" : 1.8801E-5
      },
      "max" : {
        "ns" : 221214,
        "us" : 221.214,
        "ms" : 0.221214,
        "s" : 2.21214E-4
      }
    },
    "StatusAnalyzer.handleFeedback<Analyzer>" : {
      "count" : 9,
      "average" : {
        "ns" : 33835.555555555555,
        "us" : 33.83555555555556,
        "ms" : 0.033835555555555556,
        "s" : 3.3835555555555556E-5
      },
      "min" : {
        "ns" : 4801,
        "us" : 4.801,
        "ms" : 0.004801,
        "s" : 4.801E-6
      },
      "max" : {
        "ns" : 258216,
        "us" : 258.216,
        "ms" : 0.258216,
        "s" : 2.58216E-4
      }
    },
    "BehaviorAnalyzer.handleFeedback<Analyzer>" : {
      "count" : 9,
      "average" : {
        "ns" : 297107.1111111111,
        "us" : 297.1071111111111,
        "ms" : 0.2971071111111111,
        "s" : 2.971071111111111E-4
      },
      "min" : {
        "ns" : 97606,