{
  "stats" : {
    "nextFaultload" : {
      "count" : 10,
      "average" : {
        "ns" : 3768697.5,
        "us" : 3768.6975,
        "ms" : 3.7686975,
        "s" : 0.0037686975
      },
      "min" : {
        "ns" : 1997478,
        "us" : 1997.478,
        "ms" : 1.997478,
        "s" : 0.001997478
      },
      "max" : {
        "ns" : 9385767,
        "us" : 9385.767,
        "ms" : 9.385767,
        "s" : 0.009385767
      }
    },
    "Per test" : {
      "count" : 9,
      "average" : {
        "ns" : 5.5994757E7,
        "us" : 55994.757,
        "ms" : 55.994757,
        "s" : 0.055994757
      },
      "min" : {
        "ns" : 26898352,
        "us" : 26898.352,
        "ms" : 26.898352,
        "s" : 0.026898352
      },
      "max" : {
        "ns" : 241583850,
        "us" : 241583.85,
        "ms" : 241.58385,
        "s" : 0.24158385
      }
    },
    "registerFaultload" : {
      "count" : 9,
      "average" : {
        "ns" : 1.6774345222222222E7,
        "us" : 16774.345222222222,
        "ms" : 16.774345222222223,
        "s" : 0.016774345222222223
      },
      "min" : {
        "ns" : 2949716,
        "us" : 2949.716,
        "ms" : 2.949716,
        "s" : 0.002949716
      },
      "max" : {
        "ns" : 109714592,
        "us" : 109714.592,
        "ms" : 109.714592,
        "s" : 0.109714592
      }
    },
    "testMethod" : {
      "count" : 9,
      "average" : {
        "ns" : 2.9500754111111112E7,
        "us" : 29500.754111111113,
        "ms" : 29.50075411111111,
        "s" : 0.02950075411111111
      },
      "min" : {
        "ns" : 17625590,
        "us" : 17625.59,
        "ms" : 17.62559,
        "s" : 0.01762559
      },
      "max" : {
        "ns" : 100905647,
        "us" : 100905.647,
        "ms" : 100.905647,
        "s" : 0.100905647
      }
    },
    "getTraceWithDelay" : {
      "count" : 9,
      "average" : {
        "ns" : 2.5557321888888888E7,
        "us" : 25557.321888888888,
        "ms" : 25.55732188888889,
        "s" : 0.025557321888888887
      },
      "min" : {
        "ns" : 13098912,
        "us" : 13098.912,
        "ms" : 13.098912,
        "s" : 0.013098912
      },
      "max" : {
        "ns" : 105807639,
        "us" : 105807.639,
        "ms" : 105.807639,
        "s" : 0.105807639
      }
    },
    "getTrace" : {
      "count" : 9,
      "average" : {
        "ns" : 1.5603754666666666E7,
        "us" : 15603.754666666666,
        "ms" : 15.603754666666665,
        "s" : 0.015603754666666666
      },
      "min" : {
        "ns" : 7043175,
        "us" : 7043.175,
        "ms" : 7.043175,
        "s" : 0.007043175
      },
      "max" : {
        "ns" : 74027696,
        "us" : 74027.696,
        "ms" : 74.027696,
        "s" : 0.074027696
      }
    },
    "handleResult" : {
      "count" : 9,
      "average" : {
        "ns" : 5829006.0,
        "us" : 5829.006,
        "ms" : 5.829006,
        "s" : 0.005829006
      },
      "min" : {
        "ns" : 2716107,
        "us" : 2716.107,
        "ms" : 2.716107,
        "s" : 0.002716107
      },
      "max" : {
        "ns" : 21813853,
        "us" : 21813.853,
        "ms" : 21.813853,
        "s" : 0.021813853
      }
    },
    "StrategyRunner.analyze" : {
      "count" : 9,
      "average" : {
        "ns" : 5654010.333333333,
        "us" : 5654.010333333333,
        "ms" : 5.654010333333333,
        "s" : 0.005654010333333333
      },
      "min" : {
        "ns" : 2461797,
        "us" : 2461.797,
        "ms" : 2.461797,
        "s" : 0.002461797
      },
      "max" : {
        "ns" : 21489440,
        "us" : 21489.44,
        "ms" : 21.48944,
        "s" : 0.02148944
      }
    },
    "DynamicExplorationGenerator.handleFeedback<Analyzer>" : {
      "count" : 9,
      "average" : {
        "ns" : 1034196.0,
        "us" : 1034.196,
        "ms" : 1.034196,
        "s" : 0.001034196
      },
      "min" : {
        "ns" : 111904,
        "us" : 111.904,
        "ms" : 0.111904,
        "s" : 1.11904E-4
      },
      "max" : {
        "ns" : 7260484,
        "us" : 7260.484,
        "ms" : 7.260484,
        "s" : 0.007260484
      }
    },
    "HappyPathDetector.handleFeedback<Analyzer>" : {
      "count" : 9,
      "average" : {
        "ns" : 51868.77777777778,
        "us" : 51.86877777777778,
        "ms" : 0.051868777777777784,
        "s" : 5.186877777777778E-5
      },
      "min" : {
        "ns" : 3500,
        "us" : 3.5,
        "ms" : 0.0035,
        "s" : 3.5E-6
      },
      "max" : {
        "ns" : 435017,
        "us" : 435.017,
        "ms" : 0.435017,
        "s" : 4.35017E-4
      }
    },
    "ParentChildDetector.handleFeedback<Analyzer>" : {
      "count" : 9,
      "average" : {
        "ns" : 933003.2222222222,
        "us" : 933.0032222222222,
        "ms" : 0.9330032222222222,
        "s" : 9.330032222222222E-4
      },
      "min" : {
        "ns" : 56502,
        "us" : 56.502,
        "ms" : 0.056502,
        "s" : 5.6502E-5
      },
      "max" : {
        "ns" : 7702002,
        "us" : 7702.002,
        "ms" : 7.702002,
        "s" : 0.007702002
      }
    },
    "HappensBeforeNeighbourDetector.handleFeedback<Analyzer>" : {
      "count" : 9,
      "average" : {
        "ns" : 906557.5555555555,
        "us" : 906.5575555555555,
        "ms" : 0.9065575555555555,
        "s" : 9.065575555555556E-4
      },
      "min" : {
        "ns" : 9600,
        "us" : 9.6,
        "ms" : 0.0096,
        "s" : 9.6E-6
      },
      "max" : {
        "ns" : 3389832,
        "us" : 3389.832,
        "ms" : 3.389832,
        "s" : 0.003389832
      }
    },
    "ErrorPropagationDetector.handleFeedback<Analyzer>" : {
      "count" : 9,
      "average" : {
        "ns" : 465051.6666666667,
        "us" : 465.0516666666667,
        "ms" : 0.4650516666666667,
        "s" : 4.650516666666667E-4
      },
      "min" : {
        "ns" : 12301,
        "us" : 12.301,
        "ms" : 0.012301,
        "s" : 1.2301E-5
      },
      "max" : {
        "ns" : 792631,
        "us" : 792.631,
        "ms" : 0.792631,
        "s" : 7.92631E-4
      }
    },
    "ConditionalPointDetector.handleFeedback<Analyzer>" : {
      "count" : 9,
      "average" : {
        "ns" : 967937.6666666666,
        "us" : 967.9376666666666,
        "ms" : 0.9679376666666666,
        "s" : 9.679376666666666E-4
      },
      "min" : {
        "ns" : 224808,
        "us" : 224.808,
        "ms" : 0.224808,
        "s" : 2.24808E-4
      },
      "max" : {
        "ns" : 4303668,
        "us" : 4303.668,
        "ms" : 4.303668,
        "s" : 0.004303668
      }
    },
    "RedundancyAnalyzer.handleFeedback<Analyzer>" : {
      "count" : 9,
      "average" : {
        "ns" : 35001.333333333336,
        "us" : 35.001333333333335,
        "ms" : 0.035001333333333336,
        "s" : 3.500133333333333E-5
      },
      "min" : {
        "ns" : 24901,
        "us" : 24.901,
        "ms" : 0.024901,
        "s" : 2.4901E-5
      },
      "max" : {
        "ns" : 62503,
        "us" : 62.503,
        "ms" : 0.062503,
        "s" : 6.2503E-5
      }
    },
    "StatusAnalyzer.handleFeedback<Analyzer>" : {
      "count" : 9,
      "average" : {
        "ns" : 21767.666666666668,
        "us" : 21.767666666666667,
        "ms" : 0.021767666666666668,
        "s" : 2.1767666666666668E-5
      },
      "min" : {
        "ns" : 4800,
        "us" : 4.8,
        "ms" : 0.0048,
        "s" : 4.8E-6
      },
      "max" : {
        "ns" : 154006,
        "us" : 154.006,
        "ms" : 0.154006,
        "s" : 1.54006E-4
      }
    },
    "BehaviorAnalyzer.handleFeedback<Analyzer>" : {
      "count" : 9,
      "average" : {
        "ns" : 542587.6666666666,
        "us" : 542.5876666666667,
        "ms" : 0.5425876666666666,
        "s" : 5.425876666666666E-4
      },
      "min" : {
        "ns" : 357514,
        "us" : 357.514,
        "ms" : 0.357514,
        "s" : 3.57514E-4
      },
      "max" : {
        "ns" : 997739,