{
  "stats" : {
    "nextFaultload" : {
      "count" : 9,
      "average" : {
        "ns" : 2564367.777777778,
        "us" : 2564.367777777778,
        "ms" : 2.564367777777778,
        "s" : 0.002564367777777778
      },
      "min" : {
        "ns" : 22381,
        "us" : 22.381,
        "ms" : 0.022381,
        "s" : 2.2381E-5
      },
      "max" : {
        "ns" : 4658526,
        "us" : 4658.526,
        "ms" : 4.658526,
        "s" : 0.004658526
      }
    },
    "Per test" : {
      "count" : 8,
      "average" : {
        "ns" : 6.7351635E7,
        "us" : 67351.635,
        "ms" : 67.351635,
        "s" : 0.067351635
      },
      "min" : {
        "ns" : 26989705,
        "us" : 26989.705,
        "ms" : 26.989705,
        "s" : 0.026989705
      },
      "max" : {
        "ns" : 264784195,
        "us" : 264784.195,
        "ms" : 264.784195,
        "s" : 0.264784195
      }
    },
    "registerFaultload" : {
      "count" : 8,
      "average" : {
        "ns" : 2.1840824125E7,
        "us" : 21840.824125,
        "ms" : 21.840824125,
        "s" : 0.021840824125
      },
      "min" : {
        "ns" : 3678928,
        "us" : 3678.928,
        "ms" : 3.678928,
        "s" : 0.003678928
      },
      "max" : {
        "ns" : 126693067,
        "us" : 126693.067,
        "ms" : 126.693067,
        "s" : 0.126693067
      }
    },
    "testMethod" : {
      "count" : 8,
      "average" : {
        "ns" : 3.5955844375E7,
        "us" : 35955.844375,
        "ms" : 35.955844375,
        "s" : 0.035955844375
      },
      "min" : {
        "ns" : 18647517,
        "us" : 18647.517,
        "ms" : 18.647517,
        "s" : 0.018647517
      },
      "max" : {
        "ns" : 115618091,
        "us" : 115618.091,
        "ms" : 115.618091,
        "s" : 0.115618091
      }
    },
    "getTraceWithDelay" : {
      "count" : 8,
      "average" : {
        "ns" : 2.82260625E7,
        "us" : 28226.0625,
        "ms" : 28.2260625,
        "s" : 0.0282260625
      },
      "min" : {
        "ns" : 12961093,
        "us" : 12961.093,
        "ms" : 12.961093,
        "s" : 0.012961093
      },
      "max" : {
        "ns" : 102141106,
        "us" : 102141.106,
        "ms" : 102.141106,
        "s" : 0.102141106
      }
    },
    "getTrace" : {
      "count" : 8,
      "average" : {
        "ns" : 1.84049505E7,
        "us" : 18404.9505,
        "ms" : 18.4049505,
        "s" : 0.0184049505
      },
      "min" : {
        "ns" : 8012359,
        "us" : 8012.359,
        "ms" : 8.012359,
        "s" : 0.008012359
      },
      "max" : {
        "ns" : 78883944,
        "us" : 78883.944,
        "ms" : 78.883944,
        "s" : 0.078883944
      }
    },
    "handleResult" : {
      "count" : 8,
      "average" : {
        "ns" : 6418025.625,
        "us" : 6418.025625,
        "ms" : 6.418025625,
        "s" : 0.006418025625
      },
      "min" : {
        "ns" : 1757920,
        "us" : 1757.92,
        "ms" : 1.75792,
        "s" : 0.00175792
      },
      "max" : {
        "ns" : 18676789,
        "us" : 18676.789,
        "ms" : 18.676789,
        "s" : 0.018676789
      }
    },
    "StrategyRunner.analyze" : {
      "count" : 8,
      "average" : {
        "ns" : 6386451.5,
        "us" : 6386.4515,
        "ms" : 6.3864515,
        "s" : 0.0063864515
      },
      "min" : {
        "ns" : 1750460,
        "us" : 1750.46,
        "ms" : 1.75046,
        "s" : 0.00175046
      },
      "max" : {
        "ns" : 18483978,
        "us" : 18483.978,
        "ms" : 18.483978,
        "s" : 0.018483978
      }
    },
    "DynamicExplorationGenerator.handleFeedback<Analyzer>" : {
      "count" : 8,
      "average" : {
        "ns" : 1218358.375,
        "us" : 1218.358375,
        "ms" : 1.218358375,
        "s" : 0.001218358375
      },
      "min" : {
        "ns" : 69964,
        "us" : 69.964,
        "ms" : 0.069964,
        "s" : 6.9964E-5
      },
      "max" : {
        "ns" : 7355351,
        "us" : 7355.351,
        "ms" : 7.355351,
        "s" : 0.007355351
      }
    },
    "HappyPathDetector.handleFeedback<Analyzer>" : {
      "count" : 8,
      "average" : {
        "ns" : 70957.875,
        "us" : 70.957875,
        "ms" : 0.070957875,
        "s" : 7.0957875E-5
      },
      "min" : {
        "ns" : 3001,
        "us" : 3.001,
        "ms" : 0.003001,
        "s" : 3.001E-6
      },
      "max" : {
        "ns" : 542671,
        "us" : 542.671,
        "ms" : 0.542671,
        "s" : 5.42671E-4
      }
    },
    "ParentChildDetector.handleFeedback<Analyzer>" : {
      "count" : 8,
      "average" : {
        "ns" : 403533.0,
        "us" : 403.533,
        "ms" : 0.403533,
        "s" : 4.03533E-4
      },
      "min" : {
        "ns" : 39162,
        "us" : 39.162,
        "ms" : 0.039162,
        "s" : 3.9162E-5
      },
      "max" : {
        "ns" : 2554816,
        "us" : 2554.816,
        "ms" : 2.554816,
        "s" : 0.002554816
      }
    },
    "HappensBeforeNeighbourDetector.handleFeedback<Analyzer>" : {
      "count" : 8,
      "average" : {
        "ns" : 442657.625,
        "us" : 442.657625,
        "ms" : 0.442657625,
        "s" : 4.42657625E-4
      },
      "min" : {
        "ns" : 11070,
        "us" : 11.07,
        "ms" : 0.01107,
        "s" : 1.107E-5
      },
      "max" : {
        "ns" : 1470794,
        "us" : 1470.794,
        "ms" : 1.470794,
        "s" : 0.001470794
      }
    },
    "ErrorPropagationDetector.handleFeedback<Analyzer>" : {
      "count" : 8,
      "average" : {
        "ns" : 274253.25,
        "us" : 274.25325,
        "ms" : 0.27425325,
        "s" : 2.7425325E-4
      },
      "min" : {
        "ns" : 12411,
        "us" : 12.411,
        "ms" : 0.012411,
        "s" : 1.2411E-5
      },
      "max" : {
        "ns" : 858400,
        "us" : 858.4,
        "ms" : 0.8584,
        "s" : 8.584E-4
      }
    },
    "ConditionalPointDetector.handleFeedback<Analyzer>" : {
      "count" : 8,
      "average" : {
        "ns" : 1165610.625,
        "us" : 1165.610625,
        "ms" : 1.165610625,
        "s" : 0.001165610625
      },
      "min" : {
        "ns" : 230863,
        "us" : 230.863,
        "ms" : 0.230863,
        "s" : 2.30863E-4
      },
      "max" : {
        "ns" : 6294451,
        "us" : 6294.451,
        "ms" : 6.294451,
        "s" : 0.006294451
      }
    },
    "RedundancyAnalyzer.handleFeedback<Analyzer>" : {
      "count" : 8,
      "average" : {
        "ns" : 50875.375,
        "us" : 50.875375,
        "ms" : 0.050875375,
        "s" : 5.0875375E-5
      },
      "min" : {
        "ns" : 26362,
        "us" : 26.362,
        "ms" : 0.026362,
        "s" : 2.6362E-5
      },
      "max" : {
        "ns" : 116757,
        "us" : 116.757,
        "ms" : 0.116757,
        "s" : 1.16757E-4
      }
    },
    "StatusAnalyzer.handleFeedback<Analyzer>" : {
      "count" : 8,
      "average" : {
        "ns" : 35610.625,
        "us" : 35.610625,
        "ms" : 0.035610625,
        "s" : 3.5610625E-5
      },
      "min" : {
        "ns" : 4800,
        "us" : 4.8,
        "ms" : 0.0048,
        "s" : 4.8E-6
      },
      "max" : {
        "ns" : 231733,
        "us" : 231.733,
        "ms" : 0.231733,
        "s" : 2.31733E-4
      }
    },
    "BehaviorAnalyzer.handleFeedback<Analyzer>" : {
      "count" : 8,
      "average" : {
        "ns" : 340838.125,
        "us" : 340.838125,
        "ms" : 0.340838125,
        "s" : 3.40838125E-4
      },
      "min" : {
        "ns" : 93385,
        "us" : 93.385,
        "ms" : 0.093385,
        "s" : 9.3385E-5
      },
      "max" : {
        "ns" : 880430,
        "us" : 880.43,
        "ms" : 0.88043,
        "s" : 8.8043E-4
      }
    },
    "TimingAnalyzer.handleFeedback<Analyzer>" : {
      "count" : 8,
      "average" : {
        "ns" : 232560.625,
        "us" : 232.560625,
        "ms" : 0.232560625,
        "s" : 2.32560625E-4
      },
      "min" : {
        "ns" : 46422,
        "us" : 46.422,