{
  "stats" : {
    "nextFaultload" : {
      "count" : 9,
      "average" : {
        "ns" : 2343580.6666666665,
        "us" : 2343.5806666666667,
        "ms" : 2.3435806666666665,
        "s" : 0.0023435806666666664
      },
      "min" : {
        "ns" : 758229,
        "us" : 758.229,
        "ms" : 0.758229,
        "s" : 7.58229E-4
      },
      "max" : {
        "ns" : 4222965,
        "us" : 4222.965,
        "ms" : 4.222965,
        "s" : 0.004222965
      }
    },
    "Per test" : {
      "count" : 8,
      "average" : {
        "ns" : 6.0417622875E7,
        "us" : 60417.622875,
        "ms" : 60.417622875,
        "s" : 0.060417622875
      },
      "min" : {
        "ns" : 25263487,
        "us" : 25263.487,
        "ms" : 25.263487,
        "s" : 0.025263487
      },
      "max" : {
        "ns" : 243101898,
        "us" : 243101.898,
        "ms" : 243.101898,
        "s" : 0.243101898
      }
    },
    "registerFaultload" : {
      "count" : 8,
      "average" : {
        "ns" : 1.8739307E7,
        "us" : 18739.307,
        "ms" : 18.739307,
        "s" : 0.018739307
      },
      "min" : {
        "ns" : 3007917,
        "us" : 3007.917,
        "ms" : 3.007917,
        "s" : 0.003007917
      },
      "max" : {
        "ns" : 111349850,
        "us" : 111349.85,
        "ms" : 111.34985,
        "s" : 0.11134985
      }
    },
    "testMethod" : {
      "count" : 8,
      "average" : {
        "ns" : 1.4258494625E7,
        "us" : 14258.494625,
        "ms" : 14.258494625,
        "s" : 0.014258494625
      },
      "min" : {
        "ns" : 8916048,
        "us" : 8916.048,
        "ms" : 8.916048,
        "s" : 0.008916048
      },
      "max" : {
        "ns" : 25637902,
        "us" : 25637.902,
        "ms" : 25.637902,
        "s" : 0.025637902
      }
    },
    "getTraceWithDelay" : {
      "count" : 8,
      "average" : {
        "ns" : 2.7163436625E7,
        "us" : 27163.436625,
        "ms" : 27.163436625,
        "s" : 0.027163436625
      },
      "min" : {
        "ns" : 11630254,
        "us" : 11630.254,
        "ms" : 11.630254,
        "s" : 0.011630254
      },
      "max" : {
        "ns" : 105814535,
        "us" : 105814.535,
        "ms" : 105.814535,
        "s" : 0.105814535
      }
    },
    "getTrace" : {
      "count" : 8,
      "average" : {
        "ns" : 1.7220822875E7,
        "us" : 17220.822875,
        "ms" : 17.220822875,
        "s" : 0.017220822875
      },
      "min" : {
        "ns" : 6805266,
        "us" : 6805.266,
        "ms" : 6.805266,
        "s" : 0.006805266
      },
      "max" : {
        "ns" : 74946128,
        "us" : 74946.128,
        "ms" : 74.946128,
        "s" : 0.074946128
      }
    },
    "handleResult" : {
      "count" : 8,
      "average" : {
        "ns" : 6178003.875,
        "us" : 6178.003875,
        "ms" : 6.178003875,
        "s" : 0.006178003875
      },
      "min" : {
        "ns" : 2043080,
        "us" : 2043.08,
        "ms" : 2.04308,
        "s" : 0.00204308
      },
      "max" : {
        "ns" : 21769550,
        "us" : 21769.55,
        "ms" : 21.76955,
        "s" : 0.02176955
      }
    },
    "StrategyRunner.analyze" : {
      "count" : 8,
      "average" : {
        "ns" : 6035023.375,
        "us" : 6035.023375,
        "ms" : 6.035023375,
        "s" : 0.006035023375
      },
      "min" : {
        "ns" : 1925975,
        "us" : 1925.975,
        "ms" : 1.925975,
        "s" : 0.001925975
      },
      "max" : {
        "ns" : 21449738,
        "us" : 21449.738,
        "ms" : 21.449738,
        "s" : 0.021449738
      }
    },
    "DynamicExplorationGenerator.handleFeedback<Analyzer>" : {
      "count" : 8,
      "average" : {
        "ns" : 1131844.25,
        "us" : 1131.84425,
        "ms" : 1.13184425,
        "s" : 0.00113184425
      },
      "min" : {
        "ns" : 74103,
        "us" : 74.103,
        "ms" : 0.074103,
        "s" : 7.4103E-5
      },
      "max" : {
        "ns" : 6621959,
        "us" : 6621.959,
        "ms" : 6.621959,
        "s" : 0.006621959
      }
    },
    "HappyPathDetector.handleFeedback<Analyzer>" : {
      "count" : 8,
      "average" : {
        "ns" : 85278.125,
        "us" : 85.278125,
        "ms" : 0.085278125,
        "s" : 8.5278125E-5
      },
      "min" : {
        "ns" : 3000,
        "us" : 3.0,
        "ms" : 0.003,
        "s" : 3.0E-6
      },
      "max" : {
        "ns" : 650625,
        "us" : 650.625,
        "ms" : 0.650625,
        "s" : 6.50625E-4
      }
    },
    "ParentChildDetector.handleFeedback<Analyzer>" : {
      "count" : 8,
      "average" : {
        "ns" : 1077629.625,
        "us" : 1077.629625,
        "ms" : 1.077629625,
        "s" : 0.001077629625
      },
      "min" : {
        "ns" : 43201,
        "us" : 43.201,
        "ms" : 0.043201,
        "s" : 4.3201E-5
      },
      "max" : {
        "ns" : 8034914,
        "us" : 8034.914,
        "ms" : 8.034914,
        "s" : 0.008034914
      }
    },
    "HappensBeforeNeighbourDetector.handleFeedback<Analyzer>" : {
      "count" : 8,
      "average" : {
        "ns" : 396927.875,
        "us" : 396.927875,
        "ms" : 0.396927875,
        "s" : 3.96927875E-4
      },
      "min" : {
        "ns" : 12100,
        "us" : 12.1,
        "ms" : 0.0121,
        "s" : 1.21E-5
      },
      "max" : {
        "ns" : 1394754,
        "us" : 1394.754,
        "ms" : 1.394754,
        "s" : 0.001394754
      }
    },
    "ErrorPropagationDetector.handleFeedback<Analyzer>" : {
      "count" : 8,
      "average" : {
        "ns" : 873059.0,
        "us" : 873.059,
        "ms" : 0.873059,
        "s" : 8.73059E-4
      },
      "min" : {
        "ns" : 14201,
        "us" : 14.201,
        "ms" : 0.014201,
        "s" : 1.4201E-5
      },
      "max" : {
        "ns" : 2802609,
        "us" : 2802.609,
        "ms" : 2.802609,
        "s" : 0.002802609
      }
    },
    "ConditionalPointDetector.handleFeedback<Analyzer>" : {
      "count" : 8,
      "average" : {
        "ns" : 862358.625,
        "us" : 862.358625,
        "ms" : 0.862358625,
        "s" : 8.62358625E-4
      },
      "min" : {
        "ns" : 131605,
        "us" : 131.605,
        "ms" : 0.131605,
        "s" : 1.31605E-4
      },
      "max" : {
        "ns" : 4894791,
        "us" : 4894.791,
        "ms" : 4.894791,
        "s" : 0.004894791
      }
    },
    "RedundancyAnalyzer.handleFeedback<Analyzer>" : {
      "count" : 8,
      "average" : {
        "ns" : 34776.25,
        "us" : 34.77625,
        "ms" : 0.03477625,
        "s" : 3.477625E-5
      },
      "min" : {
        "ns" : 21601,
        "us" : 21.601,
        "ms" : 0.021601,
        "s" : 2.1601E-5
      },
      "max" : {
        "ns" : 72002,
        "us" : 72.002,
        "ms" : 0.072002,
        "s" : 7.2002E-5
      }
    },
    "StatusAnalyzer.handleFeedback<Analyzer>" : {
      "count" : 8,
      "average" : {
        "ns" : 21825.75,
        "us" : 21.82575,
        "ms" : 0.02182575,
        "s" : 2.182575E-5
      },
      "min" : {
        "ns" : 4400,
        "us" : 4.4,
        "ms" : 0.0044,
        "s" : 4.4E-6
      },
      "max" : {
        "ns" : 137806,
        "us" : 137.806,
        "ms" : 0.137806,
        "s" : 1.37806E-4
      }
    },
    "BehaviorAnalyzer.handleFeedback<Analyzer>" : {
      "count" : 8,
      "average" : {
        "ns" : 595048.125,
        "us" : 595.048125,
        "ms" : 0.595048125,
        "s" : 5.95048125E-4
      },
      "min" : {
        "ns" : 268110,
        "us" : 268.11,
        "ms" : 0.26811,
        "s" : 2.6811E-4
      },
      "max" : {
        "ns" : 1469057,
        "us" : 1469.057,
        "ms" : 1.469057,
        "s" : 0.001469057
      }
    },
    "TimingAnalyzer.handleFeedback<Analyzer>" : {
      "count" : 8,
      "average" : {
        "ns" : 205033.125,
        "us" : 205.033125,
        "ms" : 0.205033125,
        "s" : 2.05033125E-4
      },
      "min" : {
        "ns" : 52703,