{
    "per_key": {
        "nextFaultload": {
            "n": 560,
            "mean": 2.9018628928571424,
            "median": 2.3494425,
            "std": 2.5948064127209447,
            "min": 0.234509,
            "max": 16.600754,
            "p25": 1.58841475,
            "p50": 2.3494425,
            "p75": 3.1910767499999997,
            "p90": 4.3176,
            "p95": 6.102959799999981,
            "p99": 14.930037329999998
        },
        "Per test": {
            "n": 540,
            "mean": 43.83458209814815,
            "median": 34.7505235,
            "std": 41.64424544162001,
            "min": 21.897261,
            "max": 277.296814,
            "p25": 27.25559675,
            "p50": 34.7505235,
            "p75": 42.568471,
            "p90": 49.8548296,
            "p95": 73.0677144,
            "p99": 248.78225756
        },
        "registerFaultload": {
            "n": 540,
            "mean": 7.985564038888889,
            "median": 3.2503775,
            "std": 20.95208023905944,
            "min": 2.538001,
            "max": 140.512922,
            "p25": 2.994818,
            "p50": 3.2503775,
            "p75": 3.6945465,
            "p90": 4.613262700000001,
            "p95": 18.29382595,
            "p99": 115.18958369
        },
        "unregisterFautload": {
            "n": 540,
            "mean": 2.882302533333333,
            "median": 2.79521,
            "std": 0.46489236330446626,
            "min": 2.150198,
            "max": 7.279786,
            "p25": 2.61402875,
            "p50": 2.79521,
            "p75": 3.01987125,
            "p90": 3.3509429000000006,
            "p95": 3.602167149999999,
            "p99": 4.19732856
        },
        "testMethod": {
            "n": 540,
            "mean": 28.7481385537037,
            "median": 25.0949005,
            "std": 16.509039147843787,
            "min": 15.240293999999999,
            "max": 126.364273,
            "p25": 19.041224,
            "p50": 25.0949005,
            "p75": 31.812049249999998,
            "p90": 38.482725900000005,
            "p95": 40.7900753,
            "p99": 102.98200441
        },
        "getTraceWithDelay": {
            "n": 540,
            "mean": 16.78746568333333,
            "median": 13.006111,
            "std": 18.511259767119622,
            "min": 7.689902,
            "max": 135.472632,
            "p25": 10.21270575,
            "p50": 13.006111,
            "p75": 14.896748249999998,
            "p90": 19.0312,
            "p95": 28.084014099999997,
            "p99": 108.04437022
        },
        "handleResult": {
            "n": 540,
            "mean": 3.713177988888889,
            "median": 2.7510079999999997,
            "std": 4.143152321520604,
            "min": 0.956239,
            "max": 27.832195,
            "p25": 1.50266125,
            "p50": 2.7510079999999997,
            "p75": 3.8032489999999997,
            "p90": 5.265866600000001,
            "p95": 12.145888049999996,
            "p99": 21.81387471
        },
        "Total test time": {
            "n": 20,
            "mean": 1535.0542715499998,
            "median": 1528.662257,
            "std": 31.646975240117445,
            "min": 1487.831559,
            "max": 1617.5082639999998,
            "p25": 1513.52107775,
            "p50": 1528.662257,
            "p75": 1540.8760809999999,
            "p90": 1580.0082796,
            "p95": 1583.0187495999999,
            "p99": 1610.6103611199999
        },
        "getExpectedBehaviours": {
            "n": 1800,
            "mean": 0.209086465,
            "median": 0.149806,
            "std": 0.17794776433089976,
            "min": 0.034302,
            "max": 2.382594,
            "p25": 0.08997925,
            "p50": 0.149806,
            "p75": 0.288863,
            "p90": 0.4291569,
            "p95": 0.5369748,
            "p99": 0.79474799
        },
        "getExpectedPoints": {
            "n": 1800,
            "mean": 0.2722473922222222,
            "median": 0.18710699999999997,
            "std": 0.36672855250952385,
            "min": 0.040902,
            "max": 5.559723,
            "p25": 0.12558,
            "p50": 0.18710699999999997,
            "p75": 0.32363875,
            "p90": 0.495349,
            "p95": 0.6299449999999994,
            "p99": 1.5292220199999993
        }
    }
}