{
  "stats" : {
    "nextFaultload" : {
      "count" : 9,
      "average" : {
        "ns" : 2299157.0,
        "us" : 2299.157,
        "ms" : 2.299157,
        "s" : 0.002299157
      },
      "min" : {
        "ns" : 21701,
        "us" : 21.701,
        "ms" : 0.021701,
        "s" : 2.1701E-5
      },
      "max" : {
        "ns" : 4105260,
        "us" : 4105.26,
        "ms" : 4.10526,
        "s" : 0.00410526
      }
    },
    "Per test" : {
      "count" : 8,
      "average" : {
        "ns" : 6.2378305875E7,
        "us" : 62378.305875,
        "ms" : 62.378305875,
        "s" : 0.062378305875
      },
      "min" : {
        "ns" : 25943018,
        "us" : 25943.018,
        "ms" : 25.943018,
        "s" : 0.025943018
      },
      "max" : {
        "ns" : 239888872,
        "us" : 239888.872,
        "ms" : 239.888872,
        "s" : 0.239888872
      }
    },
    "registerFaultload" : {
      "count" : 8,
      "average" : {
        "ns" : 1.9331323875E7,
        "us" : 19331.323875,
        "ms" : 19.331323875,
        "s" : 0.019331323875
      },
      "min" : {
        "ns" : 3441974,
        "us" : 3441.974,
        "ms" : 3.441974,
        "s" : 0.003441974
      },
      "max" : {
        "ns" : 113874380,
        "us" : 113874.38,
        "ms" : 113.87438,
        "s" : 0.11387438
      }
    },
    "testMethod" : {
      "count" : 8,
      "average" : {
        "ns" : 3.3962196375E7,
        "us" : 33962.196375,
        "ms" : 33.962196375,
        "s" : 0.033962196375
      },
      "min" : {
        "ns" : 16854757,
        "us" : 16854.757,
        "ms" : 16.854757,
        "s" : 0.016854757
      },
      "max" : {
        "ns" : 106941029,
        "us" : 106941.029,
        "ms" : 106.941029,
        "s" : 0.106941029
      }
    },
    "getTraceWithDelay" : {
      "count" : 8,
      "average" : {
        "ns" : 2.7743191375E7,
        "us" : 27743.191375,
        "ms" : 27.743191375,
        "s" : 0.027743191375
      },
      "min" : {
        "ns" : 12569867,
        "us" : 12569.867,
        "ms" : 12.569867,
        "s" : 0.012569867
      },
      "max" : {
        "ns" : 97156610,
        "us" : 97156.61,
        "ms" : 97.15661,
        "s" : 0.09715661
      }
    },
    "getTrace" : {
      "count" : 8,
      "average" : {
        "ns" : 1.8418156375E7,
        "us" : 18418.156375,
        "ms" : 18.418156375,
        "s" : 0.018418156375
      },
      "min" : {
        "ns" : 7436088,
        "us" : 7436.088,
        "ms" : 7.436088,
        "s" : 0.007436088
      },
      "max" : {
        "ns" : 77378398,
        "us" : 77378.398,
        "ms" : 77.378398,
        "s" : 0.077378398
      }
    },
    "handleResult" : {
      "count" : 8,
      "average" : {
        "ns" : 5956669.125,
        "us" : 5956.669125,
        "ms" : 5.956669125,
        "s" : 0.005956669125
      },
      "min" : {
        "ns" : 1560107,
        "us" : 1560.107,
        "ms" : 1.560107,
        "s" : 0.001560107
      },
      "max" : {
        "ns" : 16660646,
        "us" : 16660.646,
        "ms" : 16.660646,
        "s" : 0.016660646
      }
    },
    "StrategyRunner.analyze" : {
      "count" : 8,
      "average" : {
        "ns" : 5921902.5,
        "us" : 5921.9025,
        "ms" : 5.9219025,
        "s" : 0.0059219025
      },
      "min" : {
        "ns" : 1553187,
        "us" : 1553.187,
        "ms" : 1.553187,
        "s" : 0.001553187
      },
      "max" : {
        "ns" : 16652046,
        "us" : 16652.046,
        "ms" : 16.652046,
        "s" : 0.016652046
      }
    },
    "DynamicExplorationGenerator.handleFeedback<Analyzer>" : {
      "count" : 8,
      "average" : {
        "ns" : 1095156.625,
        "us" : 1095.156625,
        "ms" : 1.095156625,
        "s" : 0.001095156625
      },
      "min" : {
        "ns" : 76744,
        "us" : 76.744,
        "ms" : 0.076744,
        "s" : 7.6744E-5
      },
      "max" : {
        "ns" : 6163696,
        "us" : 6163.696,
        "ms" : 6.163696,
        "s" : 0.006163696
      }
    },
    "HappyPathDetector.handleFeedback<Analyzer>" : {
      "count" : 8,
      "average" : {
        "ns" : 58220.625,
        "us" : 58.220625,
        "ms" : 0.058220625,
        "s" : 5.8220625E-5
      },
      "min" : {
        "ns" : 2780,
        "us" : 2.78,
        "ms" : 0.00278,
        "s" : 2.78E-6
      },
      "max" : {
        "ns" : 440175,
        "us" : 440.175,
        "ms" : 0.440175,
        "s" : 4.40175E-4
      }
    },
    "ParentChildDetector.handleFeedback<Analyzer>" : {
      "count" : 8,
      "average" : {
        "ns" : 351496.125,
        "us" : 351.496125,
        "ms" : 0.351496125,
        "s" : 3.51496125E-4
      },
      "min" : {
        "ns" : 38702,
        "us" : 38.702,
        "ms" : 0.038702,
        "s" : 3.8702E-5
      },
      "max" : {
        "ns" : 2275978,
        "us" : 2275.978,
        "ms" : 2.275978,
        "s" : 0.002275978
      }
    },
    "HappensBeforeNeighbourDetector.handleFeedback<Analyzer>" : {
      "count" : 8,
      "average" : {
        "ns" : 449860.25,
        "us" : 449.86025,
        "ms" : 0.44986025,
        "s" : 4.4986025E-4
      },
      "min" : {
        "ns" : 10910,
        "us" : 10.91,
        "ms" : 0.01091,
        "s" : 1.091E-5
      },
      "max" : {
        "ns" : 1350326,
        "us" : 1350.326,
        "ms" : 1.350326,
        "s" : 0.001350326
      }
    },
    "ErrorPropagationDetector.handleFeedback<Analyzer>" : {
      "count" : 8,
      "average" : {
        "ns" : 274415.375,
        "us" : 274.415375,
        "ms" : 0.274415375,
        "s" : 2.74415375E-4
      },
      "min" : {
        "ns" : 11811,
        "us" : 11.811,
        "ms" : 0.011811,
        "s" : 1.1811E-5
      },
      "max" : {
        "ns" : 830277,
        "us" : 830.277,
        "ms" : 0.830277,
        "s" : 8.30277E-4
      }
    },
    "ConditionalPointDetector.handleFeedback<Analyzer>" : {
      "count" : 8,
      "average" : {
        "ns" : 902372.25,
        "us" : 902.37225,
        "ms" : 0.90237225,
        "s" : 9.0237225E-4
      },
      "min" : {
        "ns" : 229483,
        "us" : 229.483,
        "ms" : 0.229483,
        "s" : 2.29483E-4
      },
      "max" : {
        "ns" : 4843673,
        "us" : 4843.673,
        "ms" : 4.843673,
        "s" : 0.004843673
      }
    },
    "RedundancyAnalyzer.handleFeedback<Analyzer>" : {
      "count" : 8,
      "average" : {
        "ns" : 41785.875,
        "us" : 41.785875,
        "ms" : 0.041785875,
        "s" : 4.1785875E-5
      },
      "min" : {
        "ns" : 25751,
        "us" : 25.751,
        "ms" : 0.025751,
        "s" : 2.5751E-5
      },
      "max" : {
        "ns" : 106586,
        "us" : 106.586,
        "ms" : 0.106586,
        "s" : 1.06586E-4
      }
    },
    "StatusAnalyzer.handleFeedback<Analyzer>" : {
      "count" : 8,
      "average" : {
        "ns" : 38776.125,
        "us" : 38.776125,
        "ms" : 0.038776125,
        "s" : 3.8776125E-5
      },
      "min" : {
        "ns" : 4390,
        "us" : 4.39,
        "ms" : 0.00439,
        "s" : 4.39E-6
      },
      "max" : {
        "ns" : 268945,
        "us" : 268.945,
        "ms" : 0.268945,
        "s" : 2.68945E-4
      }
    },
    "BehaviorAnalyzer.handleFeedback<Analyzer>" : {
      "count" : 8,
      "average" : {
        "ns" : 298561.75,
        "us" : 298.56175,
        "ms" : 0.29856175,
        "s" : 2.9856175E-4
      },
      "min" : {
        "ns" : 90626,
        "us" : 90.626,
        "ms" : 0.090626,
        "s" : 9.0626E-5
      },
      "max" : {
        "ns" : 812986,
        "us" : 812.986,
        "ms" : 0.812986,
        "s" : 8.12986E-4
      }
    },
    "TimingAnalyzer.handleFeedback<Analyzer>" : {
      "count" : 8,
      "average" : {
        "ns" : 236103.125,
        "us" : 236.103125,
        "ms" : 0.236103125,
        "s" : 2.36103125E-4
      },
      "min" : {
        "ns" : 44712,
        "us" : 44.712,