{
  "stats" : {
    "nextFaultload" : {
      "count" : 22,
      "average" : {
        "ns" : 2487313.1818181816,
        "us" : 2487.313181818182,
        "ms" : 2.4873131818181817,
        "s" : 0.0024873131818181817
      },
      "min" : {
        "ns" : 277215,
        "us" : 277.215,
        "ms" : 0.277215,
        "s" : 2.77215E-4
      },
      "max" : {
        "ns" : 4015512,
        "us" : 4015.512,
        "ms" : 4.015512,
        "s" : 0.004015512
      }
    },
    "Per test" : {
      "count" : 21,
      "average" : {
        "ns" : 4.1263404666666664E7,
        "us" : 41263.40466666666,
        "ms" : 41.263404666666666,
        "s" : 0.04126340466666666
      },
      "min" : {
        "ns" : 24617001,
        "us" : 24617.001,
        "ms" : 24.617001,
        "s" : 0.024617001
      },
      "max" : {
        "ns" : 236953224,
        "us" : 236953.224,
        "ms" : 236.953224,
        "s" : 0.236953224
      }
    },
    "registerFaultload" : {
      "count" : 21,
      "average" : {
        "ns" : 9319101.952380951,
        "us" : 9319.101952380952,
        "ms" : 9.31910195238095,
        "s" : 0.009319101952380952
      },
      "min" : {
        "ns" : 2728045,
        "us" : 2728.045,
        "ms" : 2.728045,
        "s" : 0.002728045
      },
      "max" : {
        "ns" : 115177987,
        "us" : 115177.987,
        "ms" : 115.177987,
        "s" : 0.115177987
      }
    },
    "testMethod" : {
      "count" : 21,
      "average" : {
        "ns" : 1.400284480952381E7,
        "us" : 14002.844809523809,
        "ms" : 14.00284480952381,
        "s" : 0.01400284480952381
      },
      "min" : {
        "ns" : 11029783,
        "us" : 11029.783,
        "ms" : 11.029783,
        "s" : 0.011029783
      },
      "max" : {
        "ns" : 20686193,
        "us" : 20686.193,
        "ms" : 20.686193,
        "s" : 0.020686193
      }
    },
    "getTraceWithDelay" : {
      "count" : 21,
      "average" : {
        "ns" : 1.773038461904762E7,
        "us" : 17730.384619047618,
        "ms" : 17.73038461904762,
        "s" : 0.01773038461904762
      },
      "min" : {
        "ns" : 9803618,
        "us" : 9803.618,
        "ms" : 9.803618,
        "s" : 0.009803618
      },
      "max" : {
        "ns" : 100788927,
        "us" : 100788.927,
        "ms" : 100.788927,
        "s" : 0.100788927
      }
    },
    "getTrace" : {
      "count" : 21,
      "average" : {
        "ns" : 1.058121161904762E7,
        "us" : 10581.211619047619,
        "ms" : 10.58121161904762,
        "s" : 0.010581211619047619
      },
      "min" : {
        "ns" : 5276679,
        "us" : 5276.679,
        "ms" : 5.276679,
        "s" : 0.005276679
      },
      "max" : {
        "ns" : 72769346,
        "us" : 72769.346,
        "ms" : 72.769346,
        "s" : 0.072769346
      }
    },
    "handleResult" : {
      "count" : 21,
      "average" : {
        "ns" : 3751145.904761905,
        "us" : 3751.145904761905,
        "ms" : 3.7511459047619047,
        "s" : 0.0037511459047619047
      },
      "min" : {
        "ns" : 1778794,
        "us" : 1778.794,
        "ms" : 1.778794,
        "s" : 0.001778794
      },
      "max" : {
        "ns" : 19252518,
        "us" : 19252.518,
        "ms" : 19.252518,
        "s" : 0.019252518
      }
    },
    "StrategyRunner.analyze" : {
      "count" : 21,
      "average" : {
        "ns" : 3644592.714285714,
        "us" : 3644.592714285714,
        "ms" : 3.644592714285714,
        "s" : 0.0036445927142857142
      },
      "min" : {
        "ns" : 1680389,
        "us" : 1680.389,
        "ms" : 1.680389,
        "s" : 0.001680389
      },
      "max" : {
        "ns" : 18933601,
        "us" : 18933.601,
        "ms" : 18.933601,
        "s" : 0.018933601
      }
    },
    "DynamicExplorationGenerator.handleFeedback<Analyzer>" : {
      "count" : 21,
      "average" : {
        "ns" : 490463.95238095237,
        "us" : 490.4639523809524,
        "ms" : 0.49046395238095236,
        "s" : 4.904639523809523E-4
      },
      "min" : {
        "ns" : 68103,
        "us" : 68.103,
        "ms" : 0.068103,
        "s" : 6.8103E-5
      },
      "max" : {
        "ns" : 5515491,
        "us" : 5515.491,
        "ms" : 5.515491,
        "s" : 0.005515491
      }
    },
    "HappyPathDetector.handleFeedback<Analyzer>" : {
      "count" : 21,
      "average" : {
        "ns" : 25458.52380952381,
        "us" : 25.458523809523808,
        "ms" : 0.02545852380952381,
        "s" : 2.545852380952381E-5
      },
      "min" : {
        "ns" : 2400,
        "us" : 2.4,
        "ms" : 0.0024,
        "s" : 2.4E-6
      },
      "max" : {
        "ns" : 441223,
        "us" : 441.223,
        "ms" : 0.441223,
        "s" : 4.41223E-4
      }
    },
    "ParentChildDetector.handleFeedback<Analyzer>" : {
      "count" : 21,
      "average" : {
        "ns" : 441609.04761904763,
        "us" : 441.60904761904766,
        "ms" : 0.4416090476190476,
        "s" : 4.4160904761904763E-4
      },
      "min" : {
        "ns" : 33402,
        "us" : 33.402,
        "ms" : 0.033402,
        "s" : 3.3402E-5
      },
      "max" : {
        "ns" : 7364289,
        "us" : 7364.289,
        "ms" : 7.364289,
        "s" : 0.007364289
      }
    },
    "HappensBeforeNeighbourDetector.handleFeedback<Analyzer>" : {
      "count" : 21,
      "average" : {
        "ns" : 452838.1904761905,
        "us" : 452.83819047619045,
        "ms" : 0.45283819047619045,
        "s" : 4.528381904761905E-4
      },
      "min" : {
        "ns" : 11101,
        "us" : 11.101,
        "ms" : 0.011101,
        "s" : 1.1101E-5
      },
      "max" : {
        "ns" : 1338670,
        "us" : 1338.67,
        "ms" : 1.33867,
        "s" : 0.00133867
      }
    },
    "ErrorPropagationDetector.handleFeedback<Analyzer>" : {
      "count" : 21,
      "average" : {
        "ns" : 373053.09523809527,
        "us" : 373.05309523809524,
        "ms" : 0.37305309523809527,
        "s" : 3.730530952380953E-4
      },
      "min" : {
        "ns" : 4100,
        "us" : 4.1,
        "ms" : 0.0041,
        "s" : 4.1E-6
      },
      "max" : {
        "ns" : 1014754,
        "us" : 1014.754,
        "ms" : 1.014754,
        "s" : 0.001014754
      }
    },
    "ConditionalPointDetector.handleFeedback<Analyzer>" : {
      "count" : 21,
      "average" : {
        "ns" : 760397.2380952381,
        "us" : 760.3972380952381,
        "ms" : 0.7603972380952381,
        "s" : 7.603972380952381E-4
      },
      "min" : {
        "ns" : 155308,
        "us" : 155.308,
        "ms" : 0.155308,
        "s" : 1.55308E-4
      },
      "max" : {
        "ns" : 4316728,
        "us" : 4316.728,
        "ms" : 4.316728,
        "s" : 0.004316728
      }
    },
    "RedundancyAnalyzer.handleFeedback<Analyzer>" : {
      "count" : 21,
      "average" : {
        "ns" : 42340.380952380954,
        "us" : 42.340380952380954,
        "ms" : 0.042340380952380956,
        "s" : 4.234038095238095E-5
      },
      "min" : {
        "ns" : 16001,
        "us" : 16.001,
        "ms" : 0.016001,
        "s" : 1.6001E-5
      },
      "max" : {
        "ns" : 108806,
        "us" : 108.806,
        "ms" : 0.108806,
        "s" : 1.08806E-4
      }
    },
    "StatusAnalyzer.handleFeedback<Analyzer>" : {
      "count" : 21,
      "average" : {
        "ns" : 17424.904761904763,
        "us" : 17.424904761904763,
        "ms" : 0.017424904761904763,
        "s" : 1.7424904761904765E-5
      },
      "min" : {
        "ns" : 3800,
        "us" : 3.8,
        "ms" : 0.0038,
        "s" : 3.8E-6
      },
      "max" : {
        "ns" : 128807,
        "us" : 128.807,
        "ms" : 0.128807,
        "s" : 1.28807E-4
      }
    },
    "BehaviorAnalyzer.handleFeedback<Analyzer>" : {
      "count" : 21,
      "average" : {
        "ns" : 483306.38095238095,
        "us" : 483.30638095238095,
        "ms" : 0.48330638095238093,
        "s" : 4.8330638095238094E-4
      },