{
    "per_key": {
        "nextFaultload": {
            "n": 160,
            "mean": 4.918591781249999,
            "median": 3.350475,
            "std": 6.050954110195148,
            "min": 0.994452,
            "max": 40.428387,
            "p25": 2.18875125,
            "p50": 3.350475,
            "p75": 4.611709749999999,
            "p90": 6.911991299999998,
            "p95": 20.584197249999985,
            "p99": 31.399386009999954
        },
        "Per test": {
            "n": 150,
            "mean": 58.45187152666666,
            "median": 43.597691499999996,
            "std": 58.57034498870516,
            "min": 22.06991,
            "max": 367.200246,
            "p25": 35.82919675,
            "p50": 43.597691499999996,
            "p75": 49.701031,
            "p90": 76.29280689999999,
            "p95": 244.8265591999999,
            "p99": 291.78125202999996
        },
        "registerFaultload": {
            "n": 150,
            "mean": 11.968608486666666,
            "median": 5.4014880000000005,
            "std": 19.34327401658558,
            "min": 3.874068,
            "max": 101.04098499999999,
            "p25": 4.815418749999999,
            "p50": 5.4014880000000005,
            "p75": 6.6224175,
            "p90": 23.862377699999996,
            "p95": 70.67505839999998,
            "p99": 90.3877468899999
        },
        "unregisterFautload": {
            "n": 150,
            "mean": 4.881151206666667,
            "median": 4.5918209999999995,
            "std": 1.246786197579191,
            "min": 3.4791399999999997,
            "max": 13.447498,
            "p25": 4.2451472500000005,
            "p50": 4.5918209999999995,
            "p75": 5.1157775,
            "p90": 5.895857199999999,
            "p95": 6.907568399999998,
            "p99": 10.187520339999997
        },
        "testMethod": {
            "n": 150,
            "mean": 35.44941777333333,
            "median": 28.703013499999997,
            "std": 32.81251265690875,
            "min": 12.216294,
            "max": 233.245666,
            "p25": 22.179579999999998,
            "p50": 28.703013499999997,
            "p75": 33.114405,
            "p90": 43.24386,
            "p95": 128.21440514999998,
            "p99": 169.4528067599998
        },
        "getTraceWithDelay": {
            "n": 150,
            "mean": 26.168386053333332,
            "median": 17.497791,
            "std": 30.268336940328698,
            "min": 11.977210999999999,
            "max": 181.455223,
            "p25": 14.94664675,
            "p50": 17.497791,
            "p75": 21.563437,
            "p90": 30.3613323,
            "p95": 126.48329369999999,
            "p99": 140.47835370999994
        },
        "handleResult": {
            "n": 150,
            "mean": 5.387798553333333,
            "median": 3.3201245,
            "std": 6.086693147013871,
            "min": 1.2032829999999999,
            "max": 29.090135999999998,
            "p25": 2.5709204999999997,
            "p50": 3.3201245,
            "p75": 4.65772875,
            "p90": 11.8844589,
            "p95": 25.279566899999995,
            "p99": 27.34804273999999
        },
        "Total test time": {
            "n": 10,
            "mean": 1304.9760952000001,
            "median": 1262.2889025,
            "std": 101.1818821051441,
            "min": 1216.6395009999999,
            "max": 1525.8445709999999,
            "p25": 1249.59002125,
            "p50": 1262.2889025,
            "p75": 1286.0094519999998,
            "p90": 1484.7318059999998,
            "p95": 1505.2881885,
            "p99": 1521.7332944999998
        },
        "getExpectedBehaviours": {
            "n": 780,
            "mean": 0.25902878846153843,
            "median": 0.18115549999999997,
            "std": 0.45054935549921904,
            "min": 0.022900999999999998,
            "max": 9.905097999999999,
            "p25": 0.0814545,
            "p50": 0.18115549999999997,
            "p75": 0.31659625,
            "p90": 0.5018796,
            "p95": 0.7174860999999998,
            "p99": 1.2520479400000017
        },
        "getExpectedPoints": {
            "n": 780,
            "mean": 0.2983119923076923,
            "median": 0.19045299999999998,
            "std": 0.3683446120845225,
            "min": 0.028801,
            "max": 5.675085999999999,
            "p25": 0.10422825,
            "p50": 0.19045299999999998,
            "p75": 0.37606825,
            "p90": 0.6202988000000002,
            "p95": 0.8032959999999995,
            "p99": 1.6372553400000054
        }
    }
}