{
    "per_key": {
        "nextFaultload": {
            "n": 638,
            "mean": 1.3600948040752352,
            "median": 0.907793,
            "std": 5.06206845720363,
            "min": 0.394098,
            "max": 125.065732,
            "p25": 0.6877654999999999,
            "p50": 0.907793,
            "p75": 1.216699,
            "p90": 1.6725030000000014,
            "p95": 2.551499299999998,
            "p99": 6.810949949999999
        },
        "Per test": {
            "n": 637,
            "mean": 37.79744028414443,
            "median": 34.809846,
            "std": 13.082678055386037,
            "min": 20.148591,
            "max": 248.009885,
            "p25": 32.857237999999995,
            "p50": 34.809846,
            "p75": 37.842234,
            "p90": 44.640419599999994,
            "p95": 52.712984399999996,
            "p99": 90.12873019999994
        },
        "registerFaultload": {
            "n": 637,
            "mean": 4.8544662605965465,
            "median": 4.415666,
            "std": 2.8846574118863204,
            "min": 3.035368,
            "max": 67.637635,
            "p25": 3.939234,
            "p50": 4.415666,
            "p75": 5.137324,
            "p90": 6.1082557999999985,
            "p95": 6.9900651999999965,
            "p99": 10.639861879999998
        },
        "unregisterFautload": {
            "n": 637,
            "mean": 4.479432028257456,
            "median": 4.176901,
            "std": 1.3670887733230346,
            "min": 2.760145,
            "max": 20.230574999999998,
            "p25": 3.699271,
            "p50": 4.176901,
            "p75": 4.901485,
            "p90": 5.7133324,
            "p95": 6.439799799999994,
            "p99": 8.52840732
        },
        "testMethod": {
            "n": 637,
            "mean": 26.687355401883828,
            "median": 24.372306,
            "std": 10.565107954074124,
            "min": 9.934562,
            "max": 154.458461,
            "p25": 22.982919,
            "p50": 24.372306,
            "p75": 26.261884,
            "p90": 31.058082999999993,
            "p95": 37.20547279999995,
            "p99": 79.34604551999995
        },
        "getTraceWithDelay": {
            "n": 637,
            "mean": 9.032015566718993,
            "median": 8.214838,
            "std": 5.298316403013893,
            "min": 5.952103999999999,
            "max": 126.55854199999999,
            "p25": 7.369186999999999,
            "p50": 8.214838,
            "p75": 9.421113,
            "p90": 11.1633578,
            "p95": 13.323979799999979,
            "p99": 20.470877839999982
        },
        "handleResult": {
            "n": 637,
            "mean": 1.760988191522763,
            "median": 1.453989,
            "std": 1.2052074629610672,
            "min": 0.31512599999999996,
            "max": 19.971024999999997,
            "p25": 1.122302,
            "p50": 1.453989,
            "p75": 2.06006,
            "p90": 2.7696769999999997,
            "p95": 3.2272119999999997,
            "p99": 5.173539079999995
        },
        "Total test time": {
            "n": 1,
            "mean": 26121.384901999998,
            "median": 26121.384901999998,
            "std": 0.0,
            "min": 26121.384901999998,
            "max": 26121.384901999998,
            "p25": 26121.384901999998,
            "p50": 26121.384901999998,
            "p75": 26121.384901999998,
            "p90": 26121.384901999998,
            "p95": 26121.384901999998,
            "p99": 26121.384901999998
        },
        "getExpectedPoints": {
            "n": 6264,
            "mean": 0.1025052053001277,
            "median": 0.02787,
            "std": 0.2245748049745346,
            "min": 0.01756,
            "max": 6.504296999999999,
            "p25": 0.025769999999999998,
            "p50": 0.02787,
            "p75": 0.08487449999999999,
            "p90": 0.2693102999999999,
            "p95": 0.48866434999999836,
            "p99": 0.8156256299999988
        }
    }
}