{
    "per_key": {
        "nextFaultload": {
            "n": 90,
            "mean": 2.3580756555555555,
            "median": 2.1895875,
            "std": 1.1932645890214342,
            "min": 0.017521,
            "max": 4.980081,
            "p25": 1.7938195,
            "p50": 2.1895875,
            "p75": 3.2194415,
            "p90": 4.053977,
            "p95": 4.1873606,
            "p99": 4.652179189999999
        },
        "Per test": {
            "n": 80,
            "mean": 64.707647825,
            "median": 36.038681499999996,
            "std": 71.85780334685835,
            "min": 25.504701999999998,
            "max": 288.13332099999997,
            "p25": 28.5511815,
            "p50": 36.038681499999996,
            "p75": 50.1478835,
            "p90": 240.83051669999998,
            "p95": 247.22136829999997,
            "p99": 264.7234579799998
        },
        "registerFaultload": {
            "n": 80,
            "mean": 20.081983599999997,
            "median": 3.9003039999999998,
            "std": 38.04317693545536,
            "min": 2.929686,
            "max": 139.332462,
            "p25": 3.42672375,
            "p50": 3.9003039999999998,
            "p75": 10.044493249999999,
            "p90": 113.24786120000002,
            "p95": 117.16838899999999,
            "p99": 131.23779019999992
        },
        "unregisterFautload": {
            "n": 80,
            "mean": 3.2803107249999996,
            "median": 3.1615244999999996,
            "std": 0.34879298157187644,
            "min": 2.724369,
            "max": 4.328425999999999,
            "p25": 3.0328162499999998,
            "p50": 3.1615244999999996,
            "p75": 3.45424075,
            "p90": 3.8352448,
            "p95": 3.9827148499999994,
            "p99": 4.1151686599999975
        },
        "testMethod": {
            "n": 80,
            "mean": 15.9423003,
            "median": 16.1367235,
            "std": 6.0617517847927305,
            "min": 9.286883999999999,
            "max": 38.482273,
            "p25": 10.567893999999999,
            "p50": 16.1367235,
            "p75": 17.0568085,
            "p90": 27.0266229,
            "p95": 28.0766398,
            "p99": 33.29604702999996
        },
        "getTraceWithDelay": {
            "n": 80,
            "mean": 28.685887137500004,
            "median": 16.3286415,
            "std": 28.553048266660685,
            "min": 12.023273999999999,
            "max": 113.10638399999999,
            "p25": 14.16401675,
            "p50": 16.3286415,
            "p75": 25.760867249999997,
            "p90": 97.1113124,
            "p95": 101.72570119999999,
            "p99": 110.83348131999998
        },
        "handleResult": {
            "n": 80,
            "mean": 6.470095474999999,
            "median": 3.0916865,
            "std": 6.583152034995924,
            "min": 1.464966,
            "max": 20.563944,
            "p25": 1.9906115,
            "p50": 3.0916865,
            "p75": 7.6211125,
            "p90": 17.886582,
            "p95": 18.0432504,
            "p99": 19.70648273999999
        },
        "Total test time": {
            "n": 10,
            "mean": 791.6205385000001,
            "median": 774.7020164999999,
            "std": 38.42749097563274,
            "min": 764.16887,
            "max": 900.2074719999999,
            "p25": 770.14163,
            "p50": 774.7020164999999,
            "p75": 795.990776,
            "p90": 814.3835250999999,
            "p95": 857.2954985499998,
            "p99": 891.6250773099999
        },
        "getExpectedBehaviours": {
            "n": 150,
            "mean": 0.2503711066666666,
            "median": 0.20608749999999998,
            "std": 0.17463468934955417,
            "min": 0.074904,
            "max": 1.020975,
            "p25": 0.1370005,
            "p50": 0.20608749999999998,
            "p75": 0.29406175,
            "p90": 0.460769,
            "p95": 0.6110764999999999,
            "p99": 0.9677119399999994
        },
        "getExpectedPoints": {
            "n": 150,
            "mean": 0.36388696666666664,
            "median": 0.33458449999999995,
            "std": 0.21501162041611974,
            "min": 0.08140499999999999,
            "max": 1.5355569999999998,
            "p25": 0.18374775,
            "p50": 0.33458449999999995,
            "p75": 0.50520425,
            "p90": 0.6404829999999999,
            "p95": 0.6950265499999997,
            "p99": 0.9105961899999986
        }
    }
}