{
  "stats" : {
    "nextFaultload" : {
      "count" : 10,
      "average" : {
        "ns" : 3433674.1,
        "us" : 3433.6741,
        "ms" : 3.4336741,
        "s" : 0.0034336741000000003
      },
      "min" : {
        "ns" : 1419738,
        "us" : 1419.738,
        "ms" : 1.419738,
        "s" : 0.001419738
      },
      "max" : {
        "ns" : 10275387,
        "us" : 10275.387,
        "ms" : 10.275387,
        "s" : 0.010275387
      }
    },
    "Per test" : {
      "count" : 9,
      "average" : {
        "ns" : 5.912188188888889E7,
        "us" : 59121.881888888885,
        "ms" : 59.121881888888886,
        "s" : 0.05912188188888889
      },
      "min" : {
        "ns" : 29763550,
        "us" : 29763.55,
        "ms" : 29.76355,
        "s" : 0.02976355
      },
      "max" : {
        "ns" : 233100467,
        "us" : 233100.467,
        "ms" : 233.100467,
        "s" : 0.233100467
      }
    },
    "registerFaultload" : {
      "count" : 9,
      "average" : {
        "ns" : 1.7597676333333332E7,
        "us" : 17597.676333333333,
        "ms" : 17.597676333333332,
        "s" : 0.017597676333333333
      },
      "min" : {
        "ns" : 2968139,
        "us" : 2968.139,
        "ms" : 2.968139,
        "s" : 0.002968139
      },
      "max" : {
        "ns" : 117187076,
        "us" : 117187.076,
        "ms" : 117.187076,
        "s" : 0.117187076
      }
    },
    "testMethod" : {
      "count" : 9,
      "average" : {
        "ns" : 1.5284941888888888E7,
        "us" : 15284.941888888889,
        "ms" : 15.284941888888888,
        "s" : 0.015284941888888888
      },
      "min" : {
        "ns" : 12661025,
        "us" : 12661.025,
        "ms" : 12.661025,
        "s" : 0.012661025
      },
      "max" : {
        "ns" : 21342680,
        "us" : 21342.68,
        "ms" : 21.34268,
        "s" : 0.02134268
      }
    },
    "getTraceWithDelay" : {
      "count" : 9,
      "average" : {
        "ns" : 2.6235824666666668E7,
        "us" : 26235.824666666667,
        "ms" : 26.23582466666667,
        "s" : 0.026235824666666668
      },
      "min" : {
        "ns" : 13229486,
        "us" : 13229.486,
        "ms" : 13.229486,
        "s" : 0.013229486
      },
      "max" : {
        "ns" : 94487029,
        "us" : 94487.029,
        "ms" : 94.487029,
        "s" : 0.094487029
      }
    },
    "getTrace" : {
      "count" : 9,
      "average" : {
        "ns" : 1.7175596111111112E7,
        "us" : 17175.596111111114,
        "ms" : 17.175596111111112,
        "s" : 0.01717559611111111
      },
      "min" : {
        "ns" : 8057682,
        "us" : 8057.682,
        "ms" : 8.057682,
        "s" : 0.008057682
      },
      "max" : {
        "ns" : 76424399,
        "us" : 76424.399,
        "ms" : 76.424399,
        "s" : 0.076424399
      }
    },
    "handleResult" : {
      "count" : 9,
      "average" : {
        "ns" : 6086712.777777778,
        "us" : 6086.712777777778,
        "ms" : 6.086712777777778,
        "s" : 0.006086712777777778
      },
      "min" : {
        "ns" : 2234296,
        "us" : 2234.296,
        "ms" : 2.234296,
        "s" : 0.002234296
      },
      "max" : {
        "ns" : 15715376,
        "us" : 15715.376,
        "ms" : 15.715376,
        "s" : 0.015715376
      }
    },
    "StrategyRunner.analyze" : {
      "count" : 9,
      "average" : {
        "ns" : 6034156.222222222,
        "us" : 6034.156222222222,
        "ms" : 6.034156222222222,
        "s" : 0.006034156222222222
      },
      "min" : {
        "ns" : 2223905,
        "us" : 2223.905,
        "ms" : 2.223905,
        "s" : 0.002223905
      },
      "max" : {
        "ns" : 15700056,
        "us" : 15700.056,
        "ms" : 15.700056,
        "s" : 0.015700056
      }
    },
    "DynamicExplorationGenerator.handleFeedback<Analyzer>" : {
      "count" : 9,
      "average" : {
        "ns" : 1042467.7777777778,
        "us" : 1042.4677777777777,
        "ms" : 1.0424677777777778,
        "s" : 0.0010424677777777778
      },
      "min" : {
        "ns" : 93172,
        "us" : 93.172,
        "ms" : 0.093172,
        "s" : 9.3172E-5
      },
      "max" : {
        "ns" : 5490461,
        "us" : 5490.461,
        "ms" : 5.490461,
        "s" : 0.005490461
      }
    },
    "HappyPathDetector.handleFeedback<Analyzer>" : {
      "count" : 9,
      "average" : {
        "ns" : 64900.11111111111,
        "us" : 64.90011111111112,
        "ms" : 0.0649001111111111,
        "s" : 6.490011111111111E-5
      },
      "min" : {
        "ns" : 3020,
        "us" : 3.02,
        "ms" : 0.00302,
        "s" : 3.02E-6
      },
      "max" : {
        "ns" : 555001,
        "us" : 555.001,
        "ms" : 0.555001,
        "s" : 5.55001E-4
      }
    },
    "ParentChildDetector.handleFeedback<Analyzer>" : {
      "count" : 9,
      "average" : {
        "ns" : 343597.8888888889,
        "us" : 343.59788888888886,
        "ms" : 0.34359788888888887,
        "s" : 3.435978888888889E-4
      },
      "min" : {
        "ns" : 51781,
        "us" : 51.781,
        "ms" : 0.051781,
        "s" : 5.1781E-5
      },
      "max" : {
        "ns" : 2229765,
        "us" : 2229.765,
        "ms" : 2.229765,
        "s" : 0.002229765
      }
    },
    "HappensBeforeNeighbourDetector.handleFeedback<Analyzer>" : {
      "count" : 9,
      "average" : {
        "ns" : 566744.7777777778,
        "us" : 566.7447777777777,
        "ms" : 0.5667447777777778,
        "s" : 5.667447777777777E-4
      },
      "min" : {
        "ns" : 13620,
        "us" : 13.62,
        "ms" : 0.01362,
        "s" : 1.362E-5
      },
      "max" : {
        "ns" : 1200784,
        "us" : 1200.784,
        "ms" : 1.200784,
        "s" : 0.001200784
      }
    },
    "ErrorPropagationDetector.handleFeedback<Analyzer>" : {
      "count" : 9,
      "average" : {
        "ns" : 139490.55555555556,
        "us" : 139.49055555555557,
        "ms" : 0.13949055555555556,
        "s" : 1.3949055555555556E-4
      },
      "min" : {
        "ns" : 4170,
        "us" : 4.17,
        "ms" : 0.00417,
        "s" : 4.17E-6
      },
      "max" : {
        "ns" : 756725,
        "us" : 756.725,
        "ms" : 0.756725,
        "s" : 7.56725E-4
      }
    },
    "ConditionalPointDetector.handleFeedback<Analyzer>" : {
      "count" : 9,
      "average" : {
        "ns" : 1601416.6666666667,
        "us" : 1601.4166666666667,
        "ms" : 1.6014166666666667,
        "s" : 0.0016014166666666668
      },
      "min" : {
        "ns" : 275325,
        "us" : 275.325,
        "ms" : 0.275325,
        "s" : 2.75325E-4
      },
      "max" : {
        "ns" : 4856738,
        "us" : 4856.738,
        "ms" : 4.856738,
        "s" : 0.004856738
      }
    },
    "RedundancyAnalyzer.handleFeedback<Analyzer>" : {
      "count" : 9,
      "average" : {
        "ns" : 32783.0,
        "us" : 32.783,
        "ms" : 0.032783,
        "s" : 3.2783E-5
      },
      "min" : {
        "ns" : 17710,
        "us" : 17.71,
        "ms" : 0.01771,
        "s" : 1.771E-5
      },
      "max" : {
        "ns" : 76271,
        "us" : 76.271,
        "ms" : 0.076271,
        "s" : 7.6271E-5
      }
    },
    "StatusAnalyzer.handleFeedback<Analyzer>" : {
      "count" : 9,
      "average" : {
        "ns" : 25167.11111111111,
        "us" : 25.167111111111108,
        "ms" : 0.02516711111111111,
        "s" : 2.516711111111111E-5
      },
      "min" : {
        "ns" : 4120,
        "us" : 4.12,
        "ms" : 0.00412,
        "s" : 4.12E-6
      },
      "max" : {
        "ns" : 184163,
        "us" : 184.163,
        "ms" : 0.184163,
        "s" : 1.84163E-4
      }
    },
    "BehaviorAnalyzer.handleFeedback<Analyzer>" : {
      "count" : 9,
      "average" : {
        "ns" : 298933.55555555556,
        "us" : 298.9335555555556,
        "ms" : 0.29893355555555556,
        "s" : 2.989335555555556E-4
      },
      "min" : {
        "ns" : 104272,
        "us" : 104.272,
        "ms" : 0.104272,