{
  "stats" : {
    "nextFaultload" : {
      "count" : 22,
      "average" : {
        "ns" : 2361276.272727273,
        "us" : 2361.276272727273,
        "ms" : 2.361276272727273,
        "s" : 0.002361276272727273
      },
      "min" : {
        "ns" : 317213,
        "us" : 317.213,
        "ms" : 0.317213,
        "s" : 3.17213E-4
      },
      "max" : {
        "ns" : 3928457,
        "us" : 3928.457,
        "ms" : 3.928457,
        "s" : 0.003928457
      }
    },
    "Per test" : {
      "count" : 21,
      "average" : {
        "ns" : 4.04016680952381E7,
        "us" : 40401.6680952381,
        "ms" : 40.401668095238094,
        "s" : 0.0404016680952381
      },
      "min" : {
        "ns" : 24675887,
        "us" : 24675.887,
        "ms" : 24.675887,
        "s" : 0.024675887
      },
      "max" : {
        "ns" : 233092321,
        "us" : 233092.321,
        "ms" : 233.092321,
        "s" : 0.233092321
      }
    },
    "registerFaultload" : {
      "count" : 21,
      "average" : {
        "ns" : 8916866.142857144,
        "us" : 8916.866142857143,
        "ms" : 8.916866142857144,
        "s" : 0.008916866142857144
      },
      "min" : {
        "ns" : 2649506,
        "us" : 2649.506,
        "ms" : 2.649506,
        "s" : 0.002649506
      },
      "max" : {
        "ns" : 108512739,
        "us" : 108512.739,
        "ms" : 108.512739,
        "s" : 0.108512739
      }
    },
    "testMethod" : {
      "count" : 21,
      "average" : {
        "ns" : 1.4069357904761905E7,
        "us" : 14069.357904761904,
        "ms" : 14.069357904761905,
        "s" : 0.014069357904761905
      },
      "min" : {
        "ns" : 11616665,
        "us" : 11616.665,
        "ms" : 11.616665,
        "s" : 0.011616665
      },
      "max" : {
        "ns" : 21804872,
        "us" : 21804.872,
        "ms" : 21.804872,
        "s" : 0.021804872
      }
    },
    "getTraceWithDelay" : {
      "count" : 21,
      "average" : {
        "ns" : 1.720115942857143E7,
        "us" : 17201.15942857143,
        "ms" : 17.20115942857143,
        "s" : 0.01720115942857143
      },
      "min" : {
        "ns" : 9831393,
        "us" : 9831.393,
        "ms" : 9.831393,
        "s" : 0.009831393
      },
      "max" : {
        "ns" : 102494499,
        "us" : 102494.499,
        "ms" : 102.494499,
        "s" : 0.102494499
      }
    },
    "getTrace" : {
      "count" : 21,
      "average" : {
        "ns" : 1.0374619714285715E7,
        "us" : 10374.619714285715,
        "ms" : 10.374619714285714,
        "s" : 0.010374619714285714
      },
      "min" : {
        "ns" : 5233310,
        "us" : 5233.31,
        "ms" : 5.23331,
        "s" : 0.00523331
      },
      "max" : {
        "ns" : 72627204,
        "us" : 72627.204,
        "ms" : 72.627204,
        "s" : 0.072627204
      }
    },
    "handleResult" : {
      "count" : 21,
      "average" : {
        "ns" : 3672699.285714286,
        "us" : 3672.699285714286,
        "ms" : 3.6726992857142857,
        "s" : 0.0036726992857142858
      },
      "min" : {
        "ns" : 1719568,
        "us" : 1719.568,
        "ms" : 1.719568,
        "s" : 0.001719568
      },
      "max" : {
        "ns" : 21107944,
        "us" : 21107.944,
        "ms" : 21.107944,
        "s" : 0.021107944
      }
    },
    "StrategyRunner.analyze" : {
      "count" : 21,
      "average" : {
        "ns" : 3559823.4285714286,
        "us" : 3559.823428571429,
        "ms" : 3.5598234285714287,
        "s" : 0.0035598234285714285
      },
      "min" : {
        "ns" : 1613264,
        "us" : 1613.264,
        "ms" : 1.613264,
        "s" : 0.001613264
      },
      "max" : {
        "ns" : 20722329,
        "us" : 20722.329,
        "ms" : 20.722329,
        "s" : 0.020722329
      }
    },
    "DynamicExplorationGenerator.handleFeedback<Analyzer>" : {
      "count" : 21,
      "average" : {
        "ns" : 538354.8571428572,
        "us" : 538.3548571428572,
        "ms" : 0.5383548571428571,
        "s" : 5.383548571428571E-4
      },
      "min" : {
        "ns" : 66603,
        "us" : 66.603,
        "ms" : 0.066603,
        "s" : 6.6603E-5
      },
      "max" : {
        "ns" : 6053642,
        "us" : 6053.642,
        "ms" : 6.053642,
        "s" : 0.006053642
      }
    },
    "HappyPathDetector.handleFeedback<Analyzer>" : {
      "count" : 21,
      "average" : {
        "ns" : 28824.85714285714,
        "us" : 28.82485714285714,
        "ms" : 0.02882485714285714,
        "s" : 2.8824857142857143E-5
      },
      "min" : {
        "ns" : 2300,
        "us" : 2.3,
        "ms" : 0.0023,
        "s" : 2.3E-6
      },
      "max" : {
        "ns" : 533021,
        "us" : 533.021,
        "ms" : 0.533021,
        "s" : 5.33021E-4
      }
    },
    "ParentChildDetector.handleFeedback<Analyzer>" : {
      "count" : 21,
      "average" : {
        "ns" : 466233.09523809527,
        "us" : 466.23309523809525,
        "ms" : 0.46623309523809525,
        "s" : 4.662330952380953E-4
      },
      "min" : {
        "ns" : 32601,
        "us" : 32.601,
        "ms" : 0.032601,
        "s" : 3.2601E-5
      },
      "max" : {
        "ns" : 8259630,
        "us" : 8259.63,
        "ms" : 8.25963,
        "s" : 0.00825963
      }
    },
    "HappensBeforeNeighbourDetector.handleFeedback<Analyzer>" : {
      "count" : 21,
      "average" : {
        "ns" : 438303.09523809527,
        "us" : 438.30309523809524,
        "ms" : 0.43830309523809524,
        "s" : 4.3830309523809526E-4
      },
      "min" : {
        "ns" : 13100,
        "us" : 13.1,
        "ms" : 0.0131,
        "s" : 1.31E-5
      },
      "max" : {
        "ns" : 1278251,
        "us" : 1278.251,
        "ms" : 1.278251,
        "s" : 0.001278251
      }
    },
    "ErrorPropagationDetector.handleFeedback<Analyzer>" : {
      "count" : 21,
      "average" : {
        "ns" : 375200.71428571426,
        "us" : 375.20071428571424,
        "ms" : 0.3752007142857143,
        "s" : 3.7520071428571425E-4
      },
      "min" : {
        "ns" : 4200,
        "us" : 4.2,
        "ms" : 0.0042,
        "s" : 4.2E-6
      },
      "max" : {
        "ns" : 1163647,
        "us" : 1163.647,
        "ms" : 1.163647,
        "s" : 0.001163647
      }
    },
    "ConditionalPointDetector.handleFeedback<Analyzer>" : {
      "count" : 21,
      "average" : {
        "ns" : 727533.9047619047,
        "us" : 727.5339047619048,
        "ms" : 0.7275339047619047,
        "s" : 7.275339047619048E-4
      },
      "min" : {
        "ns" : 131606,
        "us" : 131.606,
        "ms" : 0.131606,
        "s" : 1.31606E-4
      },
      "max" : {
        "ns" : 4450378,
        "us" : 4450.378,
        "ms" : 4.450378,
        "s" : 0.004450378
      }
    },
    "RedundancyAnalyzer.handleFeedback<Analyzer>" : {
      "count" : 21,
      "average" : {
        "ns" : 47230.47619047619,
        "us" : 47.23047619047619,
        "ms" : 0.04723047619047619,
        "s" : 4.723047619047619E-5
      },
      "min" : {
        "ns" : 17801,
        "us" : 17.801,
        "ms" : 0.017801,
        "s" : 1.7801E-5
      },
      "max" : {
        "ns" : 220708,
        "us" : 220.708,
        "ms" : 0.220708,
        "s" : 2.20708E-4
      }
    },
    "StatusAnalyzer.handleFeedback<Analyzer>" : {
      "count" : 21,
      "average" : {
        "ns" : 14448.190476190477,
        "us" : 14.448190476190478,
        "ms" : 0.014448190476190477,
        "s" : 1.4448190476190477E-5
      },
      "min" : {
        "ns" : 3900,
        "us" : 3.9,
        "ms" : 0.0039,
        "s" : 3.9E-6
      },
      "max" : {
        "ns" : 141206,
        "us" : 141.206,
        "ms" : 0.141206,
        "s" : 1.41206E-4
      }
    },
    "BehaviorAnalyzer.handleFeedback<Analyzer>" : {
      "count" : 21,
      "average" : {
        "ns" : 452446.71428571426,
        "us" : 452.4467142857143,
        "ms" : 0.45244671428571426,
        "s" : 4.5244671428571425E-4
      },