{
  "stats" : {
    "nextFaultload" : {
      "count" : 9,
      "average" : {
        "ns" : 2182092.3333333335,
        "us" : 2182.0923333333335,
        "ms" : 2.1820923333333333,
        "s" : 0.0021820923333333337
      },
      "min" : {
        "ns" : 539831,
        "us" : 539.831,
        "ms" : 0.539831,
        "s" : 5.39831E-4
      },
      "max" : {
        "ns" : 3778217,
        "us" : 3778.217,
        "ms" : 3.778217,
        "s" : 0.003778217
      }
    },
    "Per test" : {
      "count" : 8,
      "average" : {
        "ns" : 1.32193645E8,
        "us" : 132193.645,
        "ms" : 132.193645,
        "s" : 0.132193645
      },
      "min" : {
        "ns" : 57640723,
        "us" : 57640.723,
        "ms" : 57.640723,
        "s" : 0.057640723
      },
      "max" : {
        "ns" : 448640862,
        "us" : 448640.862,
        "ms" : 448.640862,
        "s" : 0.448640862
      }
    },
    "registerFaultload" : {
      "count" : 8,
      "average" : {
        "ns" : 1.8140829375E7,
        "us" : 18140.829375,
        "ms" : 18.140829375,
        "s" : 0.018140829375
      },
      "min" : {
        "ns" : 2620251,
        "us" : 2620.251,
        "ms" : 2.620251,
        "s" : 0.002620251
      },
      "max" : {
        "ns" : 109452078,
        "us" : 109452.078,
        "ms" : 109.452078,
        "s" : 0.109452078
      }
    },
    "testMethod" : {
      "count" : 8,
      "average" : {
        "ns" : 8.9149492875E7,
        "us" : 89149.492875,
        "ms" : 89.149492875,
        "s" : 0.089149492875
      },
      "min" : {
        "ns" : 43038381,
        "us" : 43038.381,
        "ms" : 43.038381,
        "s" : 0.043038381
      },
      "max" : {
        "ns" : 241023326,
        "us" : 241023.326,
        "ms" : 241.023326,
        "s" : 0.241023326
      }
    },
    "getTraceWithDelay" : {
      "count" : 8,
      "average" : {
        "ns" : 2.469292325E7,
        "us" : 24692.92325,
        "ms" : 24.69292325,
        "s" : 0.02469292325
      },
      "min" : {
        "ns" : 10739819,
        "us" : 10739.819,
        "ms" : 10.739819,
        "s" : 0.010739819
      },
      "max" : {
        "ns" : 97838539,
        "us" : 97838.539,
        "ms" : 97.838539,
        "s" : 0.097838539
      }
    },
    "getTrace" : {
      "count" : 8,
      "average" : {
        "ns" : 1.5470129125E7,
        "us" : 15470.129125,
        "ms" : 15.470129125,
        "s" : 0.015470129125
      },
      "min" : {
        "ns" : 6104752,
        "us" : 6104.752,
        "ms" : 6.104752,
        "s" : 0.006104752
      },
      "max" : {
        "ns" : 70057238,
        "us" : 70057.238,
        "ms" : 70.057238,
        "s" : 0.070057238
      }
    },
    "handleResult" : {
      "count" : 8,
      "average" : {
        "ns" : 5390735.75,
        "us" : 5390.73575,
        "ms" : 5.39073575,
        "s" : 0.00539073575
      },
      "min" : {
        "ns" : 1735200,
        "us" : 1735.2,
        "ms" : 1.7352,
        "s" : 0.0017352
      },
      "max" : {
        "ns" : 18894889,
        "us" : 18894.889,
        "ms" : 18.894889,
        "s" : 0.018894889
      }
    },
    "StrategyRunner.analyze" : {
      "count" : 8,
      "average" : {
        "ns" : 5217563.25,
        "us" : 5217.56325,
        "ms" : 5.21756325,
        "s" : 0.00521756325
      },
      "min" : {
        "ns" : 1601592,
        "us" : 1601.592,
        "ms" : 1.601592,
        "s" : 0.001601592
      },
      "max" : {
        "ns" : 18465664,
        "us" : 18465.664,
        "ms" : 18.465664,
        "s" : 0.018465664
      }
    },
    "DynamicExplorationGenerator.handleFeedback<Analyzer>" : {
      "count" : 8,
      "average" : {
        "ns" : 967655.875,
        "us" : 967.655875,
        "ms" : 0.967655875,
        "s" : 9.67655875E-4
      },
      "min" : {
        "ns" : 76505,
        "us" : 76.505,
        "ms" : 0.076505,
        "s" : 7.6505E-5
      },
      "max" : {
        "ns" : 5566921,
        "us" : 5566.921,
        "ms" : 5.566921,
        "s" : 0.005566921
      }
    },
    "HappyPathDetector.handleFeedback<Analyzer>" : {
      "count" : 8,
      "average" : {
        "ns" : 59628.5,
        "us" : 59.6285,
        "ms" : 0.0596285,
        "s" : 5.96285E-5
      },
      "min" : {
        "ns" : 3200,
        "us" : 3.2,
        "ms" : 0.0032,
        "s" : 3.2E-6
      },
      "max" : {
        "ns" : 449126,
        "us" : 449.126,
        "ms" : 0.449126,
        "s" : 4.49126E-4
      }
    },
    "ParentChildDetector.handleFeedback<Analyzer>" : {
      "count" : 8,
      "average" : {
        "ns" : 958668.0,
        "us" : 958.668,
        "ms" : 0.958668,
        "s" : 9.58668E-4
      },
      "min" : {
        "ns" : 39202,
        "us" : 39.202,
        "ms" : 0.039202,
        "s" : 3.9202E-5
      },
      "max" : {
        "ns" : 7161413,
        "us" : 7161.413,
        "ms" : 7.161413,
        "s" : 0.007161413
      }
    },
    "HappensBeforeNeighbourDetector.handleFeedback<Analyzer>" : {
      "count" : 8,
      "average" : {
        "ns" : 381359.375,
        "us" : 381.359375,
        "ms" : 0.381359375,
        "s" : 3.81359375E-4
      },
      "min" : {
        "ns" : 11201,
        "us" : 11.201,
        "ms" : 0.011201,
        "s" : 1.1201E-5
      },
      "max" : {
        "ns" : 1123265,
        "us" : 1123.265,
        "ms" : 1.123265,
        "s" : 0.001123265
      }
    },
    "ErrorPropagationDetector.handleFeedback<Analyzer>" : {
      "count" : 8,
      "average" : {
        "ns" : 747593.0,
        "us" : 747.593,
        "ms" : 0.747593,
        "s" : 7.47593E-4
      },
      "min" : {
        "ns" : 12600,
        "us" : 12.6,
        "ms" : 0.0126,
        "s" : 1.26E-5
      },
      "max" : {
        "ns" : 2689055,
        "us" : 2689.055,
        "ms" : 2.689055,
        "s" : 0.002689055
      }
    },
    "ConditionalPointDetector.handleFeedback<Analyzer>" : {
      "count" : 8,
      "average" : {
        "ns" : 712778.75,
        "us" : 712.77875,
        "ms" : 0.71277875,
        "s" : 7.1277875E-4
      },
      "min" : {
        "ns" : 118507,
        "us" : 118.507,
        "ms" : 0.118507,
        "s" : 1.18507E-4
      },
      "max" : {
        "ns" : 4143738,
        "us" : 4143.738,
        "ms" : 4.143738,
        "s" : 0.004143738
      }
    },
    "RedundancyAnalyzer.handleFeedback<Analyzer>" : {
      "count" : 8,
      "average" : {
        "ns" : 34852.0,
        "us" : 34.852,
        "ms" : 0.034852,
        "s" : 3.4852E-5
      },
      "min" : {
        "ns" : 21501,
        "us" : 21.501,
        "ms" : 0.021501,
        "s" : 2.1501E-5
      },
      "max" : {
        "ns" : 66204,
        "us" : 66.204,
        "ms" : 0.066204,
        "s" : 6.6204E-5
      }
    },
    "StatusAnalyzer.handleFeedback<Analyzer>" : {
      "count" : 8,
      "average" : {
        "ns" : 21451.375,
        "us" : 21.451375,
        "ms" : 0.021451375,
        "s" : 2.1451375E-5
      },
      "min" : {
        "ns" : 4800,
        "us" : 4.8,
        "ms" : 0.0048,
        "s" : 4.8E-6
      },
      "max" : {
        "ns" : 133408,
        "us" : 133.408,
        "ms" : 0.133408,
        "s" : 1.33408E-4
      }
    },
    "BehaviorAnalyzer.handleFeedback<Analyzer>" : {
      "count" : 8,
      "average" : {
        "ns" : 506879.0,
        "us" : 506.879,
        "ms" : 0.506879,
        "s" : 5.06879E-4
      },
      "min" : {
        "ns" : 254415,
        "us" : 254.415,
        "ms" : 0.254415,
        "s" : 2.54415E-4
      },
      "max" : {
        "ns" : 1330076,
        "us" : 1330.076,
        "ms" : 1.330076,
        "s" : 0.001330076
      }
    },
    "TimingAnalyzer.handleFeedback<Analyzer>" : {
      "count" : 8,
      "average" : {
        "ns" : 187460.875,
        "us" : 187.460875,
        "ms" : 0.187460875,
        "s" : 1.87460875E-4
      },
      "min" : {
        "ns" : 49003,
        "us" : 49.003,
        "ms" : 0.049003,