{
  "stats" : {
    "nextFaultload" : {
      "count" : 10,
      "average" : {
        "ns" : 3726550.1,
        "us" : 3726.5501,
        "ms" : 3.7265501000000003,
        "s" : 0.0037265501
      },
      "min" : {
        "ns" : 2051627,
        "us" : 2051.627,
        "ms" : 2.051627,
        "s" : 0.002051627
      },
      "max" : {
        "ns" : 10766465,
        "us" : 10766.465,
        "ms" : 10.766465,
        "s" : 0.010766465
      }
    },
    "Per test" : {
      "count" : 9,
      "average" : {
        "ns" : 5.333431411111111E7,
        "us" : 53334.31411111111,
        "ms" : 53.33431411111111,
        "s" : 0.053334314111111114
      },
      "min" : {
        "ns" : 26792954,
        "us" : 26792.954,
        "ms" : 26.792954,
        "s" : 0.026792954
      },
      "max" : {
        "ns" : 233858433,
        "us" : 233858.433,
        "ms" : 233.858433,
        "s" : 0.233858433
      }
    },
    "registerFaultload" : {
      "count" : 9,
      "average" : {
        "ns" : 1.8057336666666668E7,
        "us" : 18057.336666666666,
        "ms" : 18.057336666666668,
        "s" : 0.018057336666666667
      },
      "min" : {
        "ns" : 3825536,
        "us" : 3825.536,
        "ms" : 3.825536,
        "s" : 0.003825536
      },
      "max" : {
        "ns" : 114157246,
        "us" : 114157.246,
        "ms" : 114.157246,
        "s" : 0.114157246
      }
    },
    "testMethod" : {
      "count" : 9,
      "average" : {
        "ns" : 2.7038557777777776E7,
        "us" : 27038.557777777776,
        "ms" : 27.038557777777775,
        "s" : 0.027038557777777777
      },
      "min" : {
        "ns" : 16790737,
        "us" : 16790.737,
        "ms" : 16.790737,
        "s" : 0.016790737
      },
      "max" : {
        "ns" : 99245225,
        "us" : 99245.225,
        "ms" : 99.245225,
        "s" : 0.099245225
      }
    },
    "getTraceWithDelay" : {
      "count" : 9,
      "average" : {
        "ns" : 2.5063446888888888E7,
        "us" : 25063.446888888888,
        "ms" : 25.063446888888887,
        "s" : 0.02506344688888889
      },
      "min" : {
        "ns" : 13592939,
        "us" : 13592.939,
        "ms" : 13.592939,
        "s" : 0.013592939
      },
      "max" : {
        "ns" : 98469078,
        "us" : 98469.078,
        "ms" : 98.469078,
        "s" : 0.098469078
      }
    },
    "getTrace" : {
      "count" : 9,
      "average" : {
        "ns" : 1.6591857222222222E7,
        "us" : 16591.85722222222,
        "ms" : 16.59185722222222,
        "s" : 0.01659185722222222
      },
      "min" : {
        "ns" : 7803781,
        "us" : 7803.781,
        "ms" : 7.803781,
        "s" : 0.007803781
      },
      "max" : {
        "ns" : 77300971,
        "us" : 77300.971,
        "ms" : 77.300971,
        "s" : 0.077300971
      }
    },
    "handleResult" : {
      "count" : 9,
      "average" : {
        "ns" : 4178891.3333333335,
        "us" : 4178.891333333334,
        "ms" : 4.1788913333333335,
        "s" : 0.004178891333333334
      },
      "min" : {
        "ns" : 1559596,
        "us" : 1559.596,
        "ms" : 1.559596,
        "s" : 0.001559596
      },
      "max" : {
        "ns" : 16103394,
        "us" : 16103.394,
        "ms" : 16.103394,
        "s" : 0.016103394
      }
    },
    "StrategyRunner.analyze" : {
      "count" : 9,
      "average" : {
        "ns" : 4147867.3333333335,
        "us" : 4147.867333333334,
        "ms" : 4.147867333333333,
        "s" : 0.0041478673333333336
      },
      "min" : {
        "ns" : 1551896,
        "us" : 1551.896,
        "ms" : 1.551896,
        "s" : 0.001551896
      },
      "max" : {
        "ns" : 15918883,
        "us" : 15918.883,
        "ms" : 15.918883,
        "s" : 0.015918883
      }
    },
    "DynamicExplorationGenerator.handleFeedback<Analyzer>" : {
      "count" : 9,
      "average" : {
        "ns" : 1040741.8888888889,
        "us" : 1040.741888888889,
        "ms" : 1.0407418888888889,
        "s" : 0.001040741888888889
      },
      "min" : {
        "ns" : 93406,
        "us" : 93.406,
        "ms" : 0.093406,
        "s" : 9.3406E-5
      },
      "max" : {
        "ns" : 7075936,
        "us" : 7075.936,
        "ms" : 7.075936,
        "s" : 0.007075936
      }
    },
    "HappyPathDetector.handleFeedback<Analyzer>" : {
      "count" : 9,
      "average" : {
        "ns" : 48014.0,
        "us" : 48.014,
        "ms" : 0.048014,
        "s" : 4.8014E-5
      },
      "min" : {
        "ns" : 3400,
        "us" : 3.4,
        "ms" : 0.0034,
        "s" : 3.4E-6
      },
      "max" : {
        "ns" : 399024,
        "us" : 399.024,
        "ms" : 0.399024,
        "s" : 3.99024E-4
      }
    },
    "ParentChildDetector.handleFeedback<Analyzer>" : {
      "count" : 9,
      "average" : {
        "ns" : 346654.77777777775,
        "us" : 346.6547777777777,
        "ms" : 0.34665477777777776,
        "s" : 3.4665477777777773E-4
      },
      "min" : {
        "ns" : 46303,
        "us" : 46.303,
        "ms" : 0.046303,
        "s" : 4.6303E-5
      },
      "max" : {
        "ns" : 2385648,
        "us" : 2385.648,
        "ms" : 2.385648,
        "s" : 0.002385648
      }
    },
    "HappensBeforeNeighbourDetector.handleFeedback<Analyzer>" : {
      "count" : 9,
      "average" : {
        "ns" : 809605.5555555555,
        "us" : 809.6055555555555,
        "ms" : 0.8096055555555555,
        "s" : 8.096055555555555E-4
      },
      "min" : {
        "ns" : 12601,
        "us" : 12.601,
        "ms" : 0.012601,
        "s" : 1.2601E-5
      },
      "max" : {
        "ns" : 2132832,
        "us" : 2132.832,
        "ms" : 2.132832,
        "s" : 0.002132832
      }
    },
    "ErrorPropagationDetector.handleFeedback<Analyzer>" : {
      "count" : 9,
      "average" : {
        "ns" : 208924.0,
        "us" : 208.924,
        "ms" : 0.208924,
        "s" : 2.08924E-4
      },
      "min" : {
        "ns" : 11500,
        "us" : 11.5,
        "ms" : 0.0115,
        "s" : 1.15E-5
      },
      "max" : {
        "ns" : 508732,
        "us" : 508.732,
        "ms" : 0.508732,
        "s" : 5.08732E-4
      }
    },
    "ConditionalPointDetector.handleFeedback<Analyzer>" : {
      "count" : 9,
      "average" : {
        "ns" : 1067588.111111111,
        "us" : 1067.588111111111,
        "ms" : 1.067588111111111,
        "s" : 0.001067588111111111
      },
      "min" : {
        "ns" : 226314,
        "us" : 226.314,
        "ms" : 0.226314,
        "s" : 2.26314E-4
      },
      "max" : {
        "ns" : 4526579,
        "us" : 4526.579,
        "ms" : 4.526579,
        "s" : 0.004526579
      }
    },
    "RedundancyAnalyzer.handleFeedback<Analyzer>" : {
      "count" : 9,
      "average" : {
        "ns" : 56825.666666666664,
        "us" : 56.82566666666666,
        "ms" : 0.05682566666666666,
        "s" : 5.682566666666667E-5
      },
      "min" : {
        "ns" : 23402,
        "us" : 23.402,
        "ms" : 0.023402,
        "s" : 2.3402E-5
      },
      "max" : {
        "ns" : 210013,
        "us" : 210.013,
        "ms" : 0.210013,
        "s" : 2.10013E-4
      }
    },
    "StatusAnalyzer.handleFeedback<Analyzer>" : {
      "count" : 9,
      "average" : {
        "ns" : 30013.0,
        "us" : 30.013,
        "ms" : 0.030013,
        "s" : 3.0013E-5
      },
      "min" : {
        "ns" : 4701,
        "us" : 4.701,
        "ms" : 0.004701,
        "s" : 4.701E-6
      },
      "max" : {
        "ns" : 226214,
        "us" : 226.214,
        "ms" : 0.226214,
        "s" : 2.26214E-4
      }
    },
    "BehaviorAnalyzer.handleFeedback<Analyzer>" : {
      "count" : 9,
      "average" : {
        "ns" : 287339.8888888889,
        "us" : 287.3398888888889,
        "ms" : 0.2873398888888889,
        "s" : 2.873398888888889E-4
      },
      "min" : {
        "ns" : 97506,
        "us" : 97.506,
        "ms" : 0.097506,
        "s" : 9.7506E-5
      },
      "max" : {
        "ns" : 749246,