{
  "stats" : {
    "nextFaultload" : {
      "count" : 9,
      "average" : {
        "ns" : 2505376.222222222,
        "us" : 2505.376222222222,
        "ms" : 2.505376222222222,
        "s" : 0.002505376222222222
      },
      "min" : {
        "ns" : 743229,
        "us" : 743.229,
        "ms" : 0.743229,
        "s" : 7.43229E-4
      },
      "max" : {
        "ns" : 4122362,
        "us" : 4122.362,
        "ms" : 4.122362,
        "s" : 0.004122362
      }
    },
    "Per test" : {
      "count" : 8,
      "average" : {
        "ns" : 6.065355875E7,
        "us" : 60653.55875,
        "ms" : 60.65355875,
        "s" : 0.06065355875
      },
      "min" : {
        "ns" : 24872477,
        "us" : 24872.477,
        "ms" : 24.872477,
        "s" : 0.024872477
      },
      "max" : {
        "ns" : 243199759,
        "us" : 243199.759,
        "ms" : 243.199759,
        "s" : 0.243199759
      }
    },
    "registerFaultload" : {
      "count" : 8,
      "average" : {
        "ns" : 1.894950725E7,
        "us" : 18949.50725,
        "ms" : 18.94950725,
        "s" : 0.01894950725
      },
      "min" : {
        "ns" : 2919115,
        "us" : 2919.115,
        "ms" : 2.919115,
        "s" : 0.002919115
      },
      "max" : {
        "ns" : 112518223,
        "us" : 112518.223,
        "ms" : 112.518223,
        "s" : 0.112518223
      }
    },
    "testMethod" : {
      "count" : 8,
      "average" : {
        "ns" : 1.453724625E7,
        "us" : 14537.24625,
        "ms" : 14.53724625,
        "s" : 0.01453724625
      },
      "min" : {
        "ns" : 8617039,
        "us" : 8617.039,
        "ms" : 8.617039,
        "s" : 0.008617039
      },
      "max" : {
        "ns" : 25885917,
        "us" : 25885.917,
        "ms" : 25.885917,
        "s" : 0.025885917
      }
    },
    "getTraceWithDelay" : {
      "count" : 8,
      "average" : {
        "ns" : 2.691032025E7,
        "us" : 26910.32025,
        "ms" : 26.91032025,
        "s" : 0.02691032025
      },
      "min" : {
        "ns" : 11963770,
        "us" : 11963.77,
        "ms" : 11.96377,
        "s" : 0.01196377
      },
      "max" : {
        "ns" : 104495307,
        "us" : 104495.307,
        "ms" : 104.495307,
        "s" : 0.104495307
      }
    },
    "getTrace" : {
      "count" : 8,
      "average" : {
        "ns" : 1.7091971875E7,
        "us" : 17091.971875,
        "ms" : 17.091971875,
        "s" : 0.017091971875
      },
      "min" : {
        "ns" : 7051077,
        "us" : 7051.077,
        "ms" : 7.051077,
        "s" : 0.007051077
      },
      "max" : {
        "ns" : 74114013,
        "us" : 74114.013,
        "ms" : 74.114013,
        "s" : 0.074114013
      }
    },
    "handleResult" : {
      "count" : 8,
      "average" : {
        "ns" : 6040362.375,
        "us" : 6040.362375,
        "ms" : 6.040362375,
        "s" : 0.006040362375
      },
      "min" : {
        "ns" : 1996879,
        "us" : 1996.879,
        "ms" : 1.996879,
        "s" : 0.001996879
      },
      "max" : {
        "ns" : 21279536,
        "us" : 21279.536,
        "ms" : 21.279536,
        "s" : 0.021279536
      }
    },
    "StrategyRunner.analyze" : {
      "count" : 8,
      "average" : {
        "ns" : 5908669.625,
        "us" : 5908.669625,
        "ms" : 5.908669625,
        "s" : 0.005908669625
      },
      "min" : {
        "ns" : 1909575,
        "us" : 1909.575,
        "ms" : 1.909575,
        "s" : 0.001909575
      },
      "max" : {
        "ns" : 20959924,
        "us" : 20959.924,
        "ms" : 20.959924,
        "s" : 0.020959924
      }
    },
    "DynamicExplorationGenerator.handleFeedback<Analyzer>" : {
      "count" : 8,
      "average" : {
        "ns" : 1144895.25,
        "us" : 1144.89525,
        "ms" : 1.14489525,
        "s" : 0.00114489525
      },
      "min" : {
        "ns" : 74903,
        "us" : 74.903,
        "ms" : 0.074903,
        "s" : 7.4903E-5
      },
      "max" : {
        "ns" : 6637761,
        "us" : 6637.761,
        "ms" : 6.637761,
        "s" : 0.006637761
      }
    },
    "HappyPathDetector.handleFeedback<Analyzer>" : {
      "count" : 8,
      "average" : {
        "ns" : 67077.5,
        "us" : 67.0775,
        "ms" : 0.0670775,
        "s" : 6.70775E-5
      },
      "min" : {
        "ns" : 3000,
        "us" : 3.0,
        "ms" : 0.003,
        "s" : 3.0E-6
      },
      "max" : {
        "ns" : 508820,
        "us" : 508.82,
        "ms" : 0.50882,
        "s" : 5.0882E-4
      }
    },
    "ParentChildDetector.handleFeedback<Analyzer>" : {
      "count" : 8,
      "average" : {
        "ns" : 1071504.75,
        "us" : 1071.50475,
        "ms" : 1.07150475,
        "s" : 0.00107150475
      },
      "min" : {
        "ns" : 43002,
        "us" : 43.002,
        "ms" : 0.043002,
        "s" : 4.3002E-5
      },
      "max" : {
        "ns" : 7937812,
        "us" : 7937.812,
        "ms" : 7.937812,
        "s" : 0.007937812
      }
    },
    "HappensBeforeNeighbourDetector.handleFeedback<Analyzer>" : {
      "count" : 8,
      "average" : {
        "ns" : 378665.0,
        "us" : 378.665,
        "ms" : 0.378665,
        "s" : 3.78665E-4
      },
      "min" : {
        "ns" : 11100,
        "us" : 11.1,
        "ms" : 0.0111,
        "s" : 1.11E-5
      },
      "max" : {
        "ns" : 1269750,
        "us" : 1269.75,
        "ms" : 1.26975,
        "s" : 0.00126975
      }
    },
    "ErrorPropagationDetector.handleFeedback<Analyzer>" : {
      "count" : 8,
      "average" : {
        "ns" : 862134.0,
        "us" : 862.134,
        "ms" : 0.862134,
        "s" : 8.62134E-4
      },
      "min" : {
        "ns" : 15001,
        "us" : 15.001,
        "ms" : 0.015001,
        "s" : 1.5001E-5
      },
      "max" : {
        "ns" : 2797710,
        "us" : 2797.71,
        "ms" : 2.79771,
        "s" : 0.00279771
      }
    },
    "ConditionalPointDetector.handleFeedback<Analyzer>" : {
      "count" : 8,
      "average" : {
        "ns" : 821607.375,
        "us" : 821.607375,
        "ms" : 0.821607375,
        "s" : 8.21607375E-4
      },
      "min" : {
        "ns" : 124305,
        "us" : 124.305,
        "ms" : 0.124305,
        "s" : 1.24305E-4
      },
      "max" : {
        "ns" : 4683284,
        "us" : 4683.284,
        "ms" : 4.683284,
        "s" : 0.004683284
      }
    },
    "RedundancyAnalyzer.handleFeedback<Analyzer>" : {
      "count" : 8,
      "average" : {
        "ns" : 34901.375,
        "us" : 34.901375,
        "ms" : 0.034901375,
        "s" : 3.4901375E-5
      },
      "min" : {
        "ns" : 23601,
        "us" : 23.601,
        "ms" : 0.023601,
        "s" : 2.3601E-5
      },
      "max" : {
        "ns" : 66802,
        "us" : 66.802,
        "ms" : 0.066802,
        "s" : 6.6802E-5
      }
    },
    "StatusAnalyzer.handleFeedback<Analyzer>" : {
      "count" : 8,
      "average" : {
        "ns" : 22988.5,
        "us" : 22.9885,
        "ms" : 0.0229885,
        "s" : 2.29885E-5
      },
      "min" : {
        "ns" : 4900,
        "us" : 4.9,
        "ms" : 0.0049,
        "s" : 4.9E-6
      },
      "max" : {
        "ns" : 140506,
        "us" : 140.506,
        "ms" : 0.140506,
        "s" : 1.40506E-4
      }
    },
    "BehaviorAnalyzer.handleFeedback<Analyzer>" : {
      "count" : 8,
      "average" : {
        "ns" : 574810.0,
        "us" : 574.81,
        "ms" : 0.57481,
        "s" : 5.7481E-4
      },
      "min" : {
        "ns" : 266710,
        "us" : 266.71,
        "ms" : 0.26671,
        "s" : 2.6671E-4
      },
      "max" : {
        "ns" : 1447657,
        "us" : 1447.657,
        "ms" : 1.447657,
        "s" : 0.001447657
      }
    },
    "TimingAnalyzer.handleFeedback<Analyzer>" : {
      "count" : 8,
      "average" : {
        "ns" : 194632.625,
        "us" : 194.632625,
        "ms" : 0.194632625,
        "s" : 1.94632625E-4
      },
      "min" : {
        "ns" : 50602,
        "us" : 50.602,
        "ms" : 0.050602,