{
  "responses" : [ {
    "behaviour" : "Behaviour[uid=controller:POST /v1/faultload/register(93cc5966)#0, mode=null]",
    "min_ms" : 60.44968032836914,
    "average_ms" : 60.44968032836914,
    "max_ms" : 60.44968032836914,
    "count" : 1,
    "values" : [ 60.44968 ]
  }, {
    "behaviour" : "Behaviour[uid=controller:POST /v1/faultload/register(93cc5966)#0, mode=HTTP_ERROR(500)]",
    "min_ms" : 4.7247138023376465,
    "average_ms" : 7.20247684755633,
    "max_ms" : 22.918621063232422,
    "count" : 124,
    "values" : [ 8.864626, 7.576803, 8.441932, 5.706646, 6.97624, 7.093251, 7.925834, 7.284645, 7.908703, 6.592758, 5.890322, 6.138071, 7.715686, 5.881922, 7.142417, 7.989966, 6.045319, 12.965138, 5.887044, 6.789935, 6.517542, 7.471428, 6.302318, 6.971892, 6.084676, 8.330358, 11.465306, 9.004441, 6.461474, 6.575838, 7.683743, 6.766351, 8.341488, 6.413752, 5.634805, 5.627193, 6.043162, 7.149097, 11.754816, 6.565941, 7.405277, 20.448666, 18.479303, 15.595859, 11.354512, 20.423515, 12.228652, 19.579607, 22.918621, 10.364218, 9.742127, 7.548091, 7.852761, 19.535147, 8.322943, 8.033376, 8.173393, 9.81228, 7.686316, 7.153266, 5.539656, 5.670295, 5.878184, 5.532682, 5.244391, 4.988262, 5.005579, 4.886349, 5.201765, 4.953941, 4.93388, 4.747612, 4.906769, 4.966622, 4.821986, 5.159339, 5.367715, 4.724714, 5.454144, 4.79295, 7.073105, 4.989283, 4.979463, 4.933481, 4.989433, 5.433747, 4.766665, 5.343255, 5.093905, 4.962113, 5.20387, 5.132837, 4.91213, 6.791605, 5.465099, 5.064486, 4.815736, 6.521934, 5.210979, 11.169007, 5.208619, 5.030031, 5.87741, 4.833788, 5.498769, 5.623305, 5.264632, 5.21034, 5.369626, 5.229871, 5.856942, 5.227841, 5.215891, 5.000011, 6.942603, 5.664623, 5.842412, 4.956412, 5.071625, 5.881024, 5.777209, 5.673426, 5.310523, 5.270421 ]
  }, {
    "behaviour" : "Behaviour[uid=controller:POST /v1/faultload/register(93cc5966)#0>proxy2:POST /v1/faultload/register(93cc5966)#0, mode=null]",
    "min_ms" : 1.0366870164871216,
    "average_ms" : 3.509431772232056,
    "max_ms" : 44.59528350830078,
    "count" : 25,
    "values" : [ 44.595284, 1.487792, 1.41224, 1.701898, 1.56988, 1.236422, 1.08331, 1.133419, 1.239392, 2.481164, 3.012334, 1.390379, 1.291415, 4.786914, 1.036687, 2.501956, 2.780887, 1.580684, 1.147809, 1.609403, 1.212561, 1.280654, 2.228335, 1.543643, 2.391333 ]
  }, {
    "behaviour" : "Behaviour[uid=controller:POST /v1/faultload/register(93cc5966)#0>proxy1:POST /v1/faultload/register(93cc5966)#0, mode=null]",
    "min_ms" : 0.9752280116081238,
    "average_ms" : 3.499228537082672,
    "max_ms" : 44.51580810546875,
    "count" : 25,
    "values" : [ 44.51581, 1.561854, 1.16003, 1.569215, 1.09472, 2.119083, 1.219673, 1.070116, 1.130959, 1.402208, 6.908739, 1.43222, 1.702509, 1.478091, 1.92564, 2.964431, 1.781583, 1.995316, 1.01171, 0.975228, 1.334935, 1.264331, 1.362657, 3.059806, 1.439851 ]
  }, {
    "behaviour" : "Behaviour[uid=controller:POST /v1/faultload/register(93cc5966)#0>proxy3:POST /v1/faultload/register(93cc5966)#0, mode=null]",
    "min_ms" : 1.0697970390319824,
    "average_ms" : 3.4313004779815675,
    "max_ms" : 44.24005126953125,
    "count" : 25,
    "values" : [ 44.24005, 2.110923, 1.798075, 1.873825, 1.105848, 1.575687, 1.352587, 2.529899, 1.122299, 1.702128, 1.069797, 1.45911, 1.338676, 1.541044, 1.295494, 1.544419, 1.880005, 1.46408, 1.976679, 1.387157, 1.465344, 1.078757, 4.414632, 1.386409, 3.069587 ]
  } ],
  "overhead" : [ {
    "behaviour" : "Behaviour[uid=controller:POST /v1/faultload/register(93cc5966)#0>proxy3:POST /v1/faultload/register(93cc5966)#0, mode=null]",
    "min_ms" : 1.0409259796142578,
    "average_ms" : 2.318010854721069,
    "max_ms" : 10.262036323547363,
    "count" : 25,
    "values" : [ 1.791331, 1.793022, 1.437969, 1.705909, 1.040926, 1.620721, 1.535103, 1.310454, 2.154414, 1.311766, 1.199901, 1.59793, 2.488137, 1.90989, 1.573085, 1.338776, 1.648497, 1.290004, 1.289064, 1.812583, 1.924383, 2.00133, 10.262036, 8.456621, 3.456419 ]
  }, {
    "behaviour" : "Behaviour[uid=controller:POST /v1/faultload/register(93cc5966)#0>proxy1:POST /v1/faultload/register(93cc5966)#0, mode=HTTP_ERROR(504)]",
    "min_ms" : 0.8850510120391846,
    "average_ms" : 2.3141471123695374,
    "max_ms" : 10.617607116699219,
    "count" : 25,
    "values" : [ 1.387923, 1.134574, 2.73093, 1.993206, 9.864841, 10.617607, 4.770316, 2.550458, 1.470931, 1.098769, 1.263443, 1.107958, 0.885051, 3.2041, 0.934377, 0.980385, 1.241363, 1.017147, 1.74951, 1.090658, 2.395133, 1.188972, 1.086788, 0.901321, 1.187916 ]
  }, {
    "behaviour" : "Behaviour[uid=controller:POST /v1/faultload/register(93cc5966)#0, mode=null]",
    "min_ms" : 2.2872989177703857,
    "average_ms" : 2.2872989177703857,
    "max_ms" : 2.2872989177703857,
    "count" : 1,
    "values" : [ 2.287299 ]
  }, {
    "behaviour" : "Behaviour[uid=controller:POST /v1/faultload/register(93cc5966)#0, mode=HTTP_ERROR(500)]",
    "min_ms" : 1.0157450437545776,
    "average_ms" : 2.117561690268978,
    "max_ms" : 38.45561981201172,
    "count" : 124,
    "values" : [ 1.884806, 1.812012, 1.911496, 1.637487, 1.756072, 1.376433, 1.405189, 1.475803, 1.573835, 1.670707, 1.343757, 1.766642, 1.826044, 1.611606, 1.585745, 1.574785, 1.335286, 1.255883, 1.617885, 1.536433, 1.535003, 1.290349, 1.709255, 1.495011, 1.352766, 2.463515, 2.462315, 1.687808, 1.429048, 1.612885, 1.852607, 1.348632, 1.47269, 1.582222, 1.526414, 1.329736, 1.475408, 1.422119, 1.99125, 1.530299, 2.363921, 6.039189, 13.530878, 1.677818, 2.437486, 1.575904, 5.704718, 1.209411, 1.492922, 1.393149, 1.039656, 1.378827, 1.680588, 38.45562, 1.27, 1.493142, 2.210446, 1.685047, 1.382748, 1.826064, 1.569324, 1.39886, 1.365592, 1.201432, 1.087907, 1.269564, 1.131399, 1.301355, 1.191397, 1.14063, 1.018386, 1.141822, 1.285715, 1.334756, 1.07397, 1.085558, 1.181556, 1.246012, 1.107719, 1.029722, 1.015745, 1.140789, 1.152435, 1.175991, 1.242623, 1.198611, 1.243564, 1.164651, 1.14512, 1.19406, 1.104138, 1.280904, 1.158341, 1.337156, 1.458971, 1.218332, 1.202531, 1.036097, 1.232825, 1.301045, 1.314646, 1.123031, 1.105471, 1.270803, 1.076358, 1.17907, 1.278746, 1.323506, 1.093598, 1.438079, 1.413469, 1.295175, 1.374647, 1.227973, 1.295717, 1.919083, 1.320065, 29.793255, 1.14104, 1.2584, 1.700128, 1.477371, 1.281855, 1.334787 ]
  }, {
    "behaviour" : "Behaviour[uid=controller:POST /v1/faultload/register(93cc5966)#0>proxy2:POST /v1/faultload/register(93cc5966)#0, mode=null]",
    "min_ms" : 0.9367920160293579,
    "average_ms" : 2.075420355796814,
    "max_ms" : 5.413025856018066,
    "count" : 25,
    "values" : [ 1.856963, 1.115853, 1.465064, 1.270424, 1.533053, 1.078839, 1.43949, 1.339706, 1.501111, 2.638132, 4.302639, 1.954178, 1.015285, 1.517093, 5.413026, 2.160175, 0.936792, 1.909056, 4.579123, 2.860041, 1.366287, 3.224251, 2.404146, 1.629747, 1.375035 ]
  }, {
    "behaviour" : "Behaviour[uid=controller:POST /v1/faultload/register(93cc5966)#0>proxy2:POST /v1/faultload/register(93cc5966)#0, mode=HTTP_ERROR(503)]",
    "min_ms" : 0.9342569708824158,
    "average_ms" : 1.9550643563270569,
    "max_ms" : 10.678443908691406,
    "count" : 25,
    "values" : [ 1.17329, 1.098827, 1.082467, 1.969027, 1.355249, 2.115983, 4.682752, 10.678444, 3.271343, 1.114239, 1.129968, 1.572864, 1.093287, 1.230964, 1.077349, 3.393643, 1.347397, 1.149137, 0.934257, 1.178521, 1.238355, 1.265994, 1.298074, 1.15253, 1.272648 ]
  }, {
    "behaviour" : "Behaviour[uid=controller:POST /v1/faultload/register(93cc5966)#0>proxy1:POST /v1/faultload/register(93cc5966)#0, mode=HTTP_ERROR(500)]",
    "min_ms" : 0.9417629837989807,
    "average_ms" : 1.7848587155342102,
    "max_ms" : 8.642897605895996,
    "count" : 25,