{
  "stats" : {
    "nextFaultload" : {
      "count" : 22,
      "average" : {
        "ns" : 1686417.5454545454,
        "us" : 1686.4175454545455,
        "ms" : 1.6864175454545454,
        "s" : 0.0016864175454545454
      },
      "min" : {
        "ns" : 28041,
        "us" : 28.041,
        "ms" : 0.028041,
        "s" : 2.8041E-5
      },
      "max" : {
        "ns" : 2958633,
        "us" : 2958.633,
        "ms" : 2.958633,
        "s" : 0.002958633
      }
    },
    "Per test" : {
      "count" : 21,
      "average" : {
        "ns" : 4.6658924333333336E7,
        "us" : 46658.924333333336,
        "ms" : 46.65892433333334,
        "s" : 0.04665892433333334
      },
      "min" : {
        "ns" : 28237647,
        "us" : 28237.647,
        "ms" : 28.237647,
        "s" : 0.028237647
      },
      "max" : {
        "ns" : 251617053,
        "us" : 251617.053,
        "ms" : 251.617053,
        "s" : 0.251617053
      }
    },
    "registerFaultload" : {
      "count" : 21,
      "average" : {
        "ns" : 9758434.80952381,
        "us" : 9758.43480952381,
        "ms" : 9.75843480952381,
        "s" : 0.009758434809523809
      },
      "min" : {
        "ns" : 2870359,
        "us" : 2870.359,
        "ms" : 2.870359,
        "s" : 0.002870359
      },
      "max" : {
        "ns" : 118596373,
        "us" : 118596.373,
        "ms" : 118.596373,
        "s" : 0.118596373
      }
    },
    "testMethod" : {
      "count" : 21,
      "average" : {
        "ns" : 1.578633557142857E7,
        "us" : 15786.335571428572,
        "ms" : 15.786335571428571,
        "s" : 0.01578633557142857
      },
      "min" : {
        "ns" : 13345298,
        "us" : 13345.298,
        "ms" : 13.345298,
        "s" : 0.013345298
      },
      "max" : {
        "ns" : 25994147,
        "us" : 25994.147,
        "ms" : 25.994147,
        "s" : 0.025994147
      }
    },
    "getTraceWithDelay" : {
      "count" : 21,
      "average" : {
        "ns" : 2.1123609523809522E7,
        "us" : 21123.609523809522,
        "ms" : 21.123609523809524,
        "s" : 0.02112360952380952
      },
      "min" : {
        "ns" : 10903398,
        "us" : 10903.398,
        "ms" : 10.903398,
        "s" : 0.010903398
      },
      "max" : {
        "ns" : 106956819,
        "us" : 106956.819,
        "ms" : 106.956819,
        "s" : 0.106956819
      }
    },
    "getTrace" : {
      "count" : 21,
      "average" : {
        "ns" : 1.393147557142857E7,
        "us" : 13931.475571428571,
        "ms" : 13.931475571428571,
        "s" : 0.013931475571428572
      },
      "min" : {
        "ns" : 5463195,
        "us" : 5463.195,
        "ms" : 5.463195,
        "s" : 0.005463195
      },
      "max" : {
        "ns" : 86366636,
        "us" : 86366.636,
        "ms" : 86.366636,
        "s" : 0.086366636
      }
    },
    "handleResult" : {
      "count" : 21,
      "average" : {
        "ns" : 3831640.1904761903,
        "us" : 3831.64019047619,
        "ms" : 3.83164019047619,
        "s" : 0.0038316401904761902
      },
      "min" : {
        "ns" : 1715727,
        "us" : 1715.727,
        "ms" : 1.715727,
        "s" : 0.001715727
      },
      "max" : {
        "ns" : 16980111,
        "us" : 16980.111,
        "ms" : 16.980111,
        "s" : 0.016980111
      }
    },
    "StrategyRunner.analyze" : {
      "count" : 21,
      "average" : {
        "ns" : 3811051.380952381,
        "us" : 3811.051380952381,
        "ms" : 3.811051380952381,
        "s" : 0.003811051380952381
      },
      "min" : {
        "ns" : 1704567,
        "us" : 1704.567,
        "ms" : 1.704567,
        "s" : 0.001704567
      },
      "max" : {
        "ns" : 16784993,
        "us" : 16784.993,
        "ms" : 16.784993,
        "s" : 0.016784993
      }
    },
    "DynamicExplorationGenerator.handleFeedback<Analyzer>" : {
      "count" : 21,
      "average" : {
        "ns" : 606196.619047619,
        "us" : 606.196619047619,
        "ms" : 0.606196619047619,
        "s" : 6.061966190476191E-4
      },
      "min" : {
        "ns" : 74043,
        "us" : 74.043,
        "ms" : 0.074043,
        "s" : 7.4043E-5
      },
      "max" : {
        "ns" : 6580256,
        "us" : 6580.256,
        "ms" : 6.580256,
        "s" : 0.006580256
      }
    },
    "HappyPathDetector.handleFeedback<Analyzer>" : {
      "count" : 21,
      "average" : {
        "ns" : 51835.52380952381,
        "us" : 51.83552380952381,
        "ms" : 0.05183552380952381,
        "s" : 5.183552380952381E-5
      },
      "min" : {
        "ns" : 2090,
        "us" : 2.09,
        "ms" : 0.00209,
        "s" : 2.09E-6
      },
      "max" : {
        "ns" : 1018695,
        "us" : 1018.695,
        "ms" : 1.018695,
        "s" : 0.001018695
      }
    },
    "ParentChildDetector.handleFeedback<Analyzer>" : {
      "count" : 21,
      "average" : {
        "ns" : 214987.47619047618,
        "us" : 214.98747619047617,
        "ms" : 0.21498747619047617,
        "s" : 2.149874761904762E-4
      },
      "min" : {
        "ns" : 33402,
        "us" : 33.402,
        "ms" : 0.033402,
        "s" : 3.3402E-5
      },
      "max" : {
        "ns" : 2489747,
        "us" : 2489.747,
        "ms" : 2.489747,
        "s" : 0.002489747
      }
    },
    "HappensBeforeNeighbourDetector.handleFeedback<Analyzer>" : {
      "count" : 21,
      "average" : {
        "ns" : 550829.9047619047,
        "us" : 550.8299047619047,
        "ms" : 0.5508299047619047,
        "s" : 5.508299047619047E-4
      },
      "min" : {
        "ns" : 12231,
        "us" : 12.231,
        "ms" : 0.012231,
        "s" : 1.2231E-5
      },
      "max" : {
        "ns" : 1173563,
        "us" : 1173.563,
        "ms" : 1.173563,
        "s" : 0.001173563
      }
    },
    "ErrorPropagationDetector.handleFeedback<Analyzer>" : {
      "count" : 21,
      "average" : {
        "ns" : 160295.2857142857,
        "us" : 160.2952857142857,
        "ms" : 0.16029528571428572,
        "s" : 1.6029528571428572E-4
      },
      "min" : {
        "ns" : 4340,
        "us" : 4.34,
        "ms" : 0.00434,
        "s" : 4.34E-6
      },
      "max" : {
        "ns" : 754074,
        "us" : 754.074,
        "ms" : 0.754074,
        "s" : 7.54074E-4
      }
    },
    "ConditionalPointDetector.handleFeedback<Analyzer>" : {
      "count" : 21,
      "average" : {
        "ns" : 717663.3333333334,
        "us" : 717.6633333333334,
        "ms" : 0.7176633333333333,
        "s" : 7.176633333333334E-4
      },
      "min" : {
        "ns" : 170707,
        "us" : 170.707,
        "ms" : 0.170707,
        "s" : 1.70707E-4
      },
      "max" : {
        "ns" : 4925006,
        "us" : 4925.006,
        "ms" : 4.925006,
        "s" : 0.004925006
      }
    },
    "RedundancyAnalyzer.handleFeedback<Analyzer>" : {
      "count" : 21,
      "average" : {
        "ns" : 38376.57142857143,
        "us" : 38.37657142857143,
        "ms" : 0.03837657142857143,
        "s" : 3.8376571428571426E-5
      },
      "min" : {
        "ns" : 17780,
        "us" : 17.78,
        "ms" : 0.01778,
        "s" : 1.778E-5
      },
      "max" : {
        "ns" : 125346,
        "us" : 125.346,
        "ms" : 0.125346,
        "s" : 1.25346E-4
      }
    },
    "StatusAnalyzer.handleFeedback<Analyzer>" : {
      "count" : 21,
      "average" : {
        "ns" : 18318.95238095238,
        "us" : 18.318952380952382,
        "ms" : 0.01831895238095238,
        "s" : 1.831895238095238E-5
      },
      "min" : {
        "ns" : 4080,
        "us" : 4.08,
        "ms" : 0.00408,
        "s" : 4.08E-6
      },
      "max" : {
        "ns" : 267392,
        "us" : 267.392,
        "ms" : 0.267392,
        "s" : 2.67392E-4
      }
    },
    "BehaviorAnalyzer.handleFeedback<Analyzer>" : {
      "count" : 21,
      "average" : {
        "ns" : 235968.14285714287,
        "us" : 235.96814285714288,
        "ms" : 0.23596814285714288,
        "s" : 2.3596814285714286E-4
      },