{
  "stats" : {
    "nextFaultload" : {
      "count" : 10,
      "average" : {
        "ns" : 3816359.6,
        "us" : 3816.3596000000002,
        "ms" : 3.8163596,
        "s" : 0.0038163596000000003
      },
      "min" : {
        "ns" : 1740768,
        "us" : 1740.768,
        "ms" : 1.740768,
        "s" : 0.001740768
      },
      "max" : {
        "ns" : 9287165,
        "us" : 9287.165,
        "ms" : 9.287165,
        "s" : 0.009287165
      }
    },
    "Per test" : {
      "count" : 9,
      "average" : {
        "ns" : 5.677580388888889E7,
        "us" : 56775.80388888889,
        "ms" : 56.77580388888889,
        "s" : 0.056775803888888886
      },
      "min" : {
        "ns" : 26463537,
        "us" : 26463.537,
        "ms" : 26.463537,
        "s" : 0.026463537
      },
      "max" : {
        "ns" : 242227897,
        "us" : 242227.897,
        "ms" : 242.227897,
        "s" : 0.242227897
      }
    },
    "registerFaultload" : {
      "count" : 9,
      "average" : {
        "ns" : 1.7006188888888888E7,
        "us" : 17006.18888888889,
        "ms" : 17.00618888888889,
        "s" : 0.017006188888888888
      },
      "min" : {
        "ns" : 2654804,
        "us" : 2654.804,
        "ms" : 2.654804,
        "s" : 0.002654804
      },
      "max" : {
        "ns" : 109903109,
        "us" : 109903.109,
        "ms" : 109.903109,
        "s" : 0.109903109
      }
    },
    "testMethod" : {
      "count" : 9,
      "average" : {
        "ns" : 2.9872271333333332E7,
        "us" : 29872.27133333333,
        "ms" : 29.872271333333334,
        "s" : 0.029872271333333332
      },
      "min" : {
        "ns" : 17115471,
        "us" : 17115.471,
        "ms" : 17.115471,
        "s" : 0.017115471
      },
      "max" : {
        "ns" : 101237770,
        "us" : 101237.77,
        "ms" : 101.23777,
        "s" : 0.10123777
      }
    },
    "getTraceWithDelay" : {
      "count" : 9,
      "average" : {
        "ns" : 2.6076155666666668E7,
        "us" : 26076.15566666667,
        "ms" : 26.07615566666667,
        "s" : 0.026076155666666666
      },
      "min" : {
        "ns" : 13386125,
        "us" : 13386.125,
        "ms" : 13.386125,
        "s" : 0.013386125
      },
      "max" : {
        "ns" : 106745585,
        "us" : 106745.585,
        "ms" : 106.745585,
        "s" : 0.106745585
      }
    },
    "getTrace" : {
      "count" : 9,
      "average" : {
        "ns" : 1.5924524333333334E7,
        "us" : 15924.524333333335,
        "ms" : 15.924524333333334,
        "s" : 0.015924524333333336
      },
      "min" : {
        "ns" : 7195882,
        "us" : 7195.882,
        "ms" : 7.195882,
        "s" : 0.007195882
      },
      "max" : {
        "ns" : 74776132,
        "us" : 74776.132,
        "ms" : 74.776132,
        "s" : 0.074776132
      }
    },
    "handleResult" : {
      "count" : 9,
      "average" : {
        "ns" : 5961055.888888889,
        "us" : 5961.055888888889,
        "ms" : 5.961055888888889,
        "s" : 0.005961055888888889
      },
      "min" : {
        "ns" : 2621802,
        "us" : 2621.802,
        "ms" : 2.621802,
        "s" : 0.002621802
      },
      "max" : {
        "ns" : 21592947,
        "us" : 21592.947,
        "ms" : 21.592947,
        "s" : 0.021592947
      }
    },
    "StrategyRunner.analyze" : {
      "count" : 9,
      "average" : {
        "ns" : 5802761.0,
        "us" : 5802.761,
        "ms" : 5.802761,
        "s" : 0.005802761
      },
      "min" : {
        "ns" : 2451096,
        "us" : 2451.096,
        "ms" : 2.451096,
        "s" : 0.002451096
      },
      "max" : {
        "ns" : 21224733,
        "us" : 21224.733,
        "ms" : 21.224733,
        "s" : 0.021224733
      }
    },
    "DynamicExplorationGenerator.handleFeedback<Analyzer>" : {
      "count" : 9,
      "average" : {
        "ns" : 1020562.5555555555,
        "us" : 1020.5625555555555,
        "ms" : 1.0205625555555555,
        "s" : 0.0010205625555555556
      },
      "min" : {
        "ns" : 100504,
        "us" : 100.504,
        "ms" : 0.100504,
        "s" : 1.00504E-4
      },
      "max" : {
        "ns" : 7095079,
        "us" : 7095.079,
        "ms" : 7.095079,
        "s" : 0.007095079
      }
    },
    "HappyPathDetector.handleFeedback<Analyzer>" : {
      "count" : 9,
      "average" : {
        "ns" : 48835.333333333336,
        "us" : 48.83533333333334,
        "ms" : 0.048835333333333335,
        "s" : 4.8835333333333337E-5
      },
      "min" : {
        "ns" : 3700,
        "us" : 3.7,
        "ms" : 0.0037,
        "s" : 3.7E-6
      },
      "max" : {
        "ns" : 406116,
        "us" : 406.116,
        "ms" : 0.406116,
        "s" : 4.06116E-4
      }
    },
    "ParentChildDetector.handleFeedback<Analyzer>" : {
      "count" : 9,
      "average" : {
        "ns" : 928569.7777777778,
        "us" : 928.5697777777777,
        "ms" : 0.9285697777777777,
        "s" : 9.285697777777778E-4
      },
      "min" : {
        "ns" : 49402,
        "us" : 49.402,
        "ms" : 0.049402,
        "s" : 4.9402E-5
      },
      "max" : {
        "ns" : 7746804,
        "us" : 7746.804,
        "ms" : 7.746804,
        "s" : 0.007746804
      }
    },
    "HappensBeforeNeighbourDetector.handleFeedback<Analyzer>" : {
      "count" : 9,
      "average" : {
        "ns" : 939781.4444444445,
        "us" : 939.7814444444444,
        "ms" : 0.9397814444444444,
        "s" : 9.397814444444445E-4
      },
      "min" : {
        "ns" : 11701,
        "us" : 11.701,
        "ms" : 0.011701,
        "s" : 1.1701E-5
      },
      "max" : {
        "ns" : 3581941,
        "us" : 3581.941,
        "ms" : 3.581941,
        "s" : 0.003581941
      }
    },
    "ErrorPropagationDetector.handleFeedback<Analyzer>" : {
      "count" : 9,
      "average" : {
        "ns" : 460217.8888888889,
        "us" : 460.21788888888887,
        "ms" : 0.46021788888888887,
        "s" : 4.602178888888889E-4
      },
      "min" : {
        "ns" : 13100,
        "us" : 13.1,
        "ms" : 0.0131,
        "s" : 1.31E-5
      },
      "max" : {
        "ns" : 1011139,
        "us" : 1011.139,
        "ms" : 1.011139,
        "s" : 0.001011139
      }
    },
    "ConditionalPointDetector.handleFeedback<Analyzer>" : {
      "count" : 9,
      "average" : {
        "ns" : 1028651.3333333334,
        "us" : 1028.6513333333335,
        "ms" : 1.0286513333333334,
        "s" : 0.0010286513333333334
      },
      "min" : {
        "ns" : 198308,
        "us" : 198.308,
        "ms" : 0.198308,
        "s" : 1.98308E-4
      },
      "max" : {
        "ns" : 4512077,
        "us" : 4512.077,
        "ms" : 4.512077,
        "s" : 0.004512077
      }
    },
    "RedundancyAnalyzer.handleFeedback<Analyzer>" : {
      "count" : 9,
      "average" : {
        "ns" : 57046.444444444445,
        "us" : 57.04644444444445,
        "ms" : 0.05704644444444445,
        "s" : 5.7046444444444446E-5
      },
      "min" : {
        "ns" : 18200,
        "us" : 18.2,
        "ms" : 0.0182,
        "s" : 1.82E-5
      },
      "max" : {
        "ns" : 176406,
        "us" : 176.406,
        "ms" : 0.176406,
        "s" : 1.76406E-4
      }
    },
    "StatusAnalyzer.handleFeedback<Analyzer>" : {
      "count" : 9,
      "average" : {
        "ns" : 20800.777777777777,
        "us" : 20.80077777777778,
        "ms" : 0.020800777777777776,
        "s" : 2.0800777777777778E-5
      },
      "min" : {
        "ns" : 4901,
        "us" : 4.901,
        "ms" : 0.004901,
        "s" : 4.901E-6
      },
      "max" : {
        "ns" : 135706,
        "us" : 135.706,
        "ms" : 0.135706,
        "s" : 1.35706E-4
      }
    },
    "BehaviorAnalyzer.handleFeedback<Analyzer>" : {
      "count" : 9,
      "average" : {
        "ns" : 571066.7777777778,
        "us" : 571.0667777777777,
        "ms" : 0.5710667777777777,
        "s" : 5.710667777777778E-4
      },
      "min" : {
        "ns" : 344014,
        "us" : 344.014,