{
  "stats" : {
    "nextFaultload" : {
      "count" : 10,
      "average" : {
        "ns" : 3701377.0,
        "us" : 3701.377,
        "ms" : 3.701377,
        "s" : 0.003701377
      },
      "min" : {
        "ns" : 1935218,
        "us" : 1935.218,
        "ms" : 1.935218,
        "s" : 0.001935218
      },
      "max" : {
        "ns" : 10991474,
        "us" : 10991.474,
        "ms" : 10.991474,
        "s" : 0.010991474
      }
    },
    "Per test" : {
      "count" : 9,
      "average" : {
        "ns" : 5.339203055555555E7,
        "us" : 53392.03055555555,
        "ms" : 53.39203055555555,
        "s" : 0.05339203055555555
      },
      "min" : {
        "ns" : 25771181,
        "us" : 25771.181,
        "ms" : 25.771181,
        "s" : 0.025771181
      },
      "max" : {
        "ns" : 238328219,
        "us" : 238328.219,
        "ms" : 238.328219,
        "s" : 0.238328219
      }
    },
    "registerFaultload" : {
      "count" : 9,
      "average" : {
        "ns" : 1.9089282111111112E7,
        "us" : 19089.28211111111,
        "ms" : 19.08928211111111,
        "s" : 0.019089282111111112
      },
      "min" : {
        "ns" : 3665925,
        "us" : 3665.925,
        "ms" : 3.665925,
        "s" : 0.003665925
      },
      "max" : {
        "ns" : 122041886,
        "us" : 122041.886,
        "ms" : 122.041886,
        "s" : 0.122041886
      }
    },
    "testMethod" : {
      "count" : 9,
      "average" : {
        "ns" : 2.6228131222222224E7,
        "us" : 26228.131222222222,
        "ms" : 26.228131222222224,
        "s" : 0.026228131222222225
      },
      "min" : {
        "ns" : 15873174,
        "us" : 15873.174,
        "ms" : 15.873174,
        "s" : 0.015873174
      },
      "max" : {
        "ns" : 95823078,
        "us" : 95823.078,
        "ms" : 95.823078,
        "s" : 0.095823078
      }
    },
    "getTraceWithDelay" : {
      "count" : 9,
      "average" : {
        "ns" : 2.4599764666666668E7,
        "us" : 24599.76466666667,
        "ms" : 24.59976466666667,
        "s" : 0.02459976466666667
      },
      "min" : {
        "ns" : 13239812,
        "us" : 13239.812,
        "ms" : 13.239812,
        "s" : 0.013239812
      },
      "max" : {
        "ns" : 96492919,
        "us" : 96492.919,
        "ms" : 96.492919,
        "s" : 0.096492919
      }
    },
    "getTrace" : {
      "count" : 9,
      "average" : {
        "ns" : 1.6283676888888888E7,
        "us" : 16283.676888888887,
        "ms" : 16.283676888888888,
        "s" : 0.016283676888888887
      },
      "min" : {
        "ns" : 7756276,
        "us" : 7756.276,
        "ms" : 7.756276,
        "s" : 0.007756276
      },
      "max" : {
        "ns" : 75243916,
        "us" : 75243.916,
        "ms" : 75.243916,
        "s" : 0.075243916
      }
    },
    "handleResult" : {
      "count" : 9,
      "average" : {
        "ns" : 4121541.5555555555,
        "us" : 4121.5415555555555,
        "ms" : 4.121541555555556,
        "s" : 0.004121541555555556
      },
      "min" : {
        "ns" : 1584897,
        "us" : 1584.897,
        "ms" : 1.584897,
        "s" : 0.001584897
      },
      "max" : {
        "ns" : 16123489,
        "us" : 16123.489,
        "ms" : 16.123489,
        "s" : 0.016123489
      }
    },
    "StrategyRunner.analyze" : {
      "count" : 9,
      "average" : {
        "ns" : 4089784.222222222,
        "us" : 4089.784222222222,
        "ms" : 4.089784222222222,
        "s" : 0.004089784222222222
      },
      "min" : {
        "ns" : 1577497,
        "us" : 1577.497,
        "ms" : 1.577497,
        "s" : 0.001577497
      },
      "max" : {
        "ns" : 15929977,
        "us" : 15929.977,
        "ms" : 15.929977,
        "s" : 0.015929977
      }
    },
    "DynamicExplorationGenerator.handleFeedback<Analyzer>" : {
      "count" : 9,
      "average" : {
        "ns" : 1005317.2222222222,
        "us" : 1005.3172222222222,
        "ms" : 1.0053172222222222,
        "s" : 0.0010053172222222223
      },
      "min" : {
        "ns" : 107807,
        "us" : 107.807,
        "ms" : 0.107807,
        "s" : 1.07807E-4
      },
      "max" : {
        "ns" : 6925524,
        "us" : 6925.524,
        "ms" : 6.925524,
        "s" : 0.006925524
      }
    },
    "HappyPathDetector.handleFeedback<Analyzer>" : {
      "count" : 9,
      "average" : {
        "ns" : 39102.555555555555,
        "us" : 39.102555555555554,
        "ms" : 0.03910255555555556,
        "s" : 3.910255555555555E-5
      },
      "min" : {
        "ns" : 3400,
        "us" : 3.4,
        "ms" : 0.0034,
        "s" : 3.4E-6
      },
      "max" : {
        "ns" : 320820,
        "us" : 320.82,
        "ms" : 0.32082,
        "s" : 3.2082E-4
      }
    },
    "ParentChildDetector.handleFeedback<Analyzer>" : {
      "count" : 9,
      "average" : {
        "ns" : 365022.44444444444,
        "us" : 365.02244444444443,
        "ms" : 0.3650224444444444,
        "s" : 3.650224444444444E-4
      },
      "min" : {
        "ns" : 42803,
        "us" : 42.803,
        "ms" : 0.042803,
        "s" : 4.2803E-5
      },
      "max" : {
        "ns" : 2609660,
        "us" : 2609.66,
        "ms" : 2.60966,
        "s" : 0.00260966
      }
    },
    "HappensBeforeNeighbourDetector.handleFeedback<Analyzer>" : {
      "count" : 9,
      "average" : {
        "ns" : 772758.6666666666,
        "us" : 772.7586666666666,
        "ms" : 0.7727586666666666,
        "s" : 7.727586666666667E-4
      },
      "min" : {
        "ns" : 13801,
        "us" : 13.801,
        "ms" : 0.013801,
        "s" : 1.3801E-5
      },
      "max" : {
        "ns" : 2247338,
        "us" : 2247.338,
        "ms" : 2.247338,
        "s" : 0.002247338
      }
    },
    "ErrorPropagationDetector.handleFeedback<Analyzer>" : {
      "count" : 9,
      "average" : {
        "ns" : 229780.77777777778,
        "us" : 229.78077777777779,
        "ms" : 0.22978077777777778,
        "s" : 2.2978077777777777E-4
      },
      "min" : {
        "ns" : 12501,
        "us" : 12.501,
        "ms" : 0.012501,
        "s" : 1.2501E-5
      },
      "max" : {
        "ns" : 484330,
        "us" : 484.33,
        "ms" : 0.48433,
        "s" : 4.8433E-4
      }
    },
    "ConditionalPointDetector.handleFeedback<Analyzer>" : {
      "count" : 9,
      "average" : {
        "ns" : 1015984.5555555555,
        "us" : 1015.9845555555555,
        "ms" : 1.0159845555555556,
        "s" : 0.0010159845555555555
      },
      "min" : {
        "ns" : 232314,
        "us" : 232.314,
        "ms" : 0.232314,
        "s" : 2.32314E-4
      },
      "max" : {
        "ns" : 4542879,
        "us" : 4542.879,
        "ms" : 4.542879,
        "s" : 0.004542879
      }
    },
    "RedundancyAnalyzer.handleFeedback<Analyzer>" : {
      "count" : 9,
      "average" : {
        "ns" : 68026.33333333333,
        "us" : 68.02633333333333,
        "ms" : 0.06802633333333333,
        "s" : 6.802633333333332E-5
      },
      "min" : {
        "ns" : 24601,
        "us" : 24.601,
        "ms" : 0.024601,
        "s" : 2.4601E-5
      },
      "max" : {
        "ns" : 303418,
        "us" : 303.418,
        "ms" : 0.303418,
        "s" : 3.03418E-4
      }
    },
    "StatusAnalyzer.handleFeedback<Analyzer>" : {
      "count" : 9,
      "average" : {
        "ns" : 27434.88888888889,
        "us" : 27.434888888888892,
        "ms" : 0.02743488888888889,
        "s" : 2.743488888888889E-5
      },
      "min" : {
        "ns" : 5301,
        "us" : 5.301,
        "ms" : 0.005301,
        "s" : 5.301E-6
      },
      "max" : {
        "ns" : 200212,
        "us" : 200.212,
        "ms" : 0.200212,
        "s" : 2.00212E-4
      }
    },
    "BehaviorAnalyzer.handleFeedback<Analyzer>" : {
      "count" : 9,
      "average" : {
        "ns" : 312341.44444444444,
        "us" : 312.34144444444445,
        "ms" : 0.31234144444444445,
        "s" : 3.1234144444444446E-4
      },
      "min" : {
        "ns" : 103506,