{
  "responses" : [ {
    "behaviour" : "Behaviour[uid=controller:POST /v1/faultload/register(65a92e54)#0, mode=null]",
    "min_ms" : 46.748291015625,
    "average_ms" : 46.748291015625,
    "max_ms" : 46.748291015625,
    "count" : 1,
    "values" : [ 46.74829 ]
  }, {
    "behaviour" : "Behaviour[uid=controller:POST /v1/faultload/register(65a92e54)#0, mode=HTTP_ERROR(500)]",
    "min_ms" : 4.469486236572266,
    "average_ms" : 5.952127887356665,
    "max_ms" : 10.37147045135498,
    "count" : 124,
    "values" : [ 10.106043, 8.158319, 7.964483, 6.278986, 10.146917, 8.84142, 6.78903, 6.276732, 6.697008, 7.245741, 6.857903, 5.574908, 5.988678, 6.75607, 6.635105, 6.738959, 5.779352, 5.207376, 6.644117, 5.414251, 6.275466, 5.059114, 5.562915, 5.127764, 5.664499, 5.501014, 6.117651, 6.363068, 5.634979, 5.728641, 5.646188, 5.579989, 5.615298, 5.31598, 5.095224, 5.471753, 5.373671, 5.054672, 5.275948, 6.014657, 5.382281, 6.046898, 5.093931, 8.237881, 5.915696, 6.330247, 5.553386, 5.537496, 6.40893, 5.169774, 6.08934, 5.169446, 5.461653, 5.566714, 5.472214, 5.208726, 5.674119, 5.351528, 6.05659, 4.718992, 7.766924, 4.946089, 5.127133, 4.952557, 4.782964, 4.469486, 5.232027, 5.129765, 5.030461, 4.99058, 4.950829, 5.567986, 6.585509, 5.921007, 4.937788, 5.913376, 5.392731, 6.695588, 5.279529, 5.193018, 5.485028, 5.296704, 5.153694, 5.747701, 5.759471, 10.37147, 7.524751, 6.876233, 7.142071, 5.757151, 5.961067, 5.71532, 5.931506, 5.458042, 9.183361, 8.034575, 5.588717, 5.425412, 5.329804, 5.69074, 5.184815, 6.329158, 6.584215, 5.631068, 5.474024, 6.233074, 6.081351, 5.818753, 6.463831, 6.226654, 5.849893, 5.31977, 5.244317, 5.358008, 5.318989, 5.453053, 5.236316, 5.343232, 5.088752, 5.375485, 6.276056, 5.243267, 5.455424, 5.150455 ]
  }, {
    "behaviour" : "Behaviour[uid=controller:POST /v1/faultload/register(65a92e54)#0>proxy3:POST /v1/faultload/register(65a92e54)#0, mode=null]",
    "min_ms" : 0.9865229725837708,
    "average_ms" : 2.649853537082672,
    "max_ms" : 31.921974182128906,
    "count" : 25,
    "values" : [ 31.921974, 1.374089, 1.709919, 1.43409, 1.175723, 1.721388, 3.341793, 0.986523, 1.39995, 1.595285, 1.76119, 1.256746, 1.081631, 1.281666, 1.018268, 1.4278, 1.45315, 1.004288, 1.34078, 1.138734, 1.127991, 1.305606, 1.705417, 1.03564, 1.646697 ]
  }, {
    "behaviour" : "Behaviour[uid=controller:POST /v1/faultload/register(65a92e54)#0>proxy1:POST /v1/faultload/register(65a92e54)#0, mode=null]",
    "min_ms" : 0.870714008808136,
    "average_ms" : 2.576935291290283,
    "max_ms" : 32.61060333251953,
    "count" : 25,
    "values" : [ 32.610603, 4.237938, 1.546541, 1.245605, 1.32119, 1.276796, 1.322792, 0.870714, 1.03509, 1.235575, 1.185304, 0.991039, 1.158773, 1.499832, 1.148033, 1.08787, 1.245897, 1.408829, 1.177093, 1.222251, 1.117241, 1.153933, 1.304966, 1.005948, 1.013529 ]
  }, {
    "behaviour" : "Behaviour[uid=controller:POST /v1/faultload/register(65a92e54)#0>proxy2:POST /v1/faultload/register(65a92e54)#0, mode=null]",
    "min_ms" : 0.9306650161743164,
    "average_ms" : 2.515797185897827,
    "max_ms" : 32.881370544433594,
    "count" : 25,
    "values" : [ 32.88137, 1.689088, 1.031249, 1.257635, 1.391518, 1.154003, 1.918747, 1.198734, 1.188894, 0.930665, 1.095771, 1.186303, 1.062791, 1.325664, 1.045699, 1.227657, 1.266376, 1.339047, 1.386449, 1.156513, 1.341887, 1.08725, 1.214614, 1.127956, 1.389049 ]
  } ],
  "overhead" : [ {
    "behaviour" : "Behaviour[uid=controller:POST /v1/faultload/register(65a92e54)#0, mode=null]",
    "min_ms" : 2.532294988632202,
    "average_ms" : 2.532294988632202,
    "max_ms" : 2.532294988632202,
    "count" : 1,
    "values" : [ 2.532295 ]
  }, {
    "behaviour" : "Behaviour[uid=controller:POST /v1/faultload/register(65a92e54)#0, mode=HTTP_ERROR(500)]",
    "min_ms" : 0.9833570122718811,
    "average_ms" : 1.8938888941080338,
    "max_ms" : 35.56961441040039,
    "count" : 124,
    "values" : [ 1.666616, 1.629686, 1.580702, 1.295781, 1.733749, 1.745889, 1.684788, 1.285193, 1.260795, 1.7049, 1.610814, 1.392028, 1.716439, 1.80225, 1.629236, 1.404859, 1.325417, 1.181803, 1.173553, 1.306547, 1.214515, 1.448711, 1.317295, 1.253116, 1.180751, 1.107631, 1.207644, 1.450131, 1.329496, 1.334068, 1.250965, 1.254215, 0.998922, 1.280996, 1.175813, 1.199222, 1.623636, 1.263606, 1.318867, 1.339857, 1.413727, 1.268125, 1.352621, 1.943484, 1.396218, 1.274646, 1.506823, 1.257383, 1.179043, 1.113821, 1.139222, 1.247014, 1.280827, 33.732197, 1.07911, 1.194573, 1.191931, 1.132124, 1.265298, 0.994663, 1.528403, 1.192093, 1.080311, 1.064962, 1.275176, 1.167092, 1.133081, 1.09092, 0.983357, 1.274236, 1.01591, 1.268475, 1.442096, 1.54158, 1.176493, 1.290256, 1.222433, 1.160603, 1.124401, 1.373858, 1.245241, 1.165523, 1.175233, 1.403949, 1.249345, 2.171332, 1.998246, 1.438701, 1.41811, 1.430104, 1.446441, 1.443931, 1.310147, 1.320577, 1.243609, 1.382949, 1.940195, 1.39829, 1.364579, 1.257795, 1.875012, 1.717707, 1.416997, 1.277925, 1.201195, 1.259517, 1.320536, 1.27404, 1.889584, 1.945044, 1.245285, 1.318568, 1.473832, 1.415019, 1.499211, 1.294556, 1.181363, 35.569614, 1.275276, 1.088466, 1.304956, 1.4344, 1.43338, 1.277355 ]
  }, {
    "behaviour" : "Behaviour[uid=controller:POST /v1/faultload/register(65a92e54)#0>proxy3:POST /v1/faultload/register(65a92e54)#0, mode=null]",
    "min_ms" : 0.9669479727745056,
    "average_ms" : 1.5156237936019898,
    "max_ms" : 3.384005069732666,
    "count" : 25,
    "values" : [ 3.019365, 3.384005, 1.130742, 1.180574, 1.018386, 1.691097, 1.638971, 1.493052, 1.436929, 1.170512, 1.624875, 1.799071, 2.584322, 1.388609, 1.066971, 1.259345, 1.328267, 1.732839, 1.031119, 1.028809, 0.966948, 0.982678, 1.123012, 1.164372, 1.645725 ]
  }, {
    "behaviour" : "Behaviour[uid=controller:POST /v1/faultload/register(65a92e54)#0>proxy2:POST /v1/faultload/register(65a92e54)#0, mode=null]",
    "min_ms" : 0.9196850061416626,
    "average_ms" : 1.4478662919998169,
    "max_ms" : 2.994554042816162,
    "count" : 25,
    "values" : [ 2.302215, 1.850451, 2.538132, 2.994554, 1.333088, 1.271985, 1.493821, 1.315966, 0.987587, 1.642866, 0.919685, 1.77451, 1.309786, 1.525916, 1.018308, 1.144832, 1.254834, 1.288125, 1.187664, 1.333828, 1.07742, 1.047887, 0.963448, 0.999183, 1.620566 ]
  }, {
    "behaviour" : "Behaviour[uid=controller:POST /v1/faultload/register(65a92e54)#0>proxy2:POST /v1/faultload/register(65a92e54)#0, mode=HTTP_ERROR(500)]",
    "min_ms" : 0.8031619787216187,
    "average_ms" : 1.416487283706665,
    "max_ms" : 4.540860176086426,
    "count" : 25,
    "values" : [ 1.322208, 1.315766, 1.327297, 1.202987, 4.54086, 1.273976, 1.169242, 1.153286, 0.803162, 1.386138, 1.364648, 1.031996, 1.232856, 1.285876, 1.498112, 1.605754, 1.240851, 1.923802, 1.145332, 1.696118, 1.305611, 1.22349, 1.04307, 1.107291, 1.212453 ]
  }, {
    "behaviour" : "Behaviour[uid=controller:POST /v1/faultload/register(65a92e54)#0>proxy1:POST /v1/faultload/register(65a92e54)#0, mode=null]",
    "min_ms" : 1.0649709701538086,
    "average_ms" : 1.3930662059783936,
    "max_ms" : 2.7049560546875,
    "count" : 25,
    "values" : [ 2.704956, 1.723299, 1.603337, 1.377889, 1.361828, 1.345687, 1.41521, 2.086959, 1.156833, 1.358848, 1.06743, 1.386079, 1.257325, 1.41867, 1.150552, 1.612886, 1.111021, 1.105521, 1.335667, 1.203919, 1.147823, 1.098968, 1.064971, 1.627286, 1.103691 ]
  }, {
    "behaviour" : "Behaviour[uid=controller:POST /v1/faultload/register(65a92e54)#0>proxy1:POST /v1/faultload/register(65a92e54)#0, mode=HTTP_ERROR(502)]",
    "min_ms" : 0.9405159950256348,
    "average_ms" : 1.35852144241333,
    "max_ms" : 2.390777111053467,
    "count" : 25,