{
  "stats" : {
    "nextFaultload" : {
      "count" : 10,
      "average" : {
        "ns" : 4184597.4,
        "us" : 4184.5974,
        "ms" : 4.1845973999999995,
        "s" : 0.0041845974
      },
      "min" : {
        "ns" : 2212521,
        "us" : 2212.521,
        "ms" : 2.212521,
        "s" : 0.002212521
      },
      "max" : {
        "ns" : 10682080,
        "us" : 10682.08,
        "ms" : 10.68208,
        "s" : 0.01068208
      }
    },
    "Per test" : {
      "count" : 9,
      "average" : {
        "ns" : 5.3521987222222224E7,
        "us" : 53521.987222222226,
        "ms" : 53.52198722222222,
        "s" : 0.05352198722222223
      },
      "min" : {
        "ns" : 25780301,
        "us" : 25780.301,
        "ms" : 25.780301,
        "s" : 0.025780301
      },
      "max" : {
        "ns" : 239907341,
        "us" : 239907.341,
        "ms" : 239.907341,
        "s" : 0.239907341
      }
    },
    "registerFaultload" : {
      "count" : 9,
      "average" : {
        "ns" : 1.8669303777777776E7,
        "us" : 18669.303777777775,
        "ms" : 18.669303777777777,
        "s" : 0.018669303777777774
      },
      "min" : {
        "ns" : 3552993,
        "us" : 3552.993,
        "ms" : 3.552993,
        "s" : 0.003552993
      },
      "max" : {
        "ns" : 119647404,
        "us" : 119647.404,
        "ms" : 119.647404,
        "s" : 0.119647404
      }
    },
    "testMethod" : {
      "count" : 9,
      "average" : {
        "ns" : 2.6752943333333332E7,
        "us" : 26752.943333333333,
        "ms" : 26.75294333333333,
        "s" : 0.02675294333333333
      },
      "min" : {
        "ns" : 16198581,
        "us" : 16198.581,
        "ms" : 16.198581,
        "s" : 0.016198581
      },
      "max" : {
        "ns" : 99801726,
        "us" : 99801.726,
        "ms" : 99.801726,
        "s" : 0.099801726
      }
    },
    "getTraceWithDelay" : {
      "count" : 9,
      "average" : {
        "ns" : 2.4708887777777776E7,
        "us" : 24708.887777777774,
        "ms" : 24.708887777777775,
        "s" : 0.024708887777777775
      },
      "min" : {
        "ns" : 13499534,
        "us" : 13499.534,
        "ms" : 13.499534,
        "s" : 0.013499534
      },
      "max" : {
        "ns" : 98000628,
        "us" : 98000.628,
        "ms" : 98.000628,
        "s" : 0.098000628
      }
    },
    "getTrace" : {
      "count" : 9,
      "average" : {
        "ns" : 1.6351011222222222E7,
        "us" : 16351.011222222221,
        "ms" : 16.351011222222223,
        "s" : 0.016351011222222222
      },
      "min" : {
        "ns" : 7667917,
        "us" : 7667.917,
        "ms" : 7.667917,
        "s" : 0.007667917
      },
      "max" : {
        "ns" : 76803876,
        "us" : 76803.876,
        "ms" : 76.803876,
        "s" : 0.076803876
      }
    },
    "handleResult" : {
      "count" : 9,
      "average" : {
        "ns" : 4037075.0,
        "us" : 4037.075,
        "ms" : 4.037075,
        "s" : 0.004037075
      },
      "min" : {
        "ns" : 1603487,
        "us" : 1603.487,
        "ms" : 1.603487,
        "s" : 0.001603487
      },
      "max" : {
        "ns" : 15523744,
        "us" : 15523.744,
        "ms" : 15.523744,
        "s" : 0.015523744
      }
    },
    "StrategyRunner.analyze" : {
      "count" : 9,
      "average" : {
        "ns" : 4001751.111111111,
        "us" : 4001.751111111111,
        "ms" : 4.001751111111111,
        "s" : 0.004001751111111111
      },
      "min" : {
        "ns" : 1595587,
        "us" : 1595.587,
        "ms" : 1.595587,
        "s" : 0.001595587
      },
      "max" : {
        "ns" : 15326433,
        "us" : 15326.433,
        "ms" : 15.326433,
        "s" : 0.015326433
      }
    },
    "DynamicExplorationGenerator.handleFeedback<Analyzer>" : {
      "count" : 9,
      "average" : {
        "ns" : 1005621.2222222222,
        "us" : 1005.6212222222223,
        "ms" : 1.0056212222222223,
        "s" : 0.0010056212222222223
      },
      "min" : {
        "ns" : 94205,
        "us" : 94.205,
        "ms" : 0.094205,
        "s" : 9.4205E-5
      },
      "max" : {
        "ns" : 6924976,
        "us" : 6924.976,
        "ms" : 6.924976,
        "s" : 0.006924976
      }
    },
    "HappyPathDetector.handleFeedback<Analyzer>" : {
      "count" : 9,
      "average" : {
        "ns" : 40613.333333333336,
        "us" : 40.61333333333334,
        "ms" : 0.040613333333333335,
        "s" : 4.061333333333333E-5
      },
      "min" : {
        "ns" : 3401,
        "us" : 3.401,
        "ms" : 0.003401,
        "s" : 3.401E-6
      },
      "max" : {
        "ns" : 333918,
        "us" : 333.918,
        "ms" : 0.333918,
        "s" : 3.33918E-4
      }
    },
    "ParentChildDetector.handleFeedback<Analyzer>" : {
      "count" : 9,
      "average" : {
        "ns" : 332240.1111111111,
        "us" : 332.2401111111111,
        "ms" : 0.3322401111111111,
        "s" : 3.322401111111111E-4
      },
      "min" : {
        "ns" : 47702,
        "us" : 47.702,
        "ms" : 0.047702,
        "s" : 4.7702E-5
      },
      "max" : {
        "ns" : 2370228,
        "us" : 2370.228,
        "ms" : 2.370228,
        "s" : 0.002370228
      }
    },
    "HappensBeforeNeighbourDetector.handleFeedback<Analyzer>" : {
      "count" : 9,
      "average" : {
        "ns" : 784287.1111111111,
        "us" : 784.2871111111111,
        "ms" : 0.7842871111111112,
        "s" : 7.842871111111111E-4
      },
      "min" : {
        "ns" : 14800,
        "us" : 14.8,
        "ms" : 0.0148,
        "s" : 1.48E-5
      },
      "max" : {
        "ns" : 2078513,
        "us" : 2078.513,
        "ms" : 2.078513,
        "s" : 0.002078513
      }
    },
    "ErrorPropagationDetector.handleFeedback<Analyzer>" : {
      "count" : 9,
      "average" : {
        "ns" : 207433.44444444444,
        "us" : 207.43344444444443,
        "ms" : 0.20743344444444445,
        "s" : 2.0743344444444444E-4
      },
      "min" : {
        "ns" : 12300,
        "us" : 12.3,
        "ms" : 0.0123,
        "s" : 1.23E-5
      },
      "max" : {
        "ns" : 504927,
        "us" : 504.927,
        "ms" : 0.504927,
        "s" : 5.04927E-4
      }
    },
    "ConditionalPointDetector.handleFeedback<Analyzer>" : {
      "count" : 9,
      "average" : {
        "ns" : 996976.4444444445,
        "us" : 996.9764444444445,
        "ms" : 0.9969764444444444,
        "s" : 9.969764444444445E-4
      },
      "min" : {
        "ns" : 229912,
        "us" : 229.912,
        "ms" : 0.229912,
        "s" : 2.29912E-4
      },
      "max" : {
        "ns" : 4198629,
        "us" : 4198.629,
        "ms" : 4.198629,
        "s" : 0.004198629
      }
    },
    "RedundancyAnalyzer.handleFeedback<Analyzer>" : {
      "count" : 9,
      "average" : {
        "ns" : 64025.444444444445,
        "us" : 64.02544444444445,
        "ms" : 0.06402544444444444,
        "s" : 6.402544444444445E-5
      },
      "min" : {
        "ns" : 18301,
        "us" : 18.301,
        "ms" : 0.018301,
        "s" : 1.8301E-5
      },
      "max" : {
        "ns" : 293416,
        "us" : 293.416,
        "ms" : 0.293416,
        "s" : 2.93416E-4
      }
    },
    "StatusAnalyzer.handleFeedback<Analyzer>" : {
      "count" : 9,
      "average" : {
        "ns" : 28123.88888888889,
        "us" : 28.123888888888892,
        "ms" : 0.02812388888888889,
        "s" : 2.812388888888889E-5
      },
      "min" : {
        "ns" : 4600,
        "us" : 4.6,
        "ms" : 0.0046,
        "s" : 4.6E-6
      },
      "max" : {
        "ns" : 205512,
        "us" : 205.512,
        "ms" : 0.205512,
        "s" : 2.05512E-4
      }
    },
    "BehaviorAnalyzer.handleFeedback<Analyzer>" : {
      "count" : 9,
      "average" : {
        "ns" : 287937.8888888889,
        "us" : 287.9378888888889,
        "ms" : 0.2879378888888889,
        "s" : 2.8793788888888886E-4
      },
      "min" : {
        "ns" : 97405,
        "us" : 97.405,
        "ms" : 0.097405,