{
  "stats" : {
    "nextFaultload" : {
      "count" : 22,
      "average" : {
        "ns" : 2478910.8636363638,
        "us" : 2478.910863636364,
        "ms" : 2.4789108636363637,
        "s" : 0.0024789108636363638
      },
      "min" : {
        "ns" : 307412,
        "us" : 307.412,
        "ms" : 0.307412,
        "s" : 3.07412E-4
      },
      "max" : {
        "ns" : 4567379,
        "us" : 4567.379,
        "ms" : 4.567379,
        "s" : 0.004567379
      }
    },
    "Per test" : {
      "count" : 21,
      "average" : {
        "ns" : 3.9702914333333336E7,
        "us" : 39702.914333333334,
        "ms" : 39.70291433333333,
        "s" : 0.03970291433333334
      },
      "min" : {
        "ns" : 24873375,
        "us" : 24873.375,
        "ms" : 24.873375,
        "s" : 0.024873375
      },
      "max" : {
        "ns" : 230404037,
        "us" : 230404.037,
        "ms" : 230.404037,
        "s" : 0.230404037
      }
    },
    "registerFaultload" : {
      "count" : 21,
      "average" : {
        "ns" : 8913687.761904761,
        "us" : 8913.687761904761,
        "ms" : 8.913687761904761,
        "s" : 0.008913687761904762
      },
      "min" : {
        "ns" : 2669605,
        "us" : 2669.605,
        "ms" : 2.669605,
        "s" : 0.002669605
      },
      "max" : {
        "ns" : 109166782,
        "us" : 109166.782,
        "ms" : 109.166782,
        "s" : 0.109166782
      }
    },
    "testMethod" : {
      "count" : 21,
      "average" : {
        "ns" : 1.347561438095238E7,
        "us" : 13475.61438095238,
        "ms" : 13.475614380952381,
        "s" : 0.013475614380952381
      },
      "min" : {
        "ns" : 11494351,
        "us" : 11494.351,
        "ms" : 11.494351,
        "s" : 0.011494351
      },
      "max" : {
        "ns" : 19911581,
        "us" : 19911.581,
        "ms" : 19.911581,
        "s" : 0.019911581
      }
    },
    "getTraceWithDelay" : {
      "count" : 21,
      "average" : {
        "ns" : 1.7085646333333332E7,
        "us" : 17085.64633333333,
        "ms" : 17.085646333333333,
        "s" : 0.017085646333333333
      },
      "min" : {
        "ns" : 9989191,
        "us" : 9989.191,
        "ms" : 9.989191,
        "s" : 0.009989191
      },
      "max" : {
        "ns" : 100982461,
        "us" : 100982.461,
        "ms" : 100.982461,
        "s" : 0.100982461
      }
    },
    "getTrace" : {
      "count" : 21,
      "average" : {
        "ns" : 1.0222681904761905E7,
        "us" : 10222.681904761905,
        "ms" : 10.222681904761904,
        "s" : 0.010222681904761905
      },
      "min" : {
        "ns" : 5367010,
        "us" : 5367.01,
        "ms" : 5.36701,
        "s" : 0.00536701
      },
      "max" : {
        "ns" : 72466942,
        "us" : 72466.942,
        "ms" : 72.466942,
        "s" : 0.072466942
      }
    },
    "handleResult" : {
      "count" : 21,
      "average" : {
        "ns" : 3595117.285714286,
        "us" : 3595.117285714286,
        "ms" : 3.595117285714286,
        "s" : 0.003595117285714286
      },
      "min" : {
        "ns" : 1692266,
        "us" : 1692.266,
        "ms" : 1.692266,
        "s" : 0.001692266
      },
      "max" : {
        "ns" : 19712773,
        "us" : 19712.773,
        "ms" : 19.712773,
        "s" : 0.019712773
      }
    },
    "StrategyRunner.analyze" : {
      "count" : 21,
      "average" : {
        "ns" : 3489989.238095238,
        "us" : 3489.989238095238,
        "ms" : 3.4899892380952378,
        "s" : 0.0034899892380952377
      },
      "min" : {
        "ns" : 1608863,
        "us" : 1608.863,
        "ms" : 1.608863,
        "s" : 0.001608863
      },
      "max" : {
        "ns" : 19362360,
        "us" : 19362.36,
        "ms" : 19.36236,
        "s" : 0.01936236
      }
    },
    "DynamicExplorationGenerator.handleFeedback<Analyzer>" : {
      "count" : 21,
      "average" : {
        "ns" : 502938.71428571426,
        "us" : 502.93871428571424,
        "ms" : 0.5029387142857142,
        "s" : 5.029387142857142E-4
      },
      "min" : {
        "ns" : 65203,
        "us" : 65.203,
        "ms" : 0.065203,
        "s" : 6.5203E-5
      },
      "max" : {
        "ns" : 5574218,
        "us" : 5574.218,
        "ms" : 5.574218,
        "s" : 0.005574218
      }
    },
    "HappyPathDetector.handleFeedback<Analyzer>" : {
      "count" : 21,
      "average" : {
        "ns" : 26467.666666666668,
        "us" : 26.467666666666666,
        "ms" : 0.026467666666666667,
        "s" : 2.6467666666666667E-5
      },
      "min" : {
        "ns" : 2300,
        "us" : 2.3,
        "ms" : 0.0023,
        "s" : 2.3E-6
      },
      "max" : {
        "ns" : 487719,
        "us" : 487.719,
        "ms" : 0.487719,
        "s" : 4.87719E-4
      }
    },
    "ParentChildDetector.handleFeedback<Analyzer>" : {
      "count" : 21,
      "average" : {
        "ns" : 427273.90476190473,
        "us" : 427.27390476190476,
        "ms" : 0.42727390476190474,
        "s" : 4.2727390476190476E-4
      },
      "min" : {
        "ns" : 33702,
        "us" : 33.702,
        "ms" : 0.033702,
        "s" : 3.3702E-5
      },
      "max" : {
        "ns" : 7499194,
        "us" : 7499.194,
        "ms" : 7.499194,
        "s" : 0.007499194
      }
    },
    "HappensBeforeNeighbourDetector.handleFeedback<Analyzer>" : {
      "count" : 21,
      "average" : {
        "ns" : 412044.85714285716,
        "us" : 412.04485714285715,
        "ms" : 0.41204485714285716,
        "s" : 4.1204485714285715E-4
      },
      "min" : {
        "ns" : 15301,
        "us" : 15.301,
        "ms" : 0.015301,
        "s" : 1.5301E-5
      },
      "max" : {
        "ns" : 1086743,
        "us" : 1086.743,
        "ms" : 1.086743,
        "s" : 0.001086743
      }
    },
    "ErrorPropagationDetector.handleFeedback<Analyzer>" : {
      "count" : 21,
      "average" : {
        "ns" : 378119.5714285714,
        "us" : 378.1195714285714,
        "ms" : 0.37811957142857144,
        "s" : 3.781195714285714E-4
      },
      "min" : {
        "ns" : 4100,
        "us" : 4.1,
        "ms" : 0.0041,
        "s" : 4.1E-6
      },
      "max" : {
        "ns" : 1306051,
        "us" : 1306.051,
        "ms" : 1.306051,
        "s" : 0.001306051
      }
    },
    "ConditionalPointDetector.handleFeedback<Analyzer>" : {
      "count" : 21,
      "average" : {
        "ns" : 734262.1904761905,
        "us" : 734.2621904761905,
        "ms" : 0.7342621904761906,
        "s" : 7.342621904761906E-4
      },
      "min" : {
        "ns" : 139905,
        "us" : 139.905,
        "ms" : 0.139905,
        "s" : 1.39905E-4
      },
      "max" : {
        "ns" : 4347771,
        "us" : 4347.771,
        "ms" : 4.347771,
        "s" : 0.004347771
      }
    },
    "RedundancyAnalyzer.handleFeedback<Analyzer>" : {
      "count" : 21,
      "average" : {
        "ns" : 40635.04761904762,
        "us" : 40.63504761904762,
        "ms" : 0.04063504761904762,
        "s" : 4.063504761904762E-5
      },
      "min" : {
        "ns" : 16100,
        "us" : 16.1,
        "ms" : 0.0161,
        "s" : 1.61E-5
      },
      "max" : {
        "ns" : 189208,
        "us" : 189.208,
        "ms" : 0.189208,
        "s" : 1.89208E-4
      }
    },
    "StatusAnalyzer.handleFeedback<Analyzer>" : {
      "count" : 21,
      "average" : {
        "ns" : 17276.809523809523,
        "us" : 17.276809523809522,
        "ms" : 0.017276809523809524,
        "s" : 1.7276809523809523E-5
      },
      "min" : {
        "ns" : 3701,
        "us" : 3.701,
        "ms" : 0.003701,
        "s" : 3.701E-6
      },
      "max" : {
        "ns" : 132706,
        "us" : 132.706,
        "ms" : 0.132706,
        "s" : 1.32706E-4
      }
    },
    "BehaviorAnalyzer.handleFeedback<Analyzer>" : {
      "count" : 21,
      "average" : {
        "ns" : 453884.4761904762,
        "us" : 453.8844761904762,
        "ms" : 0.4538844761904762,
        "s" : 4.538844761904762E-4
      },