{
  "stats" : {
    "nextFaultload" : {
      "count" : 10,
      "average" : {
        "ns" : 3924383.3,
        "us" : 3924.3833,
        "ms" : 3.9243832999999997,
        "s" : 0.0039243833
      },
      "min" : {
        "ns" : 1965360,
        "us" : 1965.36,
        "ms" : 1.96536,
        "s" : 0.00196536
      },
      "max" : {
        "ns" : 11795557,
        "us" : 11795.557,
        "ms" : 11.795557,
        "s" : 0.011795557
      }
    },
    "Per test" : {
      "count" : 9,
      "average" : {
        "ns" : 6.1048872333333336E7,
        "us" : 61048.87233333333,
        "ms" : 61.048872333333335,
        "s" : 0.06104887233333334
      },
      "min" : {
        "ns" : 28553307,
        "us" : 28553.307,
        "ms" : 28.553307,
        "s" : 0.028553307
      },
      "max" : {
        "ns" : 248908223,
        "us" : 248908.223,
        "ms" : 248.908223,
        "s" : 0.248908223
      }
    },
    "registerFaultload" : {
      "count" : 9,
      "average" : {
        "ns" : 1.9069579777777776E7,
        "us" : 19069.579777777777,
        "ms" : 19.069579777777776,
        "s" : 0.019069579777777776
      },
      "min" : {
        "ns" : 2934150,
        "us" : 2934.15,
        "ms" : 2.93415,
        "s" : 0.00293415
      },
      "max" : {
        "ns" : 131603002,
        "us" : 131603.002,
        "ms" : 131.603002,
        "s" : 0.131603002
      }
    },
    "testMethod" : {
      "count" : 9,
      "average" : {
        "ns" : 1.5709006333333334E7,
        "us" : 15709.006333333335,
        "ms" : 15.709006333333335,
        "s" : 0.015709006333333334
      },
      "min" : {
        "ns" : 12578205,
        "us" : 12578.205,
        "ms" : 12.578205,
        "s" : 0.012578205
      },
      "max" : {
        "ns" : 23130801,
        "us" : 23130.801,
        "ms" : 23.130801,
        "s" : 0.023130801
      }
    },
    "getTraceWithDelay" : {
      "count" : 9,
      "average" : {
        "ns" : 2.6268178555555556E7,
        "us" : 26268.178555555554,
        "ms" : 26.268178555555554,
        "s" : 0.026268178555555556
      },
      "min" : {
        "ns" : 11693508,
        "us" : 11693.508,
        "ms" : 11.693508,
        "s" : 0.011693508
      },
      "max" : {
        "ns" : 94062539,
        "us" : 94062.539,
        "ms" : 94.062539,
        "s" : 0.094062539
      }
    },
    "getTrace" : {
      "count" : 9,
      "average" : {
        "ns" : 1.7056474111111112E7,
        "us" : 17056.47411111111,
        "ms" : 17.05647411111111,
        "s" : 0.017056474111111112
      },
      "min" : {
        "ns" : 6754416,
        "us" : 6754.416,
        "ms" : 6.754416,
        "s" : 0.006754416
      },
      "max" : {
        "ns" : 75746277,
        "us" : 75746.277,
        "ms" : 75.746277,
        "s" : 0.075746277
      }
    },
    "handleResult" : {
      "count" : 9,
      "average" : {
        "ns" : 6206902.222222222,
        "us" : 6206.902222222222,
        "ms" : 6.206902222222222,
        "s" : 0.006206902222222222
      },
      "min" : {
        "ns" : 1998480,
        "us" : 1998.48,
        "ms" : 1.99848,
        "s" : 0.00199848
      },
      "max" : {
        "ns" : 15871323,
        "us" : 15871.323,
        "ms" : 15.871323,
        "s" : 0.015871323
      }
    },
    "StrategyRunner.analyze" : {
      "count" : 9,
      "average" : {
        "ns" : 6157987.666666667,
        "us" : 6157.987666666667,
        "ms" : 6.157987666666667,
        "s" : 0.006157987666666667
      },
      "min" : {
        "ns" : 1946759,
        "us" : 1946.759,
        "ms" : 1.946759,
        "s" : 0.001946759
      },
      "max" : {
        "ns" : 15855283,
        "us" : 15855.283,
        "ms" : 15.855283,
        "s" : 0.015855283
      }
    },
    "DynamicExplorationGenerator.handleFeedback<Analyzer>" : {
      "count" : 9,
      "average" : {
        "ns" : 1088411.0,
        "us" : 1088.411,
        "ms" : 1.088411,
        "s" : 0.001088411
      },
      "min" : {
        "ns" : 81982,
        "us" : 81.982,
        "ms" : 0.081982,
        "s" : 8.1982E-5
      },
      "max" : {
        "ns" : 5698846,
        "us" : 5698.846,
        "ms" : 5.698846,
        "s" : 0.005698846
      }
    },
    "HappyPathDetector.handleFeedback<Analyzer>" : {
      "count" : 9,
      "average" : {
        "ns" : 70459.22222222222,
        "us" : 70.45922222222222,
        "ms" : 0.07045922222222221,
        "s" : 7.045922222222222E-5
      },
      "min" : {
        "ns" : 2930,
        "us" : 2.93,
        "ms" : 0.00293,
        "s" : 2.93E-6
      },
      "max" : {
        "ns" : 602902,
        "us" : 602.902,
        "ms" : 0.602902,
        "s" : 6.02902E-4
      }
    },
    "ParentChildDetector.handleFeedback<Analyzer>" : {
      "count" : 9,
      "average" : {
        "ns" : 365858.55555555556,
        "us" : 365.85855555555554,
        "ms" : 0.3658585555555556,
        "s" : 3.6585855555555554E-4
      },
      "min" : {
        "ns" : 42741,
        "us" : 42.741,
        "ms" : 0.042741,
        "s" : 4.2741E-5
      },
      "max" : {
        "ns" : 2498310,
        "us" : 2498.31,
        "ms" : 2.49831,
        "s" : 0.00249831
      }
    },
    "HappensBeforeNeighbourDetector.handleFeedback<Analyzer>" : {
      "count" : 9,
      "average" : {
        "ns" : 575093.4444444445,
        "us" : 575.0934444444445,
        "ms" : 0.5750934444444445,
        "s" : 5.750934444444445E-4
      },
      "min" : {
        "ns" : 12291,
        "us" : 12.291,
        "ms" : 0.012291,
        "s" : 1.2291E-5
      },
      "max" : {
        "ns" : 1179744,
        "us" : 1179.744,
        "ms" : 1.179744,
        "s" : 0.001179744
      }
    },
    "ErrorPropagationDetector.handleFeedback<Analyzer>" : {
      "count" : 9,
      "average" : {
        "ns" : 140092.77777777778,
        "us" : 140.09277777777777,
        "ms" : 0.1400927777777778,
        "s" : 1.4009277777777778E-4
      },
      "min" : {
        "ns" : 4580,
        "us" : 4.58,
        "ms" : 0.00458,
        "s" : 4.58E-6
      },
      "max" : {
        "ns" : 741095,
        "us" : 741.095,
        "ms" : 0.741095,
        "s" : 7.41095E-4
      }
    },
    "ConditionalPointDetector.handleFeedback<Analyzer>" : {
      "count" : 9,
      "average" : {
        "ns" : 1581329.7777777778,
        "us" : 1581.3297777777777,
        "ms" : 1.5813297777777777,
        "s" : 0.0015813297777777778
      },
      "min" : {
        "ns" : 295856,
        "us" : 295.856,
        "ms" : 0.295856,
        "s" : 2.95856E-4
      },
      "max" : {
        "ns" : 4574252,
        "us" : 4574.252,
        "ms" : 4.574252,
        "s" : 0.004574252
      }
    },
    "RedundancyAnalyzer.handleFeedback<Analyzer>" : {
      "count" : 9,
      "average" : {
        "ns" : 44447.77777777778,
        "us" : 44.44777777777778,
        "ms" : 0.04444777777777778,
        "s" : 4.444777777777778E-5
      },
      "min" : {
        "ns" : 19330,
        "us" : 19.33,
        "ms" : 0.01933,
        "s" : 1.933E-5
      },
      "max" : {
        "ns" : 113983,
        "us" : 113.983,
        "ms" : 0.113983,
        "s" : 1.13983E-4
      }
    },
    "StatusAnalyzer.handleFeedback<Analyzer>" : {
      "count" : 9,
      "average" : {
        "ns" : 30637.333333333332,
        "us" : 30.63733333333333,
        "ms" : 0.030637333333333332,
        "s" : 3.063733333333333E-5
      },
      "min" : {
        "ns" : 4620,
        "us" : 4.62,
        "ms" : 0.00462,
        "s" : 4.62E-6
      },
      "max" : {
        "ns" : 225605,
        "us" : 225.605,
        "ms" : 0.225605,
        "s" : 2.25605E-4
      }
    },
    "BehaviorAnalyzer.handleFeedback<Analyzer>" : {
      "count" : 9,
      "average" : {
        "ns" : 274195.44444444444,
        "us" : 274.19544444444443,
        "ms" : 0.27419544444444444,
        "s" : 2.7419544444444444E-4
      },
      "min" : {
        "ns" : 104222,
        "us" : 104.222,
        "ms" : 0.104222,