{
  "stats" : {
    "nextFaultload" : {
      "count" : 10,
      "average" : {
        "ns" : 3758116.7,
        "us" : 3758.1167,
        "ms" : 3.7581167,
        "s" : 0.0037581167000000004
      },
      "min" : {
        "ns" : 1924497,
        "us" : 1924.497,
        "ms" : 1.924497,
        "s" : 0.001924497
      },
      "max" : {
        "ns" : 9968693,
        "us" : 9968.693,
        "ms" : 9.968693,
        "s" : 0.009968693
      }
    },
    "Per test" : {
      "count" : 9,
      "average" : {
        "ns" : 6.0978478E7,
        "us" : 60978.478,
        "ms" : 60.978478,
        "s" : 0.060978478
      },
      "min" : {
        "ns" : 30386327,
        "us" : 30386.327,
        "ms" : 30.386327,
        "s" : 0.030386327
      },
      "max" : {
        "ns" : 244313664,
        "us" : 244313.664,
        "ms" : 244.313664,
        "s" : 0.244313664
      }
    },
    "registerFaultload" : {
      "count" : 9,
      "average" : {
        "ns" : 1.8719925888888888E7,
        "us" : 18719.925888888887,
        "ms" : 18.719925888888888,
        "s" : 0.018719925888888888
      },
      "min" : {
        "ns" : 2890656,
        "us" : 2890.656,
        "ms" : 2.890656,
        "s" : 0.002890656
      },
      "max" : {
        "ns" : 127140838,
        "us" : 127140.838,
        "ms" : 127.140838,
        "s" : 0.127140838
      }
    },
    "testMethod" : {
      "count" : 9,
      "average" : {
        "ns" : 1.6044994111111112E7,
        "us" : 16044.994111111111,
        "ms" : 16.044994111111112,
        "s" : 0.016044994111111113
      },
      "min" : {
        "ns" : 12547653,
        "us" : 12547.653,
        "ms" : 12.547653,
        "s" : 0.012547653
      },
      "max" : {
        "ns" : 24582656,
        "us" : 24582.656,
        "ms" : 24.582656,
        "s" : 0.024582656
      }
    },
    "getTraceWithDelay" : {
      "count" : 9,
      "average" : {
        "ns" : 2.6218203777777776E7,
        "us" : 26218.203777777777,
        "ms" : 26.218203777777777,
        "s" : 0.026218203777777775
      },
      "min" : {
        "ns" : 13411240,
        "us" : 13411.24,
        "ms" : 13.41124,
        "s" : 0.01341124
      },
      "max" : {
        "ns" : 92505649,
        "us" : 92505.649,
        "ms" : 92.505649,
        "s" : 0.092505649
      }
    },
    "getTrace" : {
      "count" : 9,
      "average" : {
        "ns" : 1.6795737555555556E7,
        "us" : 16795.737555555555,
        "ms" : 16.795737555555554,
        "s" : 0.016795737555555555
      },
      "min" : {
        "ns" : 7738559,
        "us" : 7738.559,
        "ms" : 7.738559,
        "s" : 0.007738559
      },
      "max" : {
        "ns" : 75062472,
        "us" : 75062.472,
        "ms" : 75.062472,
        "s" : 0.075062472
      }
    },
    "handleResult" : {
      "count" : 9,
      "average" : {
        "ns" : 6244331.111111111,
        "us" : 6244.331111111111,
        "ms" : 6.244331111111111,
        "s" : 0.006244331111111111
      },
      "min" : {
        "ns" : 2227442,
        "us" : 2227.442,
        "ms" : 2.227442,
        "s" : 0.002227442
      },
      "max" : {
        "ns" : 16293456,
        "us" : 16293.456,
        "ms" : 16.293456,
        "s" : 0.016293456
      }
    },
    "StrategyRunner.analyze" : {
      "count" : 9,
      "average" : {
        "ns" : 6194785.777777778,
        "us" : 6194.785777777778,
        "ms" : 6.194785777777778,
        "s" : 0.006194785777777778
      },
      "min" : {
        "ns" : 2216862,
        "us" : 2216.862,
        "ms" : 2.216862,
        "s" : 0.002216862
      },
      "max" : {
        "ns" : 16278846,
        "us" : 16278.846,
        "ms" : 16.278846,
        "s" : 0.016278846
      }
    },
    "DynamicExplorationGenerator.handleFeedback<Analyzer>" : {
      "count" : 9,
      "average" : {
        "ns" : 1024896.8888888889,
        "us" : 1024.896888888889,
        "ms" : 1.024896888888889,
        "s" : 0.001024896888888889
      },
      "min" : {
        "ns" : 91372,
        "us" : 91.372,
        "ms" : 0.091372,
        "s" : 9.1372E-5
      },
      "max" : {
        "ns" : 5209161,
        "us" : 5209.161,
        "ms" : 5.209161,
        "s" : 0.005209161
      }
    },
    "HappyPathDetector.handleFeedback<Analyzer>" : {
      "count" : 9,
      "average" : {
        "ns" : 52075.333333333336,
        "us" : 52.07533333333333,
        "ms" : 0.052075333333333335,
        "s" : 5.207533333333333E-5
      },
      "min" : {
        "ns" : 2690,
        "us" : 2.69,
        "ms" : 0.00269,
        "s" : 2.69E-6
      },
      "max" : {
        "ns" : 438918,
        "us" : 438.918,
        "ms" : 0.438918,
        "s" : 4.38918E-4
      }
    },
    "ParentChildDetector.handleFeedback<Analyzer>" : {
      "count" : 9,
      "average" : {
        "ns" : 351050.3333333333,
        "us" : 351.0503333333333,
        "ms" : 0.3510503333333333,
        "s" : 3.510503333333333E-4
      },
      "min" : {
        "ns" : 50311,
        "us" : 50.311,
        "ms" : 0.050311,
        "s" : 5.0311E-5
      },
      "max" : {
        "ns" : 2204053,
        "us" : 2204.053,
        "ms" : 2.204053,
        "s" : 0.002204053
      }
    },
    "HappensBeforeNeighbourDetector.handleFeedback<Analyzer>" : {
      "count" : 9,
      "average" : {
        "ns" : 567644.1111111111,
        "us" : 567.6441111111111,
        "ms" : 0.5676441111111111,
        "s" : 5.676441111111112E-4
      },
      "min" : {
        "ns" : 8730,
        "us" : 8.73,
        "ms" : 0.00873,
        "s" : 8.73E-6
      },
      "max" : {
        "ns" : 1417787,
        "us" : 1417.787,
        "ms" : 1.417787,
        "s" : 0.001417787
      }
    },
    "ErrorPropagationDetector.handleFeedback<Analyzer>" : {
      "count" : 9,
      "average" : {
        "ns" : 148055.0,
        "us" : 148.055,
        "ms" : 0.148055,
        "s" : 1.48055E-4
      },
      "min" : {
        "ns" : 3790,
        "us" : 3.79,
        "ms" : 0.00379,
        "s" : 3.79E-6
      },
      "max" : {
        "ns" : 806185,
        "us" : 806.185,
        "ms" : 0.806185,
        "s" : 8.06185E-4
      }
    },
    "ConditionalPointDetector.handleFeedback<Analyzer>" : {
      "count" : 9,
      "average" : {
        "ns" : 1682640.4444444445,
        "us" : 1682.6404444444445,
        "ms" : 1.6826404444444445,
        "s" : 0.0016826404444444446
      },
      "min" : {
        "ns" : 279455,
        "us" : 279.455,
        "ms" : 0.279455,
        "s" : 2.79455E-4
      },
      "max" : {
        "ns" : 5373664,
        "us" : 5373.664,
        "ms" : 5.373664,
        "s" : 0.005373664
      }
    },
    "RedundancyAnalyzer.handleFeedback<Analyzer>" : {
      "count" : 9,
      "average" : {
        "ns" : 54823.333333333336,
        "us" : 54.82333333333334,
        "ms" : 0.054823333333333335,
        "s" : 5.4823333333333334E-5
      },
      "min" : {
        "ns" : 17210,
        "us" : 17.21,
        "ms" : 0.01721,
        "s" : 1.721E-5
      },
      "max" : {
        "ns" : 136453,
        "us" : 136.453,
        "ms" : 0.136453,
        "s" : 1.36453E-4
      }
    },
    "StatusAnalyzer.handleFeedback<Analyzer>" : {
      "count" : 9,
      "average" : {
        "ns" : 31158.333333333332,
        "us" : 31.15833333333333,
        "ms" : 0.031158333333333333,
        "s" : 3.115833333333333E-5
      },
      "min" : {
        "ns" : 4480,
        "us" : 4.48,
        "ms" : 0.00448,
        "s" : 4.48E-6
      },
      "max" : {
        "ns" : 231475,
        "us" : 231.475,
        "ms" : 0.231475,
        "s" : 2.31475E-4
      }
    },
    "BehaviorAnalyzer.handleFeedback<Analyzer>" : {
      "count" : 9,
      "average" : {
        "ns" : 294291.3333333333,
        "us" : 294.29133333333334,
        "ms" : 0.2942913333333333,
        "s" : 2.9429133333333334E-4
      },
      "min" : {
        "ns" : 102382,
        "us" : 102.382,
        "ms" : 0.102382,
        "s" : 1.02382E-4
      },