{
  "stats" : {
    "nextFaultload" : {
      "count" : 22,
      "average" : {
        "ns" : 2357505.9545454546,
        "us" : 2357.5059545454546,
        "ms" : 2.3575059545454544,
        "s" : 0.0023575059545454546
      },
      "min" : {
        "ns" : 351919,
        "us" : 351.919,
        "ms" : 0.351919,
        "s" : 3.51919E-4
      },
      "max" : {
        "ns" : 3930207,
        "us" : 3930.207,
        "ms" : 3.930207,
        "s" : 0.003930207
      }
    },
    "Per test" : {
      "count" : 21,
      "average" : {
        "ns" : 3.9871222E7,
        "us" : 39871.222,
        "ms" : 39.871222,
        "s" : 0.039871222
      },
      "min" : {
        "ns" : 25005116,
        "us" : 25005.116,
        "ms" : 25.005116,
        "s" : 0.025005116
      },
      "max" : {
        "ns" : 236119826,
        "us" : 236119.826,
        "ms" : 236.119826,
        "s" : 0.236119826
      }
    },
    "registerFaultload" : {
      "count" : 21,
      "average" : {
        "ns" : 9033013.42857143,
        "us" : 9033.013428571428,
        "ms" : 9.03301342857143,
        "s" : 0.00903301342857143
      },
      "min" : {
        "ns" : 2616138,
        "us" : 2616.138,
        "ms" : 2.616138,
        "s" : 0.002616138
      },
      "max" : {
        "ns" : 113220358,
        "us" : 113220.358,
        "ms" : 113.220358,
        "s" : 0.113220358
      }
    },
    "testMethod" : {
      "count" : 21,
      "average" : {
        "ns" : 1.3407634095238095E7,
        "us" : 13407.634095238096,
        "ms" : 13.407634095238095,
        "s" : 0.013407634095238095
      },
      "min" : {
        "ns" : 11521906,
        "us" : 11521.906,
        "ms" : 11.521906,
        "s" : 0.011521906
      },
      "max" : {
        "ns" : 20150061,
        "us" : 20150.061,
        "ms" : 20.150061,
        "s" : 0.020150061
      }
    },
    "getTraceWithDelay" : {
      "count" : 21,
      "average" : {
        "ns" : 1.720605785714286E7,
        "us" : 17206.05785714286,
        "ms" : 17.20605785714286,
        "s" : 0.017206057857142857
      },
      "min" : {
        "ns" : 10018127,
        "us" : 10018.127,
        "ms" : 10.018127,
        "s" : 0.010018127
      },
      "max" : {
        "ns" : 102445091,
        "us" : 102445.091,
        "ms" : 102.445091,
        "s" : 0.102445091
      }
    },
    "getTrace" : {
      "count" : 21,
      "average" : {
        "ns" : 1.034502538095238E7,
        "us" : 10345.02538095238,
        "ms" : 10.34502538095238,
        "s" : 0.01034502538095238
      },
      "min" : {
        "ns" : 5370082,
        "us" : 5370.082,
        "ms" : 5.370082,
        "s" : 0.005370082
      },
      "max" : {
        "ns" : 73281557,
        "us" : 73281.557,
        "ms" : 73.281557,
        "s" : 0.073281557
      }
    },
    "handleResult" : {
      "count" : 21,
      "average" : {
        "ns" : 3669802.523809524,
        "us" : 3669.802523809524,
        "ms" : 3.669802523809524,
        "s" : 0.0036698025238095238
      },
      "min" : {
        "ns" : 1832796,
        "us" : 1832.796,
        "ms" : 1.832796,
        "s" : 0.001832796
      },
      "max" : {
        "ns" : 19873245,
        "us" : 19873.245,
        "ms" : 19.873245,
        "s" : 0.019873245
      }
    },
    "StrategyRunner.analyze" : {
      "count" : 21,
      "average" : {
        "ns" : 3562987.476190476,
        "us" : 3562.987476190476,
        "ms" : 3.562987476190476,
        "s" : 0.003562987476190476
      },
      "min" : {
        "ns" : 1686188,
        "us" : 1686.188,
        "ms" : 1.686188,
        "s" : 0.001686188
      },
      "max" : {
        "ns" : 19533328,
        "us" : 19533.328,
        "ms" : 19.533328,
        "s" : 0.019533328
      }
    },
    "DynamicExplorationGenerator.handleFeedback<Analyzer>" : {
      "count" : 21,
      "average" : {
        "ns" : 489982.95238095237,
        "us" : 489.9829523809524,
        "ms" : 0.48998295238095235,
        "s" : 4.899829523809523E-4
      },
      "min" : {
        "ns" : 59403,
        "us" : 59.403,
        "ms" : 0.059403,
        "s" : 5.9403E-5
      },
      "max" : {
        "ns" : 5772204,
        "us" : 5772.204,
        "ms" : 5.772204,
        "s" : 0.005772204
      }
    },
    "HappyPathDetector.handleFeedback<Analyzer>" : {
      "count" : 21,
      "average" : {
        "ns" : 25715.571428571428,
        "us" : 25.715571428571426,
        "ms" : 0.025715571428571428,
        "s" : 2.5715571428571426E-5
      },
      "min" : {
        "ns" : 2100,
        "us" : 2.1,
        "ms" : 0.0021,
        "s" : 2.1E-6
      },
      "max" : {
        "ns" : 467024,
        "us" : 467.024,
        "ms" : 0.467024,
        "s" : 4.67024E-4
      }
    },
    "ParentChildDetector.handleFeedback<Analyzer>" : {
      "count" : 21,
      "average" : {
        "ns" : 442261.4285714286,
        "us" : 442.26142857142855,
        "ms" : 0.4422614285714286,
        "s" : 4.4226142857142856E-4
      },
      "min" : {
        "ns" : 31802,
        "us" : 31.802,
        "ms" : 0.031802,
        "s" : 3.1802E-5
      },
      "max" : {
        "ns" : 7720706,
        "us" : 7720.706,
        "ms" : 7.720706,
        "s" : 0.007720706
      }
    },
    "HappensBeforeNeighbourDetector.handleFeedback<Analyzer>" : {
      "count" : 21,
      "average" : {
        "ns" : 407645.04761904763,
        "us" : 407.64504761904766,
        "ms" : 0.40764504761904763,
        "s" : 4.0764504761904764E-4
      },
      "min" : {
        "ns" : 18101,
        "us" : 18.101,
        "ms" : 0.018101,
        "s" : 1.8101E-5
      },
      "max" : {
        "ns" : 1086057,
        "us" : 1086.057,
        "ms" : 1.086057,
        "s" : 0.001086057
      }
    },
    "ErrorPropagationDetector.handleFeedback<Analyzer>" : {
      "count" : 21,
      "average" : {
        "ns" : 372324.3333333333,
        "us" : 372.3243333333333,
        "ms" : 0.3723243333333333,
        "s" : 3.723243333333333E-4
      },
      "min" : {
        "ns" : 4300,
        "us" : 4.3,
        "ms" : 0.0043,
        "s" : 4.3E-6
      },
      "max" : {
        "ns" : 1210863,
        "us" : 1210.863,
        "ms" : 1.210863,
        "s" : 0.001210863
      }
    },
    "ConditionalPointDetector.handleFeedback<Analyzer>" : {
      "count" : 21,
      "average" : {
        "ns" : 732076.6666666666,
        "us" : 732.0766666666666,
        "ms" : 0.7320766666666666,
        "s" : 7.320766666666667E-4
      },
      "min" : {
        "ns" : 155708,
        "us" : 155.708,
        "ms" : 0.155708,
        "s" : 1.55708E-4
      },
      "max" : {
        "ns" : 4245823,
        "us" : 4245.823,
        "ms" : 4.245823,
        "s" : 0.004245823
      }
    },
    "RedundancyAnalyzer.handleFeedback<Analyzer>" : {
      "count" : 21,
      "average" : {
        "ns" : 45102.23809523809,
        "us" : 45.10223809523809,
        "ms" : 0.04510223809523809,
        "s" : 4.5102238095238095E-5
      },
      "min" : {
        "ns" : 16801,
        "us" : 16.801,
        "ms" : 0.016801,
        "s" : 1.6801E-5
      },
      "max" : {
        "ns" : 154808,
        "us" : 154.808,
        "ms" : 0.154808,
        "s" : 1.54808E-4
      }
    },
    "StatusAnalyzer.handleFeedback<Analyzer>" : {
      "count" : 21,
      "average" : {
        "ns" : 15315.047619047618,
        "us" : 15.315047619047618,
        "ms" : 0.015315047619047619,
        "s" : 1.531504761904762E-5
      },
      "min" : {
        "ns" : 3200,
        "us" : 3.2,
        "ms" : 0.0032,
        "s" : 3.2E-6
      },
      "max" : {
        "ns" : 155008,
        "us" : 155.008,
        "ms" : 0.155008,
        "s" : 1.55008E-4
      }
    },
    "BehaviorAnalyzer.handleFeedback<Analyzer>" : {
      "count" : 21,
      "average" : {
        "ns" : 510712.5714285714,
        "us" : 510.71257142857144,
        "ms" : 0.5107125714285714,
        "s" : 5.107125714285714E-4
      },
      "min" : {
        "ns" : 268514,