{
  "stats" : {
    "nextFaultload" : {
      "count" : 9,
      "average" : {
        "ns" : 2524321.777777778,
        "us" : 2524.321777777778,
        "ms" : 2.5243217777777778,
        "s" : 0.002524321777777778
      },
      "min" : {
        "ns" : 559122,
        "us" : 559.122,
        "ms" : 0.559122,
        "s" : 5.59122E-4
      },
      "max" : {
        "ns" : 4691885,
        "us" : 4691.885,
        "ms" : 4.691885,
        "s" : 0.004691885
      }
    },
    "Per test" : {
      "count" : 8,
      "average" : {
        "ns" : 6.0258126625E7,
        "us" : 60258.126625,
        "ms" : 60.258126625,
        "s" : 0.060258126625
      },
      "min" : {
        "ns" : 24045748,
        "us" : 24045.748,
        "ms" : 24.045748,
        "s" : 0.024045748
      },
      "max" : {
        "ns" : 241866140,
        "us" : 241866.14,
        "ms" : 241.86614,
        "s" : 0.24186614
      }
    },
    "registerFaultload" : {
      "count" : 8,
      "average" : {
        "ns" : 1.832657275E7,
        "us" : 18326.57275,
        "ms" : 18.32657275,
        "s" : 0.01832657275
      },
      "min" : {
        "ns" : 2724807,
        "us" : 2724.807,
        "ms" : 2.724807,
        "s" : 0.002724807
      },
      "max" : {
        "ns" : 108551982,
        "us" : 108551.982,
        "ms" : 108.551982,
        "s" : 0.108551982
      }
    },
    "testMethod" : {
      "count" : 8,
      "average" : {
        "ns" : 1.4680204125E7,
        "us" : 14680.204125,
        "ms" : 14.680204125,
        "s" : 0.014680204125
      },
      "min" : {
        "ns" : 9111960,
        "us" : 9111.96,
        "ms" : 9.11196,
        "s" : 0.00911196
      },
      "max" : {
        "ns" : 26384441,
        "us" : 26384.441,
        "ms" : 26.384441,
        "s" : 0.026384441
      }
    },
    "getTraceWithDelay" : {
      "count" : 8,
      "average" : {
        "ns" : 2.7018103375E7,
        "us" : 27018.103375,
        "ms" : 27.018103375,
        "s" : 0.027018103375
      },
      "min" : {
        "ns" : 11421951,
        "us" : 11421.951,
        "ms" : 11.421951,
        "s" : 0.011421951
      },
      "max" : {
        "ns" : 106625006,
        "us" : 106625.006,
        "ms" : 106.625006,
        "s" : 0.106625006
      }
    },
    "getTrace" : {
      "count" : 8,
      "average" : {
        "ns" : 1.707334875E7,
        "us" : 17073.34875,
        "ms" : 17.07334875,
        "s" : 0.01707334875
      },
      "min" : {
        "ns" : 6914973,
        "us" : 6914.973,
        "ms" : 6.914973,
        "s" : 0.006914973
      },
      "max" : {
        "ns" : 76851632,
        "us" : 76851.632,
        "ms" : 76.851632,
        "s" : 0.076851632
      }
    },
    "handleResult" : {
      "count" : 8,
      "average" : {
        "ns" : 6058501.625,
        "us" : 6058.501625,
        "ms" : 6.058501625,
        "s" : 0.006058501625
      },
      "min" : {
        "ns" : 1876974,
        "us" : 1876.974,
        "ms" : 1.876974,
        "s" : 0.001876974
      },
      "max" : {
        "ns" : 20846322,
        "us" : 20846.322,
        "ms" : 20.846322,
        "s" : 0.020846322
      }
    },
    "StrategyRunner.analyze" : {
      "count" : 8,
      "average" : {
        "ns" : 5923596.125,
        "us" : 5923.596125,
        "ms" : 5.923596125,
        "s" : 0.005923596125
      },
      "min" : {
        "ns" : 1799671,
        "us" : 1799.671,
        "ms" : 1.799671,
        "s" : 0.001799671
      },
      "max" : {
        "ns" : 20467307,
        "us" : 20467.307,
        "ms" : 20.467307,
        "s" : 0.020467307
      }
    },
    "DynamicExplorationGenerator.handleFeedback<Analyzer>" : {
      "count" : 8,
      "average" : {
        "ns" : 1099781.0,
        "us" : 1099.781,
        "ms" : 1.099781,
        "s" : 0.001099781
      },
      "min" : {
        "ns" : 77403,
        "us" : 77.403,
        "ms" : 0.077403,
        "s" : 7.7403E-5
      },
      "max" : {
        "ns" : 6319150,
        "us" : 6319.15,
        "ms" : 6.31915,
        "s" : 0.00631915
      }
    },
    "HappyPathDetector.handleFeedback<Analyzer>" : {
      "count" : 8,
      "average" : {
        "ns" : 58302.125,
        "us" : 58.302125,
        "ms" : 0.058302125,
        "s" : 5.8302125E-5
      },
      "min" : {
        "ns" : 3000,
        "us" : 3.0,
        "ms" : 0.003,
        "s" : 3.0E-6
      },
      "max" : {
        "ns" : 437017,
        "us" : 437.017,
        "ms" : 0.437017,
        "s" : 4.37017E-4
      }
    },
    "ParentChildDetector.handleFeedback<Analyzer>" : {
      "count" : 8,
      "average" : {
        "ns" : 1045478.75,
        "us" : 1045.47875,
        "ms" : 1.04547875,
        "s" : 0.00104547875
      },
      "min" : {
        "ns" : 41202,
        "us" : 41.202,
        "ms" : 0.041202,
        "s" : 4.1202E-5
      },
      "max" : {
        "ns" : 7767006,
        "us" : 7767.006,
        "ms" : 7.767006,
        "s" : 0.007767006
      }
    },
    "HappensBeforeNeighbourDetector.handleFeedback<Analyzer>" : {
      "count" : 8,
      "average" : {
        "ns" : 386977.625,
        "us" : 386.977625,
        "ms" : 0.386977625,
        "s" : 3.86977625E-4
      },
      "min" : {
        "ns" : 12000,
        "us" : 12.0,
        "ms" : 0.012,
        "s" : 1.2E-5
      },
      "max" : {
        "ns" : 1326552,
        "us" : 1326.552,
        "ms" : 1.326552,
        "s" : 0.001326552
      }
    },
    "ErrorPropagationDetector.handleFeedback<Analyzer>" : {
      "count" : 8,
      "average" : {
        "ns" : 870909.25,
        "us" : 870.90925,
        "ms" : 0.87090925,
        "s" : 8.7090925E-4
      },
      "min" : {
        "ns" : 15701,
        "us" : 15.701,
        "ms" : 0.015701,
        "s" : 1.5701E-5
      },
      "max" : {
        "ns" : 2663305,
        "us" : 2663.305,
        "ms" : 2.663305,
        "s" : 0.002663305
      }
    },
    "ConditionalPointDetector.handleFeedback<Analyzer>" : {
      "count" : 8,
      "average" : {
        "ns" : 806069.125,
        "us" : 806.069125,
        "ms" : 0.806069125,
        "s" : 8.06069125E-4
      },
      "min" : {
        "ns" : 115105,
        "us" : 115.105,
        "ms" : 0.115105,
        "s" : 1.15105E-4
      },
      "max" : {
        "ns" : 4676684,
        "us" : 4676.684,
        "ms" : 4.676684,
        "s" : 0.004676684
      }
    },
    "RedundancyAnalyzer.handleFeedback<Analyzer>" : {
      "count" : 8,
      "average" : {
        "ns" : 38588.875,
        "us" : 38.588875,
        "ms" : 0.038588875,
        "s" : 3.8588875E-5
      },
      "min" : {
        "ns" : 23401,
        "us" : 23.401,
        "ms" : 0.023401,
        "s" : 2.3401E-5
      },
      "max" : {
        "ns" : 67302,
        "us" : 67.302,
        "ms" : 0.067302,
        "s" : 6.7302E-5
      }
    },
    "StatusAnalyzer.handleFeedback<Analyzer>" : {
      "count" : 8,
      "average" : {
        "ns" : 25551.0,
        "us" : 25.551,
        "ms" : 0.025551,
        "s" : 2.5551E-5
      },
      "min" : {
        "ns" : 4300,
        "us" : 4.3,
        "ms" : 0.0043,
        "s" : 4.3E-6
      },
      "max" : {
        "ns" : 165306,
        "us" : 165.306,
        "ms" : 0.165306,
        "s" : 1.65306E-4
      }
    },
    "BehaviorAnalyzer.handleFeedback<Analyzer>" : {
      "count" : 8,
      "average" : {
        "ns" : 584048.25,
        "us" : 584.04825,
        "ms" : 0.58404825,
        "s" : 5.8404825E-4
      },
      "min" : {
        "ns" : 246610,
        "us" : 246.61,
        "ms" : 0.24661,
        "s" : 2.4661E-4
      },
      "max" : {
        "ns" : 1609163,
        "us" : 1609.163,
        "ms" : 1.609163,
        "s" : 0.001609163
      }
    },
    "TimingAnalyzer.handleFeedback<Analyzer>" : {
      "count" : 8,
      "average" : {
        "ns" : 205733.25,
        "us" : 205.73325,
        "ms" : 0.20573325,
        "s" : 2.0573325E-4
      },
      "min" : {
        "ns" : 50802,
        "us" : 50.802,