{
  "stats" : {
    "nextFaultload" : {
      "count" : 10,
      "average" : {
        "ns" : 3997119.5,
        "us" : 3997.1195,
        "ms" : 3.9971195,
        "s" : 0.0039971195
      },
      "min" : {
        "ns" : 1880994,
        "us" : 1880.994,
        "ms" : 1.880994,
        "s" : 0.001880994
      },
      "max" : {
        "ns" : 11018907,
        "us" : 11018.907,
        "ms" : 11.018907,
        "s" : 0.011018907
      }
    },
    "Per test" : {
      "count" : 9,
      "average" : {
        "ns" : 5.6652640666666664E7,
        "us" : 56652.640666666666,
        "ms" : 56.65264066666666,
        "s" : 0.056652640666666663
      },
      "min" : {
        "ns" : 27714654,
        "us" : 27714.654,
        "ms" : 27.714654,
        "s" : 0.027714654
      },
      "max" : {
        "ns" : 251129027,
        "us" : 251129.027,
        "ms" : 251.129027,
        "s" : 0.251129027
      }
    },
    "registerFaultload" : {
      "count" : 9,
      "average" : {
        "ns" : 1.9141827444444444E7,
        "us" : 19141.827444444443,
        "ms" : 19.141827444444445,
        "s" : 0.019141827444444443
      },
      "min" : {
        "ns" : 3670598,
        "us" : 3670.598,
        "ms" : 3.670598,
        "s" : 0.003670598
      },
      "max" : {
        "ns" : 121016471,
        "us" : 121016.471,
        "ms" : 121.016471,
        "s" : 0.121016471
      }
    },
    "testMethod" : {
      "count" : 9,
      "average" : {
        "ns" : 2.8571776444444444E7,
        "us" : 28571.776444444444,
        "ms" : 28.571776444444446,
        "s" : 0.028571776444444443
      },
      "min" : {
        "ns" : 17005921,
        "us" : 17005.921,
        "ms" : 17.005921,
        "s" : 0.017005921
      },
      "max" : {
        "ns" : 109051818,
        "us" : 109051.818,
        "ms" : 109.051818,
        "s" : 0.109051818
      }
    },
    "getTraceWithDelay" : {
      "count" : 9,
      "average" : {
        "ns" : 2.6971850555555556E7,
        "us" : 26971.850555555557,
        "ms" : 26.971850555555555,
        "s" : 0.026971850555555555
      },
      "min" : {
        "ns" : 13698510,
        "us" : 13698.51,
        "ms" : 13.69851,
        "s" : 0.01369851
      },
      "max" : {
        "ns" : 106197996,
        "us" : 106197.996,
        "ms" : 106.197996,
        "s" : 0.106197996
      }
    },
    "getTrace" : {
      "count" : 9,
      "average" : {
        "ns" : 1.7774103E7,
        "us" : 17774.103,
        "ms" : 17.774103,
        "s" : 0.017774103
      },
      "min" : {
        "ns" : 7738089,
        "us" : 7738.089,
        "ms" : 7.738089,
        "s" : 0.007738089
      },
      "max" : {
        "ns" : 84317329,
        "us" : 84317.329,
        "ms" : 84.317329,
        "s" : 0.084317329
      }
    },
    "handleResult" : {
      "count" : 9,
      "average" : {
        "ns" : 4444310.555555556,
        "us" : 4444.310555555556,
        "ms" : 4.444310555555556,
        "s" : 0.004444310555555556
      },
      "min" : {
        "ns" : 1483575,
        "us" : 1483.575,
        "ms" : 1.483575,
        "s" : 0.001483575
      },
      "max" : {
        "ns" : 16485839,
        "us" : 16485.839,
        "ms" : 16.485839,
        "s" : 0.016485839
      }
    },
    "StrategyRunner.analyze" : {
      "count" : 9,
      "average" : {
        "ns" : 4400996.333333333,
        "us" : 4400.996333333333,
        "ms" : 4.400996333333333,
        "s" : 0.004400996333333333
      },
      "min" : {
        "ns" : 1476715,
        "us" : 1476.715,
        "ms" : 1.476715,
        "s" : 0.001476715
      },
      "max" : {
        "ns" : 16185532,
        "us" : 16185.532,
        "ms" : 16.185532,
        "s" : 0.016185532
      }
    },
    "DynamicExplorationGenerator.handleFeedback<Analyzer>" : {
      "count" : 9,
      "average" : {
        "ns" : 1005037.2222222222,
        "us" : 1005.0372222222222,
        "ms" : 1.0050372222222221,
        "s" : 0.0010050372222222223
      },
      "min" : {
        "ns" : 95623,
        "us" : 95.623,
        "ms" : 0.095623,
        "s" : 9.5623E-5
      },
      "max" : {
        "ns" : 6557054,
        "us" : 6557.054,
        "ms" : 6.557054,
        "s" : 0.006557054
      }
    },
    "HappyPathDetector.handleFeedback<Analyzer>" : {
      "count" : 9,
      "average" : {
        "ns" : 48114.333333333336,
        "us" : 48.114333333333335,
        "ms" : 0.048114333333333335,
        "s" : 4.8114333333333335E-5
      },
      "min" : {
        "ns" : 3810,
        "us" : 3.81,
        "ms" : 0.00381,
        "s" : 3.81E-6
      },
      "max" : {
        "ns" : 396379,
        "us" : 396.379,
        "ms" : 0.396379,
        "s" : 3.96379E-4
      }
    },
    "ParentChildDetector.handleFeedback<Analyzer>" : {
      "count" : 9,
      "average" : {
        "ns" : 386819.22222222225,
        "us" : 386.81922222222227,
        "ms" : 0.38681922222222226,
        "s" : 3.8681922222222223E-4
      },
      "min" : {
        "ns" : 45362,
        "us" : 45.362,
        "ms" : 0.045362,
        "s" : 4.5362E-5
      },
      "max" : {
        "ns" : 2782546,
        "us" : 2782.546,
        "ms" : 2.782546,
        "s" : 0.002782546
      }
    },
    "HappensBeforeNeighbourDetector.handleFeedback<Analyzer>" : {
      "count" : 9,
      "average" : {
        "ns" : 854953.6666666666,
        "us" : 854.9536666666667,
        "ms" : 0.8549536666666666,
        "s" : 8.549536666666666E-4
      },
      "min" : {
        "ns" : 12231,
        "us" : 12.231,
        "ms" : 0.012231,
        "s" : 1.2231E-5
      },
      "max" : {
        "ns" : 2449358,
        "us" : 2449.358,
        "ms" : 2.449358,
        "s" : 0.002449358
      }
    },
    "ErrorPropagationDetector.handleFeedback<Analyzer>" : {
      "count" : 9,
      "average" : {
        "ns" : 282864.55555555556,
        "us" : 282.86455555555557,
        "ms" : 0.28286455555555556,
        "s" : 2.828645555555556E-4
      },
      "min" : {
        "ns" : 20390,
        "us" : 20.39,
        "ms" : 0.02039,
        "s" : 2.039E-5
      },
      "max" : {
        "ns" : 554113,
        "us" : 554.113,
        "ms" : 0.554113,
        "s" : 5.54113E-4
      }
    },
    "ConditionalPointDetector.handleFeedback<Analyzer>" : {
      "count" : 9,
      "average" : {
        "ns" : 1121029.7777777778,
        "us" : 1121.0297777777778,
        "ms" : 1.1210297777777778,
        "s" : 0.0011210297777777777
      },
      "min" : {
        "ns" : 230805,
        "us" : 230.805,
        "ms" : 0.230805,
        "s" : 2.30805E-4
      },
      "max" : {
        "ns" : 4815314,
        "us" : 4815.314,
        "ms" : 4.815314,
        "s" : 0.004815314
      }
    },
    "RedundancyAnalyzer.handleFeedback<Analyzer>" : {
      "count" : 9,
      "average" : {
        "ns" : 61883.333333333336,
        "us" : 61.88333333333333,
        "ms" : 0.06188333333333334,
        "s" : 6.188333333333334E-5
      },
      "min" : {
        "ns" : 19570,
        "us" : 19.57,
        "ms" : 0.01957,
        "s" : 1.957E-5
      },
      "max" : {
        "ns" : 241604,
        "us" : 241.604,
        "ms" : 0.241604,
        "s" : 2.41604E-4
      }
    },
    "StatusAnalyzer.handleFeedback<Analyzer>" : {
      "count" : 9,
      "average" : {
        "ns" : 30848.444444444445,
        "us" : 30.848444444444446,
        "ms" : 0.030848444444444446,
        "s" : 3.084844444444444E-5
      },
      "min" : {
        "ns" : 4490,
        "us" : 4.49,
        "ms" : 0.00449,
        "s" : 4.49E-6
      },
      "max" : {
        "ns" : 230105,
        "us" : 230.105,
        "ms" : 0.230105,
        "s" : 2.30105E-4
      }
    },
    "BehaviorAnalyzer.handleFeedback<Analyzer>" : {
      "count" : 9,
      "average" : {
        "ns" : 339990.3333333333,
        "us" : 339.9903333333333,
        "ms" : 0.33999033333333334,
        "s" : 3.399903333333333E-4
      },
      "min" : {
        "ns" : 108223,
        "us" : 108.223,