{
  "stats" : {
    "nextFaultload" : {
      "count" : 10,
      "average" : {
        "ns" : 2772117.3,
        "us" : 2772.1173,
        "ms" : 2.7721172999999997,
        "s" : 0.0027721173
      },
      "min" : {
        "ns" : 1730661,
        "us" : 1730.661,
        "ms" : 1.730661,
        "s" : 0.001730661
      },
      "max" : {
        "ns" : 6273352,
        "us" : 6273.352,
        "ms" : 6.273352,
        "s" : 0.006273352
      }
    },
    "Per test" : {
      "count" : 9,
      "average" : {
        "ns" : 7.440561777777778E7,
        "us" : 74405.61777777778,
        "ms" : 74.40561777777778,
        "s" : 0.07440561777777778
      },
      "min" : {
        "ns" : 30590641,
        "us" : 30590.641,
        "ms" : 30.590641,
        "s" : 0.030590641
      },
      "max" : {
        "ns" : 334316249,
        "us" : 334316.249,
        "ms" : 334.316249,
        "s" : 0.334316249
      }
    },
    "registerFaultload" : {
      "count" : 9,
      "average" : {
        "ns" : 2.3883758888888888E7,
        "us" : 23883.75888888889,
        "ms" : 23.883758888888888,
        "s" : 0.023883758888888888
      },
      "min" : {
        "ns" : 3614658,
        "us" : 3614.658,
        "ms" : 3.614658,
        "s" : 0.003614658
      },
      "max" : {
        "ns" : 161552187,
        "us" : 161552.187,
        "ms" : 161.552187,
        "s" : 0.161552187
      }
    },
    "testMethod" : {
      "count" : 9,
      "average" : {
        "ns" : 3.933088488888889E7,
        "us" : 39330.88488888889,
        "ms" : 39.33088488888889,
        "s" : 0.03933088488888889
      },
      "min" : {
        "ns" : 20410865,
        "us" : 20410.865,
        "ms" : 20.410865,
        "s" : 0.020410865
      },
      "max" : {
        "ns" : 142678755,
        "us" : 142678.755,
        "ms" : 142.678755,
        "s" : 0.142678755
      }
    },
    "getTraceWithDelay" : {
      "count" : 9,
      "average" : {
        "ns" : 3.1858275666666668E7,
        "us" : 31858.27566666667,
        "ms" : 31.858275666666668,
        "s" : 0.031858275666666665
      },
      "min" : {
        "ns" : 14500009,
        "us" : 14500.009,
        "ms" : 14.500009,
        "s" : 0.014500009
      },
      "max" : {
        "ns" : 131947695,
        "us" : 131947.695,
        "ms" : 131.947695,
        "s" : 0.131947695
      }
    },
    "getTrace" : {
      "count" : 9,
      "average" : {
        "ns" : 2.0312948111111112E7,
        "us" : 20312.948111111113,
        "ms" : 20.312948111111112,
        "s" : 0.02031294811111111
      },
      "min" : {
        "ns" : 7905515,
        "us" : 7905.515,
        "ms" : 7.905515,
        "s" : 0.007905515
      },
      "max" : {
        "ns" : 100658909,
        "us" : 100658.909,
        "ms" : 100.658909,
        "s" : 0.100658909
      }
    },
    "handleResult" : {
      "count" : 9,
      "average" : {
        "ns" : 7516367.666666667,
        "us" : 7516.367666666667,
        "ms" : 7.516367666666667,
        "s" : 0.007516367666666667
      },
      "min" : {
        "ns" : 2309234,
        "us" : 2309.234,
        "ms" : 2.309234,
        "s" : 0.002309234
      },
      "max" : {
        "ns" : 25637800,
        "us" : 25637.8,
        "ms" : 25.6378,
        "s" : 0.0256378
      }
    },
    "StrategyRunner.analyze" : {
      "count" : 9,
      "average" : {
        "ns" : 7468416.555555556,
        "us" : 7468.4165555555555,
        "ms" : 7.468416555555556,
        "s" : 0.007468416555555556
      },
      "min" : {
        "ns" : 2301724,
        "us" : 2301.724,
        "ms" : 2.301724,
        "s" : 0.002301724
      },
      "max" : {
        "ns" : 25294912,
        "us" : 25294.912,
        "ms" : 25.294912,
        "s" : 0.025294912
      }
    },
    "DynamicExplorationGenerator.handleFeedback<Analyzer>" : {
      "count" : 9,
      "average" : {
        "ns" : 1485226.888888889,
        "us" : 1485.2268888888889,
        "ms" : 1.485226888888889,
        "s" : 0.001485226888888889
      },
      "min" : {
        "ns" : 99543,
        "us" : 99.543,
        "ms" : 0.099543,
        "s" : 9.9543E-5
      },
      "max" : {
        "ns" : 10089485,
        "us" : 10089.485,
        "ms" : 10.089485,
        "s" : 0.010089485
      }
    },
    "HappyPathDetector.handleFeedback<Analyzer>" : {
      "count" : 9,
      "average" : {
        "ns" : 124979.55555555556,
        "us" : 124.97955555555556,
        "ms" : 0.12497955555555557,
        "s" : 1.2497955555555555E-4
      },
      "min" : {
        "ns" : 3590,
        "us" : 3.59,
        "ms" : 0.00359,
        "s" : 3.59E-6
      },
      "max" : {
        "ns" : 1088546,
        "us" : 1088.546,
        "ms" : 1.088546,
        "s" : 0.001088546
      }
    },
    "ParentChildDetector.handleFeedback<Analyzer>" : {
      "count" : 9,
      "average" : {
        "ns" : 552275.3333333334,
        "us" : 552.2753333333334,
        "ms" : 0.5522753333333333,
        "s" : 5.522753333333333E-4
      },
      "min" : {
        "ns" : 57092,
        "us" : 57.092,
        "ms" : 0.057092,
        "s" : 5.7092E-5
      },
      "max" : {
        "ns" : 4210699,
        "us" : 4210.699,
        "ms" : 4.210699,
        "s" : 0.004210699
      }
    },
    "HappensBeforeNeighbourDetector.handleFeedback<Analyzer>" : {
      "count" : 9,
      "average" : {
        "ns" : 869663.6666666666,
        "us" : 869.6636666666666,
        "ms" : 0.8696636666666666,
        "s" : 8.696636666666667E-4
      },
      "min" : {
        "ns" : 29131,
        "us" : 29.131,
        "ms" : 0.029131,
        "s" : 2.9131E-5
      },
      "max" : {
        "ns" : 2496378,
        "us" : 2496.378,
        "ms" : 2.496378,
        "s" : 0.002496378
      }
    },
    "ErrorPropagationDetector.handleFeedback<Analyzer>" : {
      "count" : 9,
      "average" : {
        "ns" : 168469.44444444444,
        "us" : 168.46944444444443,
        "ms" : 0.16846944444444445,
        "s" : 1.6846944444444444E-4
      },
      "min" : {
        "ns" : 27971,
        "us" : 27.971,
        "ms" : 0.027971,
        "s" : 2.7971E-5
      },
      "max" : {
        "ns" : 434580,
        "us" : 434.58,
        "ms" : 0.43458,
        "s" : 4.3458E-4
      }
    },
    "ConditionalPointDetector.handleFeedback<Analyzer>" : {
      "count" : 9,
      "average" : {
        "ns" : 1424137.4444444445,
        "us" : 1424.1374444444446,
        "ms" : 1.4241374444444446,
        "s" : 0.0014241374444444446
      },
      "min" : {
        "ns" : 353218,
        "us" : 353.218,
        "ms" : 0.353218,
        "s" : 3.53218E-4
      },
      "max" : {
        "ns" : 7270941,
        "us" : 7270.941,
        "ms" : 7.270941,
        "s" : 0.007270941
      }
    },
    "RedundancyAnalyzer.handleFeedback<Analyzer>" : {
      "count" : 9,
      "average" : {
        "ns" : 40997.88888888889,
        "us" : 40.99788888888889,
        "ms" : 0.04099788888888889,
        "s" : 4.0997888888888894E-5
      },
      "min" : {
        "ns" : 22241,
        "us" : 22.241,
        "ms" : 0.022241,
        "s" : 2.2241E-5
      },
      "max" : {
        "ns" : 76672,
        "us" : 76.672,
        "ms" : 0.076672,
        "s" : 7.6672E-5
      }
    },
    "StatusAnalyzer.handleFeedback<Analyzer>" : {
      "count" : 9,
      "average" : {
        "ns" : 52083.444444444445,
        "us" : 52.083444444444446,
        "ms" : 0.052083444444444446,
        "s" : 5.2083444444444446E-5
      },
      "min" : {
        "ns" : 5180,
        "us" : 5.18,
        "ms" : 0.00518,
        "s" : 5.18E-6
      },
      "max" : {
        "ns" : 410050,
        "us" : 410.05,
        "ms" : 0.41005,
        "s" : 4.1005E-4
      }
    },
    "BehaviorAnalyzer.handleFeedback<Analyzer>" : {
      "count" : 9,
      "average" : {
        "ns" : 398068.22222222225,
        "us" : 398.06822222222223,
        "ms" : 0.39806822222222227,
        "s" : 3.9806822222222224E-4
      },
      "min" : {
        "ns" : 127493,