{
    "per_key": {
        "nextFaultload": {
            "n": 46,
            "mean": 1.937351108695652,
            "median": 1.427292,
            "std": 2.0772086547356747,
            "min": 0.620593,
            "max": 14.509435999999999,
            "p25": 1.0456585,
            "p50": 1.427292,
            "p75": 2.013248,
            "p90": 2.7781325,
            "p95": 3.507579,
            "p99": 10.381785349999973
        },
        "Per test": {
            "n": 45,
            "mean": 41.01003748888889,
            "median": 34.296791,
            "std": 36.461503934286874,
            "min": 24.420447,
            "max": 274.068787,
            "p25": 30.537025,
            "p50": 34.296791,
            "p75": 39.21762,
            "p90": 46.057524799999996,
            "p95": 53.50187179999999,
            "p99": 189.75004436000043
        },
        "registerFaultload": {
            "n": 45,
            "mean": 6.71272051111111,
            "median": 3.746,
            "std": 16.53293504020002,
            "min": 2.9877979999999997,
            "max": 114.88237099999999,
            "p25": 3.303851,
            "p50": 3.746,
            "p75": 4.282776,
            "p90": 4.9826562,
            "p95": 7.147710399999994,
            "p99": 73.8066563200002
        },
        "unregisterFautload": {
            "n": 45,
            "mean": 3.448558466666667,
            "median": 3.2799679999999998,
            "std": 0.7536729291543913,
            "min": 2.5539069999999997,
            "max": 6.441865,
            "p25": 2.943316,
            "p50": 3.2799679999999998,
            "p75": 3.745285,
            "p90": 4.2300636,
            "p95": 4.9366249999999985,
            "p99": 5.960348800000002
        },
        "testMethod": {
            "n": 45,
            "mean": 19.524531111111113,
            "median": 19.36731,
            "std": 5.874202348599729,
            "min": 12.793647,
            "max": 43.965019999999996,
            "p25": 14.870184,
            "p50": 19.36731,
            "p75": 22.696389999999997,
            "p90": 25.983722,
            "p95": 29.34210699999999,
            "p99": 37.863185800000025
        },
        "getTraceWithDelay": {
            "n": 45,
            "mean": 14.778644222222223,
            "median": 10.561017,
            "std": 15.84828459364648,
            "min": 7.739312999999999,
            "max": 115.144224,
            "p25": 9.138395,
            "p50": 10.561017,
            "p75": 14.290059999999999,
            "p90": 19.7690956,
            "p95": 24.274398999999985,
            "p99": 78.04516552000018
        },
        "handleResult": {
            "n": 45,
            "mean": 3.1282175777777783,
            "median": 1.9660039999999999,
            "std": 3.9069673790949335,
            "min": 1.282889,
            "max": 24.004129,
            "p25": 1.6402269999999999,
            "p50": 1.9660039999999999,
            "p75": 2.706391,
            "p90": 3.4815888000000004,
            "p95": 10.707914199999982,
            "p99": 19.382511120000025
        },
        "Total test time": {
            "n": 1,
            "mean": 2285.471815,
            "median": 2285.471815,
            "std": 0.0,
            "min": 2285.471815,
            "max": 2285.471815,
            "p25": 2285.471815,
            "p50": 2285.471815,
            "p75": 2285.471815,
            "p90": 2285.471815,
            "p95": 2285.471815,
            "p99": 2285.471815
        },
        "getExpectedPoints": {
            "n": 184,
            "mean": 0.30313295652173905,
            "median": 0.15382400000000002,
            "std": 0.39755659805870275,
            "min": 0.090182,
            "max": 4.354057,
            "p25": 0.10366025,
            "p50": 0.15382400000000002,
            "p75": 0.39295575,
            "p90": 0.5745940000000002,
            "p95": 0.7394853499999996,
            "p99": 1.4432829899999893
        }
    }
}