{
  "stats" : {
    "nextFaultload" : {
      "count" : 6,
      "average" : {
        "ns" : 1973551.1666666667,
        "us" : 1973.5511666666666,
        "ms" : 1.9735511666666667,
        "s" : 0.0019735511666666666
      },
      "min" : {
        "ns" : 23931,
        "us" : 23.931,
        "ms" : 0.023931,
        "s" : 2.3931E-5
      },
      "max" : {
        "ns" : 3439487,
        "us" : 3439.487,
        "ms" : 3.439487,
        "s" : 0.003439487
      }
    },
    "Per test" : {
      "count" : 5,
      "average" : {
        "ns" : 7.43774024E7,
        "us" : 74377.4024,
        "ms" : 74.37740240000001,
        "s" : 0.0743774024
      },
      "min" : {
        "ns" : 26290102,
        "us" : 26290.102,
        "ms" : 26.290102,
        "s" : 0.026290102
      },
      "max" : {
        "ns" : 239897095,
        "us" : 239897.095,
        "ms" : 239.897095,
        "s" : 0.239897095
      }
    },
    "registerFaultload" : {
      "count" : 5,
      "average" : {
        "ns" : 3.02770736E7,
        "us" : 30277.0736,
        "ms" : 30.2770736,
        "s" : 0.030277073600000003
      },
      "min" : {
        "ns" : 3820926,
        "us" : 3820.926,
        "ms" : 3.820926,
        "s" : 0.003820926
      },
      "max" : {
        "ns" : 118814685,
        "us" : 118814.685,
        "ms" : 118.814685,
        "s" : 0.118814685
      }
    },
    "testMethod" : {
      "count" : 5,
      "average" : {
        "ns" : 3.45291886E7,
        "us" : 34529.1886,
        "ms" : 34.529188600000005,
        "s" : 0.0345291886
      },
      "min" : {
        "ns" : 16574216,
        "us" : 16574.216,
        "ms" : 16.574216,
        "s" : 0.016574216
      },
      "max" : {
        "ns" : 100099104,
        "us" : 100099.104,
        "ms" : 100.099104,
        "s" : 0.100099104
      }
    },
    "getTraceWithDelay" : {
      "count" : 5,
      "average" : {
        "ns" : 3.45872752E7,
        "us" : 34587.275200000004,
        "ms" : 34.5872752,
        "s" : 0.0345872752
      },
      "min" : {
        "ns" : 14894915,
        "us" : 14894.915,
        "ms" : 14.894915,
        "s" : 0.014894915
      },
      "max" : {
        "ns" : 103027488,
        "us" : 103027.488,
        "ms" : 103.027488,
        "s" : 0.103027488
      }
    },
    "getTrace" : {
      "count" : 5,
      "average" : {
        "ns" : 2.47010606E7,
        "us" : 24701.0606,
        "ms" : 24.7010606,
        "s" : 0.0247010606
      },
      "min" : {
        "ns" : 9299384,
        "us" : 9299.384,
        "ms" : 9.299384,
        "s" : 0.009299384
      },
      "max" : {
        "ns" : 81226940,
        "us" : 81226.94,
        "ms" : 81.22694,
        "s" : 0.08122694
      }
    },
    "handleResult" : {
      "count" : 5,
      "average" : {
        "ns" : 5465217.4,
        "us" : 5465.2174,
        "ms" : 5.4652174,
        "s" : 0.005465217400000001
      },
      "min" : {
        "ns" : 1645791,
        "us" : 1645.791,
        "ms" : 1.645791,
        "s" : 0.001645791
      },
      "max" : {
        "ns" : 16354591,
        "us" : 16354.591,
        "ms" : 16.354591,
        "s" : 0.016354591
      }
    },
    "StrategyRunner.analyze" : {
      "count" : 5,
      "average" : {
        "ns" : 5389301.6,
        "us" : 5389.3016,
        "ms" : 5.3893016,
        "s" : 0.005389301599999999
      },
      "min" : {
        "ns" : 1637261,
        "us" : 1637.261,
        "ms" : 1.637261,
        "s" : 0.001637261
      },
      "max" : {
        "ns" : 16010062,
        "us" : 16010.062,
        "ms" : 16.010062,
        "s" : 0.016010062
      }
    },
    "DynamicExplorationGenerator.handleFeedback<Analyzer>" : {
      "count" : 5,
      "average" : {
        "ns" : 1444596.4,
        "us" : 1444.5964,
        "ms" : 1.4445964,
        "s" : 0.0014445964
      },
      "min" : {
        "ns" : 111443,
        "us" : 111.443,
        "ms" : 0.111443,
        "s" : 1.11443E-4
      },
      "max" : {
        "ns" : 6334819,
        "us" : 6334.819,
        "ms" : 6.334819,
        "s" : 0.006334819
      }
    },
    "HappyPathDetector.handleFeedback<Analyzer>" : {
      "count" : 5,
      "average" : {
        "ns" : 127407.0,
        "us" : 127.407,
        "ms" : 0.127407,
        "s" : 1.27407E-4
      },
      "min" : {
        "ns" : 3940,
        "us" : 3.94,
        "ms" : 0.00394,
        "s" : 3.94E-6
      },
      "max" : {
        "ns" : 620125,
        "us" : 620.125,
        "ms" : 0.620125,
        "s" : 6.20125E-4
      }
    },
    "ParentChildDetector.handleFeedback<Analyzer>" : {
      "count" : 5,
      "average" : {
        "ns" : 630113.8,
        "us" : 630.1138000000001,
        "ms" : 0.6301138000000001,
        "s" : 6.301138E-4
      },
      "min" : {
        "ns" : 71652,
        "us" : 71.652,
        "ms" : 0.071652,
        "s" : 7.1652E-5
      },
      "max" : {
        "ns" : 2438161,
        "us" : 2438.161,
        "ms" : 2.438161,
        "s" : 0.002438161
      }
    },
    "HappensBeforeNeighbourDetector.handleFeedback<Analyzer>" : {
      "count" : 5,
      "average" : {
        "ns" : 485746.2,
        "us" : 485.7462,
        "ms" : 0.4857462,
        "s" : 4.857462E-4
      },
      "min" : {
        "ns" : 8601,
        "us" : 8.601,
        "ms" : 0.008601,
        "s" : 8.601E-6
      },
      "max" : {
        "ns" : 1359914,
        "us" : 1359.914,
        "ms" : 1.359914,
        "s" : 0.001359914
      }
    },
    "ErrorPropagationDetector.handleFeedback<Analyzer>" : {
      "count" : 5,
      "average" : {
        "ns" : 321853.8,
        "us" : 321.8538,
        "ms" : 0.32185379999999997,
        "s" : 3.218538E-4
      },
      "min" : {
        "ns" : 11130,
        "us" : 11.13,
        "ms" : 0.01113,
        "s" : 1.113E-5
      },
      "max" : {
        "ns" : 852021,
        "us" : 852.021,
        "ms" : 0.852021,
        "s" : 8.52021E-4
      }
    },
    "ConditionalPointDetector.handleFeedback<Analyzer>" : {
      "count" : 5,
      "average" : {
        "ns" : 1283488.0,
        "us" : 1283.488,
        "ms" : 1.283488,
        "s" : 0.001283488
      },
      "min" : {
        "ns" : 171974,
        "us" : 171.974,
        "ms" : 0.171974,
        "s" : 1.71974E-4
      },
      "max" : {
        "ns" : 4907353,
        "us" : 4907.353,
        "ms" : 4.907353,
        "s" : 0.004907353
      }
    },
    "RedundancyAnalyzer.handleFeedback<Analyzer>" : {
      "count" : 5,
      "average" : {
        "ns" : 88412.2,
        "us" : 88.4122,
        "ms" : 0.0884122,
        "s" : 8.84122E-5
      },
      "min" : {
        "ns" : 23990,
        "us" : 23.99,
        "ms" : 0.02399,
        "s" : 2.399E-5
      },
      "max" : {
        "ns" : 184315,
        "us" : 184.315,
        "ms" : 0.184315,
        "s" : 1.84315E-4
      }
    },
    "StatusAnalyzer.handleFeedback<Analyzer>" : {
      "count" : 5,
      "average" : {
        "ns" : 51881.4,
        "us" : 51.8814,
        "ms" : 0.0518814,
        "s" : 5.18814E-5
      },
      "min" : {
        "ns" : 5131,
        "us" : 5.131,
        "ms" : 0.005131,
        "s" : 5.131E-6
      },
      "max" : {
        "ns" : 226875,
        "us" : 226.875,
        "ms" : 0.226875,
        "s" : 2.26875E-4
      }
    },
    "BehaviorAnalyzer.handleFeedback<Analyzer>" : {
      "count" : 5,
      "average" : {
        "ns" : 469360.0,
        "us" : 469.36,
        "ms" : 0.46936,
        "s" : 4.6936E-4
      },
      "min" : {
        "ns" : 135313,
        "us" : 135.313,
        "ms" : 0.135313,
        "s" : 1.35313E-4
      },
      "max" : {
        "ns" : 976755,
        "us" : 976.755,
        "ms" : 0.976755,
        "s" : 9.76755E-4
      }
    },
    "TimingAnalyzer.handleFeedback<Analyzer>" : {
      "count" : 5,
      "average" : {
        "ns" : 327558.0,
        "us" : 327.558,
        "ms" : 0.327558,
        "s" : 3.27558E-4
      },
      "min" : {
        "ns" : 156394,
        "us" : 156.394,