{
  "stats" : {
    "nextFaultload" : {
      "count" : 6,
      "average" : {
        "ns" : 1992705.8333333333,
        "us" : 1992.7058333333332,
        "ms" : 1.9927058333333332,
        "s" : 0.0019927058333333333
      },
      "min" : {
        "ns" : 23702,
        "us" : 23.702,
        "ms" : 0.023702,
        "s" : 2.3702E-5
      },
      "max" : {
        "ns" : 3014485,
        "us" : 3014.485,
        "ms" : 3.014485,
        "s" : 0.003014485
      }
    },
    "Per test" : {
      "count" : 5,
      "average" : {
        "ns" : 7.2238556E7,
        "us" : 72238.556,
        "ms" : 72.238556,
        "s" : 0.072238556
      },
      "min" : {
        "ns" : 25465464,
        "us" : 25465.464,
        "ms" : 25.465464,
        "s" : 0.025465464
      },
      "max" : {
        "ns" : 234654309,
        "us" : 234654.309,
        "ms" : 234.654309,
        "s" : 0.234654309
      }
    },
    "registerFaultload" : {
      "count" : 5,
      "average" : {
        "ns" : 2.9980661E7,
        "us" : 29980.661,
        "ms" : 29.980661,
        "s" : 0.029980661
      },
      "min" : {
        "ns" : 3900840,
        "us" : 3900.84,
        "ms" : 3.90084,
        "s" : 0.00390084
      },
      "max" : {
        "ns" : 118277963,
        "us" : 118277.963,
        "ms" : 118.277963,
        "s" : 0.118277963
      }
    },
    "testMethod" : {
      "count" : 5,
      "average" : {
        "ns" : 3.2635304E7,
        "us" : 32635.304,
        "ms" : 32.635304,
        "s" : 0.032635304
      },
      "min" : {
        "ns" : 15794069,
        "us" : 15794.069,
        "ms" : 15.794069,
        "s" : 0.015794069
      },
      "max" : {
        "ns" : 95765981,
        "us" : 95765.981,
        "ms" : 95.765981,
        "s" : 0.095765981
      }
    },
    "getTraceWithDelay" : {
      "count" : 5,
      "average" : {
        "ns" : 3.32152398E7,
        "us" : 33215.2398,
        "ms" : 33.2152398,
        "s" : 0.0332152398
      },
      "min" : {
        "ns" : 14823910,
        "us" : 14823.91,
        "ms" : 14.82391,
        "s" : 0.01482391
      },
      "max" : {
        "ns" : 99243795,
        "us" : 99243.795,
        "ms" : 99.243795,
        "s" : 0.099243795
      }
    },
    "getTrace" : {
      "count" : 5,
      "average" : {
        "ns" : 2.32910904E7,
        "us" : 23291.090399999997,
        "ms" : 23.291090399999998,
        "s" : 0.0232910904
      },
      "min" : {
        "ns" : 8952150,
        "us" : 8952.15,
        "ms" : 8.95215,
        "s" : 0.00895215
      },
      "max" : {
        "ns" : 77872082,
        "us" : 77872.082,
        "ms" : 77.872082,
        "s" : 0.077872082
      }
    },
    "handleResult" : {
      "count" : 5,
      "average" : {
        "ns" : 5362169.4,
        "us" : 5362.169400000001,
        "ms" : 5.3621694,
        "s" : 0.0053621694
      },
      "min" : {
        "ns" : 1527593,
        "us" : 1527.593,
        "ms" : 1.527593,
        "s" : 0.001527593
      },
      "max" : {
        "ns" : 16357904,
        "us" : 16357.904,
        "ms" : 16.357904,
        "s" : 0.016357904
      }
    },
    "StrategyRunner.analyze" : {
      "count" : 5,
      "average" : {
        "ns" : 5308266.0,
        "us" : 5308.266,
        "ms" : 5.308266,
        "s" : 0.005308266
      },
      "min" : {
        "ns" : 1519793,
        "us" : 1519.793,
        "ms" : 1.519793,
        "s" : 0.001519793
      },
      "max" : {
        "ns" : 16131690,
        "us" : 16131.69,
        "ms" : 16.13169,
        "s" : 0.01613169
      }
    },
    "DynamicExplorationGenerator.handleFeedback<Analyzer>" : {
      "count" : 5,
      "average" : {
        "ns" : 1356623.4,
        "us" : 1356.6234,
        "ms" : 1.3566234,
        "s" : 0.0013566233999999999
      },
      "min" : {
        "ns" : 93606,
        "us" : 93.606,
        "ms" : 0.093606,
        "s" : 9.3606E-5
      },
      "max" : {
        "ns" : 6070373,
        "us" : 6070.373,
        "ms" : 6.070373,
        "s" : 0.006070373
      }
    },
    "HappyPathDetector.handleFeedback<Analyzer>" : {
      "count" : 5,
      "average" : {
        "ns" : 165430.2,
        "us" : 165.4302,
        "ms" : 0.1654302,
        "s" : 1.654302E-4
      },
      "min" : {
        "ns" : 3800,
        "us" : 3.8,
        "ms" : 0.0038,
        "s" : 3.8E-6
      },
      "max" : {
        "ns" : 811650,
        "us" : 811.65,
        "ms" : 0.81165,
        "s" : 8.1165E-4
      }
    },
    "ParentChildDetector.handleFeedback<Analyzer>" : {
      "count" : 5,
      "average" : {
        "ns" : 660280.6,
        "us" : 660.2805999999999,
        "ms" : 0.6602806,
        "s" : 6.602806E-4
      },
      "min" : {
        "ns" : 56803,
        "us" : 56.803,
        "ms" : 0.056803,
        "s" : 5.6803E-5
      },
      "max" : {
        "ns" : 2708267,
        "us" : 2708.267,
        "ms" : 2.708267,
        "s" : 0.002708267
      }
    },
    "HappensBeforeNeighbourDetector.handleFeedback<Analyzer>" : {
      "count" : 5,
      "average" : {
        "ns" : 448047.8,
        "us" : 448.0478,
        "ms" : 0.4480478,
        "s" : 4.480478E-4
      },
      "min" : {
        "ns" : 9701,
        "us" : 9.701,
        "ms" : 0.009701,
        "s" : 9.701E-6
      },
      "max" : {
        "ns" : 1168272,
        "us" : 1168.272,
        "ms" : 1.168272,
        "s" : 0.001168272
      }
    },
    "ErrorPropagationDetector.handleFeedback<Analyzer>" : {
      "count" : 5,
      "average" : {
        "ns" : 354402.0,
        "us" : 354.402,
        "ms" : 0.354402,
        "s" : 3.54402E-4
      },
      "min" : {
        "ns" : 13700,
        "us" : 13.7,
        "ms" : 0.0137,
        "s" : 1.37E-5
      },
      "max" : {
        "ns" : 836252,
        "us" : 836.252,
        "ms" : 0.836252,
        "s" : 8.36252E-4
      }
    },
    "ConditionalPointDetector.handleFeedback<Analyzer>" : {
      "count" : 5,
      "average" : {
        "ns" : 1262197.2,
        "us" : 1262.1972,
        "ms" : 1.2621972,
        "s" : 0.0012621972
      },
      "min" : {
        "ns" : 221813,
        "us" : 221.813,
        "ms" : 0.221813,
        "s" : 2.21813E-4
      },
      "max" : {
        "ns" : 4897000,
        "us" : 4897.0,
        "ms" : 4.897,
        "s" : 0.004897
      }
    },
    "RedundancyAnalyzer.handleFeedback<Analyzer>" : {
      "count" : 5,
      "average" : {
        "ns" : 68344.0,
        "us" : 68.344,
        "ms" : 0.068344,
        "s" : 6.8344E-5
      },
      "min" : {
        "ns" : 23201,
        "us" : 23.201,
        "ms" : 0.023201,
        "s" : 2.3201E-5
      },
      "max" : {
        "ns" : 173711,
        "us" : 173.711,
        "ms" : 0.173711,
        "s" : 1.73711E-4
      }
    },
    "StatusAnalyzer.handleFeedback<Analyzer>" : {
      "count" : 5,
      "average" : {
        "ns" : 47723.0,
        "us" : 47.723,
        "ms" : 0.047723,
        "s" : 4.7723E-5
      },
      "min" : {
        "ns" : 5000,
        "us" : 5.0,
        "ms" : 0.005,
        "s" : 5.0E-6
      },
      "max" : {
        "ns" : 207213,
        "us" : 207.213,
        "ms" : 0.207213,
        "s" : 2.07213E-4
      }
    },
    "BehaviorAnalyzer.handleFeedback<Analyzer>" : {
      "count" : 5,
      "average" : {
        "ns" : 456408.0,
        "us" : 456.408,
        "ms" : 0.456408,
        "s" : 4.56408E-4
      },
      "min" : {
        "ns" : 147509,
        "us" : 147.509,
        "ms" : 0.147509,
        "s" : 1.47509E-4
      },
      "max" : {
        "ns" : 826951,
        "us" : 826.951,
        "ms" : 0.826951,
        "s" : 8.26951E-4
      }
    },
    "TimingAnalyzer.handleFeedback<Analyzer>" : {
      "count" : 5,
      "average" : {
        "ns" : 306618.8,
        "us" : 306.61879999999996,
        "ms" : 0.30661879999999997,
        "s" : 3.066188E-4
      },
      "min" : {
        "ns" : 148709,
        "us" : 148.709,
        "ms" : 0.148709,
        "s" : 1.48709E-4
      },