{
    "per_key": {
        "nextFaultload": {
            "n": 34,
            "mean": 2.6939425,
            "median": 1.6468369999999999,
            "std": 6.107485416454041,
            "min": 0.593561,
            "max": 37.552875,
            "p25": 1.22581675,
            "p50": 1.6468369999999999,
            "p75": 2.0120365,
            "p90": 2.3363302,
            "p95": 3.439221899999998,
            "p99": 26.498057820000056
        },
        "Per test": {
            "n": 33,
            "mean": 47.0130236969697,
            "median": 41.966014,
            "std": 33.87266934289379,
            "min": 20.671338,
            "max": 228.951485,
            "p25": 37.613724999999995,
            "p50": 41.966014,
            "p75": 45.274812999999995,
            "p90": 54.245764199999996,
            "p95": 66.04921379999998,
            "p99": 179.46664947999994
        },
        "registerFaultload": {
            "n": 33,
            "mean": 7.828360575757575,
            "median": 5.422345,
            "std": 10.646588306439293,
            "min": 4.261483,
            "max": 65.747317,
            "p25": 4.95067,
            "p50": 5.422345,
            "p75": 5.935524,
            "p90": 7.7263530000000005,
            "p95": 13.58489359999998,
            "p99": 51.590132039999986
        },
        "unregisterFautload": {
            "n": 33,
            "mean": 5.1727870909090905,
            "median": 4.895275,
            "std": 1.1837278176355168,
            "min": 3.581998,
            "max": 9.822519,
            "p25": 4.67986,
            "p50": 4.895275,
            "p75": 5.428840999999999,
            "p90": 5.7237518,
            "p95": 7.0529489999999955,
            "p99": 9.50483004
        },
        "testMethod": {
            "n": 33,
            "mean": 30.482369939393937,
            "median": 28.369203,
            "std": 20.292916915089766,
            "min": 10.170546,
            "max": 135.830392,
            "p25": 25.757866999999997,
            "p50": 28.369203,
            "p75": 31.043529,
            "p90": 38.3007746,
            "p95": 40.602671599999994,
            "p99": 105.91554527999998
        },
        "getTraceWithDelay": {
            "n": 33,
            "mean": 19.414053454545456,
            "median": 15.533,
            "std": 19.744396293915294,
            "min": 8.089201,
            "max": 128.107171,
            "p25": 12.42127,
            "p50": 15.533,
            "p75": 18.706881,
            "p90": 22.238125,
            "p95": 26.847974199999992,
            "p99": 96.47528427999997
        },
        "handleResult": {
            "n": 33,
            "mean": 3.500767575757575,
            "median": 2.562189,
            "std": 3.9817966716950095,
            "min": 0.32925699999999997,
            "max": 22.203875,
            "p25": 1.5598699999999999,
            "p50": 2.562189,
            "p75": 3.899063,
            "p90": 4.5490454,
            "p95": 10.221850999999997,
            "p99": 18.696985399999996
        },
        "Total test time": {
            "n": 1,
            "mean": 2017.394271,
            "median": 2017.394271,
            "std": 0.0,
            "min": 2017.394271,
            "max": 2017.394271,
            "p25": 2017.394271,
            "p50": 2017.394271,
            "p75": 2017.394271,
            "p90": 2017.394271,
            "p95": 2017.394271,
            "p99": 2017.394271
        },
        "getExpectedPoints": {
            "n": 320,
            "mean": 0.17651904062499998,
            "median": 0.09551199999999999,
            "std": 0.18990282882860834,
            "min": 0.01656,
            "max": 1.1508019999999999,
            "p25": 0.073166,
            "p50": 0.09551199999999999,
            "p75": 0.18191875000000002,
            "p90": 0.42822300000000013,
            "p95": 0.60624895,
            "p99": 0.90651681
        }
    }
}