{
    "per_key": {
        "nextFaultload": {
            "n": 460,
            "mean": 2.62492275,
            "median": 1.745933,
            "std": 4.201090583277849,
            "min": 0.846286,
            "max": 34.423561,
            "p25": 1.2821847499999999,
            "p50": 1.745933,
            "p75": 2.4875392499999998,
            "p90": 3.6456700000000004,
            "p95": 4.338554649999999,
            "p99": 29.47653460999988
        },
        "Per test": {
            "n": 450,
            "mean": 38.3666795,
            "median": 32.4955865,
            "std": 33.210191880452435,
            "min": 23.307643,
            "max": 264.072987,
            "p25": 28.492720749999997,
            "p50": 32.4955865,
            "p75": 36.26582524999999,
            "p90": 43.021502,
            "p95": 46.23125979999999,
            "p99": 250.77532048999998
        },
        "registerFaultload": {
            "n": 450,
            "mean": 6.363580984444444,
            "median": 3.3977815,
            "std": 16.869308401351784,
            "min": 2.5395369999999997,
            "max": 125.27409399999999,
            "p25": 3.1526692499999998,
            "p50": 3.3977815,
            "p75": 3.82899525,
            "p90": 4.4475498,
            "p95": 5.03688765,
            "p99": 116.01726264999998
        },
        "unregisterFautload": {
            "n": 450,
            "mean": 3.1716735466666663,
            "median": 3.0529830000000002,
            "std": 0.6779164095958629,
            "min": 2.246396,
            "max": 10.325405,
            "p25": 2.822046,
            "p50": 3.0529830000000002,
            "p75": 3.3566837499999997,
            "p90": 3.7680821,
            "p95": 4.068786199999998,
            "p99": 4.91662837
        },
        "testMethod": {
            "n": 450,
            "mean": 18.309374968888886,
            "median": 18.9278805,
            "std": 4.5850725575535,
            "min": 12.223021,
            "max": 40.871227999999995,
            "p25": 13.95987425,
            "p50": 18.9278805,
            "p75": 21.121016499999996,
            "p90": 23.158498299999998,
            "p95": 25.10200949999999,
            "p99": 33.88630520999999
        },
        "getTraceWithDelay": {
            "n": 450,
            "mean": 13.698288842222222,
            "median": 10.5503775,
            "std": 13.851759628124755,
            "min": 7.277933999999999,
            "max": 115.035495,
            "p25": 8.98091925,
            "p50": 10.5503775,
            "p75": 13.432517,
            "p90": 17.395251100000003,
            "p95": 25.162620399999998,
            "p99": 100.55361749999999
        },
        "handleResult": {
            "n": 450,
            "mean": 2.743092884444444,
            "median": 1.8021045,
            "std": 3.2549766247413126,
            "min": 1.02598,
            "max": 21.084787,
            "p25": 1.4797892499999998,
            "p50": 1.8021045,
            "p75": 2.3893915,
            "p90": 3.5888971000000014,
            "p95": 10.729847149999998,
            "p99": 18.37946917
        },
        "Total test time": {
            "n": 10,
            "mean": 2172.0619436,
            "median": 2176.4870064999996,
            "std": 35.27390665074984,
            "min": 2093.361806,
            "max": 2221.371893,
            "p25": 2161.05511875,
            "p50": 2176.4870064999996,
            "p75": 2193.86678925,
            "p90": 2206.5714101,
            "p95": 2213.97165155,
            "p99": 2219.89184471
        },
        "getExpectedBehaviours": {
            "n": 1840,
            "mean": 0.1877135315217391,
            "median": 0.116057,
            "std": 0.2893710907327923,
            "min": 0.062941,
            "max": 6.85713,
            "p25": 0.093917,
            "p50": 0.116057,
            "p75": 0.21139325,
            "p90": 0.36477790000000004,
            "p95": 0.44639239999999997,
            "p99": 0.6975412199999997
        },
        "getExpectedPoints": {
            "n": 1840,
            "mean": 0.24049269999999998,
            "median": 0.136323,
            "std": 0.3516084239607773,
            "min": 0.069891,
            "max": 6.128165,
            "p25": 0.10040199999999999,
            "p50": 0.136323,
            "p75": 0.30623849999999997,
            "p90": 0.4618868000000001,
            "p95": 0.5989135499999998,
            "p99": 0.9116862599999999
        }
    }
}