{
  "stats" : {
    "nextFaultload" : {
      "count" : 9,
      "average" : {
        "ns" : 2322370.4444444445,
        "us" : 2322.3704444444443,
        "ms" : 2.3223704444444446,
        "s" : 0.0023223704444444446
      },
      "min" : {
        "ns" : 21572,
        "us" : 21.572,
        "ms" : 0.021572,
        "s" : 2.1572E-5
      },
      "max" : {
        "ns" : 4198085,
        "us" : 4198.085,
        "ms" : 4.198085,
        "s" : 0.004198085
      }
    },
    "Per test" : {
      "count" : 8,
      "average" : {
        "ns" : 6.6438026125E7,
        "us" : 66438.026125,
        "ms" : 66.438026125,
        "s" : 0.066438026125
      },
      "min" : {
        "ns" : 27214210,
        "us" : 27214.21,
        "ms" : 27.21421,
        "s" : 0.02721421
      },
      "max" : {
        "ns" : 255075187,
        "us" : 255075.187,
        "ms" : 255.075187,
        "s" : 0.255075187
      }
    },
    "registerFaultload" : {
      "count" : 8,
      "average" : {
        "ns" : 2.0219526125E7,
        "us" : 20219.526125,
        "ms" : 20.219526125,
        "s" : 0.020219526125
      },
      "min" : {
        "ns" : 3018194,
        "us" : 3018.194,
        "ms" : 3.018194,
        "s" : 0.003018194
      },
      "max" : {
        "ns" : 123352237,
        "us" : 123352.237,
        "ms" : 123.352237,
        "s" : 0.123352237
      }
    },
    "testMethod" : {
      "count" : 8,
      "average" : {
        "ns" : 3.6312866625E7,
        "us" : 36312.866625,
        "ms" : 36.312866625,
        "s" : 0.036312866625
      },
      "min" : {
        "ns" : 17377762,
        "us" : 17377.762,
        "ms" : 17.377762,
        "s" : 0.017377762
      },
      "max" : {
        "ns" : 112163971,
        "us" : 112163.971,
        "ms" : 112.163971,
        "s" : 0.112163971
      }
    },
    "getTraceWithDelay" : {
      "count" : 8,
      "average" : {
        "ns" : 3.0072007375E7,
        "us" : 30072.007375,
        "ms" : 30.072007375,
        "s" : 0.030072007375
      },
      "min" : {
        "ns" : 12478120,
        "us" : 12478.12,
        "ms" : 12.47812,
        "s" : 0.01247812
      },
      "max" : {
        "ns" : 104516030,
        "us" : 104516.03,
        "ms" : 104.51603,
        "s" : 0.10451603
      }
    },
    "getTrace" : {
      "count" : 8,
      "average" : {
        "ns" : 1.9869344E7,
        "us" : 19869.344,
        "ms" : 19.869344,
        "s" : 0.019869344
      },
      "min" : {
        "ns" : 7592699,
        "us" : 7592.699,
        "ms" : 7.592699,
        "s" : 0.007592699
      },
      "max" : {
        "ns" : 84164496,
        "us" : 84164.496,
        "ms" : 84.164496,
        "s" : 0.084164496
      }
    },
    "handleResult" : {
      "count" : 8,
      "average" : {
        "ns" : 6547143.875,
        "us" : 6547.143875,
        "ms" : 6.547143875,
        "s" : 0.006547143875
      },
      "min" : {
        "ns" : 1573341,
        "us" : 1573.341,
        "ms" : 1.573341,
        "s" : 0.001573341
      },
      "max" : {
        "ns" : 20044116,
        "us" : 20044.116,
        "ms" : 20.044116,
        "s" : 0.020044116
      }
    },
    "StrategyRunner.analyze" : {
      "count" : 8,
      "average" : {
        "ns" : 6510704.25,
        "us" : 6510.70425,
        "ms" : 6.51070425,
        "s" : 0.00651070425
      },
      "min" : {
        "ns" : 1563160,
        "us" : 1563.16,
        "ms" : 1.56316,
        "s" : 0.00156316
      },
      "max" : {
        "ns" : 20016435,
        "us" : 20016.435,
        "ms" : 20.016435,
        "s" : 0.020016435
      }
    },
    "DynamicExplorationGenerator.handleFeedback<Analyzer>" : {
      "count" : 8,
      "average" : {
        "ns" : 1122169.75,
        "us" : 1122.16975,
        "ms" : 1.12216975,
        "s" : 0.00112216975
      },
      "min" : {
        "ns" : 80754,
        "us" : 80.754,
        "ms" : 0.080754,
        "s" : 8.0754E-5
      },
      "max" : {
        "ns" : 6191407,
        "us" : 6191.407,
        "ms" : 6.191407,
        "s" : 0.006191407
      }
    },
    "HappyPathDetector.handleFeedback<Analyzer>" : {
      "count" : 8,
      "average" : {
        "ns" : 64991.25,
        "us" : 64.99125,
        "ms" : 0.06499125,
        "s" : 6.499125E-5
      },
      "min" : {
        "ns" : 3080,
        "us" : 3.08,
        "ms" : 0.00308,
        "s" : 3.08E-6
      },
      "max" : {
        "ns" : 490348,
        "us" : 490.348,
        "ms" : 0.490348,
        "s" : 4.90348E-4
      }
    },
    "ParentChildDetector.handleFeedback<Analyzer>" : {
      "count" : 8,
      "average" : {
        "ns" : 432408.625,
        "us" : 432.408625,
        "ms" : 0.432408625,
        "s" : 4.32408625E-4
      },
      "min" : {
        "ns" : 40022,
        "us" : 40.022,
        "ms" : 0.040022,
        "s" : 4.0022E-5
      },
      "max" : {
        "ns" : 2692076,
        "us" : 2692.076,
        "ms" : 2.692076,
        "s" : 0.002692076
      }
    },
    "HappensBeforeNeighbourDetector.handleFeedback<Analyzer>" : {
      "count" : 8,
      "average" : {
        "ns" : 554479.125,
        "us" : 554.479125,
        "ms" : 0.554479125,
        "s" : 5.54479125E-4
      },
      "min" : {
        "ns" : 9680,
        "us" : 9.68,
        "ms" : 0.00968,
        "s" : 9.68E-6
      },
      "max" : {
        "ns" : 1786022,
        "us" : 1786.022,
        "ms" : 1.786022,
        "s" : 0.001786022
      }
    },
    "ErrorPropagationDetector.handleFeedback<Analyzer>" : {
      "count" : 8,
      "average" : {
        "ns" : 302263.5,
        "us" : 302.2635,
        "ms" : 0.3022635,
        "s" : 3.022635E-4
      },
      "min" : {
        "ns" : 12430,
        "us" : 12.43,
        "ms" : 0.01243,
        "s" : 1.243E-5
      },
      "max" : {
        "ns" : 1071632,
        "us" : 1071.632,
        "ms" : 1.071632,
        "s" : 0.001071632
      }
    },
    "ConditionalPointDetector.handleFeedback<Analyzer>" : {
      "count" : 8,
      "average" : {
        "ns" : 977641.25,
        "us" : 977.64125,
        "ms" : 0.97764125,
        "s" : 9.7764125E-4
      },
      "min" : {
        "ns" : 237533,
        "us" : 237.533,
        "ms" : 0.237533,
        "s" : 2.37533E-4
      },
      "max" : {
        "ns" : 4835369,
        "us" : 4835.369,
        "ms" : 4.835369,
        "s" : 0.004835369
      }
    },
    "RedundancyAnalyzer.handleFeedback<Analyzer>" : {
      "count" : 8,
      "average" : {
        "ns" : 42500.0,
        "us" : 42.5,
        "ms" : 0.0425,
        "s" : 4.25E-5
      },
      "min" : {
        "ns" : 26082,
        "us" : 26.082,
        "ms" : 0.026082,
        "s" : 2.6082E-5
      },
      "max" : {
        "ns" : 86715,
        "us" : 86.715,
        "ms" : 0.086715,
        "s" : 8.6715E-5
      }
    },
    "StatusAnalyzer.handleFeedback<Analyzer>" : {
      "count" : 8,
      "average" : {
        "ns" : 30318.125,
        "us" : 30.318125,
        "ms" : 0.030318125,
        "s" : 3.0318125E-5
      },
      "min" : {
        "ns" : 5141,
        "us" : 5.141,
        "ms" : 0.005141,
        "s" : 5.141E-6
      },
      "max" : {
        "ns" : 188361,
        "us" : 188.361,
        "ms" : 0.188361,
        "s" : 1.88361E-4
      }
    },
    "BehaviorAnalyzer.handleFeedback<Analyzer>" : {
      "count" : 8,
      "average" : {
        "ns" : 361325.75,
        "us" : 361.32575,
        "ms" : 0.36132575,
        "s" : 3.6132575E-4
      },
      "min" : {
        "ns" : 88185,
        "us" : 88.185,
        "ms" : 0.088185,
        "s" : 8.8185E-5
      },
      "max" : {
        "ns" : 1179138,
        "us" : 1179.138,
        "ms" : 1.179138,
        "s" : 0.001179138
      }
    },
    "TimingAnalyzer.handleFeedback<Analyzer>" : {
      "count" : 8,
      "average" : {
        "ns" : 218330.375,
        "us" : 218.330375,
        "ms" : 0.218330375,
        "s" : 2.18330375E-4
      },
      "min" : {
        "ns" : 51463,
        "us" : 51.463,