{
  "responses" : [ {
    "behaviour" : "Behaviour[uid=controller:POST /v1/faultload/register(54856bce)#0, mode=null]",
    "min_ms" : 47.01877975463867,
    "average_ms" : 47.01877975463867,
    "max_ms" : 47.01877975463867,
    "count" : 1,
    "values" : [ 47.01878 ]
  }, {
    "behaviour" : "Behaviour[uid=controller:POST /v1/faultload/register(54856bce)#0, mode=HTTP_ERROR(500)]",
    "min_ms" : 4.7271342277526855,
    "average_ms" : 5.9504053592681885,
    "max_ms" : 13.649828910827637,
    "count" : 124,
    "values" : [ 7.495654, 7.35408, 7.566876, 9.08826, 6.719542, 6.242976, 5.83164, 7.996449, 6.050512, 6.578551, 5.900064, 8.601772, 6.148094, 5.642848, 9.018552, 8.999742, 10.064135, 8.274523, 7.27028, 8.125305, 5.948018, 6.151997, 5.407636, 5.403657, 6.005385, 5.328936, 5.63575, 5.65172, 5.635179, 5.486838, 6.045957, 5.507801, 5.046222, 5.077813, 5.403158, 5.204169, 5.626953, 5.188854, 5.340757, 5.367357, 6.366479, 5.944393, 5.384787, 5.529918, 6.074745, 5.443808, 5.331256, 4.904271, 5.815757, 4.910561, 5.324876, 5.672371, 5.267388, 5.048373, 5.313446, 5.141554, 5.272785, 5.686894, 5.809381, 5.248325, 5.486348, 5.296637, 5.371377, 6.560901, 5.72422, 5.497848, 5.344124, 6.280917, 5.429991, 5.103633, 5.964744, 5.459598, 5.351197, 5.160183, 6.563552, 9.469829, 5.445052, 5.819146, 5.275435, 5.228146, 5.033362, 5.670601, 5.522718, 6.910801, 5.47762, 6.129625, 6.080696, 5.016672, 5.74314, 5.043213, 5.158114, 5.653509, 5.640521, 5.212595, 5.528178, 5.681111, 6.740719, 5.670349, 5.843823, 5.993346, 5.458472, 5.195084, 5.245059, 5.120536, 5.424636, 6.391149, 6.624203, 5.762202, 5.55842, 13.649829, 5.185865, 5.134534, 5.421408, 5.123794, 5.706042, 5.728575, 5.245345, 4.727134, 5.302995, 5.337755, 5.370917, 5.237514, 6.104483, 5.285342 ]
  }, {
    "behaviour" : "Behaviour[uid=controller:POST /v1/faultload/register(54856bce)#0>proxy1:POST /v1/faultload/register(54856bce)#0, mode=null]",
    "min_ms" : 0.9816219806671143,
    "average_ms" : 2.505086007118225,
    "max_ms" : 30.866352081298828,
    "count" : 25,
    "values" : [ 30.866352, 1.115158, 1.266509, 1.158835, 3.120339, 1.259559, 1.346599, 1.444772, 1.27285, 1.861053, 0.981622, 1.380466, 1.066152, 1.291721, 1.343767, 1.090654, 1.054005, 1.364126, 1.160474, 1.355507, 1.139125, 1.224583, 1.145233, 1.151684, 1.166005 ]
  }, {
    "behaviour" : "Behaviour[uid=controller:POST /v1/faultload/register(54856bce)#0>proxy2:POST /v1/faultload/register(54856bce)#0, mode=null]",
    "min_ms" : 1.0191160440444946,
    "average_ms" : 2.5023220777511597,
    "max_ms" : 31.877288818359375,
    "count" : 25,
    "values" : [ 31.877289, 1.162797, 1.30247, 1.282556, 2.653163, 1.105487, 1.31052, 1.019116, 1.630566, 1.164095, 1.169836, 1.267266, 1.055713, 1.258736, 1.074624, 1.215355, 1.342886, 1.217004, 1.105421, 1.091662, 1.202662, 1.292546, 1.438483, 1.082593, 1.235206 ]
  }, {
    "behaviour" : "Behaviour[uid=controller:POST /v1/faultload/register(54856bce)#0>proxy3:POST /v1/faultload/register(54856bce)#0, mode=null]",
    "min_ms" : 1.0262329578399658,
    "average_ms" : 2.2658511447906493,
    "max_ms" : 22.56151580810547,
    "count" : 25,
    "values" : [ 22.561516, 1.210819, 1.251863, 2.049571, 2.458997, 1.375582, 1.260229, 1.395294, 2.168396, 1.47483, 1.372197, 1.844543, 1.881403, 1.331908, 1.026233, 1.216396, 1.091434, 1.031073, 1.136684, 1.085402, 1.351117, 1.430388, 1.337706, 1.082463, 1.220235 ]
  } ],
  "overhead" : [ {
    "behaviour" : "Behaviour[uid=controller:POST /v1/faultload/register(54856bce)#0, mode=null]",
    "min_ms" : 4.223604202270508,
    "average_ms" : 4.223604202270508,
    "max_ms" : 4.223604202270508,
    "count" : 1,
    "values" : [ 4.223604 ]
  }, {
    "behaviour" : "Behaviour[uid=controller:POST /v1/faultload/register(54856bce)#0, mode=HTTP_ERROR(500)]",
    "min_ms" : 0.9793720245361328,
    "average_ms" : 1.878098350378775,
    "max_ms" : 44.5317268371582,
    "count" : 124,
    "values" : [ 1.646665, 1.351493, 1.50427, 1.489715, 1.574859, 1.592464, 1.492162, 1.60331, 1.418002, 1.701034, 1.383561, 1.747378, 1.493205, 1.345099, 1.64506, 1.998565, 1.838453, 1.60039, 1.395097, 1.562685, 1.402003, 1.308895, 1.205016, 1.26014, 1.266356, 1.421713, 1.230685, 1.533888, 1.471829, 1.339287, 1.235866, 1.295876, 1.160664, 1.189515, 1.172514, 1.21718, 1.326236, 1.117154, 1.346297, 1.58431, 1.495179, 1.206235, 1.349506, 1.109394, 1.254197, 1.370866, 1.177944, 1.313766, 1.310348, 0.979372, 1.309057, 1.091564, 1.215744, 26.422022, 1.158505, 1.157364, 1.237086, 1.10366, 1.119414, 1.189495, 1.103164, 1.491917, 1.278315, 1.507109, 1.425458, 1.28302, 1.179341, 1.22721, 1.139894, 1.122794, 1.061463, 1.353857, 1.158274, 1.234176, 1.887823, 1.336463, 1.274841, 1.303271, 1.225786, 1.241304, 1.242415, 1.374627, 1.307576, 1.763177, 1.268083, 1.123234, 1.154634, 1.158745, 1.182745, 1.064933, 1.425878, 1.111853, 1.228765, 1.321256, 1.353157, 1.229855, 1.516984, 1.432176, 1.211265, 1.190055, 1.276856, 1.274556, 1.1725, 1.422347, 1.209775, 1.174769, 1.480987, 1.462738, 1.503763, 1.56275, 1.245555, 1.400837, 1.379778, 1.245546, 1.235796, 1.335775, 1.111433, 44.531727, 1.162514, 1.364607, 1.138395, 1.137412, 1.410091, 1.107187 ]
  }, {
    "behaviour" : "Behaviour[uid=controller:POST /v1/faultload/register(54856bce)#0>proxy3:POST /v1/faultload/register(54856bce)#0, mode=null]",
    "min_ms" : 0.9864619970321655,
    "average_ms" : 1.8125111293792724,
    "max_ms" : 13.678210258483887,
    "count" : 25,
    "values" : [ 13.67821, 1.665295, 1.029011, 1.304281, 2.062983, 1.104967, 1.413459, 1.080797, 1.507483, 1.236291, 1.365827, 2.393109, 1.303597, 1.254715, 1.282056, 1.246716, 1.140104, 1.000232, 1.096083, 1.162087, 0.986462, 1.302936, 1.407378, 1.156985, 1.131714 ]
  }, {
    "behaviour" : "Behaviour[uid=controller:POST /v1/faultload/register(54856bce)#0>proxy1:POST /v1/faultload/register(54856bce)#0, mode=null]",
    "min_ms" : 0.9883649945259094,
    "average_ms" : 1.6354058718681335,
    "max_ms" : 3.7555770874023438,
    "count" : 25,
    "values" : [ 3.755577, 1.223618, 1.103628, 1.454305, 1.853008, 1.456027, 1.277842, 1.202369, 2.0029, 3.198027, 3.010567, 2.010305, 3.21796, 1.026888, 1.572829, 1.170494, 1.139765, 1.153454, 1.195956, 1.321986, 1.188544, 0.988365, 1.049834, 1.219275, 1.091624 ]
  }, {
    "behaviour" : "Behaviour[uid=controller:POST /v1/faultload/register(54856bce)#0>proxy2:POST /v1/faultload/register(54856bce)#0, mode=HTTP_ERROR(503)]",
    "min_ms" : 0.9016720056533813,
    "average_ms" : 1.4756508731842042,
    "max_ms" : 3.0237069129943848,
    "count" : 25,
    "values" : [ 1.697485, 1.516194, 1.229557, 2.137527, 1.311095, 2.483341, 2.131896, 1.59132, 1.109746, 1.133061, 1.474507, 1.008184, 1.367217, 1.124475, 1.205345, 1.052194, 2.043336, 1.154585, 1.148055, 1.555623, 1.306926, 1.133465, 0.901672, 1.050759, 3.023707 ]
  }, {
    "behaviour" : "Behaviour[uid=controller:POST /v1/faultload/register(54856bce)#0>proxy3:POST /v1/faultload/register(54856bce)#0, mode=HTTP_ERROR(500)]",
    "min_ms" : 0.9216439723968506,
    "average_ms" : 1.3465676832199096,
    "max_ms" : 3.2073988914489746,
    "count" : 25,
    "values" : [ 0.921644, 2.822685, 2.005829, 1.357067, 1.226345, 1.225375, 1.126947, 1.112333, 1.007656, 1.220565, 1.200185, 1.201544, 1.088598, 1.441367, 1.061253, 1.376288, 1.057608, 1.033642, 1.145285, 1.088533, 1.398497, 1.115484, 3.207399, 1.13939, 1.082673 ]
  }, {
    "behaviour" : "Behaviour[uid=controller:POST /v1/faultload/register(54856bce)#0>proxy1:POST /v1/faultload/register(54856bce)#0, mode=HTTP_ERROR(502)]",
    "min_ms" : 0.9071320295333862,
    "average_ms" : 1.3320913648605346,
    "max_ms" : 3.3442459106445312,
    "count" : 25,