{
  "stats" : {
    "nextFaultload" : {
      "count" : 10,
      "average" : {
        "ns" : 3736047.5,
        "us" : 3736.0475,
        "ms" : 3.7360475,
        "s" : 0.0037360475
      },
      "min" : {
        "ns" : 2095565,
        "us" : 2095.565,
        "ms" : 2.095565,
        "s" : 0.002095565
      },
      "max" : {
        "ns" : 10756239,
        "us" : 10756.239,
        "ms" : 10.756239,
        "s" : 0.010756239
      }
    },
    "Per test" : {
      "count" : 9,
      "average" : {
        "ns" : 5.724512388888889E7,
        "us" : 57245.12388888889,
        "ms" : 57.24512388888889,
        "s" : 0.05724512388888889
      },
      "min" : {
        "ns" : 28097784,
        "us" : 28097.784,
        "ms" : 28.097784,
        "s" : 0.028097784
      },
      "max" : {
        "ns" : 231383783,
        "us" : 231383.783,
        "ms" : 231.383783,
        "s" : 0.231383783
      }
    },
    "registerFaultload" : {
      "count" : 9,
      "average" : {
        "ns" : 1.6233377666666666E7,
        "us" : 16233.377666666665,
        "ms" : 16.233377666666666,
        "s" : 0.016233377666666667
      },
      "min" : {
        "ns" : 2705985,
        "us" : 2705.985,
        "ms" : 2.705985,
        "s" : 0.002705985
      },
      "max" : {
        "ns" : 106054439,
        "us" : 106054.439,
        "ms" : 106.054439,
        "s" : 0.106054439
      }
    },
    "testMethod" : {
      "count" : 9,
      "average" : {
        "ns" : 1.4526457111111112E7,
        "us" : 14526.457111111113,
        "ms" : 14.526457111111112,
        "s" : 0.014526457111111111
      },
      "min" : {
        "ns" : 11907374,
        "us" : 11907.374,
        "ms" : 11.907374,
        "s" : 0.011907374
      },
      "max" : {
        "ns" : 19859025,
        "us" : 19859.025,
        "ms" : 19.859025,
        "s" : 0.019859025
      }
    },
    "getTraceWithDelay" : {
      "count" : 9,
      "average" : {
        "ns" : 2.6255237555555556E7,
        "us" : 26255.237555555555,
        "ms" : 26.255237555555556,
        "s" : 0.026255237555555557
      },
      "min" : {
        "ns" : 12702900,
        "us" : 12702.9,
        "ms" : 12.7029,
        "s" : 0.0127029
      },
      "max" : {
        "ns" : 105209012,
        "us" : 105209.012,
        "ms" : 105.209012,
        "s" : 0.105209012
      }
    },
    "getTrace" : {
      "count" : 9,
      "average" : {
        "ns" : 1.5992881333333334E7,
        "us" : 15992.881333333335,
        "ms" : 15.992881333333335,
        "s" : 0.015992881333333334
      },
      "min" : {
        "ns" : 7226428,
        "us" : 7226.428,
        "ms" : 7.226428,
        "s" : 0.007226428
      },
      "max" : {
        "ns" : 74391842,
        "us" : 74391.842,
        "ms" : 74.391842,
        "s" : 0.074391842
      }
    },
    "handleResult" : {
      "count" : 9,
      "average" : {
        "ns" : 6615052.555555556,
        "us" : 6615.052555555556,
        "ms" : 6.615052555555556,
        "s" : 0.006615052555555556
      },
      "min" : {
        "ns" : 2514379,
        "us" : 2514.379,
        "ms" : 2.514379,
        "s" : 0.002514379
      },
      "max" : {
        "ns" : 22077495,
        "us" : 22077.495,
        "ms" : 22.077495,
        "s" : 0.022077495
      }
    },
    "StrategyRunner.analyze" : {
      "count" : 9,
      "average" : {
        "ns" : 6449402.888888889,
        "us" : 6449.402888888889,
        "ms" : 6.449402888888889,
        "s" : 0.006449402888888889
      },
      "min" : {
        "ns" : 2416676,
        "us" : 2416.676,
        "ms" : 2.416676,
        "s" : 0.002416676
      },
      "max" : {
        "ns" : 21655382,
        "us" : 21655.382,
        "ms" : 21.655382,
        "s" : 0.021655382
      }
    },
    "DynamicExplorationGenerator.handleFeedback<Analyzer>" : {
      "count" : 9,
      "average" : {
        "ns" : 1068978.0,
        "us" : 1068.978,
        "ms" : 1.068978,
        "s" : 0.001068978
      },
      "min" : {
        "ns" : 83303,
        "us" : 83.303,
        "ms" : 0.083303,
        "s" : 8.3303E-5
      },
      "max" : {
        "ns" : 5672979,
        "us" : 5672.979,
        "ms" : 5.672979,
        "s" : 0.005672979
      }
    },
    "HappyPathDetector.handleFeedback<Analyzer>" : {
      "count" : 9,
      "average" : {
        "ns" : 84980.33333333333,
        "us" : 84.98033333333333,
        "ms" : 0.08498033333333332,
        "s" : 8.498033333333332E-5
      },
      "min" : {
        "ns" : 3100,
        "us" : 3.1,
        "ms" : 0.0031,
        "s" : 3.1E-6
      },
      "max" : {
        "ns" : 728023,
        "us" : 728.023,
        "ms" : 0.728023,
        "s" : 7.28023E-4
      }
    },
    "ParentChildDetector.handleFeedback<Analyzer>" : {
      "count" : 9,
      "average" : {
        "ns" : 1143747.111111111,
        "us" : 1143.747111111111,
        "ms" : 1.143747111111111,
        "s" : 0.001143747111111111
      },
      "min" : {
        "ns" : 44302,
        "us" : 44.302,
        "ms" : 0.044302,
        "s" : 4.4302E-5
      },
      "max" : {
        "ns" : 9639304,
        "us" : 9639.304,
        "ms" : 9.639304,
        "s" : 0.009639304
      }
    },
    "HappensBeforeNeighbourDetector.handleFeedback<Analyzer>" : {
      "count" : 9,
      "average" : {
        "ns" : 532483.2222222222,
        "us" : 532.4832222222223,
        "ms" : 0.5324832222222222,
        "s" : 5.324832222222222E-4
      },
      "min" : {
        "ns" : 13700,
        "us" : 13.7,
        "ms" : 0.0137,
        "s" : 1.37E-5
      },
      "max" : {
        "ns" : 1220938,
        "us" : 1220.938,
        "ms" : 1.220938,
        "s" : 0.001220938
      }
    },
    "ErrorPropagationDetector.handleFeedback<Analyzer>" : {
      "count" : 9,
      "average" : {
        "ns" : 318454.55555555556,
        "us" : 318.45455555555554,
        "ms" : 0.3184545555555556,
        "s" : 3.184545555555556E-4
      },
      "min" : {
        "ns" : 4000,
        "us" : 4.0,
        "ms" : 0.004,
        "s" : 4.0E-6
      },
      "max" : {
        "ns" : 1545148,
        "us" : 1545.148,
        "ms" : 1.545148,
        "s" : 0.001545148
      }
    },
    "ConditionalPointDetector.handleFeedback<Analyzer>" : {
      "count" : 9,
      "average" : {
        "ns" : 2168901.888888889,
        "us" : 2168.901888888889,
        "ms" : 2.168901888888889,
        "s" : 0.002168901888888889
      },
      "min" : {
        "ns" : 256208,
        "us" : 256.208,
        "ms" : 0.256208,
        "s" : 2.56208E-4
      },
      "max" : {
        "ns" : 7503036,
        "us" : 7503.036,
        "ms" : 7.503036,
        "s" : 0.007503036
      }
    },
    "RedundancyAnalyzer.handleFeedback<Analyzer>" : {
      "count" : 9,
      "average" : {
        "ns" : 38434.555555555555,
        "us" : 38.434555555555555,
        "ms" : 0.038434555555555555,
        "s" : 3.843455555555556E-5
      },
      "min" : {
        "ns" : 16500,
        "us" : 16.5,
        "ms" : 0.0165,
        "s" : 1.65E-5
      },
      "max" : {
        "ns" : 94503,
        "us" : 94.503,
        "ms" : 0.094503,
        "s" : 9.4503E-5
      }
    },
    "StatusAnalyzer.handleFeedback<Analyzer>" : {
      "count" : 9,
      "average" : {
        "ns" : 20711.666666666668,
        "us" : 20.71166666666667,
        "ms" : 0.020711666666666666,
        "s" : 2.0711666666666667E-5
      },
      "min" : {
        "ns" : 4001,
        "us" : 4.001,
        "ms" : 0.004001,
        "s" : 4.001E-6
      },
      "max" : {
        "ns" : 140904,
        "us" : 140.904,
        "ms" : 0.140904,
        "s" : 1.40904E-4
      }
    },
    "BehaviorAnalyzer.handleFeedback<Analyzer>" : {
      "count" : 9,
      "average" : {
        "ns" : 549539.6666666666,
        "us" : 549.5396666666667,
        "ms" : 0.5495396666666666,
        "s" : 5.495396666666667E-4
      },
      "min" : {
        "ns" : 250108,
        "us" : 250.108,
        "ms" : 0.250108,