{
    "per_key": {
        "nextFaultload": {
            "n": 22,
            "mean": 1.6365572727272726,
            "median": 1.569013,
            "std": 0.5798279511903965,
            "min": 0.023461,
            "max": 2.774102,
            "p25": 1.252403,
            "p50": 1.569013,
            "p75": 2.0570312499999996,
            "p90": 2.3156738,
            "p95": 2.3595819,
            "p99": 2.6874774199999996
        },
        "Per test": {
            "n": 21,
            "mean": 43.36487314285714,
            "median": 31.63583,
            "std": 44.926615545190245,
            "min": 26.83633,
            "max": 241.45514699999998,
            "p25": 28.563119999999998,
            "p50": 31.63583,
            "p75": 37.726420999999995,
            "p90": 45.808406,
            "p95": 59.836203,
            "p99": 205.1313582000001
        },
        "registerFaultload": {
            "n": 21,
            "mean": 9.389068904761904,
            "median": 3.376225,
            "std": 23.513875400263665,
            "min": 2.8653239999999998,
            "max": 113.493426,
            "p25": 3.13274,
            "p50": 3.376225,
            "p75": 3.764019,
            "p90": 4.1855329999999995,
            "p95": 18.919135,
            "p99": 94.57856780000006
        },
        "unregisterFautload": {
            "n": 21,
            "mean": 3.1365626666666664,
            "median": 3.189451,
            "std": 0.3289077723000249,
            "min": 2.7235899999999997,
            "max": 3.8610759999999997,
            "p25": 2.8360019999999997,
            "p50": 3.189451,
            "p75": 3.2903119999999997,
            "p90": 3.6501419999999998,
            "p95": 3.7273539999999996,
            "p99": 3.8343315999999996
        },
        "testMethod": {
            "n": 21,
            "mean": 15.531452571428572,
            "median": 14.128255999999999,
            "std": 4.183737769357893,
            "min": 12.803187,
            "max": 32.777474999999995,
            "p25": 13.622555,
            "p50": 14.128255999999999,
            "p75": 16.040129999999998,
            "p90": 17.350099,
            "p95": 19.043837999999997,
            "p99": 30.030747600000005
        },
        "getTraceWithDelay": {
            "n": 21,
            "mean": 18.460811857142854,
            "median": 13.890151999999999,
            "std": 17.631770885510036,
            "min": 10.991216,
            "max": 95.10709399999999,
            "p25": 12.084394,
            "p50": 13.890151999999999,
            "p75": 15.612406,
            "p90": 23.581388999999998,
            "p95": 27.572408,
            "p99": 81.60015680000004
        },
        "handleResult": {
            "n": 21,
            "mean": 3.8578783809523802,
            "median": 2.290404,
            "std": 3.7331520872981607,
            "min": 1.663417,
            "max": 14.787811999999999,
            "p25": 2.101587,
            "p50": 2.290404,
            "p75": 3.0929409999999997,
            "p90": 9.066694,
            "p95": 13.948062,
            "p99": 14.619862
        },
        "Total test time": {
            "n": 1,
            "mean": 1251.1398159999999,
            "median": 1251.1398159999999,
            "std": 0.0,
            "min": 1251.1398159999999,
            "max": 1251.1398159999999,
            "p25": 1251.1398159999999,
            "p50": 1251.1398159999999,
            "p75": 1251.1398159999999,
            "p90": 1251.1398159999999,
            "p95": 1251.1398159999999,
            "p99": 1251.1398159999999
        },
        "getExpectedPoints": {
            "n": 40,
            "mean": 0.45306742499999997,
            "median": 0.41237899999999994,
            "std": 0.2206085703425739,
            "min": 0.152313,
            "max": 1.286409,
            "p25": 0.310422,
            "p50": 0.41237899999999994,
            "p75": 0.557312,
            "p90": 0.619945,
            "p95": 0.9205095999999998,
            "p99": 1.1609705699999997
        }
    }
}