{
  "stats" : {
    "nextFaultload" : {
      "count" : 9,
      "average" : {
        "ns" : 2394360.5555555555,
        "us" : 2394.3605555555555,
        "ms" : 2.3943605555555556,
        "s" : 0.0023943605555555554
      },
      "min" : {
        "ns" : 658325,
        "us" : 658.325,
        "ms" : 0.658325,
        "s" : 6.58325E-4
      },
      "max" : {
        "ns" : 4079260,
        "us" : 4079.26,
        "ms" : 4.07926,
        "s" : 0.00407926
      }
    },
    "Per test" : {
      "count" : 8,
      "average" : {
        "ns" : 6.0084048875E7,
        "us" : 60084.048875,
        "ms" : 60.084048875,
        "s" : 0.060084048875
      },
      "min" : {
        "ns" : 24215452,
        "us" : 24215.452,
        "ms" : 24.215452,
        "s" : 0.024215452
      },
      "max" : {
        "ns" : 238248164,
        "us" : 238248.164,
        "ms" : 238.248164,
        "s" : 0.238248164
      }
    },
    "registerFaultload" : {
      "count" : 8,
      "average" : {
        "ns" : 1.8477838875E7,
        "us" : 18477.838875,
        "ms" : 18.477838875,
        "s" : 0.018477838875
      },
      "min" : {
        "ns" : 2867013,
        "us" : 2867.013,
        "ms" : 2.867013,
        "s" : 0.002867013
      },
      "max" : {
        "ns" : 108275756,
        "us" : 108275.756,
        "ms" : 108.275756,
        "s" : 0.108275756
      }
    },
    "testMethod" : {
      "count" : 8,
      "average" : {
        "ns" : 1.4515283E7,
        "us" : 14515.283,
        "ms" : 14.515283,
        "s" : 0.014515283
      },
      "min" : {
        "ns" : 8809446,
        "us" : 8809.446,
        "ms" : 8.809446,
        "s" : 0.008809446
      },
      "max" : {
        "ns" : 25499402,
        "us" : 25499.402,
        "ms" : 25.499402,
        "s" : 0.025499402
      }
    },
    "getTraceWithDelay" : {
      "count" : 8,
      "average" : {
        "ns" : 2.6854192875E7,
        "us" : 26854.192875,
        "ms" : 26.854192875,
        "s" : 0.026854192875
      },
      "min" : {
        "ns" : 11678859,
        "us" : 11678.859,
        "ms" : 11.678859,
        "s" : 0.011678859
      },
      "max" : {
        "ns" : 104138793,
        "us" : 104138.793,
        "ms" : 104.138793,
        "s" : 0.104138793
      }
    },
    "getTrace" : {
      "count" : 8,
      "average" : {
        "ns" : 1.7113510125E7,
        "us" : 17113.510125,
        "ms" : 17.113510125,
        "s" : 0.017113510125
      },
      "min" : {
        "ns" : 6987075,
        "us" : 6987.075,
        "ms" : 6.987075,
        "s" : 0.006987075
      },
      "max" : {
        "ns" : 73981008,
        "us" : 73981.008,
        "ms" : 73.981008,
        "s" : 0.073981008
      }
    },
    "handleResult" : {
      "count" : 8,
      "average" : {
        "ns" : 6053775.5,
        "us" : 6053.7755,
        "ms" : 6.0537755,
        "s" : 0.0060537755
      },
      "min" : {
        "ns" : 1913275,
        "us" : 1913.275,
        "ms" : 1.913275,
        "s" : 0.001913275
      },
      "max" : {
        "ns" : 21327039,
        "us" : 21327.039,
        "ms" : 21.327039,
        "s" : 0.021327039
      }
    },
    "StrategyRunner.analyze" : {
      "count" : 8,
      "average" : {
        "ns" : 5906756.875,
        "us" : 5906.756875,
        "ms" : 5.906756875,
        "s" : 0.005906756875
      },
      "min" : {
        "ns" : 1834572,
        "us" : 1834.572,
        "ms" : 1.834572,
        "s" : 0.001834572
      },
      "max" : {
        "ns" : 20878121,
        "us" : 20878.121,
        "ms" : 20.878121,
        "s" : 0.020878121
      }
    },
    "DynamicExplorationGenerator.handleFeedback<Analyzer>" : {
      "count" : 8,
      "average" : {
        "ns" : 1077492.375,
        "us" : 1077.492375,
        "ms" : 1.077492375,
        "s" : 0.001077492375
      },
      "min" : {
        "ns" : 87703,
        "us" : 87.703,
        "ms" : 0.087703,
        "s" : 8.7703E-5
      },
      "max" : {
        "ns" : 6387051,
        "us" : 6387.051,
        "ms" : 6.387051,
        "s" : 0.006387051
      }
    },
    "HappyPathDetector.handleFeedback<Analyzer>" : {
      "count" : 8,
      "average" : {
        "ns" : 68128.0,
        "us" : 68.128,
        "ms" : 0.068128,
        "s" : 6.8128E-5
      },
      "min" : {
        "ns" : 3401,
        "us" : 3.401,
        "ms" : 0.003401,
        "s" : 3.401E-6
      },
      "max" : {
        "ns" : 516321,
        "us" : 516.321,
        "ms" : 0.516321,
        "s" : 5.16321E-4
      }
    },
    "ParentChildDetector.handleFeedback<Analyzer>" : {
      "count" : 8,
      "average" : {
        "ns" : 1076329.875,
        "us" : 1076.329875,
        "ms" : 1.076329875,
        "s" : 0.001076329875
      },
      "min" : {
        "ns" : 43602,
        "us" : 43.602,
        "ms" : 0.043602,
        "s" : 4.3602E-5
      },
      "max" : {
        "ns" : 8031916,
        "us" : 8031.916,
        "ms" : 8.031916,
        "s" : 0.008031916
      }
    },
    "HappensBeforeNeighbourDetector.handleFeedback<Analyzer>" : {
      "count" : 8,
      "average" : {
        "ns" : 397977.75,
        "us" : 397.97775,
        "ms" : 0.39797775,
        "s" : 3.9797775E-4
      },
      "min" : {
        "ns" : 15600,
        "us" : 15.6,
        "ms" : 0.0156,
        "s" : 1.56E-5
      },
      "max" : {
        "ns" : 1354253,
        "us" : 1354.253,
        "ms" : 1.354253,
        "s" : 0.001354253
      }
    },
    "ErrorPropagationDetector.handleFeedback<Analyzer>" : {
      "count" : 8,
      "average" : {
        "ns" : 869734.25,
        "us" : 869.73425,
        "ms" : 0.86973425,
        "s" : 8.6973425E-4
      },
      "min" : {
        "ns" : 14401,
        "us" : 14.401,
        "ms" : 0.014401,
        "s" : 1.4401E-5
      },
      "max" : {
        "ns" : 2786110,
        "us" : 2786.11,
        "ms" : 2.78611,
        "s" : 0.00278611
      }
    },
    "ConditionalPointDetector.handleFeedback<Analyzer>" : {
      "count" : 8,
      "average" : {
        "ns" : 825457.5,
        "us" : 825.4575,
        "ms" : 0.8254575,
        "s" : 8.254575E-4
      },
      "min" : {
        "ns" : 112505,
        "us" : 112.505,
        "ms" : 0.112505,
        "s" : 1.12505E-4
      },
      "max" : {
        "ns" : 4666984,
        "us" : 4666.984,
        "ms" : 4.666984,
        "s" : 0.004666984
      }
    },
    "RedundancyAnalyzer.handleFeedback<Analyzer>" : {
      "count" : 8,
      "average" : {
        "ns" : 35139.0,
        "us" : 35.139,
        "ms" : 0.035139,
        "s" : 3.5139E-5
      },
      "min" : {
        "ns" : 20301,
        "us" : 20.301,
        "ms" : 0.020301,
        "s" : 2.0301E-5
      },
      "max" : {
        "ns" : 64303,
        "us" : 64.303,
        "ms" : 0.064303,
        "s" : 6.4303E-5
      }
    },
    "StatusAnalyzer.handleFeedback<Analyzer>" : {
      "count" : 8,
      "average" : {
        "ns" : 27288.625,
        "us" : 27.288625,
        "ms" : 0.027288625,
        "s" : 2.7288625E-5
      },
      "min" : {
        "ns" : 4300,
        "us" : 4.3,
        "ms" : 0.0043,
        "s" : 4.3E-6
      },
      "max" : {
        "ns" : 178307,
        "us" : 178.307,
        "ms" : 0.178307,
        "s" : 1.78307E-4
      }
    },
    "BehaviorAnalyzer.handleFeedback<Analyzer>" : {
      "count" : 8,
      "average" : {
        "ns" : 589435.625,
        "us" : 589.435625,
        "ms" : 0.589435625,
        "s" : 5.89435625E-4
      },
      "min" : {
        "ns" : 264810,
        "us" : 264.81,
        "ms" : 0.26481,
        "s" : 2.6481E-4
      },
      "max" : {
        "ns" : 1474458,
        "us" : 1474.458,
        "ms" : 1.474458,
        "s" : 0.001474458
      }
    },
    "TimingAnalyzer.handleFeedback<Analyzer>" : {
      "count" : 8,
      "average" : {
        "ns" : 204233.125,
        "us" : 204.233125,
        "ms" : 0.204233125,
        "s" : 2.04233125E-4
      },
      "min" : {
        "ns" : 51202,
        "us" : 51.202,