{
  "stats" : {
    "nextFaultload" : {
      "count" : 9,
      "average" : {
        "ns" : 2435755.111111111,
        "us" : 2435.755111111111,
        "ms" : 2.435755111111111,
        "s" : 0.002435755111111111
      },
      "min" : {
        "ns" : 880836,
        "us" : 880.836,
        "ms" : 0.880836,
        "s" : 8.80836E-4
      },
      "max" : {
        "ns" : 4105168,
        "us" : 4105.168,
        "ms" : 4.105168,
        "s" : 0.004105168
      }
    },
    "Per test" : {
      "count" : 8,
      "average" : {
        "ns" : 6.2450171E7,
        "us" : 62450.171,
        "ms" : 62.450171,
        "s" : 0.062450171
      },
      "min" : {
        "ns" : 24509599,
        "us" : 24509.599,
        "ms" : 24.509599,
        "s" : 0.024509599
      },
      "max" : {
        "ns" : 258859953,
        "us" : 258859.953,
        "ms" : 258.859953,
        "s" : 0.258859953
      }
    },
    "registerFaultload" : {
      "count" : 8,
      "average" : {
        "ns" : 2.07847225E7,
        "us" : 20784.7225,
        "ms" : 20.7847225,
        "s" : 0.0207847225
      },
      "min" : {
        "ns" : 3063125,
        "us" : 3063.125,
        "ms" : 3.063125,
        "s" : 0.003063125
      },
      "max" : {
        "ns" : 128008419,
        "us" : 128008.419,
        "ms" : 128.008419,
        "s" : 0.128008419
      }
    },
    "testMethod" : {
      "count" : 8,
      "average" : {
        "ns" : 1.4448401625E7,
        "us" : 14448.401625,
        "ms" : 14.448401625,
        "s" : 0.014448401625
      },
      "min" : {
        "ns" : 8678854,
        "us" : 8678.854,
        "ms" : 8.678854,
        "s" : 0.008678854
      },
      "max" : {
        "ns" : 25277330,
        "us" : 25277.33,
        "ms" : 25.27733,
        "s" : 0.02527733
      }
    },
    "getTraceWithDelay" : {
      "count" : 8,
      "average" : {
        "ns" : 2.6967349375E7,
        "us" : 26967.349375,
        "ms" : 26.967349375,
        "s" : 0.026967349375
      },
      "min" : {
        "ns" : 11515269,
        "us" : 11515.269,
        "ms" : 11.515269,
        "s" : 0.011515269
      },
      "max" : {
        "ns" : 105284892,
        "us" : 105284.892,
        "ms" : 105.284892,
        "s" : 0.105284892
      }
    },
    "getTrace" : {
      "count" : 8,
      "average" : {
        "ns" : 1.7181800375E7,
        "us" : 17181.800375,
        "ms" : 17.181800375,
        "s" : 0.017181800375
      },
      "min" : {
        "ns" : 6595869,
        "us" : 6595.869,
        "ms" : 6.595869,
        "s" : 0.006595869
      },
      "max" : {
        "ns" : 75639384,
        "us" : 75639.384,
        "ms" : 75.639384,
        "s" : 0.075639384
      }
    },
    "handleResult" : {
      "count" : 8,
      "average" : {
        "ns" : 5964918.0,
        "us" : 5964.918,
        "ms" : 5.964918,
        "s" : 0.005964918
      },
      "min" : {
        "ns" : 1908177,
        "us" : 1908.177,
        "ms" : 1.908177,
        "s" : 0.001908177
      },
      "max" : {
        "ns" : 20933253,
        "us" : 20933.253,
        "ms" : 20.933253,
        "s" : 0.020933253
      }
    },
    "StrategyRunner.analyze" : {
      "count" : 8,
      "average" : {
        "ns" : 5835475.5,
        "us" : 5835.4755,
        "ms" : 5.8354755,
        "s" : 0.0058354755
      },
      "min" : {
        "ns" : 1828074,
        "us" : 1828.074,
        "ms" : 1.828074,
        "s" : 0.001828074
      },
      "max" : {
        "ns" : 20608740,
        "us" : 20608.74,
        "ms" : 20.60874,
        "s" : 0.02060874
      }
    },
    "DynamicExplorationGenerator.handleFeedback<Analyzer>" : {
      "count" : 8,
      "average" : {
        "ns" : 1069931.125,
        "us" : 1069.931125,
        "ms" : 1.069931125,
        "s" : 0.001069931125
      },
      "min" : {
        "ns" : 78803,
        "us" : 78.803,
        "ms" : 0.078803,
        "s" : 7.8803E-5
      },
      "max" : {
        "ns" : 6319458,
        "us" : 6319.458,
        "ms" : 6.319458,
        "s" : 0.006319458
      }
    },
    "HappyPathDetector.handleFeedback<Analyzer>" : {
      "count" : 8,
      "average" : {
        "ns" : 59840.0,
        "us" : 59.84,
        "ms" : 0.05984,
        "s" : 5.984E-5
      },
      "min" : {
        "ns" : 2800,
        "us" : 2.8,
        "ms" : 0.0028,
        "s" : 2.8E-6
      },
      "max" : {
        "ns" : 450418,
        "us" : 450.418,
        "ms" : 0.450418,
        "s" : 4.50418E-4
      }
    },
    "ParentChildDetector.handleFeedback<Analyzer>" : {
      "count" : 8,
      "average" : {
        "ns" : 1054705.5,
        "us" : 1054.7055,
        "ms" : 1.0547055,
        "s" : 0.0010547055
      },
      "min" : {
        "ns" : 39202,
        "us" : 39.202,
        "ms" : 0.039202,
        "s" : 3.9202E-5
      },
      "max" : {
        "ns" : 7899422,
        "us" : 7899.422,
        "ms" : 7.899422,
        "s" : 0.007899422
      }
    },
    "HappensBeforeNeighbourDetector.handleFeedback<Analyzer>" : {
      "count" : 8,
      "average" : {
        "ns" : 405341.375,
        "us" : 405.341375,
        "ms" : 0.405341375,
        "s" : 4.05341375E-4
      },
      "min" : {
        "ns" : 12100,
        "us" : 12.1,
        "ms" : 0.0121,
        "s" : 1.21E-5
      },
      "max" : {
        "ns" : 1360055,
        "us" : 1360.055,
        "ms" : 1.360055,
        "s" : 0.001360055
      }
    },
    "ErrorPropagationDetector.handleFeedback<Analyzer>" : {
      "count" : 8,
      "average" : {
        "ns" : 927175.25,
        "us" : 927.17525,
        "ms" : 0.92717525,
        "s" : 9.2717525E-4
      },
      "min" : {
        "ns" : 16101,
        "us" : 16.101,
        "ms" : 0.016101,
        "s" : 1.6101E-5
      },
      "max" : {
        "ns" : 2784514,
        "us" : 2784.514,
        "ms" : 2.784514,
        "s" : 0.002784514
      }
    },
    "ConditionalPointDetector.handleFeedback<Analyzer>" : {
      "count" : 8,
      "average" : {
        "ns" : 796232.625,
        "us" : 796.232625,
        "ms" : 0.796232625,
        "s" : 7.96232625E-4
      },
      "min" : {
        "ns" : 159907,
        "us" : 159.907,
        "ms" : 0.159907,
        "s" : 1.59907E-4
      },
      "max" : {
        "ns" : 4587287,
        "us" : 4587.287,
        "ms" : 4.587287,
        "s" : 0.004587287
      }
    },
    "RedundancyAnalyzer.handleFeedback<Analyzer>" : {
      "count" : 8,
      "average" : {
        "ns" : 35626.375,
        "us" : 35.626375,
        "ms" : 0.035626375,
        "s" : 3.5626375E-5
      },
      "min" : {
        "ns" : 24601,
        "us" : 24.601,
        "ms" : 0.024601,
        "s" : 2.4601E-5
      },
      "max" : {
        "ns" : 67803,
        "us" : 67.803,
        "ms" : 0.067803,
        "s" : 6.7803E-5
      }
    },
    "StatusAnalyzer.handleFeedback<Analyzer>" : {
      "count" : 8,
      "average" : {
        "ns" : 30238.625,
        "us" : 30.238625,
        "ms" : 0.030238625,
        "s" : 3.0238625E-5
      },
      "min" : {
        "ns" : 4600,
        "us" : 4.6,
        "ms" : 0.0046,
        "s" : 4.6E-6
      },
      "max" : {
        "ns" : 205009,
        "us" : 205.009,
        "ms" : 0.205009,
        "s" : 2.05009E-4
      }
    },
    "BehaviorAnalyzer.handleFeedback<Analyzer>" : {
      "count" : 8,
      "average" : {
        "ns" : 550672.5,
        "us" : 550.6725,
        "ms" : 0.5506725,
        "s" : 5.506725E-4
      },
      "min" : {
        "ns" : 258411,
        "us" : 258.411,
        "ms" : 0.258411,
        "s" : 2.58411E-4
      },
      "max" : {
        "ns" : 1480461,
        "us" : 1480.461,
        "ms" : 1.480461,
        "s" : 0.001480461
      }
    },
    "TimingAnalyzer.handleFeedback<Analyzer>" : {
      "count" : 8,
      "average" : {
        "ns" : 190132.875,
        "us" : 190.132875,
        "ms" : 0.190132875,
        "s" : 1.90132875E-4
      },
      "min" : {
        "ns" : 49802,
        "us" : 49.802,
        "ms" : 0.049802,