{
  "stats" : {
    "nextFaultload" : {
      "count" : 9,
      "average" : {
        "ns" : 2369923.222222222,
        "us" : 2369.923222222222,
        "ms" : 2.369923222222222,
        "s" : 0.002369923222222222
      },
      "min" : {
        "ns" : 730131,
        "us" : 730.131,
        "ms" : 0.730131,
        "s" : 7.30131E-4
      },
      "max" : {
        "ns" : 4220280,
        "us" : 4220.28,
        "ms" : 4.22028,
        "s" : 0.00422028
      }
    },
    "Per test" : {
      "count" : 8,
      "average" : {
        "ns" : 6.02862505E7,
        "us" : 60286.2505,
        "ms" : 60.2862505,
        "s" : 0.0602862505
      },
      "min" : {
        "ns" : 24106525,
        "us" : 24106.525,
        "ms" : 24.106525,
        "s" : 0.024106525
      },
      "max" : {
        "ns" : 241315659,
        "us" : 241315.659,
        "ms" : 241.315659,
        "s" : 0.241315659
      }
    },
    "registerFaultload" : {
      "count" : 8,
      "average" : {
        "ns" : 1.8569939375E7,
        "us" : 18569.939375,
        "ms" : 18.569939375,
        "s" : 0.018569939375
      },
      "min" : {
        "ns" : 2739316,
        "us" : 2739.316,
        "ms" : 2.739316,
        "s" : 0.002739316
      },
      "max" : {
        "ns" : 109571558,
        "us" : 109571.558,
        "ms" : 109.571558,
        "s" : 0.109571558
      }
    },
    "testMethod" : {
      "count" : 8,
      "average" : {
        "ns" : 1.4507417E7,
        "us" : 14507.417,
        "ms" : 14.507417,
        "s" : 0.014507417
      },
      "min" : {
        "ns" : 8726471,
        "us" : 8726.471,
        "ms" : 8.726471,
        "s" : 0.008726471
      },
      "max" : {
        "ns" : 26175813,
        "us" : 26175.813,
        "ms" : 26.175813,
        "s" : 0.026175813
      }
    },
    "getTraceWithDelay" : {
      "count" : 8,
      "average" : {
        "ns" : 2.6956483375E7,
        "us" : 26956.483375,
        "ms" : 26.956483375,
        "s" : 0.026956483375
      },
      "min" : {
        "ns" : 11307881,
        "us" : 11307.881,
        "ms" : 11.307881,
        "s" : 0.011307881
      },
      "max" : {
        "ns" : 105261875,
        "us" : 105261.875,
        "ms" : 105.261875,
        "s" : 0.105261875
      }
    },
    "getTrace" : {
      "count" : 8,
      "average" : {
        "ns" : 1.7168867375E7,
        "us" : 17168.867375,
        "ms" : 17.168867375,
        "s" : 0.017168867375
      },
      "min" : {
        "ns" : 6756987,
        "us" : 6756.987,
        "ms" : 6.756987,
        "s" : 0.006756987
      },
      "max" : {
        "ns" : 75175996,
        "us" : 75175.996,
        "ms" : 75.175996,
        "s" : 0.075175996
      }
    },
    "handleResult" : {
      "count" : 8,
      "average" : {
        "ns" : 6022955.875,
        "us" : 6022.955875,
        "ms" : 6.022955875,
        "s" : 0.006022955875
      },
      "min" : {
        "ns" : 1933982,
        "us" : 1933.982,
        "ms" : 1.933982,
        "s" : 0.001933982
      },
      "max" : {
        "ns" : 20962391,
        "us" : 20962.391,
        "ms" : 20.962391,
        "s" : 0.020962391
      }
    },
    "StrategyRunner.analyze" : {
      "count" : 8,
      "average" : {
        "ns" : 5868686.875,
        "us" : 5868.686875,
        "ms" : 5.868686875,
        "s" : 0.005868686875
      },
      "min" : {
        "ns" : 1853879,
        "us" : 1853.879,
        "ms" : 1.853879,
        "s" : 0.001853879
      },
      "max" : {
        "ns" : 20583075,
        "us" : 20583.075,
        "ms" : 20.583075,
        "s" : 0.020583075
      }
    },
    "DynamicExplorationGenerator.handleFeedback<Analyzer>" : {
      "count" : 8,
      "average" : {
        "ns" : 1095471.75,
        "us" : 1095.47175,
        "ms" : 1.09547175,
        "s" : 0.00109547175
      },
      "min" : {
        "ns" : 71803,
        "us" : 71.803,
        "ms" : 0.071803,
        "s" : 7.1803E-5
      },
      "max" : {
        "ns" : 6321069,
        "us" : 6321.069,
        "ms" : 6.321069,
        "s" : 0.006321069
      }
    },
    "HappyPathDetector.handleFeedback<Analyzer>" : {
      "count" : 8,
      "average" : {
        "ns" : 81178.25,
        "us" : 81.17825,
        "ms" : 0.08117825,
        "s" : 8.117825E-5
      },
      "min" : {
        "ns" : 3300,
        "us" : 3.3,
        "ms" : 0.0033,
        "s" : 3.3E-6
      },
      "max" : {
        "ns" : 619226,
        "us" : 619.226,
        "ms" : 0.619226,
        "s" : 6.19226E-4
      }
    },
    "ParentChildDetector.handleFeedback<Analyzer>" : {
      "count" : 8,
      "average" : {
        "ns" : 1064145.625,
        "us" : 1064.145625,
        "ms" : 1.064145625,
        "s" : 0.001064145625
      },
      "min" : {
        "ns" : 38702,
        "us" : 38.702,
        "ms" : 0.038702,
        "s" : 3.8702E-5
      },
      "max" : {
        "ns" : 7945138,
        "us" : 7945.138,
        "ms" : 7.945138,
        "s" : 0.007945138
      }
    },
    "HappensBeforeNeighbourDetector.handleFeedback<Analyzer>" : {
      "count" : 8,
      "average" : {
        "ns" : 405017.125,
        "us" : 405.017125,
        "ms" : 0.405017125,
        "s" : 4.05017125E-4
      },
      "min" : {
        "ns" : 10501,
        "us" : 10.501,
        "ms" : 0.010501,
        "s" : 1.0501E-5
      },
      "max" : {
        "ns" : 1341557,
        "us" : 1341.557,
        "ms" : 1.341557,
        "s" : 0.001341557
      }
    },
    "ErrorPropagationDetector.handleFeedback<Analyzer>" : {
      "count" : 8,
      "average" : {
        "ns" : 863049.125,
        "us" : 863.049125,
        "ms" : 0.863049125,
        "s" : 8.63049125E-4
      },
      "min" : {
        "ns" : 14000,
        "us" : 14.0,
        "ms" : 0.014,
        "s" : 1.4E-5
      },
      "max" : {
        "ns" : 2671614,
        "us" : 2671.614,
        "ms" : 2.671614,
        "s" : 0.002671614
      }
    },
    "ConditionalPointDetector.handleFeedback<Analyzer>" : {
      "count" : 8,
      "average" : {
        "ns" : 788020.875,
        "us" : 788.020875,
        "ms" : 0.788020875,
        "s" : 7.88020875E-4
      },
      "min" : {
        "ns" : 120305,
        "us" : 120.305,
        "ms" : 0.120305,
        "s" : 1.20305E-4
      },
      "max" : {
        "ns" : 4510392,
        "us" : 4510.392,
        "ms" : 4.510392,
        "s" : 0.004510392
      }
    },
    "RedundancyAnalyzer.handleFeedback<Analyzer>" : {
      "count" : 8,
      "average" : {
        "ns" : 35439.125,
        "us" : 35.439125,
        "ms" : 0.035439125,
        "s" : 3.5439125E-5
      },
      "min" : {
        "ns" : 20401,
        "us" : 20.401,
        "ms" : 0.020401,
        "s" : 2.0401E-5
      },
      "max" : {
        "ns" : 67703,
        "us" : 67.703,
        "ms" : 0.067703,
        "s" : 6.7703E-5
      }
    },
    "StatusAnalyzer.handleFeedback<Analyzer>" : {
      "count" : 8,
      "average" : {
        "ns" : 21963.625,
        "us" : 21.963625,
        "ms" : 0.021963625,
        "s" : 2.1963625E-5
      },
      "min" : {
        "ns" : 4500,
        "us" : 4.5,
        "ms" : 0.0045,
        "s" : 4.5E-6
      },
      "max" : {
        "ns" : 137306,
        "us" : 137.306,
        "ms" : 0.137306,
        "s" : 1.37306E-4
      }
    },
    "BehaviorAnalyzer.handleFeedback<Analyzer>" : {
      "count" : 8,
      "average" : {
        "ns" : 594250.25,
        "us" : 594.25025,
        "ms" : 0.59425025,
        "s" : 5.9425025E-4
      },
      "min" : {
        "ns" : 259011,
        "us" : 259.011,
        "ms" : 0.259011,
        "s" : 2.59011E-4
      },
      "max" : {
        "ns" : 1505064,
        "us" : 1505.064,
        "ms" : 1.505064,
        "s" : 0.001505064
      }
    },
    "TimingAnalyzer.handleFeedback<Analyzer>" : {
      "count" : 8,
      "average" : {
        "ns" : 202971.125,
        "us" : 202.971125,
        "ms" : 0.202971125,
        "s" : 2.02971125E-4
      },
      "min" : {
        "ns" : 48302,