{
  "stats" : {
    "nextFaultload" : {
      "count" : 9,
      "average" : {
        "ns" : 2543377.222222222,
        "us" : 2543.377222222222,
        "ms" : 2.543377222222222,
        "s" : 0.002543377222222222
      },
      "min" : {
        "ns" : 631725,
        "us" : 631.725,
        "ms" : 0.631725,
        "s" : 6.31725E-4
      },
      "max" : {
        "ns" : 4142362,
        "us" : 4142.362,
        "ms" : 4.142362,
        "s" : 0.004142362
      }
    },
    "Per test" : {
      "count" : 8,
      "average" : {
        "ns" : 6.0121738E7,
        "us" : 60121.738,
        "ms" : 60.121738,
        "s" : 0.060121738
      },
      "min" : {
        "ns" : 24747368,
        "us" : 24747.368,
        "ms" : 24.747368,
        "s" : 0.024747368
      },
      "max" : {
        "ns" : 239922180,
        "us" : 239922.18,
        "ms" : 239.92218,
        "s" : 0.23992218
      }
    },
    "registerFaultload" : {
      "count" : 8,
      "average" : {
        "ns" : 1.836776825E7,
        "us" : 18367.76825,
        "ms" : 18.36776825,
        "s" : 0.01836776825
      },
      "min" : {
        "ns" : 2869612,
        "us" : 2869.612,
        "ms" : 2.869612,
        "s" : 0.002869612
      },
      "max" : {
        "ns" : 109793493,
        "us" : 109793.493,
        "ms" : 109.793493,
        "s" : 0.109793493
      }
    },
    "testMethod" : {
      "count" : 8,
      "average" : {
        "ns" : 1.446135275E7,
        "us" : 14461.35275,
        "ms" : 14.46135275,
        "s" : 0.01446135275
      },
      "min" : {
        "ns" : 8743842,
        "us" : 8743.842,
        "ms" : 8.743842,
        "s" : 0.008743842
      },
      "max" : {
        "ns" : 25055380,
        "us" : 25055.38,
        "ms" : 25.05538,
        "s" : 0.02505538
      }
    },
    "getTraceWithDelay" : {
      "count" : 8,
      "average" : {
        "ns" : 2.7055533E7,
        "us" : 27055.533,
        "ms" : 27.055533,
        "s" : 0.027055533
      },
      "min" : {
        "ns" : 11885965,
        "us" : 11885.965,
        "ms" : 11.885965,
        "s" : 0.011885965
      },
      "max" : {
        "ns" : 104762896,
        "us" : 104762.896,
        "ms" : 104.762896,
        "s" : 0.104762896
      }
    },
    "getTrace" : {
      "count" : 8,
      "average" : {
        "ns" : 1.70584295E7,
        "us" : 17058.4295,
        "ms" : 17.0584295,
        "s" : 0.0170584295
      },
      "min" : {
        "ns" : 6705762,
        "us" : 6705.762,
        "ms" : 6.705762,
        "s" : 0.006705762
      },
      "max" : {
        "ns" : 74730622,
        "us" : 74730.622,
        "ms" : 74.730622,
        "s" : 0.074730622
      }
    },
    "handleResult" : {
      "count" : 8,
      "average" : {
        "ns" : 6045173.625,
        "us" : 6045.173625,
        "ms" : 6.045173625,
        "s" : 0.006045173625
      },
      "min" : {
        "ns" : 2191685,
        "us" : 2191.685,
        "ms" : 2.191685,
        "s" : 0.002191685
      },
      "max" : {
        "ns" : 20850815,
        "us" : 20850.815,
        "ms" : 20.850815,
        "s" : 0.020850815
      }
    },
    "StrategyRunner.analyze" : {
      "count" : 8,
      "average" : {
        "ns" : 5916293.625,
        "us" : 5916.293625,
        "ms" : 5.916293625,
        "s" : 0.005916293625
      },
      "min" : {
        "ns" : 2039279,
        "us" : 2039.279,
        "ms" : 2.039279,
        "s" : 0.002039279
      },
      "max" : {
        "ns" : 20523202,
        "us" : 20523.202,
        "ms" : 20.523202,
        "s" : 0.020523202
      }
    },
    "DynamicExplorationGenerator.handleFeedback<Analyzer>" : {
      "count" : 8,
      "average" : {
        "ns" : 1114193.5,
        "us" : 1114.1935,
        "ms" : 1.1141935,
        "s" : 0.0011141935
      },
      "min" : {
        "ns" : 79804,
        "us" : 79.804,
        "ms" : 0.079804,
        "s" : 7.9804E-5
      },
      "max" : {
        "ns" : 6477953,
        "us" : 6477.953,
        "ms" : 6.477953,
        "s" : 0.006477953
      }
    },
    "HappyPathDetector.handleFeedback<Analyzer>" : {
      "count" : 8,
      "average" : {
        "ns" : 64290.0,
        "us" : 64.29,
        "ms" : 0.06429,
        "s" : 6.429E-5
      },
      "min" : {
        "ns" : 3000,
        "us" : 3.0,
        "ms" : 0.003,
        "s" : 3.0E-6
      },
      "max" : {
        "ns" : 483719,
        "us" : 483.719,
        "ms" : 0.483719,
        "s" : 4.83719E-4
      }
    },
    "ParentChildDetector.handleFeedback<Analyzer>" : {
      "count" : 8,
      "average" : {
        "ns" : 1052516.0,
        "us" : 1052.516,
        "ms" : 1.052516,
        "s" : 0.001052516
      },
      "min" : {
        "ns" : 39602,
        "us" : 39.602,
        "ms" : 0.039602,
        "s" : 3.9602E-5
      },
      "max" : {
        "ns" : 7798404,
        "us" : 7798.404,
        "ms" : 7.798404,
        "s" : 0.007798404
      }
    },
    "HappensBeforeNeighbourDetector.handleFeedback<Analyzer>" : {
      "count" : 8,
      "average" : {
        "ns" : 402178.125,
        "us" : 402.178125,
        "ms" : 0.402178125,
        "s" : 4.02178125E-4
      },
      "min" : {
        "ns" : 10900,
        "us" : 10.9,
        "ms" : 0.0109,
        "s" : 1.09E-5
      },
      "max" : {
        "ns" : 1440156,
        "us" : 1440.156,
        "ms" : 1.440156,
        "s" : 0.001440156
      }
    },
    "ErrorPropagationDetector.handleFeedback<Analyzer>" : {
      "count" : 8,
      "average" : {
        "ns" : 876434.5,
        "us" : 876.4345,
        "ms" : 0.8764345,
        "s" : 8.764345E-4
      },
      "min" : {
        "ns" : 13501,
        "us" : 13.501,
        "ms" : 0.013501,
        "s" : 1.3501E-5
      },
      "max" : {
        "ns" : 2676705,
        "us" : 2676.705,
        "ms" : 2.676705,
        "s" : 0.002676705
      }
    },
    "ConditionalPointDetector.handleFeedback<Analyzer>" : {
      "count" : 8,
      "average" : {
        "ns" : 807481.5,
        "us" : 807.4815,
        "ms" : 0.8074815,
        "s" : 8.074815E-4
      },
      "min" : {
        "ns" : 121305,
        "us" : 121.305,
        "ms" : 0.121305,
        "s" : 1.21305E-4
      },
      "max" : {
        "ns" : 4560478,
        "us" : 4560.478,
        "ms" : 4.560478,
        "s" : 0.004560478
      }
    },
    "RedundancyAnalyzer.handleFeedback<Analyzer>" : {
      "count" : 8,
      "average" : {
        "ns" : 37638.875,
        "us" : 37.638875,
        "ms" : 0.037638875,
        "s" : 3.7638875E-5
      },
      "min" : {
        "ns" : 21601,
        "us" : 21.601,
        "ms" : 0.021601,
        "s" : 2.1601E-5
      },
      "max" : {
        "ns" : 73002,
        "us" : 73.002,
        "ms" : 0.073002,
        "s" : 7.3002E-5
      }
    },
    "StatusAnalyzer.handleFeedback<Analyzer>" : {
      "count" : 8,
      "average" : {
        "ns" : 23876.125,
        "us" : 23.876125,
        "ms" : 0.023876125,
        "s" : 2.3876125E-5
      },
      "min" : {
        "ns" : 4801,
        "us" : 4.801,
        "ms" : 0.004801,
        "s" : 4.801E-6
      },
      "max" : {
        "ns" : 152606,
        "us" : 152.606,
        "ms" : 0.152606,
        "s" : 1.52606E-4
      }
    },
    "BehaviorAnalyzer.handleFeedback<Analyzer>" : {
      "count" : 8,
      "average" : {
        "ns" : 576447.625,
        "us" : 576.447625,
        "ms" : 0.576447625,
        "s" : 5.76447625E-4
      },
      "min" : {
        "ns" : 267710,
        "us" : 267.71,
        "ms" : 0.26771,
        "s" : 2.6771E-4
      },
      "max" : {
        "ns" : 1512159,
        "us" : 1512.159,
        "ms" : 1.512159,
        "s" : 0.001512159
      }
    },
    "TimingAnalyzer.handleFeedback<Analyzer>" : {
      "count" : 8,
      "average" : {
        "ns" : 199457.75,
        "us" : 199.45775,
        "ms" : 0.19945775,
        "s" : 1.9945775E-4
      },
      "min" : {
        "ns" : 51202,
        "us" : 51.202,
        "ms" : 0.051202,