{
    "per_key": {
        "nextFaultload": {
            "n": 100,
            "mean": 4.031079,
            "median": 3.2312695,
            "std": 2.5844147402936626,
            "min": 1.8764139999999998,
            "max": 13.592851,
            "p25": 2.71720275,
            "p50": 3.2312695,
            "p75": 3.8867399999999996,
            "p90": 5.954427500000044,
            "p95": 11.26325445,
            "p99": 12.229215100000006
        },
        "Per test": {
            "n": 90,
            "mean": 57.456078222222224,
            "median": 30.921315,
            "std": 69.83158151452758,
            "min": 27.341728,
            "max": 273.28727599999996,
            "p25": 29.525332749999997,
            "p50": 30.921315,
            "p75": 35.405308749999996,
            "p90": 245.0910218,
            "p95": 251.0454926,
            "p99": 270.95167303
        },
        "registerFaultload": {
            "n": 90,
            "mean": 19.71631681111111,
            "median": 4.759999499999999,
            "std": 37.32748595192436,
            "min": 3.471587,
            "max": 147.342975,
            "p25": 4.386481,
            "p50": 4.759999499999999,
            "p75": 5.81687275,
            "p90": 118.32070329999999,
            "p95": 121.5447823,
            "p99": 129.46741221999997
        },
        "unregisterFautload": {
            "n": 90,
            "mean": 4.316847844444443,
            "median": 4.243577,
            "std": 0.5151057368809482,
            "min": 3.506468,
            "max": 6.2113119999999995,
            "p25": 3.9545342499999996,
            "p50": 4.243577,
            "p75": 4.578071749999999,
            "p90": 5.0174993,
            "p95": 5.27936035,
            "p99": 5.907935029999999
        },
        "testMethod": {
            "n": 90,
            "mean": 28.867171666666668,
            "median": 19.1146875,
            "std": 27.865880544574605,
            "min": 16.15288,
            "max": 122.154573,
            "p25": 18.077641749999998,
            "p50": 19.1146875,
            "p75": 20.1183965,
            "p90": 102.4425567,
            "p95": 104.52612099999999,
            "p99": 114.48805248
        },
        "getTraceWithDelay": {
            "n": 90,
            "mean": 27.010606711111112,
            "median": 16.814891499999998,
            "std": 28.33435288471058,
            "min": 13.478337999999999,
            "max": 121.630512,
            "p25": 15.450148500000001,
            "p50": 16.814891499999998,
            "p75": 19.9678085,
            "p90": 102.6198902,
            "p95": 105.01950719999999,
            "p99": 109.53876106999999
        },
        "handleResult": {
            "n": 90,
            "mean": 4.521423166666667,
            "median": 2.617606,
            "std": 4.913996175812175,
            "min": 1.4835749999999999,
            "max": 19.252548,
            "p25": 1.8243812499999998,
            "p50": 2.617606,
            "p75": 3.6574817499999996,
            "p90": 16.521606700000003,
            "p95": 17.7219193,
            "p99": 18.716981599999997
        },
        "Total test time": {
            "n": 10,
            "mean": 811.4920695,
            "median": 802.878038,
            "std": 21.46012173702707,
            "min": 791.4465849999999,
            "max": 866.064858,
            "p25": 797.1194334999999,
            "p50": 802.878038,
            "p75": 816.0358807499999,
            "p90": 834.9228852,
            "p95": 850.4938715999999,
            "p99": 862.95066072
        },
        "getExpectedBehaviours": {
            "n": 320,
            "mean": 0.32900593124999994,
            "median": 0.29977699999999996,
            "std": 0.14531478066834433,
            "min": 0.12310299999999999,
            "max": 1.035306,
            "p25": 0.229871,
            "p50": 0.29977699999999996,
            "p75": 0.3999425,
            "p90": 0.5291051,
            "p95": 0.5875874499999999,
            "p99": 0.80741725
        },
        "getExpectedPoints": {
            "n": 320,
            "mean": 0.4268327781249999,
            "median": 0.38259899999999997,
            "std": 0.2165425672083699,
            "min": 0.13650299999999999,
            "max": 1.088968,
            "p25": 0.25657475,
            "p50": 0.38259899999999997,
            "p75": 0.590615,
            "p90": 0.7476538000000003,
            "p95": 0.81953445,
            "p99": 0.9837715700000002
        }
    }
}