{
  "stats" : {
    "nextFaultload" : {
      "count" : 10,
      "average" : {
        "ns" : 4197257.3,
        "us" : 4197.2573,
        "ms" : 4.1972572999999995,
        "s" : 0.0041972573
      },
      "min" : {
        "ns" : 1784879,
        "us" : 1784.879,
        "ms" : 1.784879,
        "s" : 0.001784879
      },
      "max" : {
        "ns" : 13656806,
        "us" : 13656.806,
        "ms" : 13.656806,
        "s" : 0.013656806
      }
    },
    "Per test" : {
      "count" : 9,
      "average" : {
        "ns" : 5.8609220777777776E7,
        "us" : 58609.22077777777,
        "ms" : 58.60922077777778,
        "s" : 0.058609220777777776
      },
      "min" : {
        "ns" : 29046381,
        "us" : 29046.381,
        "ms" : 29.046381,
        "s" : 0.029046381
      },
      "max" : {
        "ns" : 244210305,
        "us" : 244210.305,
        "ms" : 244.210305,
        "s" : 0.244210305
      }
    },
    "registerFaultload" : {
      "count" : 9,
      "average" : {
        "ns" : 1.9285894444444444E7,
        "us" : 19285.894444444442,
        "ms" : 19.285894444444445,
        "s" : 0.019285894444444444
      },
      "min" : {
        "ns" : 3941699,
        "us" : 3941.699,
        "ms" : 3.941699,
        "s" : 0.003941699
      },
      "max" : {
        "ns" : 119073413,
        "us" : 119073.413,
        "ms" : 119.073413,
        "s" : 0.119073413
      }
    },
    "testMethod" : {
      "count" : 9,
      "average" : {
        "ns" : 2.9466566666666668E7,
        "us" : 29466.56666666667,
        "ms" : 29.46656666666667,
        "s" : 0.02946656666666667
      },
      "min" : {
        "ns" : 17149027,
        "us" : 17149.027,
        "ms" : 17.149027,
        "s" : 0.017149027
      },
      "max" : {
        "ns" : 102527482,
        "us" : 102527.482,
        "ms" : 102.527482,
        "s" : 0.102527482
      }
    },
    "getTraceWithDelay" : {
      "count" : 9,
      "average" : {
        "ns" : 2.8361127777777776E7,
        "us" : 28361.127777777776,
        "ms" : 28.361127777777774,
        "s" : 0.028361127777777776
      },
      "min" : {
        "ns" : 16377397,
        "us" : 16377.397,
        "ms" : 16.377397,
        "s" : 0.016377397
      },
      "max" : {
        "ns" : 102577563,
        "us" : 102577.563,
        "ms" : 102.577563,
        "s" : 0.102577563
      }
    },
    "getTrace" : {
      "count" : 9,
      "average" : {
        "ns" : 1.8228957888888888E7,
        "us" : 18228.957888888886,
        "ms" : 18.22895788888889,
        "s" : 0.018228957888888887
      },
      "min" : {
        "ns" : 8817203,
        "us" : 8817.203,
        "ms" : 8.817203,
        "s" : 0.008817203
      },
      "max" : {
        "ns" : 79219191,
        "us" : 79219.191,
        "ms" : 79.219191,
        "s" : 0.079219191
      }
    },
    "handleResult" : {
      "count" : 9,
      "average" : {
        "ns" : 5026090.666666667,
        "us" : 5026.090666666667,
        "ms" : 5.026090666666667,
        "s" : 0.005026090666666667
      },
      "min" : {
        "ns" : 1765019,
        "us" : 1765.019,
        "ms" : 1.765019,
        "s" : 0.001765019
      },
      "max" : {
        "ns" : 18246949,
        "us" : 18246.949,
        "ms" : 18.246949,
        "s" : 0.018246949
      }
    },
    "StrategyRunner.analyze" : {
      "count" : 9,
      "average" : {
        "ns" : 4982192.777777778,
        "us" : 4982.192777777778,
        "ms" : 4.982192777777778,
        "s" : 0.004982192777777778
      },
      "min" : {
        "ns" : 1752919,
        "us" : 1752.919,
        "ms" : 1.752919,
        "s" : 0.001752919
      },
      "max" : {
        "ns" : 17939400,
        "us" : 17939.4,
        "ms" : 17.9394,
        "s" : 0.0179394
      }
    },
    "DynamicExplorationGenerator.handleFeedback<Analyzer>" : {
      "count" : 9,
      "average" : {
        "ns" : 1106314.2222222222,
        "us" : 1106.3142222222223,
        "ms" : 1.1063142222222222,
        "s" : 0.0011063142222222223
      },
      "min" : {
        "ns" : 100653,
        "us" : 100.653,
        "ms" : 0.100653,
        "s" : 1.00653E-4
      },
      "max" : {
        "ns" : 7495971,
        "us" : 7495.971,
        "ms" : 7.495971,
        "s" : 0.007495971
      }
    },
    "HappyPathDetector.handleFeedback<Analyzer>" : {
      "count" : 9,
      "average" : {
        "ns" : 82373.33333333333,
        "us" : 82.37333333333333,
        "ms" : 0.08237333333333333,
        "s" : 8.237333333333333E-5
      },
      "min" : {
        "ns" : 3610,
        "us" : 3.61,
        "ms" : 0.00361,
        "s" : 3.61E-6
      },
      "max" : {
        "ns" : 703509,
        "us" : 703.509,
        "ms" : 0.703509,
        "s" : 7.03509E-4
      }
    },
    "ParentChildDetector.handleFeedback<Analyzer>" : {
      "count" : 9,
      "average" : {
        "ns" : 446400.44444444444,
        "us" : 446.4004444444444,
        "ms" : 0.44640044444444443,
        "s" : 4.464004444444444E-4
      },
      "min" : {
        "ns" : 47401,
        "us" : 47.401,
        "ms" : 0.047401,
        "s" : 4.7401E-5
      },
      "max" : {
        "ns" : 3224100,
        "us" : 3224.1,
        "ms" : 3.2241,
        "s" : 0.0032241
      }
    },
    "HappensBeforeNeighbourDetector.handleFeedback<Analyzer>" : {
      "count" : 9,
      "average" : {
        "ns" : 1090312.6666666667,
        "us" : 1090.3126666666667,
        "ms" : 1.0903126666666667,
        "s" : 0.0010903126666666667
      },
      "min" : {
        "ns" : 18570,
        "us" : 18.57,
        "ms" : 0.01857,
        "s" : 1.857E-5
      },
      "max" : {
        "ns" : 2911102,
        "us" : 2911.102,
        "ms" : 2.911102,
        "s" : 0.002911102
      }
    },
    "ErrorPropagationDetector.handleFeedback<Analyzer>" : {
      "count" : 9,
      "average" : {
        "ns" : 293908.3333333333,
        "us" : 293.9083333333333,
        "ms" : 0.2939083333333333,
        "s" : 2.939083333333333E-4
      },
      "min" : {
        "ns" : 14081,
        "us" : 14.081,
        "ms" : 0.014081,
        "s" : 1.4081E-5
      },
      "max" : {
        "ns" : 796302,
        "us" : 796.302,
        "ms" : 0.796302,
        "s" : 7.96302E-4
      }
    },
    "ConditionalPointDetector.handleFeedback<Analyzer>" : {
      "count" : 9,
      "average" : {
        "ns" : 1204708.2222222222,
        "us" : 1204.7082222222223,
        "ms" : 1.2047082222222223,
        "s" : 0.0012047082222222223
      },
      "min" : {
        "ns" : 253197,
        "us" : 253.197,
        "ms" : 0.253197,
        "s" : 2.53197E-4
      },
      "max" : {
        "ns" : 4905324,
        "us" : 4905.324,
        "ms" : 4.905324,
        "s" : 0.004905324
      }
    },
    "RedundancyAnalyzer.handleFeedback<Analyzer>" : {
      "count" : 9,
      "average" : {
        "ns" : 80149.0,
        "us" : 80.149,
        "ms" : 0.080149,
        "s" : 8.0149E-5
      },
      "min" : {
        "ns" : 21911,
        "us" : 21.911,
        "ms" : 0.021911,
        "s" : 2.1911E-5
      },
      "max" : {
        "ns" : 291408,
        "us" : 291.408,
        "ms" : 0.291408,
        "s" : 2.91408E-4
      }
    },
    "StatusAnalyzer.handleFeedback<Analyzer>" : {
      "count" : 9,
      "average" : {
        "ns" : 32689.88888888889,
        "us" : 32.68988888888889,
        "ms" : 0.03268988888888889,
        "s" : 3.268988888888889E-5
      },
      "min" : {
        "ns" : 4990,
        "us" : 4.99,
        "ms" : 0.00499,
        "s" : 4.99E-6
      },
      "max" : {
        "ns" : 242877,
        "us" : 242.877,
        "ms" : 0.242877,
        "s" : 2.42877E-4
      }
    },
    "BehaviorAnalyzer.handleFeedback<Analyzer>" : {
      "count" : 9,
      "average" : {
        "ns" : 331216.0,
        "us" : 331.216,
        "ms" : 0.331216,
        "s" : 3.31216E-4
      },
      "min" : {
        "ns" : 103363,
        "us" : 103.363,
        "ms" : 0.103363,
        "s" : 1.03363E-4
      },