{
  "responses" : [ {
    "behaviour" : "Behaviour[uid=controller:POST /v1/faultload/register(0f8deb68)#0, mode=null]",
    "min_ms" : 43.33790588378906,
    "average_ms" : 43.33790588378906,
    "max_ms" : 43.33790588378906,
    "count" : 1,
    "values" : [ 43.337906 ]
  }, {
    "behaviour" : "Behaviour[uid=controller:POST /v1/faultload/register(0f8deb68)#0, mode=HTTP_ERROR(500)]",
    "min_ms" : 4.571916103363037,
    "average_ms" : 5.712006395862948,
    "max_ms" : 17.059425354003906,
    "count" : 124,
    "values" : [ 7.178776, 6.642319, 7.296879, 6.920274, 5.974754, 6.553857, 6.68865, 5.933467, 5.739059, 5.439242, 5.188377, 5.849867, 5.793596, 6.843473, 5.245748, 6.253923, 6.730581, 6.455017, 6.165811, 6.472217, 5.646414, 5.156264, 6.039342, 5.956741, 5.762606, 5.152706, 5.625724, 5.399851, 5.778911, 5.421021, 5.32683, 5.240367, 5.470523, 6.435336, 5.534082, 4.719247, 4.907496, 4.934811, 5.27502, 5.993039, 17.059425, 5.926929, 5.474337, 5.277494, 5.39822, 5.407185, 5.717015, 5.465871, 5.066036, 5.351469, 5.897709, 5.050612, 4.986267, 7.012185, 9.38246, 6.629939, 5.725605, 6.001139, 5.412947, 5.797457, 4.602903, 5.184348, 5.166338, 4.87417, 5.202738, 5.093026, 5.160673, 7.14676, 6.549928, 5.842737, 5.445761, 5.394079, 4.941635, 5.691596, 5.020965, 5.093846, 5.324134, 5.818846, 5.518102, 8.55527, 5.659213, 5.194866, 5.482422, 5.602523, 4.911922, 5.468801, 5.845227, 5.586504, 5.99396, 5.177298, 4.762441, 4.886972, 5.167358, 4.726291, 5.632081, 5.423732, 4.571916, 5.476902, 5.154367, 5.563008, 4.797971, 5.158156, 4.991041, 5.905797, 5.053125, 5.149806, 5.586797, 5.660085, 5.115467, 5.37463, 4.966861, 5.117396, 6.035334, 5.302614, 5.473281, 5.697855, 5.501559, 5.067941, 5.32892, 5.858401, 5.041355, 5.389571, 4.616532, 5.00012 ]
  }, {
    "behaviour" : "Behaviour[uid=controller:POST /v1/faultload/register(0f8deb68)#0>proxy1:POST /v1/faultload/register(0f8deb68)#0, mode=null]",
    "min_ms" : 0.9579049944877625,
    "average_ms" : 2.4960401320457457,
    "max_ms" : 30.169580459594727,
    "count" : 25,
    "values" : [ 30.16958, 0.957905, 1.379711, 1.094567, 1.552792, 1.204858, 1.067556, 1.023227, 1.302498, 1.3585, 1.045117, 1.098646, 1.091265, 1.250238, 1.220847, 1.040124, 1.07044, 1.232373, 1.217754, 1.150507, 1.203349, 5.029555, 1.303169, 1.128677, 1.207748 ]
  }, {
    "behaviour" : "Behaviour[uid=controller:POST /v1/faultload/register(0f8deb68)#0>proxy3:POST /v1/faultload/register(0f8deb68)#0, mode=null]",
    "min_ms" : 0.8810939788818359,
    "average_ms" : 2.463895330429077,
    "max_ms" : 29.801788330078125,
    "count" : 25,
    "values" : [ 29.801788, 1.095088, 1.580608, 1.403065, 1.255788, 0.881094, 1.254559, 1.053455, 1.196957, 1.463252, 1.274948, 1.101336, 1.351259, 1.313209, 1.157567, 1.058766, 1.098921, 1.094014, 1.31259, 3.742326, 1.378661, 1.149369, 1.32688, 1.044725, 1.207158 ]
  }, {
    "behaviour" : "Behaviour[uid=controller:POST /v1/faultload/register(0f8deb68)#0>proxy2:POST /v1/faultload/register(0f8deb68)#0, mode=null]",
    "min_ms" : 1.044724941253662,
    "average_ms" : 2.429764919281006,
    "max_ms" : 30.088274002075195,
    "count" : 25,
    "values" : [ 30.088274, 1.30952, 1.471972, 1.284799, 1.628042, 1.172467, 1.541884, 1.352754, 1.328101, 1.687304, 1.103637, 1.283391, 1.375035, 1.456562, 1.056256, 1.202999, 1.052881, 1.264699, 1.180053, 1.201894, 1.265179, 1.158101, 1.049426, 1.044725, 1.184168 ]
  } ],
  "overhead" : [ {
    "behaviour" : "Behaviour[uid=controller:POST /v1/faultload/register(0f8deb68)#0, mode=null]",
    "min_ms" : 2.6187679767608643,
    "average_ms" : 2.6187679767608643,
    "max_ms" : 2.6187679767608643,
    "count" : 1,
    "values" : [ 2.618768 ]
  }, {
    "behaviour" : "Behaviour[uid=controller:POST /v1/faultload/register(0f8deb68)#0, mode=HTTP_ERROR(500)]",
    "min_ms" : 1.016626000404358,
    "average_ms" : 1.9143500020427089,
    "max_ms" : 57.398433685302734,
    "count" : 124,
    "values" : [ 1.398132, 1.482072, 1.199597, 1.179207, 1.522003, 1.241729, 1.587278, 1.531274, 2.061611, 1.205292, 1.246859, 1.267678, 1.411311, 1.245158, 1.404471, 1.359039, 1.347019, 1.557523, 1.494701, 1.37865, 1.491812, 1.4114, 1.420123, 1.14515, 1.31175, 1.185717, 1.346485, 1.498832, 1.36401, 1.462552, 1.38163, 1.197727, 1.144418, 1.172367, 1.451291, 1.195437, 1.32697, 1.427857, 1.130596, 1.985189, 1.48043, 1.361939, 1.319209, 1.084376, 1.254929, 1.147868, 1.221156, 1.271829, 1.040185, 1.211873, 1.143597, 1.178411, 1.371011, 57.398434, 1.354379, 1.31012, 1.213499, 1.240369, 1.218028, 1.194019, 1.090413, 1.197588, 1.109166, 1.091519, 1.260948, 1.211188, 1.226609, 1.236481, 1.3411, 1.191787, 1.163933, 1.248664, 1.099156, 1.928628, 1.211068, 1.076416, 1.361145, 1.31774, 1.03364, 1.076213, 1.616944, 1.23615, 1.294098, 1.29081, 1.428681, 1.293709, 1.530303, 1.30639, 1.3737, 1.931869, 1.016626, 1.185598, 1.125786, 1.257919, 1.143361, 1.259279, 1.372832, 1.281018, 1.175515, 1.462282, 1.228758, 1.135837, 1.131189, 1.114697, 1.190828, 1.211301, 1.296465, 1.144186, 1.174918, 1.390191, 1.389263, 1.257712, 1.050709, 1.474132, 1.421771, 1.32098, 1.291352, 21.452644, 1.171987, 1.314898, 1.181347, 1.295319, 1.239108, 1.255959 ]
  }, {
    "behaviour" : "Behaviour[uid=controller:POST /v1/faultload/register(0f8deb68)#0>proxy2:POST /v1/faultload/register(0f8deb68)#0, mode=HTTP_ERROR(504)]",
    "min_ms" : 0.9080430269241333,
    "average_ms" : 1.380255846977234,
    "max_ms" : 7.4081501960754395,
    "count" : 25,
    "values" : [ 1.33769, 1.205078, 1.129421, 1.204124, 7.40815, 1.113936, 0.933513, 1.027596, 1.211648, 0.908043, 1.098156, 1.010808, 1.068911, 1.015239, 1.38818, 1.198719, 1.230708, 1.075407, 0.924144, 1.071655, 0.943294, 1.009636, 1.28911, 1.733736, 0.969494 ]
  }, {
    "behaviour" : "Behaviour[uid=controller:POST /v1/faultload/register(0f8deb68)#0>proxy1:POST /v1/faultload/register(0f8deb68)#0, mode=null]",
    "min_ms" : 0.8798699975013733,
    "average_ms" : 1.3543532061576844,
    "max_ms" : 3.1995179653167725,
    "count" : 25,
    "values" : [ 1.72735, 2.559007, 1.35114, 1.110366, 1.433289, 1.165037, 1.066215, 1.036192, 1.460871, 1.177699, 1.422461, 1.24045, 1.347691, 1.020106, 1.112567, 1.031417, 1.202543, 1.013277, 1.438041, 1.218169, 0.912884, 3.199518, 1.449681, 0.87987, 1.282989 ]
  }, {
    "behaviour" : "Behaviour[uid=controller:POST /v1/faultload/register(0f8deb68)#0>proxy3:POST /v1/faultload/register(0f8deb68)#0, mode=HTTP_ERROR(503)]",
    "min_ms" : 0.864063024520874,
    "average_ms" : 1.3272243404388429,
    "max_ms" : 4.926610946655273,
    "count" : 25,
    "values" : [ 1.079746, 1.099897, 1.043686, 1.135779, 1.31694, 4.926611, 1.657715, 1.061806, 1.100156, 1.193529, 1.554241, 1.072825, 1.103506, 1.117572, 1.107207, 1.126516, 1.201278, 1.642777, 1.15781, 1.039735, 1.114275, 0.964311, 1.384801, 0.864063, 1.113827 ]
  }, {
    "behaviour" : "Behaviour[uid=controller:POST /v1/faultload/register(0f8deb68)#0>proxy3:POST /v1/faultload/register(0f8deb68)#0, mode=HTTP_ERROR(500)]",
    "min_ms" : 0.9121749997138977,
    "average_ms" : 1.285587351322174,
    "max_ms" : 2.3607850074768066,
    "count" : 25,
    "values" : [ 1.538383, 1.255044, 1.044781, 2.360785, 1.157337, 1.29005, 1.147207, 1.476602, 1.217898, 1.119817, 1.307645, 1.066446, 1.64605, 1.297869, 1.069807, 1.204797, 1.420341, 1.257589, 1.398611, 1.055295, 1.27423, 1.399272, 1.219878, 1.001775, 0.912175 ]
  }, {
    "behaviour" : "Behaviour[uid=controller:POST /v1/faultload/register(0f8deb68)#0>proxy2:POST /v1/faultload/register(0f8deb68)#0, mode=null]",
    "min_ms" : 0.9390950202941895,
    "average_ms" : 1.2809899234771729,
    "max_ms" : 1.7757060527801514,
    "count" : 25,