{
  "stats" : {
    "nextFaultload" : {
      "count" : 10,
      "average" : {
        "ns" : 1909807.9,
        "us" : 1909.8079,
        "ms" : 1.9098079,
        "s" : 0.0019098079
      },
      "min" : {
        "ns" : 28501,
        "us" : 28.501,
        "ms" : 0.028501,
        "s" : 2.8501E-5
      },
      "max" : {
        "ns" : 3115639,
        "us" : 3115.639,
        "ms" : 3.115639,
        "s" : 0.003115639
      }
    },
    "Per test" : {
      "count" : 9,
      "average" : {
        "ns" : 7.03023388888889E7,
        "us" : 70302.3388888889,
        "ms" : 70.3023388888889,
        "s" : 0.0703023388888889
      },
      "min" : {
        "ns" : 30617818,
        "us" : 30617.818,
        "ms" : 30.617818,
        "s" : 0.030617818
      },
      "max" : {
        "ns" : 288019356,
        "us" : 288019.356,
        "ms" : 288.019356,
        "s" : 0.288019356
      }
    },
    "registerFaultload" : {
      "count" : 9,
      "average" : {
        "ns" : 2.0722578888888888E7,
        "us" : 20722.57888888889,
        "ms" : 20.722578888888886,
        "s" : 0.020722578888888888
      },
      "min" : {
        "ns" : 3691752,
        "us" : 3691.752,
        "ms" : 3.691752,
        "s" : 0.003691752
      },
      "max" : {
        "ns" : 132717379,
        "us" : 132717.379,
        "ms" : 132.717379,
        "s" : 0.132717379
      }
    },
    "testMethod" : {
      "count" : 9,
      "average" : {
        "ns" : 1.7327992222222224E7,
        "us" : 17327.992222222223,
        "ms" : 17.327992222222225,
        "s" : 0.017327992222222224
      },
      "min" : {
        "ns" : 10693607,
        "us" : 10693.607,
        "ms" : 10.693607,
        "s" : 0.010693607
      },
      "max" : {
        "ns" : 41998369,
        "us" : 41998.369,
        "ms" : 41.998369,
        "s" : 0.041998369
      }
    },
    "getTraceWithDelay" : {
      "count" : 9,
      "average" : {
        "ns" : 3.2254193444444444E7,
        "us" : 32254.193444444445,
        "ms" : 32.25419344444445,
        "s" : 0.03225419344444445
      },
      "min" : {
        "ns" : 15705077,
        "us" : 15705.077,
        "ms" : 15.705077,
        "s" : 0.015705077
      },
      "max" : {
        "ns" : 113185515,
        "us" : 113185.515,
        "ms" : 113.185515,
        "s" : 0.113185515
      }
    },
    "getTrace" : {
      "count" : 9,
      "average" : {
        "ns" : 2.1063704555555556E7,
        "us" : 21063.704555555556,
        "ms" : 21.063704555555557,
        "s" : 0.021063704555555555
      },
      "min" : {
        "ns" : 9539141,
        "us" : 9539.141,
        "ms" : 9.539141,
        "s" : 0.009539141
      },
      "max" : {
        "ns" : 90158013,
        "us" : 90158.013,
        "ms" : 90.158013,
        "s" : 0.090158013
      }
    },
    "handleResult" : {
      "count" : 9,
      "average" : {
        "ns" : 7503089.0,
        "us" : 7503.089,
        "ms" : 7.503089,
        "s" : 0.007503089
      },
      "min" : {
        "ns" : 1795349,
        "us" : 1795.349,
        "ms" : 1.795349,
        "s" : 0.001795349
      },
      "max" : {
        "ns" : 26419294,
        "us" : 26419.294,
        "ms" : 26.419294,
        "s" : 0.026419294
      }
    },
    "StrategyRunner.analyze" : {
      "count" : 9,
      "average" : {
        "ns" : 7464951.555555556,
        "us" : 7464.951555555556,
        "ms" : 7.464951555555556,
        "s" : 0.007464951555555556
      },
      "min" : {
        "ns" : 1780669,
        "us" : 1780.669,
        "ms" : 1.780669,
        "s" : 0.001780669
      },
      "max" : {
        "ns" : 26404954,
        "us" : 26404.954,
        "ms" : 26.404954,
        "s" : 0.026404954
      }
    },
    "DynamicExplorationGenerator.handleFeedback<Analyzer>" : {
      "count" : 9,
      "average" : {
        "ns" : 1255900.6666666667,
        "us" : 1255.9006666666667,
        "ms" : 1.2559006666666668,
        "s" : 0.0012559006666666666
      },
      "min" : {
        "ns" : 89732,
        "us" : 89.732,
        "ms" : 0.089732,
        "s" : 8.9732E-5
      },
      "max" : {
        "ns" : 7732767,
        "us" : 7732.767,
        "ms" : 7.732767,
        "s" : 0.007732767
      }
    },
    "HappyPathDetector.handleFeedback<Analyzer>" : {
      "count" : 9,
      "average" : {
        "ns" : 84085.33333333333,
        "us" : 84.08533333333332,
        "ms" : 0.08408533333333333,
        "s" : 8.408533333333333E-5
      },
      "min" : {
        "ns" : 4930,
        "us" : 4.93,
        "ms" : 0.00493,
        "s" : 4.93E-6
      },
      "max" : {
        "ns" : 713616,
        "us" : 713.616,
        "ms" : 0.713616,
        "s" : 7.13616E-4
      }
    },
    "ParentChildDetector.handleFeedback<Analyzer>" : {
      "count" : 9,
      "average" : {
        "ns" : 443121.22222222225,
        "us" : 443.12122222222223,
        "ms" : 0.4431212222222222,
        "s" : 4.431212222222223E-4
      },
      "min" : {
        "ns" : 51341,
        "us" : 51.341,
        "ms" : 0.051341,
        "s" : 5.1341E-5
      },
      "max" : {
        "ns" : 3190565,
        "us" : 3190.565,
        "ms" : 3.190565,
        "s" : 0.003190565
      }
    },
    "HappensBeforeNeighbourDetector.handleFeedback<Analyzer>" : {
      "count" : 9,
      "average" : {
        "ns" : 562979.3333333334,
        "us" : 562.9793333333333,
        "ms" : 0.5629793333333334,
        "s" : 5.629793333333334E-4
      },
      "min" : {
        "ns" : 13671,
        "us" : 13.671,
        "ms" : 0.013671,
        "s" : 1.3671E-5
      },
      "max" : {
        "ns" : 1719449,
        "us" : 1719.449,
        "ms" : 1.719449,
        "s" : 0.001719449
      }
    },
    "ErrorPropagationDetector.handleFeedback<Analyzer>" : {
      "count" : 9,
      "average" : {
        "ns" : 348370.0,
        "us" : 348.37,
        "ms" : 0.34837,
        "s" : 3.4837E-4
      },
      "min" : {
        "ns" : 22660,
        "us" : 22.66,
        "ms" : 0.02266,
        "s" : 2.266E-5
      },
      "max" : {
        "ns" : 1005192,
        "us" : 1005.192,
        "ms" : 1.005192,
        "s" : 0.001005192
      }
    },
    "ConditionalPointDetector.handleFeedback<Analyzer>" : {
      "count" : 9,
      "average" : {
        "ns" : 991366.2222222222,
        "us" : 991.3662222222223,
        "ms" : 0.9913662222222223,
        "s" : 9.913662222222222E-4
      },
      "min" : {
        "ns" : 174734,
        "us" : 174.734,
        "ms" : 0.174734,
        "s" : 1.74734E-4
      },
      "max" : {
        "ns" : 5136763,
        "us" : 5136.763,
        "ms" : 5.136763,
        "s" : 0.005136763
      }
    },
    "RedundancyAnalyzer.handleFeedback<Analyzer>" : {
      "count" : 9,
      "average" : {
        "ns" : 44425.555555555555,
        "us" : 44.425555555555555,
        "ms" : 0.04442555555555555,
        "s" : 4.4425555555555555E-5
      },
      "min" : {
        "ns" : 25371,
        "us" : 25.371,
        "ms" : 0.025371,
        "s" : 2.5371E-5
      },
      "max" : {
        "ns" : 108442,
        "us" : 108.442,
        "ms" : 0.108442,
        "s" : 1.08442E-4
      }
    },
    "StatusAnalyzer.handleFeedback<Analyzer>" : {
      "count" : 9,
      "average" : {
        "ns" : 34913.0,
        "us" : 34.913,
        "ms" : 0.034913,
        "s" : 3.4913E-5
      },
      "min" : {
        "ns" : 6710,
        "us" : 6.71,
        "ms" : 0.00671,
        "s" : 6.71E-6
      },
      "max" : {
        "ns" : 226045,
        "us" : 226.045,
        "ms" : 0.226045,
        "s" : 2.26045E-4
      }
    },
    "BehaviorAnalyzer.handleFeedback<Analyzer>" : {
      "count" : 9,
      "average" : {
        "ns" : 383817.22222222225,
        "us" : 383.81722222222226,
        "ms" : 0.38381722222222225,
        "s" : 3.8381722222222223E-4
      },
      "min" : {
        "ns" : 91892,
        "us" : 91.892,
        "ms" : 0.091892,
        "s" : 9.1892E-5
      },
      "max" : {
        "ns" : 1300238,
        "us" : 1300.238,