{
  "stats" : {
    "nextFaultload" : {
      "count" : 22,
      "average" : {
        "ns" : 2363726.227272727,
        "us" : 2363.726227272727,
        "ms" : 2.363726227272727,
        "s" : 0.002363726227272727
      },
      "min" : {
        "ns" : 306416,
        "us" : 306.416,
        "ms" : 0.306416,
        "s" : 3.06416E-4
      },
      "max" : {
        "ns" : 4300222,
        "us" : 4300.222,
        "ms" : 4.300222,
        "s" : 0.004300222
      }
    },
    "Per test" : {
      "count" : 21,
      "average" : {
        "ns" : 4.0976190428571425E7,
        "us" : 40976.190428571426,
        "ms" : 40.97619042857143,
        "s" : 0.040976190428571424
      },
      "min" : {
        "ns" : 24187845,
        "us" : 24187.845,
        "ms" : 24.187845,
        "s" : 0.024187845
      },
      "max" : {
        "ns" : 256322195,
        "us" : 256322.195,
        "ms" : 256.322195,
        "s" : 0.256322195
      }
    },
    "registerFaultload" : {
      "count" : 21,
      "average" : {
        "ns" : 9806433.42857143,
        "us" : 9806.433428571429,
        "ms" : 9.80643342857143,
        "s" : 0.00980643342857143
      },
      "min" : {
        "ns" : 2681838,
        "us" : 2681.838,
        "ms" : 2.681838,
        "s" : 0.002681838
      },
      "max" : {
        "ns" : 128714126,
        "us" : 128714.126,
        "ms" : 128.714126,
        "s" : 0.128714126
      }
    },
    "testMethod" : {
      "count" : 21,
      "average" : {
        "ns" : 1.3435205952380951E7,
        "us" : 13435.205952380951,
        "ms" : 13.43520595238095,
        "s" : 0.013435205952380952
      },
      "min" : {
        "ns" : 11382286,
        "us" : 11382.286,
        "ms" : 11.382286,
        "s" : 0.011382286
      },
      "max" : {
        "ns" : 22357051,
        "us" : 22357.051,
        "ms" : 22.357051,
        "s" : 0.022357051
      }
    },
    "getTraceWithDelay" : {
      "count" : 21,
      "average" : {
        "ns" : 1.7507601285714287E7,
        "us" : 17507.60128571429,
        "ms" : 17.507601285714287,
        "s" : 0.017507601285714287
      },
      "min" : {
        "ns" : 9587894,
        "us" : 9587.894,
        "ms" : 9.587894,
        "s" : 0.009587894
      },
      "max" : {
        "ns" : 104929402,
        "us" : 104929.402,
        "ms" : 104.929402,
        "s" : 0.104929402
      }
    },
    "getTrace" : {
      "count" : 21,
      "average" : {
        "ns" : 1.0576692047619049E7,
        "us" : 10576.692047619048,
        "ms" : 10.576692047619048,
        "s" : 0.010576692047619048
      },
      "min" : {
        "ns" : 5088762,
        "us" : 5088.762,
        "ms" : 5.088762,
        "s" : 0.005088762
      },
      "max" : {
        "ns" : 76767552,
        "us" : 76767.552,
        "ms" : 76.767552,
        "s" : 0.076767552
      }
    },
    "handleResult" : {
      "count" : 21,
      "average" : {
        "ns" : 3616952.9523809524,
        "us" : 3616.9529523809524,
        "ms" : 3.6169529523809523,
        "s" : 0.0036169529523809524
      },
      "min" : {
        "ns" : 1655285,
        "us" : 1655.285,
        "ms" : 1.655285,
        "s" : 0.001655285
      },
      "max" : {
        "ns" : 19450901,
        "us" : 19450.901,
        "ms" : 19.450901,
        "s" : 0.019450901
      }
    },
    "StrategyRunner.analyze" : {
      "count" : 21,
      "average" : {
        "ns" : 3516619.1904761903,
        "us" : 3516.6191904761904,
        "ms" : 3.5166191904761903,
        "s" : 0.0035166191904761903
      },
      "min" : {
        "ns" : 1590382,
        "us" : 1590.382,
        "ms" : 1.590382,
        "s" : 0.001590382
      },
      "max" : {
        "ns" : 19124084,
        "us" : 19124.084,
        "ms" : 19.124084,
        "s" : 0.019124084
      }
    },
    "DynamicExplorationGenerator.handleFeedback<Analyzer>" : {
      "count" : 21,
      "average" : {
        "ns" : 500582.71428571426,
        "us" : 500.58271428571425,
        "ms" : 0.5005827142857142,
        "s" : 5.005827142857143E-4
      },
      "min" : {
        "ns" : 72103,
        "us" : 72.103,
        "ms" : 0.072103,
        "s" : 7.2103E-5
      },
      "max" : {
        "ns" : 5691893,
        "us" : 5691.893,
        "ms" : 5.691893,
        "s" : 0.005691893
      }
    },
    "HappyPathDetector.handleFeedback<Analyzer>" : {
      "count" : 21,
      "average" : {
        "ns" : 36382.90476190476,
        "us" : 36.38290476190476,
        "ms" : 0.03638290476190476,
        "s" : 3.6382904761904765E-5
      },
      "min" : {
        "ns" : 2400,
        "us" : 2.4,
        "ms" : 0.0024,
        "s" : 2.4E-6
      },
      "max" : {
        "ns" : 694536,
        "us" : 694.536,
        "ms" : 0.694536,
        "s" : 6.94536E-4
      }
    },
    "ParentChildDetector.handleFeedback<Analyzer>" : {
      "count" : 21,
      "average" : {
        "ns" : 413997.5714285714,
        "us" : 413.9975714285714,
        "ms" : 0.4139975714285714,
        "s" : 4.1399757142857144E-4
      },
      "min" : {
        "ns" : 33201,
        "us" : 33.201,
        "ms" : 0.033201,
        "s" : 3.3201E-5
      },
      "max" : {
        "ns" : 7238873,
        "us" : 7238.873,
        "ms" : 7.238873,
        "s" : 0.007238873
      }
    },
    "HappensBeforeNeighbourDetector.handleFeedback<Analyzer>" : {
      "count" : 21,
      "average" : {
        "ns" : 443732.4761904762,
        "us" : 443.73247619047623,
        "ms" : 0.44373247619047623,
        "s" : 4.437324761904762E-4
      },
      "min" : {
        "ns" : 11001,
        "us" : 11.001,
        "ms" : 0.011001,
        "s" : 1.1001E-5
      },
      "max" : {
        "ns" : 1076955,
        "us" : 1076.955,
        "ms" : 1.076955,
        "s" : 0.001076955
      }
    },
    "ErrorPropagationDetector.handleFeedback<Analyzer>" : {
      "count" : 21,
      "average" : {
        "ns" : 362037.5238095238,
        "us" : 362.0375238095238,
        "ms" : 0.3620375238095238,
        "s" : 3.620375238095238E-4
      },
      "min" : {
        "ns" : 4100,
        "us" : 4.1,
        "ms" : 0.0041,
        "s" : 4.1E-6
      },
      "max" : {
        "ns" : 1136758,
        "us" : 1136.758,
        "ms" : 1.136758,
        "s" : 0.001136758
      }
    },
    "ConditionalPointDetector.handleFeedback<Analyzer>" : {
      "count" : 21,
      "average" : {
        "ns" : 713889.1904761905,
        "us" : 713.8891904761905,
        "ms" : 0.7138891904761905,
        "s" : 7.138891904761905E-4
      },
      "min" : {
        "ns" : 140908,
        "us" : 140.908,
        "ms" : 0.140908,
        "s" : 1.40908E-4
      },
      "max" : {
        "ns" : 4188216,
        "us" : 4188.216,
        "ms" : 4.188216,
        "s" : 0.004188216
      }
    },
    "RedundancyAnalyzer.handleFeedback<Analyzer>" : {
      "count" : 21,
      "average" : {
        "ns" : 46602.47619047619,
        "us" : 46.60247619047619,
        "ms" : 0.046602476190476194,
        "s" : 4.660247619047619E-5
      },
      "min" : {
        "ns" : 14901,
        "us" : 14.901,
        "ms" : 0.014901,
        "s" : 1.4901E-5
      },
      "max" : {
        "ns" : 167908,
        "us" : 167.908,
        "ms" : 0.167908,
        "s" : 1.67908E-4
      }
    },
    "StatusAnalyzer.handleFeedback<Analyzer>" : {
      "count" : 21,
      "average" : {
        "ns" : 18781.714285714286,
        "us" : 18.781714285714287,
        "ms" : 0.018781714285714287,
        "s" : 1.8781714285714288E-5
      },
      "min" : {
        "ns" : 3300,
        "us" : 3.3,
        "ms" : 0.0033,
        "s" : 3.3E-6
      },
      "max" : {
        "ns" : 141807,
        "us" : 141.807,
        "ms" : 0.141807,
        "s" : 1.41807E-4
      }
    },
    "BehaviorAnalyzer.handleFeedback<Analyzer>" : {
      "count" : 21,
      "average" : {
        "ns" : 469395.71428571426,
        "us" : 469.39571428571423,
        "ms" : 0.46939571428571425,
        "s" : 4.6939571428571424E-4
      },