{
  "stats" : {
    "nextFaultload" : {
      "count" : 10,
      "average" : {
        "ns" : 4017246.5,
        "us" : 4017.2465,
        "ms" : 4.0172465,
        "s" : 0.0040172465
      },
      "min" : {
        "ns" : 1800637,
        "us" : 1800.637,
        "ms" : 1.800637,
        "s" : 0.001800637
      },
      "max" : {
        "ns" : 11650517,
        "us" : 11650.517,
        "ms" : 11.650517,
        "s" : 0.011650517
      }
    },
    "Per test" : {
      "count" : 9,
      "average" : {
        "ns" : 5.6453239666666664E7,
        "us" : 56453.23966666666,
        "ms" : 56.45323966666666,
        "s" : 0.05645323966666666
      },
      "min" : {
        "ns" : 27806291,
        "us" : 27806.291,
        "ms" : 27.806291,
        "s" : 0.027806291
      },
      "max" : {
        "ns" : 250805026,
        "us" : 250805.026,
        "ms" : 250.805026,
        "s" : 0.250805026
      }
    },
    "registerFaultload" : {
      "count" : 9,
      "average" : {
        "ns" : 1.9580684555555556E7,
        "us" : 19580.684555555556,
        "ms" : 19.580684555555557,
        "s" : 0.019580684555555557
      },
      "min" : {
        "ns" : 3398130,
        "us" : 3398.13,
        "ms" : 3.39813,
        "s" : 0.00339813
      },
      "max" : {
        "ns" : 125301159,
        "us" : 125301.159,
        "ms" : 125.301159,
        "s" : 0.125301159
      }
    },
    "testMethod" : {
      "count" : 9,
      "average" : {
        "ns" : 2.7708612333333332E7,
        "us" : 27708.61233333333,
        "ms" : 27.70861233333333,
        "s" : 0.027708612333333334
      },
      "min" : {
        "ns" : 16729889,
        "us" : 16729.889,
        "ms" : 16.729889,
        "s" : 0.016729889
      },
      "max" : {
        "ns" : 103149451,
        "us" : 103149.451,
        "ms" : 103.149451,
        "s" : 0.103149451
      }
    },
    "getTraceWithDelay" : {
      "count" : 9,
      "average" : {
        "ns" : 2.6500338111111112E7,
        "us" : 26500.338111111112,
        "ms" : 26.500338111111112,
        "s" : 0.02650033811111111
      },
      "min" : {
        "ns" : 14409619,
        "us" : 14409.619,
        "ms" : 14.409619,
        "s" : 0.014409619
      },
      "max" : {
        "ns" : 103252053,
        "us" : 103252.053,
        "ms" : 103.252053,
        "s" : 0.103252053
      }
    },
    "getTrace" : {
      "count" : 9,
      "average" : {
        "ns" : 1.7090001777777776E7,
        "us" : 17090.001777777776,
        "ms" : 17.090001777777776,
        "s" : 0.017090001777777777
      },
      "min" : {
        "ns" : 7755635,
        "us" : 7755.635,
        "ms" : 7.755635,
        "s" : 0.007755635
      },
      "max" : {
        "ns" : 80091365,
        "us" : 80091.365,
        "ms" : 80.091365,
        "s" : 0.080091365
      }
    },
    "handleResult" : {
      "count" : 9,
      "average" : {
        "ns" : 4565853.333333333,
        "us" : 4565.8533333333335,
        "ms" : 4.565853333333333,
        "s" : 0.004565853333333333
      },
      "min" : {
        "ns" : 1603853,
        "us" : 1603.853,
        "ms" : 1.603853,
        "s" : 0.001603853
      },
      "max" : {
        "ns" : 17895790,
        "us" : 17895.79,
        "ms" : 17.89579,
        "s" : 0.01789579
      }
    },
    "StrategyRunner.analyze" : {
      "count" : 9,
      "average" : {
        "ns" : 4515255.333333333,
        "us" : 4515.255333333333,
        "ms" : 4.515255333333333,
        "s" : 0.004515255333333333
      },
      "min" : {
        "ns" : 1549051,
        "us" : 1549.051,
        "ms" : 1.549051,
        "s" : 0.001549051
      },
      "max" : {
        "ns" : 17594622,
        "us" : 17594.622,
        "ms" : 17.594622,
        "s" : 0.017594622
      }
    },
    "DynamicExplorationGenerator.handleFeedback<Analyzer>" : {
      "count" : 9,
      "average" : {
        "ns" : 1154833.111111111,
        "us" : 1154.833111111111,
        "ms" : 1.154833111111111,
        "s" : 0.001154833111111111
      },
      "min" : {
        "ns" : 99433,
        "us" : 99.433,
        "ms" : 0.099433,
        "s" : 9.9433E-5
      },
      "max" : {
        "ns" : 7836096,
        "us" : 7836.096,
        "ms" : 7.836096,
        "s" : 0.007836096
      }
    },
    "HappyPathDetector.handleFeedback<Analyzer>" : {
      "count" : 9,
      "average" : {
        "ns" : 57047.22222222222,
        "us" : 57.04722222222222,
        "ms" : 0.05704722222222222,
        "s" : 5.7047222222222216E-5
      },
      "min" : {
        "ns" : 3340,
        "us" : 3.34,
        "ms" : 0.00334,
        "s" : 3.34E-6
      },
      "max" : {
        "ns" : 475693,
        "us" : 475.693,
        "ms" : 0.475693,
        "s" : 4.75693E-4
      }
    },
    "ParentChildDetector.handleFeedback<Analyzer>" : {
      "count" : 9,
      "average" : {
        "ns" : 387403.44444444444,
        "us" : 387.40344444444446,
        "ms" : 0.3874034444444444,
        "s" : 3.8740344444444444E-4
      },
      "min" : {
        "ns" : 47851,
        "us" : 47.851,
        "ms" : 0.047851,
        "s" : 4.7851E-5
      },
      "max" : {
        "ns" : 2787623,
        "us" : 2787.623,
        "ms" : 2.787623,
        "s" : 0.002787623
      }
    },
    "HappensBeforeNeighbourDetector.handleFeedback<Analyzer>" : {
      "count" : 9,
      "average" : {
        "ns" : 840080.0,
        "us" : 840.08,
        "ms" : 0.84008,
        "s" : 8.4008E-4
      },
      "min" : {
        "ns" : 10831,
        "us" : 10.831,
        "ms" : 0.010831,
        "s" : 1.0831E-5
      },
      "max" : {
        "ns" : 2332421,
        "us" : 2332.421,
        "ms" : 2.332421,
        "s" : 0.002332421
      }
    },
    "ErrorPropagationDetector.handleFeedback<Analyzer>" : {
      "count" : 9,
      "average" : {
        "ns" : 239608.44444444444,
        "us" : 239.60844444444444,
        "ms" : 0.23960844444444443,
        "s" : 2.3960844444444445E-4
      },
      "min" : {
        "ns" : 13360,
        "us" : 13.36,
        "ms" : 0.01336,
        "s" : 1.336E-5
      },
      "max" : {
        "ns" : 504593,
        "us" : 504.593,
        "ms" : 0.504593,
        "s" : 5.04593E-4
      }
    },
    "ConditionalPointDetector.handleFeedback<Analyzer>" : {
      "count" : 9,
      "average" : {
        "ns" : 1125375.6666666667,
        "us" : 1125.3756666666668,
        "ms" : 1.1253756666666668,
        "s" : 0.0011253756666666668
      },
      "min" : {
        "ns" : 254867,
        "us" : 254.867,
        "ms" : 0.254867,
        "s" : 2.54867E-4
      },
      "max" : {
        "ns" : 4690353,
        "us" : 4690.353,
        "ms" : 4.690353,
        "s" : 0.004690353
      }
    },
    "RedundancyAnalyzer.handleFeedback<Analyzer>" : {
      "count" : 9,
      "average" : {
        "ns" : 52009.333333333336,
        "us" : 52.00933333333334,
        "ms" : 0.05200933333333334,
        "s" : 5.200933333333334E-5
      },
      "min" : {
        "ns" : 19180,
        "us" : 19.18,
        "ms" : 0.01918,
        "s" : 1.918E-5
      },
      "max" : {
        "ns" : 156325,
        "us" : 156.325,
        "ms" : 0.156325,
        "s" : 1.56325E-4
      }
    },
    "StatusAnalyzer.handleFeedback<Analyzer>" : {
      "count" : 9,
      "average" : {
        "ns" : 33667.555555555555,
        "us" : 33.66755555555555,
        "ms" : 0.033667555555555555,
        "s" : 3.3667555555555554E-5
      },
      "min" : {
        "ns" : 4820,
        "us" : 4.82,
        "ms" : 0.00482,
        "s" : 4.82E-6
      },
      "max" : {
        "ns" : 255997,
        "us" : 255.997,
        "ms" : 0.255997,
        "s" : 2.55997E-4
      }
    },
    "BehaviorAnalyzer.handleFeedback<Analyzer>" : {
      "count" : 9,
      "average" : {
        "ns" : 327570.6666666667,
        "us" : 327.5706666666667,
        "ms" : 0.3275706666666667,
        "s" : 3.275706666666667E-4
      },
      "min" : {
        "ns" : 102712,
        "us" : 102.712,
        "ms" : 0.102712,