{
  "stats" : {
    "nextFaultload" : {
      "count" : 6,
      "average" : {
        "ns" : 2810044.5,
        "us" : 2810.0445,
        "ms" : 2.8100445,
        "s" : 0.0028100445
      },
      "min" : {
        "ns" : 22001,
        "us" : 22.001,
        "ms" : 0.022001,
        "s" : 2.2001E-5
      },
      "max" : {
        "ns" : 6744387,
        "us" : 6744.387,
        "ms" : 6.744387,
        "s" : 0.006744387
      }
    },
    "Per test" : {
      "count" : 5,
      "average" : {
        "ns" : 7.02132518E7,
        "us" : 70213.2518,
        "ms" : 70.2132518,
        "s" : 0.0702132518
      },
      "min" : {
        "ns" : 25547867,
        "us" : 25547.867,
        "ms" : 25.547867,
        "s" : 0.025547867
      },
      "max" : {
        "ns" : 226803224,
        "us" : 226803.224,
        "ms" : 226.803224,
        "s" : 0.226803224
      }
    },
    "registerFaultload" : {
      "count" : 5,
      "average" : {
        "ns" : 2.90071456E7,
        "us" : 29007.1456,
        "ms" : 29.0071456,
        "s" : 0.029007145600000003
      },
      "min" : {
        "ns" : 3736615,
        "us" : 3736.615,
        "ms" : 3.736615,
        "s" : 0.003736615
      },
      "max" : {
        "ns" : 112692971,
        "us" : 112692.971,
        "ms" : 112.692971,
        "s" : 0.112692971
      }
    },
    "testMethod" : {
      "count" : 5,
      "average" : {
        "ns" : 3.23004546E7,
        "us" : 32300.4546,
        "ms" : 32.3004546,
        "s" : 0.0323004546
      },
      "min" : {
        "ns" : 15662099,
        "us" : 15662.099,
        "ms" : 15.662099,
        "s" : 0.015662099
      },
      "max" : {
        "ns" : 95302572,
        "us" : 95302.572,
        "ms" : 95.302572,
        "s" : 0.095302572
      }
    },
    "getTraceWithDelay" : {
      "count" : 5,
      "average" : {
        "ns" : 3.24378426E7,
        "us" : 32437.8426,
        "ms" : 32.4378426,
        "s" : 0.0324378426
      },
      "min" : {
        "ns" : 13937100,
        "us" : 13937.1,
        "ms" : 13.9371,
        "s" : 0.0139371
      },
      "max" : {
        "ns" : 97026571,
        "us" : 97026.571,
        "ms" : 97.026571,
        "s" : 0.097026571
      }
    },
    "getTrace" : {
      "count" : 5,
      "average" : {
        "ns" : 2.32237536E7,
        "us" : 23223.7536,
        "ms" : 23.223753600000002,
        "s" : 0.0232237536
      },
      "min" : {
        "ns" : 8989516,
        "us" : 8989.516,
        "ms" : 8.989516,
        "s" : 0.008989516
      },
      "max" : {
        "ns" : 77440247,
        "us" : 77440.247,
        "ms" : 77.440247,
        "s" : 0.077440247
      }
    },
    "handleResult" : {
      "count" : 5,
      "average" : {
        "ns" : 5031089.0,
        "us" : 5031.089,
        "ms" : 5.031089,
        "s" : 0.005031089
      },
      "min" : {
        "ns" : 1452683,
        "us" : 1452.683,
        "ms" : 1.452683,
        "s" : 0.001452683
      },
      "max" : {
        "ns" : 14667242,
        "us" : 14667.242,
        "ms" : 14.667242,
        "s" : 0.014667242
      }
    },
    "StrategyRunner.analyze" : {
      "count" : 5,
      "average" : {
        "ns" : 4985066.6,
        "us" : 4985.066599999999,
        "ms" : 4.9850666,
        "s" : 0.0049850666
      },
      "min" : {
        "ns" : 1445083,
        "us" : 1445.083,
        "ms" : 1.445083,
        "s" : 0.001445083
      },
      "max" : {
        "ns" : 14469631,
        "us" : 14469.631,
        "ms" : 14.469631,
        "s" : 0.014469631
      }
    },
    "DynamicExplorationGenerator.handleFeedback<Analyzer>" : {
      "count" : 5,
      "average" : {
        "ns" : 1277013.4,
        "us" : 1277.0133999999998,
        "ms" : 1.2770134,
        "s" : 0.0012770134
      },
      "min" : {
        "ns" : 110306,
        "us" : 110.306,
        "ms" : 0.110306,
        "s" : 1.10306E-4
      },
      "max" : {
        "ns" : 5432712,
        "us" : 5432.712,
        "ms" : 5.432712,
        "s" : 0.005432712
      }
    },
    "HappyPathDetector.handleFeedback<Analyzer>" : {
      "count" : 5,
      "average" : {
        "ns" : 86265.0,
        "us" : 86.265,
        "ms" : 0.086265,
        "s" : 8.6265E-5
      },
      "min" : {
        "ns" : 3901,
        "us" : 3.901,
        "ms" : 0.003901,
        "s" : 3.901E-6
      },
      "max" : {
        "ns" : 414524,
        "us" : 414.524,
        "ms" : 0.414524,
        "s" : 4.14524E-4
      }
    },
    "ParentChildDetector.handleFeedback<Analyzer>" : {
      "count" : 5,
      "average" : {
        "ns" : 648797.2,
        "us" : 648.7972,
        "ms" : 0.6487972,
        "s" : 6.487972E-4
      },
      "min" : {
        "ns" : 64704,
        "us" : 64.704,
        "ms" : 0.064704,
        "s" : 6.4704E-5
      },
      "max" : {
        "ns" : 2604649,
        "us" : 2604.649,
        "ms" : 2.604649,
        "s" : 0.002604649
      }
    },
    "HappensBeforeNeighbourDetector.handleFeedback<Analyzer>" : {
      "count" : 5,
      "average" : {
        "ns" : 521089.8,
        "us" : 521.0898,
        "ms" : 0.5210897999999999,
        "s" : 5.210898E-4
      },
      "min" : {
        "ns" : 10100,
        "us" : 10.1,
        "ms" : 0.0101,
        "s" : 1.01E-5
      },
      "max" : {
        "ns" : 1261673,
        "us" : 1261.673,
        "ms" : 1.261673,
        "s" : 0.001261673
      }
    },
    "ErrorPropagationDetector.handleFeedback<Analyzer>" : {
      "count" : 5,
      "average" : {
        "ns" : 326319.0,
        "us" : 326.319,
        "ms" : 0.326319,
        "s" : 3.26319E-4
      },
      "min" : {
        "ns" : 11901,
        "us" : 11.901,
        "ms" : 0.011901,
        "s" : 1.1901E-5
      },
      "max" : {
        "ns" : 1030259,
        "us" : 1030.259,
        "ms" : 1.030259,
        "s" : 0.001030259
      }
    },
    "ConditionalPointDetector.handleFeedback<Analyzer>" : {
      "count" : 5,
      "average" : {
        "ns" : 1135365.4,
        "us" : 1135.3654,
        "ms" : 1.1353654,
        "s" : 0.0011353653999999999
      },
      "min" : {
        "ns" : 176110,
        "us" : 176.11,
        "ms" : 0.17611,
        "s" : 1.7611E-4
      },
      "max" : {
        "ns" : 4448256,
        "us" : 4448.256,
        "ms" : 4.448256,
        "s" : 0.004448256
      }
    },
    "RedundancyAnalyzer.handleFeedback<Analyzer>" : {
      "count" : 5,
      "average" : {
        "ns" : 65523.8,
        "us" : 65.52380000000001,
        "ms" : 0.06552380000000001,
        "s" : 6.55238E-5
      },
      "min" : {
        "ns" : 27801,
        "us" : 27.801,
        "ms" : 0.027801,
        "s" : 2.7801E-5
      },
      "max" : {
        "ns" : 165810,
        "us" : 165.81,
        "ms" : 0.16581,
        "s" : 1.6581E-4
      }
    },
    "StatusAnalyzer.handleFeedback<Analyzer>" : {
      "count" : 5,
      "average" : {
        "ns" : 55842.8,
        "us" : 55.842800000000004,
        "ms" : 0.055842800000000005,
        "s" : 5.58428E-5
      },
      "min" : {
        "ns" : 5300,
        "us" : 5.3,
        "ms" : 0.0053,
        "s" : 5.3E-6
      },
      "max" : {
        "ns" : 218112,
        "us" : 218.112,
        "ms" : 0.218112,
        "s" : 2.18112E-4
      }
    },
    "BehaviorAnalyzer.handleFeedback<Analyzer>" : {
      "count" : 5,
      "average" : {
        "ns" : 416264.0,
        "us" : 416.264,
        "ms" : 0.416264,
        "s" : 4.16264E-4
      },
      "min" : {
        "ns" : 136908,
        "us" : 136.908,
        "ms" : 0.136908,
        "s" : 1.36908E-4
      },
      "max" : {
        "ns" : 778845,
        "us" : 778.845,
        "ms" : 0.778845,
        "s" : 7.78845E-4
      }
    },
    "TimingAnalyzer.handleFeedback<Analyzer>" : {
      "count" : 5,
      "average" : {
        "ns" : 291657.0,
        "us" : 291.657,
        "ms" : 0.291657,
        "s" : 2.91657E-4
      },
      "min" : {
        "ns" : 143909,
        "us" : 143.909,
        "ms" : 0.143909,