{
  "stats" : {
    "nextFaultload" : {
      "count" : 22,
      "average" : {
        "ns" : 2313344.5454545454,
        "us" : 2313.3445454545454,
        "ms" : 2.3133445454545454,
        "s" : 0.0023133445454545454
      },
      "min" : {
        "ns" : 342814,
        "us" : 342.814,
        "ms" : 0.342814,
        "s" : 3.42814E-4
      },
      "max" : {
        "ns" : 4022764,
        "us" : 4022.764,
        "ms" : 4.022764,
        "s" : 0.004022764
      }
    },
    "Per test" : {
      "count" : 21,
      "average" : {
        "ns" : 4.0075771047619045E7,
        "us" : 40075.77104761905,
        "ms" : 40.07577104761904,
        "s" : 0.040075771047619044
      },
      "min" : {
        "ns" : 24396897,
        "us" : 24396.897,
        "ms" : 24.396897,
        "s" : 0.024396897
      },
      "max" : {
        "ns" : 235333717,
        "us" : 235333.717,
        "ms" : 235.333717,
        "s" : 0.235333717
      }
    },
    "registerFaultload" : {
      "count" : 21,
      "average" : {
        "ns" : 9146759.523809524,
        "us" : 9146.759523809524,
        "ms" : 9.146759523809525,
        "s" : 0.009146759523809524
      },
      "min" : {
        "ns" : 2783414,
        "us" : 2783.414,
        "ms" : 2.783414,
        "s" : 0.002783414
      },
      "max" : {
        "ns" : 111843771,
        "us" : 111843.771,
        "ms" : 111.843771,
        "s" : 0.111843771
      }
    },
    "testMethod" : {
      "count" : 21,
      "average" : {
        "ns" : 1.3515076095238095E7,
        "us" : 13515.076095238095,
        "ms" : 13.515076095238095,
        "s" : 0.013515076095238094
      },
      "min" : {
        "ns" : 11413867,
        "us" : 11413.867,
        "ms" : 11.413867,
        "s" : 0.011413867
      },
      "max" : {
        "ns" : 21639784,
        "us" : 21639.784,
        "ms" : 21.639784,
        "s" : 0.021639784
      }
    },
    "getTraceWithDelay" : {
      "count" : 21,
      "average" : {
        "ns" : 1.7194617E7,
        "us" : 17194.617,
        "ms" : 17.194617,
        "s" : 0.017194617
      },
      "min" : {
        "ns" : 9987108,
        "us" : 9987.108,
        "ms" : 9.987108,
        "s" : 0.009987108
      },
      "max" : {
        "ns" : 101527049,
        "us" : 101527.049,
        "ms" : 101.527049,
        "s" : 0.101527049
      }
    },
    "getTrace" : {
      "count" : 21,
      "average" : {
        "ns" : 1.0292544523809524E7,
        "us" : 10292.544523809524,
        "ms" : 10.292544523809525,
        "s" : 0.010292544523809524
      },
      "min" : {
        "ns" : 5446423,
        "us" : 5446.423,
        "ms" : 5.446423,
        "s" : 0.005446423
      },
      "max" : {
        "ns" : 72606367,
        "us" : 72606.367,
        "ms" : 72.606367,
        "s" : 0.072606367
      }
    },
    "handleResult" : {
      "count" : 21,
      "average" : {
        "ns" : 3697722.523809524,
        "us" : 3697.722523809524,
        "ms" : 3.697722523809524,
        "s" : 0.0036977225238095236
      },
      "min" : {
        "ns" : 1780873,
        "us" : 1780.873,
        "ms" : 1.780873,
        "s" : 0.001780873
      },
      "max" : {
        "ns" : 20449036,
        "us" : 20449.036,
        "ms" : 20.449036,
        "s" : 0.020449036
      }
    },
    "StrategyRunner.analyze" : {
      "count" : 21,
      "average" : {
        "ns" : 3602437.761904762,
        "us" : 3602.4377619047623,
        "ms" : 3.602437761904762,
        "s" : 0.003602437761904762
      },
      "min" : {
        "ns" : 1711770,
        "us" : 1711.77,
        "ms" : 1.71177,
        "s" : 0.00171177
      },
      "max" : {
        "ns" : 20116922,
        "us" : 20116.922,
        "ms" : 20.116922,
        "s" : 0.020116922
      }
    },
    "DynamicExplorationGenerator.handleFeedback<Analyzer>" : {
      "count" : 21,
      "average" : {
        "ns" : 529569.2380952381,
        "us" : 529.5692380952381,
        "ms" : 0.5295692380952381,
        "s" : 5.295692380952381E-4
      },
      "min" : {
        "ns" : 70103,
        "us" : 70.103,
        "ms" : 0.070103,
        "s" : 7.0103E-5
      },
      "max" : {
        "ns" : 6115950,
        "us" : 6115.95,
        "ms" : 6.11595,
        "s" : 0.00611595
      }
    },
    "HappyPathDetector.handleFeedback<Analyzer>" : {
      "count" : 21,
      "average" : {
        "ns" : 33767.95238095238,
        "us" : 33.76795238095238,
        "ms" : 0.033767952380952385,
        "s" : 3.3767952380952385E-5
      },
      "min" : {
        "ns" : 2300,
        "us" : 2.3,
        "ms" : 0.0023,
        "s" : 2.3E-6
      },
      "max" : {
        "ns" : 639726,
        "us" : 639.726,
        "ms" : 0.639726,
        "s" : 6.39726E-4
      }
    },
    "ParentChildDetector.handleFeedback<Analyzer>" : {
      "count" : 21,
      "average" : {
        "ns" : 438113.09523809527,
        "us" : 438.11309523809524,
        "ms" : 0.4381130952380953,
        "s" : 4.3811309523809525E-4
      },
      "min" : {
        "ns" : 37202,
        "us" : 37.202,
        "ms" : 0.037202,
        "s" : 3.7202E-5
      },
      "max" : {
        "ns" : 7666114,
        "us" : 7666.114,
        "ms" : 7.666114,
        "s" : 0.007666114
      }
    },
    "HappensBeforeNeighbourDetector.handleFeedback<Analyzer>" : {
      "count" : 21,
      "average" : {
        "ns" : 409735.71428571426,
        "us" : 409.73571428571427,
        "ms" : 0.40973571428571426,
        "s" : 4.097357142857143E-4
      },
      "min" : {
        "ns" : 11400,
        "us" : 11.4,
        "ms" : 0.0114,
        "s" : 1.14E-5
      },
      "max" : {
        "ns" : 1171047,
        "us" : 1171.047,
        "ms" : 1.171047,
        "s" : 0.001171047
      }
    },
    "ErrorPropagationDetector.handleFeedback<Analyzer>" : {
      "count" : 21,
      "average" : {
        "ns" : 359386.0,
        "us" : 359.386,
        "ms" : 0.359386,
        "s" : 3.59386E-4
      },
      "min" : {
        "ns" : 3900,
        "us" : 3.9,
        "ms" : 0.0039,
        "s" : 3.9E-6
      },
      "max" : {
        "ns" : 1226350,
        "us" : 1226.35,
        "ms" : 1.22635,
        "s" : 0.00122635
      }
    },
    "ConditionalPointDetector.handleFeedback<Analyzer>" : {
      "count" : 21,
      "average" : {
        "ns" : 756254.6666666666,
        "us" : 756.2546666666666,
        "ms" : 0.7562546666666666,
        "s" : 7.562546666666667E-4
      },
      "min" : {
        "ns" : 140006,
        "us" : 140.006,
        "ms" : 0.140006,
        "s" : 1.40006E-4
      },
      "max" : {
        "ns" : 4367579,
        "us" : 4367.579,
        "ms" : 4.367579,
        "s" : 0.004367579
      }
    },
    "RedundancyAnalyzer.handleFeedback<Analyzer>" : {
      "count" : 21,
      "average" : {
        "ns" : 43401.71428571428,
        "us" : 43.401714285714284,
        "ms" : 0.04340171428571428,
        "s" : 4.340171428571428E-5
      },
      "min" : {
        "ns" : 17301,
        "us" : 17.301,
        "ms" : 0.017301,
        "s" : 1.7301E-5
      },
      "max" : {
        "ns" : 216708,
        "us" : 216.708,
        "ms" : 0.216708,
        "s" : 2.16708E-4
      }
    },
    "StatusAnalyzer.handleFeedback<Analyzer>" : {
      "count" : 21,
      "average" : {
        "ns" : 15967.285714285714,
        "us" : 15.967285714285714,
        "ms" : 0.015967285714285715,
        "s" : 1.5967285714285714E-5
      },
      "min" : {
        "ns" : 3400,
        "us" : 3.4,
        "ms" : 0.0034,
        "s" : 3.4E-6
      },
      "max" : {
        "ns" : 136906,
        "us" : 136.906,
        "ms" : 0.136906,
        "s" : 1.36906E-4
      }
    },
    "BehaviorAnalyzer.handleFeedback<Analyzer>" : {
      "count" : 21,
      "average" : {
        "ns" : 472319.38095238095,
        "us" : 472.3193809523809,
        "ms" : 0.47231938095238096,
        "s" : 4.7231938095238093E-4
      },
      "min" : {
        "ns" : 274211,
        "us" : 274.211,
        "ms" : 0.274211,