{
  "stats" : {
    "nextFaultload" : {
      "count" : 9,
      "average" : {
        "ns" : 2056828.5555555555,
        "us" : 2056.8285555555553,
        "ms" : 2.0568285555555557,
        "s" : 0.0020568285555555557
      },
      "min" : {
        "ns" : 20111,
        "us" : 20.111,
        "ms" : 0.020111,
        "s" : 2.0111E-5
      },
      "max" : {
        "ns" : 3676403,
        "us" : 3676.403,
        "ms" : 3.676403,
        "s" : 0.003676403
      }
    },
    "Per test" : {
      "count" : 8,
      "average" : {
        "ns" : 1.24007395625E8,
        "us" : 124007.395625,
        "ms" : 124.007395625,
        "s" : 0.124007395625
      },
      "min" : {
        "ns" : 56486843,
        "us" : 56486.843,
        "ms" : 56.486843,
        "s" : 0.056486843
      },
      "max" : {
        "ns" : 362569064,
        "us" : 362569.064,
        "ms" : 362.569064,
        "s" : 0.362569064
      }
    },
    "registerFaultload" : {
      "count" : 8,
      "average" : {
        "ns" : 2.0220950875E7,
        "us" : 20220.950875,
        "ms" : 20.220950875,
        "s" : 0.020220950875
      },
      "min" : {
        "ns" : 2863789,
        "us" : 2863.789,
        "ms" : 2.863789,
        "s" : 0.002863789
      },
      "max" : {
        "ns" : 121680535,
        "us" : 121680.535,
        "ms" : 121.680535,
        "s" : 0.121680535
      }
    },
    "testMethod" : {
      "count" : 8,
      "average" : {
        "ns" : 7.72462845E7,
        "us" : 77246.2845,
        "ms" : 77.2462845,
        "s" : 0.0772462845
      },
      "min" : {
        "ns" : 40389472,
        "us" : 40389.472,
        "ms" : 40.389472,
        "s" : 0.040389472
      },
      "max" : {
        "ns" : 149049413,
        "us" : 149049.413,
        "ms" : 149.049413,
        "s" : 0.149049413
      }
    },
    "getTraceWithDelay" : {
      "count" : 8,
      "average" : {
        "ns" : 2.65418015E7,
        "us" : 26541.8015,
        "ms" : 26.5418015,
        "s" : 0.0265418015
      },
      "min" : {
        "ns" : 11698747,
        "us" : 11698.747,
        "ms" : 11.698747,
        "s" : 0.011698747
      },
      "max" : {
        "ns" : 91759195,
        "us" : 91759.195,
        "ms" : 91.759195,
        "s" : 0.091759195
      }
    },
    "getTrace" : {
      "count" : 8,
      "average" : {
        "ns" : 1.7423164625E7,
        "us" : 17423.164625,
        "ms" : 17.423164625,
        "s" : 0.017423164625
      },
      "min" : {
        "ns" : 6941831,
        "us" : 6941.831,
        "ms" : 6.941831,
        "s" : 0.006941831
      },
      "max" : {
        "ns" : 72220696,
        "us" : 72220.696,
        "ms" : 72.220696,
        "s" : 0.072220696
      }
    },
    "handleResult" : {
      "count" : 8,
      "average" : {
        "ns" : 5984678.875,
        "us" : 5984.678875,
        "ms" : 5.984678875,
        "s" : 0.005984678875
      },
      "min" : {
        "ns" : 1599659,
        "us" : 1599.659,
        "ms" : 1.599659,
        "s" : 0.001599659
      },
      "max" : {
        "ns" : 16251400,
        "us" : 16251.4,
        "ms" : 16.2514,
        "s" : 0.0162514
      }
    },
    "StrategyRunner.analyze" : {
      "count" : 8,
      "average" : {
        "ns" : 5946640.875,
        "us" : 5946.640875,
        "ms" : 5.946640875,
        "s" : 0.005946640875
      },
      "min" : {
        "ns" : 1588269,
        "us" : 1588.269,
        "ms" : 1.588269,
        "s" : 0.001588269
      },
      "max" : {
        "ns" : 16239900,
        "us" : 16239.9,
        "ms" : 16.2399,
        "s" : 0.0162399
      }
    },
    "DynamicExplorationGenerator.handleFeedback<Analyzer>" : {
      "count" : 8,
      "average" : {
        "ns" : 1025837.0,
        "us" : 1025.837,
        "ms" : 1.025837,
        "s" : 0.001025837
      },
      "min" : {
        "ns" : 75371,
        "us" : 75.371,
        "ms" : 0.075371,
        "s" : 7.5371E-5
      },
      "max" : {
        "ns" : 5556665,
        "us" : 5556.665,
        "ms" : 5.556665,
        "s" : 0.005556665
      }
    },
    "HappyPathDetector.handleFeedback<Analyzer>" : {
      "count" : 8,
      "average" : {
        "ns" : 61105.75,
        "us" : 61.10575,
        "ms" : 0.06110575,
        "s" : 6.110575E-5
      },
      "min" : {
        "ns" : 3240,
        "us" : 3.24,
        "ms" : 0.00324,
        "s" : 3.24E-6
      },
      "max" : {
        "ns" : 462456,
        "us" : 462.456,
        "ms" : 0.462456,
        "s" : 4.62456E-4
      }
    },
    "ParentChildDetector.handleFeedback<Analyzer>" : {
      "count" : 8,
      "average" : {
        "ns" : 372195.75,
        "us" : 372.19575,
        "ms" : 0.37219575,
        "s" : 3.7219575E-4
      },
      "min" : {
        "ns" : 44341,
        "us" : 44.341,
        "ms" : 0.044341,
        "s" : 4.4341E-5
      },
      "max" : {
        "ns" : 2427608,
        "us" : 2427.608,
        "ms" : 2.427608,
        "s" : 0.002427608
      }
    },
    "HappensBeforeNeighbourDetector.handleFeedback<Analyzer>" : {
      "count" : 8,
      "average" : {
        "ns" : 459872.875,
        "us" : 459.872875,
        "ms" : 0.459872875,
        "s" : 4.59872875E-4
      },
      "min" : {
        "ns" : 13021,
        "us" : 13.021,
        "ms" : 0.013021,
        "s" : 1.3021E-5
      },
      "max" : {
        "ns" : 1553358,
        "us" : 1553.358,
        "ms" : 1.553358,
        "s" : 0.001553358
      }
    },
    "ErrorPropagationDetector.handleFeedback<Analyzer>" : {
      "count" : 8,
      "average" : {
        "ns" : 276501.875,
        "us" : 276.501875,
        "ms" : 0.276501875,
        "s" : 2.76501875E-4
      },
      "min" : {
        "ns" : 14990,
        "us" : 14.99,
        "ms" : 0.01499,
        "s" : 1.499E-5
      },
      "max" : {
        "ns" : 751538,
        "us" : 751.538,
        "ms" : 0.751538,
        "s" : 7.51538E-4
      }
    },
    "ConditionalPointDetector.handleFeedback<Analyzer>" : {
      "count" : 8,
      "average" : {
        "ns" : 996584.25,
        "us" : 996.58425,
        "ms" : 0.99658425,
        "s" : 9.9658425E-4
      },
      "min" : {
        "ns" : 215332,
        "us" : 215.332,
        "ms" : 0.215332,
        "s" : 2.15332E-4
      },
      "max" : {
        "ns" : 5248782,
        "us" : 5248.782,
        "ms" : 5.248782,
        "s" : 0.005248782
      }
    },
    "RedundancyAnalyzer.handleFeedback<Analyzer>" : {
      "count" : 8,
      "average" : {
        "ns" : 41927.625,
        "us" : 41.927625,
        "ms" : 0.041927625,
        "s" : 4.1927625E-5
      },
      "min" : {
        "ns" : 24140,
        "us" : 24.14,
        "ms" : 0.02414,
        "s" : 2.414E-5
      },
      "max" : {
        "ns" : 73780,
        "us" : 73.78,
        "ms" : 0.07378,
        "s" : 7.378E-5
      }
    },
    "StatusAnalyzer.handleFeedback<Analyzer>" : {
      "count" : 8,
      "average" : {
        "ns" : 45606.875,
        "us" : 45.606875,
        "ms" : 0.045606875,
        "s" : 4.5606875E-5
      },
      "min" : {
        "ns" : 4790,
        "us" : 4.79,
        "ms" : 0.00479,
        "s" : 4.79E-6
      },
      "max" : {
        "ns" : 310674,
        "us" : 310.674,
        "ms" : 0.310674,
        "s" : 3.10674E-4
      }
    },
    "BehaviorAnalyzer.handleFeedback<Analyzer>" : {
      "count" : 8,
      "average" : {
        "ns" : 303472.375,
        "us" : 303.472375,
        "ms" : 0.303472375,
        "s" : 3.03472375E-4
      },
      "min" : {
        "ns" : 89732,
        "us" : 89.732,
        "ms" : 0.089732,
        "s" : 8.9732E-5
      },
      "max" : {
        "ns" : 831559,
        "us" : 831.559,
        "ms" : 0.831559,
        "s" : 8.31559E-4
      }
    },
    "TimingAnalyzer.handleFeedback<Analyzer>" : {
      "count" : 8,
      "average" : {
        "ns" : 236967.625,
        "us" : 236.967625,
        "ms" : 0.236967625,
        "s" : 2.36967625E-4
      },
      "min" : {
        "ns" : 53421,
        "us" : 53.421,