{
  "stats" : {
    "nextFaultload" : {
      "count" : 6,
      "average" : {
        "ns" : 1577290.3333333333,
        "us" : 1577.2903333333334,
        "ms" : 1.5772903333333332,
        "s" : 0.0015772903333333332
      },
      "min" : {
        "ns" : 29924,
        "us" : 29.924,
        "ms" : 0.029924,
        "s" : 2.9924E-5
      },
      "max" : {
        "ns" : 2142660,
        "us" : 2142.66,
        "ms" : 2.14266,
        "s" : 0.00214266
      }
    },
    "Per test" : {
      "count" : 5,
      "average" : {
        "ns" : 8.0374265E7,
        "us" : 80374.265,
        "ms" : 80.374265,
        "s" : 0.080374265
      },
      "min" : {
        "ns" : 30155426,
        "us" : 30155.426,
        "ms" : 30.155426,
        "s" : 0.030155426
      },
      "max" : {
        "ns" : 247686185,
        "us" : 247686.185,
        "ms" : 247.686185,
        "s" : 0.247686185
      }
    },
    "registerFaultload" : {
      "count" : 5,
      "average" : {
        "ns" : 3.2539945E7,
        "us" : 32539.945,
        "ms" : 32.539945,
        "s" : 0.032539945
      },
      "min" : {
        "ns" : 3933393,
        "us" : 3933.393,
        "ms" : 3.933393,
        "s" : 0.003933393
      },
      "max" : {
        "ns" : 125685227,
        "us" : 125685.227,
        "ms" : 125.685227,
        "s" : 0.125685227
      }
    },
    "testMethod" : {
      "count" : 5,
      "average" : {
        "ns" : 3.66160424E7,
        "us" : 36616.0424,
        "ms" : 36.6160424,
        "s" : 0.0366160424
      },
      "min" : {
        "ns" : 17663613,
        "us" : 17663.613,
        "ms" : 17.663613,
        "s" : 0.017663613
      },
      "max" : {
        "ns" : 100817249,
        "us" : 100817.249,
        "ms" : 100.817249,
        "s" : 0.100817249
      }
    },
    "getTraceWithDelay" : {
      "count" : 5,
      "average" : {
        "ns" : 3.7226325E7,
        "us" : 37226.325,
        "ms" : 37.226325,
        "s" : 0.037226325
      },
      "min" : {
        "ns" : 15971041,
        "us" : 15971.041,
        "ms" : 15.971041,
        "s" : 0.015971041
      },
      "max" : {
        "ns" : 104333185,
        "us" : 104333.185,
        "ms" : 104.333185,
        "s" : 0.104333185
      }
    },
    "getTrace" : {
      "count" : 5,
      "average" : {
        "ns" : 2.56711392E7,
        "us" : 25671.139199999998,
        "ms" : 25.6711392,
        "s" : 0.0256711392
      },
      "min" : {
        "ns" : 9496714,
        "us" : 9496.714,
        "ms" : 9.496714,
        "s" : 0.009496714
      },
      "max" : {
        "ns" : 82391433,
        "us" : 82391.433,
        "ms" : 82.391433,
        "s" : 0.082391433
      }
    },
    "handleResult" : {
      "count" : 5,
      "average" : {
        "ns" : 5637856.2,
        "us" : 5637.8562,
        "ms" : 5.6378562,
        "s" : 0.0056378562
      },
      "min" : {
        "ns" : 1762418,
        "us" : 1762.418,
        "ms" : 1.762418,
        "s" : 0.001762418
      },
      "max" : {
        "ns" : 16327542,
        "us" : 16327.542,
        "ms" : 16.327542,
        "s" : 0.016327542
      }
    },
    "StrategyRunner.analyze" : {
      "count" : 5,
      "average" : {
        "ns" : 5569191.0,
        "us" : 5569.191,
        "ms" : 5.569191,
        "s" : 0.005569191
      },
      "min" : {
        "ns" : 1754177,
        "us" : 1754.177,
        "ms" : 1.754177,
        "s" : 0.001754177
      },
      "max" : {
        "ns" : 16022621,
        "us" : 16022.621,
        "ms" : 16.022621,
        "s" : 0.016022621
      }
    },
    "DynamicExplorationGenerator.handleFeedback<Analyzer>" : {
      "count" : 5,
      "average" : {
        "ns" : 1434163.2,
        "us" : 1434.1632,
        "ms" : 1.4341632,
        "s" : 0.0014341631999999999
      },
      "min" : {
        "ns" : 166282,
        "us" : 166.282,
        "ms" : 0.166282,
        "s" : 1.66282E-4
      },
      "max" : {
        "ns" : 6322341,
        "us" : 6322.341,
        "ms" : 6.322341,
        "s" : 0.006322341
      }
    },
    "HappyPathDetector.handleFeedback<Analyzer>" : {
      "count" : 5,
      "average" : {
        "ns" : 145783.8,
        "us" : 145.78379999999999,
        "ms" : 0.1457838,
        "s" : 1.457838E-4
      },
      "min" : {
        "ns" : 3970,
        "us" : 3.97,
        "ms" : 0.00397,
        "s" : 3.97E-6
      },
      "max" : {
        "ns" : 710846,
        "us" : 710.846,
        "ms" : 0.710846,
        "s" : 7.10846E-4
      }
    },
    "ParentChildDetector.handleFeedback<Analyzer>" : {
      "count" : 5,
      "average" : {
        "ns" : 624869.6,
        "us" : 624.8696,
        "ms" : 0.6248696,
        "s" : 6.248696E-4
      },
      "min" : {
        "ns" : 75980,
        "us" : 75.98,
        "ms" : 0.07598,
        "s" : 7.598E-5
      },
      "max" : {
        "ns" : 2719433,
        "us" : 2719.433,
        "ms" : 2.719433,
        "s" : 0.002719433
      }
    },
    "HappensBeforeNeighbourDetector.handleFeedback<Analyzer>" : {
      "count" : 5,
      "average" : {
        "ns" : 548556.2,
        "us" : 548.5562,
        "ms" : 0.5485561999999999,
        "s" : 5.485561999999999E-4
      },
      "min" : {
        "ns" : 9271,
        "us" : 9.271,
        "ms" : 0.009271,
        "s" : 9.271E-6
      },
      "max" : {
        "ns" : 1204223,
        "us" : 1204.223,
        "ms" : 1.204223,
        "s" : 0.001204223
      }
    },
    "ErrorPropagationDetector.handleFeedback<Analyzer>" : {
      "count" : 5,
      "average" : {
        "ns" : 286358.8,
        "us" : 286.3588,
        "ms" : 0.28635879999999997,
        "s" : 2.863588E-4
      },
      "min" : {
        "ns" : 15472,
        "us" : 15.472,
        "ms" : 0.015472,
        "s" : 1.5472E-5
      },
      "max" : {
        "ns" : 692464,
        "us" : 692.464,
        "ms" : 0.692464,
        "s" : 6.92464E-4
      }
    },
    "ConditionalPointDetector.handleFeedback<Analyzer>" : {
      "count" : 5,
      "average" : {
        "ns" : 1339273.6,
        "us" : 1339.2736,
        "ms" : 1.3392736,
        "s" : 0.0013392736000000002
      },
      "min" : {
        "ns" : 257425,
        "us" : 257.425,
        "ms" : 0.257425,
        "s" : 2.57425E-4
      },
      "max" : {
        "ns" : 4633737,
        "us" : 4633.737,
        "ms" : 4.633737,
        "s" : 0.004633737
      }
    },
    "RedundancyAnalyzer.handleFeedback<Analyzer>" : {
      "count" : 5,
      "average" : {
        "ns" : 132346.0,
        "us" : 132.346,
        "ms" : 0.132346,
        "s" : 1.32346E-4
      },
      "min" : {
        "ns" : 22933,
        "us" : 22.933,
        "ms" : 0.022933,
        "s" : 2.2933E-5
      },
      "max" : {
        "ns" : 222450,
        "us" : 222.45,
        "ms" : 0.22245,
        "s" : 2.2245E-4
      }
    },
    "StatusAnalyzer.handleFeedback<Analyzer>" : {
      "count" : 5,
      "average" : {
        "ns" : 56281.8,
        "us" : 56.281800000000004,
        "ms" : 0.0562818,
        "s" : 5.62818E-5
      },
      "min" : {
        "ns" : 5351,
        "us" : 5.351,
        "ms" : 0.005351,
        "s" : 5.351E-6
      },
      "max" : {
        "ns" : 244324,
        "us" : 244.324,
        "ms" : 0.244324,
        "s" : 2.44324E-4
      }
    },
    "BehaviorAnalyzer.handleFeedback<Analyzer>" : {
      "count" : 5,
      "average" : {
        "ns" : 493859.6,
        "us" : 493.8596,
        "ms" : 0.49385959999999995,
        "s" : 4.938596E-4
      },
      "min" : {
        "ns" : 152851,
        "us" : 152.851,
        "ms" : 0.152851,
        "s" : 1.52851E-4
      },
      "max" : {
        "ns" : 992025,
        "us" : 992.025,
        "ms" : 0.992025,
        "s" : 9.92025E-4
      }
    },
    "TimingAnalyzer.handleFeedback<Analyzer>" : {
      "count" : 5,
      "average" : {
        "ns" : 333667.4,
        "us" : 333.66740000000004,
        "ms" : 0.3336674,
        "s" : 3.3366740000000003E-4
      },
      "min" : {
        "ns" : 74180,