{
    "per_key": {
        "nextFaultload": {
            "n": 5440,
            "mean": 4.96369773860294,
            "median": 2.0787725,
            "std": 40.87769946752528,
            "min": 1.0860809999999999,
            "max": 985.8608509999999,
            "p25": 1.66751375,
            "p50": 2.0787725,
            "p75": 3.16361575,
            "p90": 4.6319806,
            "p95": 5.613690450000003,
            "p99": 39.35488565999996
        },
        "Per test": {
            "n": 5430,
            "mean": 34.75804574953959,
            "median": 32.279526000000004,
            "std": 17.27283706609625,
            "min": 23.007498,
            "max": 508.88277,
            "p25": 28.71941875,
            "p50": 32.279526000000004,
            "p75": 37.1021975,
            "p90": 42.721226,
            "p95": 46.86219145,
            "p99": 70.01079194
        },
        "registerFaultload": {
            "n": 5430,
            "mean": 3.639584661510129,
            "median": 3.307358,
            "std": 2.80378652165594,
            "min": 2.104425,
            "max": 79.00882899999999,
            "p25": 2.9404775,
            "p50": 3.307358,
            "p75": 3.8041359999999997,
            "p90": 4.443775,
            "p95": 5.02664655,
            "p99": 7.793906090000004
        },
        "unregisterFautload": {
            "n": 5430,
            "mean": 3.153089796316759,
            "median": 2.974233,
            "std": 0.9838122315714405,
            "min": 1.925721,
            "max": 22.628535,
            "p25": 2.66425,
            "p50": 2.974233,
            "p75": 3.377099,
            "p90": 3.9718,
            "p95": 4.422485050000001,
            "p99": 6.19642314
        },
        "testMethod": {
            "n": 5430,
            "mean": 26.25260776279926,
            "median": 24.3973875,
            "std": 12.296103651909378,
            "min": 16.94557,
            "max": 362.239465,
            "p25": 21.188593499999996,
            "p50": 24.3973875,
            "p75": 28.54209575,
            "p90": 33.035774700000005,
            "p95": 36.87168395000002,
            "p99": 56.39233944
        },
        "getTraceWithDelay": {
            "n": 5430,
            "mean": 7.650080855248619,
            "median": 6.668957499999999,
            "std": 6.080073275851076,
            "min": 5.016064,
            "max": 176.146855,
            "p25": 6.12350925,
            "p50": 6.668957499999999,
            "p75": 7.678179999999999,
            "p90": 9.564312500000003,
            "p95": 11.548035550000003,
            "p99": 19.23594997000001
        },
        "handleResult": {
            "n": 5430,
            "mean": 1.5880289920810313,
            "median": 1.3383785000000001,
            "std": 2.3717969670175427,
            "min": 0.775152,
            "max": 52.583743,
            "p25": 1.11949375,
            "p50": 1.3383785000000001,
            "p75": 1.586308,
            "p90": 1.8131593,
            "p95": 2.10176825,
            "p99": 5.98536727
        },
        "Total test time": {
            "n": 10,
            "mean": 22335.8371714,
            "median": 22285.848229,
            "std": 190.5958553103756,
            "min": 22127.636910999998,
            "max": 22777.261044,
            "p25": 22187.010471999998,
            "p50": 22285.848229,
            "p75": 22407.179145249997,
            "p90": 22559.3774925,
            "p95": 22668.319268249998,
            "p99": 22755.472688849997
        },
        "getExpectedBehaviours": {
            "n": 42420,
            "mean": 0.2171221754596888,
            "median": 0.185609,
            "std": 0.2245617586922631,
            "min": 0.11089299999999999,
            "max": 6.9435199999999995,
            "p25": 0.148818,
            "p50": 0.185609,
            "p75": 0.25041599999999997,
            "p90": 0.2843153,
            "p95": 0.32393599999999867,
            "p99": 0.4726081699999998
        },
        "getExpectedPoints": {
            "n": 42420,
            "mean": 0.24798475254596888,
            "median": 0.2168275,
            "std": 0.2320393800058277,
            "min": 0.113107,
            "max": 8.380564,
            "p25": 0.15791075,
            "p50": 0.2168275,
            "p75": 0.275824,
            "p90": 0.3800132,
            "p95": 0.46031654999999994,
            "p99": 0.6327963999999997
        }
    }
}