{
  "stats" : {
    "nextFaultload" : {
      "count" : 9,
      "average" : {
        "ns" : 2267999.5555555555,
        "us" : 2267.9995555555556,
        "ms" : 2.2679995555555554,
        "s" : 0.0022679995555555557
      },
      "min" : {
        "ns" : 636540,
        "us" : 636.54,
        "ms" : 0.63654,
        "s" : 6.3654E-4
      },
      "max" : {
        "ns" : 3969452,
        "us" : 3969.452,
        "ms" : 3.969452,
        "s" : 0.003969452
      }
    },
    "Per test" : {
      "count" : 8,
      "average" : {
        "ns" : 1.43166154875E8,
        "us" : 143166.154875,
        "ms" : 143.166154875,
        "s" : 0.143166154875
      },
      "min" : {
        "ns" : 57227230,
        "us" : 57227.23,
        "ms" : 57.22723,
        "s" : 0.05722723
      },
      "max" : {
        "ns" : 542352097,
        "us" : 542352.097,
        "ms" : 542.352097,
        "s" : 0.542352097
      }
    },
    "registerFaultload" : {
      "count" : 8,
      "average" : {
        "ns" : 1.9092273375E7,
        "us" : 19092.273375,
        "ms" : 19.092273375,
        "s" : 0.019092273375
      },
      "min" : {
        "ns" : 2921585,
        "us" : 2921.585,
        "ms" : 2.921585,
        "s" : 0.002921585
      },
      "max" : {
        "ns" : 116016458,
        "us" : 116016.458,
        "ms" : 116.016458,
        "s" : 0.116016458
      }
    },
    "testMethod" : {
      "count" : 8,
      "average" : {
        "ns" : 9.7810340625E7,
        "us" : 97810.340625,
        "ms" : 97.810340625,
        "s" : 0.097810340625
      },
      "min" : {
        "ns" : 41233415,
        "us" : 41233.415,
        "ms" : 41.233415,
        "s" : 0.041233415
      },
      "max" : {
        "ns" : 325865667,
        "us" : 325865.667,
        "ms" : 325.865667,
        "s" : 0.325865667
      }
    },
    "getTraceWithDelay" : {
      "count" : 8,
      "average" : {
        "ns" : 2.6024550625E7,
        "us" : 26024.550625,
        "ms" : 26.024550625,
        "s" : 0.026024550625
      },
      "min" : {
        "ns" : 11887554,
        "us" : 11887.554,
        "ms" : 11.887554,
        "s" : 0.011887554
      },
      "max" : {
        "ns" : 100120050,
        "us" : 100120.05,
        "ms" : 100.12005,
        "s" : 0.10012005
      }
    },
    "getTrace" : {
      "count" : 8,
      "average" : {
        "ns" : 1.639421475E7,
        "us" : 16394.21475,
        "ms" : 16.39421475,
        "s" : 0.01639421475
      },
      "min" : {
        "ns" : 6805232,
        "us" : 6805.232,
        "ms" : 6.805232,
        "s" : 0.006805232
      },
      "max" : {
        "ns" : 73195742,
        "us" : 73195.742,
        "ms" : 73.195742,
        "s" : 0.073195742
      }
    },
    "handleResult" : {
      "count" : 8,
      "average" : {
        "ns" : 5565890.625,
        "us" : 5565.890625,
        "ms" : 5.565890625,
        "s" : 0.005565890625
      },
      "min" : {
        "ns" : 2019028,
        "us" : 2019.028,
        "ms" : 2.019028,
        "s" : 0.002019028
      },
      "max" : {
        "ns" : 18640682,
        "us" : 18640.682,
        "ms" : 18.640682,
        "s" : 0.018640682
      }
    },
    "StrategyRunner.analyze" : {
      "count" : 8,
      "average" : {
        "ns" : 5423381.625,
        "us" : 5423.381625,
        "ms" : 5.423381625,
        "s" : 0.005423381625
      },
      "min" : {
        "ns" : 1940623,
        "us" : 1940.623,
        "ms" : 1.940623,
        "s" : 0.001940623
      },
      "max" : {
        "ns" : 18309461,
        "us" : 18309.461,
        "ms" : 18.309461,
        "s" : 0.018309461
      }
    },
    "DynamicExplorationGenerator.handleFeedback<Analyzer>" : {
      "count" : 8,
      "average" : {
        "ns" : 979124.75,
        "us" : 979.12475,
        "ms" : 0.97912475,
        "s" : 9.7912475E-4
      },
      "min" : {
        "ns" : 80305,
        "us" : 80.305,
        "ms" : 0.080305,
        "s" : 8.0305E-5
      },
      "max" : {
        "ns" : 5499049,
        "us" : 5499.049,
        "ms" : 5.499049,
        "s" : 0.005499049
      }
    },
    "HappyPathDetector.handleFeedback<Analyzer>" : {
      "count" : 8,
      "average" : {
        "ns" : 52928.375,
        "us" : 52.928375,
        "ms" : 0.052928375,
        "s" : 5.2928375E-5
      },
      "min" : {
        "ns" : 3100,
        "us" : 3.1,
        "ms" : 0.0031,
        "s" : 3.1E-6
      },
      "max" : {
        "ns" : 394525,
        "us" : 394.525,
        "ms" : 0.394525,
        "s" : 3.94525E-4
      }
    },
    "ParentChildDetector.handleFeedback<Analyzer>" : {
      "count" : 8,
      "average" : {
        "ns" : 941984.875,
        "us" : 941.984875,
        "ms" : 0.941984875,
        "s" : 9.41984875E-4
      },
      "min" : {
        "ns" : 38103,
        "us" : 38.103,
        "ms" : 0.038103,
        "s" : 3.8103E-5
      },
      "max" : {
        "ns" : 6986143,
        "us" : 6986.143,
        "ms" : 6.986143,
        "s" : 0.006986143
      }
    },
    "HappensBeforeNeighbourDetector.handleFeedback<Analyzer>" : {
      "count" : 8,
      "average" : {
        "ns" : 378624.0,
        "us" : 378.624,
        "ms" : 0.378624,
        "s" : 3.78624E-4
      },
      "min" : {
        "ns" : 11801,
        "us" : 11.801,
        "ms" : 0.011801,
        "s" : 1.1801E-5
      },
      "max" : {
        "ns" : 1223478,
        "us" : 1223.478,
        "ms" : 1.223478,
        "s" : 0.001223478
      }
    },
    "ErrorPropagationDetector.handleFeedback<Analyzer>" : {
      "count" : 8,
      "average" : {
        "ns" : 818701.875,
        "us" : 818.701875,
        "ms" : 0.818701875,
        "s" : 8.18701875E-4
      },
      "min" : {
        "ns" : 14001,
        "us" : 14.001,
        "ms" : 0.014001,
        "s" : 1.4001E-5
      },
      "max" : {
        "ns" : 2548362,
        "us" : 2548.362,
        "ms" : 2.548362,
        "s" : 0.002548362
      }
    },
    "ConditionalPointDetector.handleFeedback<Analyzer>" : {
      "count" : 8,
      "average" : {
        "ns" : 757435.625,
        "us" : 757.435625,
        "ms" : 0.757435625,
        "s" : 7.57435625E-4
      },
      "min" : {
        "ns" : 127508,
        "us" : 127.508,
        "ms" : 0.127508,
        "s" : 1.27508E-4
      },
      "max" : {
        "ns" : 4307974,
        "us" : 4307.974,
        "ms" : 4.307974,
        "s" : 0.004307974
      }
    },
    "RedundancyAnalyzer.handleFeedback<Analyzer>" : {
      "count" : 8,
      "average" : {
        "ns" : 52740.75,
        "us" : 52.74075,
        "ms" : 0.05274075,
        "s" : 5.274075E-5
      },
      "min" : {
        "ns" : 19601,
        "us" : 19.601,
        "ms" : 0.019601,
        "s" : 1.9601E-5
      },
      "max" : {
        "ns" : 143609,
        "us" : 143.609,
        "ms" : 0.143609,
        "s" : 1.43609E-4
      }
    },
    "StatusAnalyzer.handleFeedback<Analyzer>" : {
      "count" : 8,
      "average" : {
        "ns" : 20763.875,
        "us" : 20.763875,
        "ms" : 0.020763875,
        "s" : 2.0763875E-5
      },
      "min" : {
        "ns" : 4201,
        "us" : 4.201,
        "ms" : 0.004201,
        "s" : 4.201E-6
      },
      "max" : {
        "ns" : 127908,
        "us" : 127.908,
        "ms" : 0.127908,
        "s" : 1.27908E-4
      }
    },
    "BehaviorAnalyzer.handleFeedback<Analyzer>" : {
      "count" : 8,
      "average" : {
        "ns" : 555072.375,
        "us" : 555.072375,
        "ms" : 0.555072375,
        "s" : 5.55072375E-4
      },
      "min" : {
        "ns" : 325120,
        "us" : 325.12,
        "ms" : 0.32512,
        "s" : 3.2512E-4
      },
      "max" : {
        "ns" : 1319184,
        "us" : 1319.184,
        "ms" : 1.319184,
        "s" : 0.001319184
      }
    },
    "TimingAnalyzer.handleFeedback<Analyzer>" : {
      "count" : 8,
      "average" : {
        "ns" : 167372.75,
        "us" : 167.37275,
        "ms" : 0.16737275,
        "s" : 1.6737275E-4
      },