{
    "per_key": {
        "nextFaultload": {
            "n": 18,
            "mean": 2.135295277777778,
            "median": 1.7153185,
            "std": 2.1783917290947263,
            "min": 0.6874629999999999,
            "max": 10.841434,
            "p25": 1.5282767499999999,
            "p50": 1.7153185,
            "p75": 1.89515375,
            "p90": 2.3917894000000004,
            "p95": 4.210103749999989,
            "p99": 9.515167949999986
        },
        "Per test": {
            "n": 17,
            "mean": 59.64186994117648,
            "median": 42.488391,
            "std": 71.42452198284582,
            "min": 23.775964,
            "max": 341.893821,
            "p25": 37.802777999999996,
            "p50": 42.488391,
            "p75": 45.118308999999996,
            "p90": 60.626153,
            "p95": 129.0606825999998,
            "p99": 299.32719332
        },
        "registerFaultload": {
            "n": 17,
            "mean": 10.910832294117645,
            "median": 5.8970839999999995,
            "std": 16.509855202550856,
            "min": 4.350995,
            "max": 74.96629399999999,
            "p25": 5.148359999999999,
            "p50": 5.8970839999999995,
            "p75": 6.657468,
            "p90": 13.895177000000004,
            "p95": 33.01003639999996,
            "p99": 66.57504247999998
        },
        "unregisterFautload": {
            "n": 17,
            "mean": 5.585002588235294,
            "median": 5.5392269999999995,
            "std": 0.8495331783525417,
            "min": 4.362368,
            "max": 7.8743609999999995,
            "p25": 5.025077,
            "p50": 5.5392269999999995,
            "p75": 6.068976999999999,
            "p90": 6.4451934,
            "p95": 6.753611399999999,
            "p99": 7.650211079999999
        },
        "testMethod": {
            "n": 17,
            "mean": 38.741090117647055,
            "median": 29.025116999999998,
            "std": 50.25959144761816,
            "min": 12.117847999999999,
            "max": 237.555884,
            "p25": 24.902444,
            "p50": 29.025116999999998,
            "p75": 30.758052,
            "p90": 37.8219842,
            "p95": 78.95805439999987,
            "p99": 205.83631807999996
        },
        "getTraceWithDelay": {
            "n": 17,
            "mean": 24.57061752941176,
            "median": 17.096878,
            "std": 27.749338333899843,
            "min": 12.428144999999999,
            "max": 134.590228,
            "p25": 15.586843,
            "p50": 17.096878,
            "p75": 19.742235,
            "p90": 25.812784399999998,
            "p95": 49.25268239999993,
            "p99": 117.52271887999999
        },
        "handleResult": {
            "n": 17,
            "mean": 4.360263411764705,
            "median": 2.255314,
            "std": 5.596571082892736,
            "min": 0.7175539999999999,
            "max": 23.251987999999997,
            "p25": 1.7739749999999999,
            "p50": 2.255314,
            "p75": 3.194232,
            "p90": 10.609918200000001,
            "p95": 14.843881599999992,
            "p99": 21.570366719999996
        },
        "Total test time": {
            "n": 1,
            "mean": 1416.672544,
            "median": 1416.672544,
            "std": 0.0,
            "min": 1416.672544,
            "max": 1416.672544,
            "p25": 1416.672544,
            "p50": 1416.672544,
            "p75": 1416.672544,
            "p90": 1416.672544,
            "p95": 1416.672544,
            "p99": 1416.672544
        },
        "getExpectedPoints": {
            "n": 64,
            "mean": 0.36230039062499997,
            "median": 0.3316065,
            "std": 0.20238800542928495,
            "min": 0.052251,
            "max": 1.003549,
            "p25": 0.207954,
            "p50": 0.3316065,
            "p75": 0.46189349999999996,
            "p90": 0.653115,
            "p95": 0.7422949999999999,
            "p99": 0.8807538099999994
        }
    }
}