{
  "stats" : {
    "nextFaultload" : {
      "count" : 6,
      "average" : {
        "ns" : 1973102.0,
        "us" : 1973.102,
        "ms" : 1.973102,
        "s" : 0.001973102
      },
      "min" : {
        "ns" : 23202,
        "us" : 23.202,
        "ms" : 0.023202,
        "s" : 2.3202E-5
      },
      "max" : {
        "ns" : 3068584,
        "us" : 3068.584,
        "ms" : 3.068584,
        "s" : 0.003068584
      }
    },
    "Per test" : {
      "count" : 5,
      "average" : {
        "ns" : 7.0682924E7,
        "us" : 70682.924,
        "ms" : 70.682924,
        "s" : 0.070682924
      },
      "min" : {
        "ns" : 25110408,
        "us" : 25110.408,
        "ms" : 25.110408,
        "s" : 0.025110408
      },
      "max" : {
        "ns" : 229765296,
        "us" : 229765.296,
        "ms" : 229.765296,
        "s" : 0.229765296
      }
    },
    "registerFaultload" : {
      "count" : 5,
      "average" : {
        "ns" : 2.97423658E7,
        "us" : 29742.3658,
        "ms" : 29.7423658,
        "s" : 0.0297423658
      },
      "min" : {
        "ns" : 3857131,
        "us" : 3857.131,
        "ms" : 3.857131,
        "s" : 0.003857131
      },
      "max" : {
        "ns" : 116299183,
        "us" : 116299.183,
        "ms" : 116.299183,
        "s" : 0.116299183
      }
    },
    "testMethod" : {
      "count" : 5,
      "average" : {
        "ns" : 3.1958099E7,
        "us" : 31958.099,
        "ms" : 31.958099,
        "s" : 0.031958099
      },
      "min" : {
        "ns" : 15286518,
        "us" : 15286.518,
        "ms" : 15.286518,
        "s" : 0.015286518
      },
      "max" : {
        "ns" : 94244559,
        "us" : 94244.559,
        "ms" : 94.244559,
        "s" : 0.094244559
      }
    },
    "getTraceWithDelay" : {
      "count" : 5,
      "average" : {
        "ns" : 3.2191733E7,
        "us" : 32191.733,
        "ms" : 32.191733,
        "s" : 0.032191733
      },
      "min" : {
        "ns" : 14787688,
        "us" : 14787.688,
        "ms" : 14.787688,
        "s" : 0.014787688
      },
      "max" : {
        "ns" : 96839715,
        "us" : 96839.715,
        "ms" : 96.839715,
        "s" : 0.096839715
      }
    },
    "getTrace" : {
      "count" : 5,
      "average" : {
        "ns" : 2.29260366E7,
        "us" : 22926.036600000003,
        "ms" : 22.9260366,
        "s" : 0.0229260366
      },
      "min" : {
        "ns" : 8724224,
        "us" : 8724.224,
        "ms" : 8.724224,
        "s" : 0.008724224
      },
      "max" : {
        "ns" : 76878416,
        "us" : 76878.416,
        "ms" : 76.878416,
        "s" : 0.076878416
      }
    },
    "handleResult" : {
      "count" : 5,
      "average" : {
        "ns" : 5051263.4,
        "us" : 5051.263400000001,
        "ms" : 5.051263400000001,
        "s" : 0.0050512634
      },
      "min" : {
        "ns" : 1624298,
        "us" : 1624.298,
        "ms" : 1.624298,
        "s" : 0.001624298
      },
      "max" : {
        "ns" : 15042603,
        "us" : 15042.603,
        "ms" : 15.042603,
        "s" : 0.015042603
      }
    },
    "StrategyRunner.analyze" : {
      "count" : 5,
      "average" : {
        "ns" : 4996320.0,
        "us" : 4996.32,
        "ms" : 4.99632,
        "s" : 0.00499632
      },
      "min" : {
        "ns" : 1616497,
        "us" : 1616.497,
        "ms" : 1.616497,
        "s" : 0.001616497
      },
      "max" : {
        "ns" : 14805589,
        "us" : 14805.589,
        "ms" : 14.805589,
        "s" : 0.014805589
      }
    },
    "DynamicExplorationGenerator.handleFeedback<Analyzer>" : {
      "count" : 5,
      "average" : {
        "ns" : 1275496.6,
        "us" : 1275.4966000000002,
        "ms" : 1.2754966,
        "s" : 0.0012754966
      },
      "min" : {
        "ns" : 112207,
        "us" : 112.207,
        "ms" : 0.112207,
        "s" : 1.12207E-4
      },
      "max" : {
        "ns" : 5414925,
        "us" : 5414.925,
        "ms" : 5.414925,
        "s" : 0.005414925
      }
    },
    "HappyPathDetector.handleFeedback<Analyzer>" : {
      "count" : 5,
      "average" : {
        "ns" : 140188.2,
        "us" : 140.18820000000002,
        "ms" : 0.1401882,
        "s" : 1.401882E-4
      },
      "min" : {
        "ns" : 4100,
        "us" : 4.1,
        "ms" : 0.0041,
        "s" : 4.1E-6
      },
      "max" : {
        "ns" : 683941,
        "us" : 683.941,
        "ms" : 0.683941,
        "s" : 6.83941E-4
      }
    },
    "ParentChildDetector.handleFeedback<Analyzer>" : {
      "count" : 5,
      "average" : {
        "ns" : 657019.4,
        "us" : 657.0194,
        "ms" : 0.6570194,
        "s" : 6.570194E-4
      },
      "min" : {
        "ns" : 63804,
        "us" : 63.804,
        "ms" : 0.063804,
        "s" : 6.3804E-5
      },
      "max" : {
        "ns" : 2582955,
        "us" : 2582.955,
        "ms" : 2.582955,
        "s" : 0.002582955
      }
    },
    "HappensBeforeNeighbourDetector.handleFeedback<Analyzer>" : {
      "count" : 5,
      "average" : {
        "ns" : 449947.0,
        "us" : 449.947,
        "ms" : 0.449947,
        "s" : 4.49947E-4
      },
      "min" : {
        "ns" : 9701,
        "us" : 9.701,
        "ms" : 0.009701,
        "s" : 9.701E-6
      },
      "max" : {
        "ns" : 1152969,
        "us" : 1152.969,
        "ms" : 1.152969,
        "s" : 0.001152969
      }
    },
    "ErrorPropagationDetector.handleFeedback<Analyzer>" : {
      "count" : 5,
      "average" : {
        "ns" : 292737.4,
        "us" : 292.73740000000004,
        "ms" : 0.29273740000000004,
        "s" : 2.9273740000000003E-4
      },
      "min" : {
        "ns" : 11101,
        "us" : 11.101,
        "ms" : 0.011101,
        "s" : 1.1101E-5
      },
      "max" : {
        "ns" : 794448,
        "us" : 794.448,
        "ms" : 0.794448,
        "s" : 7.94448E-4
      }
    },
    "ConditionalPointDetector.handleFeedback<Analyzer>" : {
      "count" : 5,
      "average" : {
        "ns" : 1142328.6,
        "us" : 1142.3286,
        "ms" : 1.1423286000000001,
        "s" : 0.0011423286000000002
      },
      "min" : {
        "ns" : 192211,
        "us" : 192.211,
        "ms" : 0.192211,
        "s" : 1.92211E-4
      },
      "max" : {
        "ns" : 4443867,
        "us" : 4443.867,
        "ms" : 4.443867,
        "s" : 0.004443867
      }
    },
    "RedundancyAnalyzer.handleFeedback<Analyzer>" : {
      "count" : 5,
      "average" : {
        "ns" : 64704.0,
        "us" : 64.704,
        "ms" : 0.064704,
        "s" : 6.4704E-5
      },
      "min" : {
        "ns" : 27602,
        "us" : 27.602,
        "ms" : 0.027602,
        "s" : 2.7602E-5
      },
      "max" : {
        "ns" : 166510,
        "us" : 166.51,
        "ms" : 0.16651,
        "s" : 1.6651E-4
      }
    },
    "StatusAnalyzer.handleFeedback<Analyzer>" : {
      "count" : 5,
      "average" : {
        "ns" : 52823.4,
        "us" : 52.8234,
        "ms" : 0.0528234,
        "s" : 5.28234E-5
      },
      "min" : {
        "ns" : 5501,
        "us" : 5.501,
        "ms" : 0.005501,
        "s" : 5.501E-6
      },
      "max" : {
        "ns" : 226513,
        "us" : 226.513,
        "ms" : 0.226513,
        "s" : 2.26513E-4
      }
    },
    "BehaviorAnalyzer.handleFeedback<Analyzer>" : {
      "count" : 5,
      "average" : {
        "ns" : 454567.4,
        "us" : 454.5674,
        "ms" : 0.4545674,
        "s" : 4.5456740000000004E-4
      },
      "min" : {
        "ns" : 137708,
        "us" : 137.708,
        "ms" : 0.137708,
        "s" : 1.37708E-4
      },
      "max" : {
        "ns" : 788847,
        "us" : 788.847,
        "ms" : 0.788847,
        "s" : 7.88847E-4
      }
    },
    "TimingAnalyzer.handleFeedback<Analyzer>" : {
      "count" : 5,
      "average" : {
        "ns" : 286497.4,
        "us" : 286.4974,
        "ms" : 0.2864974,
        "s" : 2.864974E-4
      },
      "min" : {
        "ns" : 145509,
        "us" : 145.509,
        "ms" : 0.145509,