{
  "stats" : {
    "nextFaultload" : {
      "count" : 22,
      "average" : {
        "ns" : 2409241.409090909,
        "us" : 2409.241409090909,
        "ms" : 2.4092414090909093,
        "s" : 0.002409241409090909
      },
      "min" : {
        "ns" : 290616,
        "us" : 290.616,
        "ms" : 0.290616,
        "s" : 2.90616E-4
      },
      "max" : {
        "ns" : 4333938,
        "us" : 4333.938,
        "ms" : 4.333938,
        "s" : 0.004333938
      }
    },
    "Per test" : {
      "count" : 21,
      "average" : {
        "ns" : 3.989425447619048E7,
        "us" : 39894.25447619048,
        "ms" : 39.894254476190476,
        "s" : 0.03989425447619048
      },
      "min" : {
        "ns" : 24764261,
        "us" : 24764.261,
        "ms" : 24.764261,
        "s" : 0.024764261
      },
      "max" : {
        "ns" : 240708029,
        "us" : 240708.029,
        "ms" : 240.708029,
        "s" : 0.240708029
      }
    },
    "registerFaultload" : {
      "count" : 21,
      "average" : {
        "ns" : 9370138.904761905,
        "us" : 9370.138904761905,
        "ms" : 9.370138904761905,
        "s" : 0.009370138904761904
      },
      "min" : {
        "ns" : 2631245,
        "us" : 2631.245,
        "ms" : 2.631245,
        "s" : 0.002631245
      },
      "max" : {
        "ns" : 118398407,
        "us" : 118398.407,
        "ms" : 118.398407,
        "s" : 0.118398407
      }
    },
    "testMethod" : {
      "count" : 21,
      "average" : {
        "ns" : 1.3320498904761905E7,
        "us" : 13320.498904761906,
        "ms" : 13.320498904761905,
        "s" : 0.013320498904761904
      },
      "min" : {
        "ns" : 11494532,
        "us" : 11494.532,
        "ms" : 11.494532,
        "s" : 0.011494532
      },
      "max" : {
        "ns" : 20615733,
        "us" : 20615.733,
        "ms" : 20.615733,
        "s" : 0.020615733
      }
    },
    "getTraceWithDelay" : {
      "count" : 21,
      "average" : {
        "ns" : 1.698224276190476E7,
        "us" : 16982.24276190476,
        "ms" : 16.98224276190476,
        "s" : 0.01698224276190476
      },
      "min" : {
        "ns" : 9818639,
        "us" : 9818.639,
        "ms" : 9.818639,
        "s" : 0.009818639
      },
      "max" : {
        "ns" : 101397273,
        "us" : 101397.273,
        "ms" : 101.397273,
        "s" : 0.101397273
      }
    },
    "getTrace" : {
      "count" : 21,
      "average" : {
        "ns" : 1.0161610857142856E7,
        "us" : 10161.610857142856,
        "ms" : 10.161610857142856,
        "s" : 0.010161610857142856
      },
      "min" : {
        "ns" : 5382696,
        "us" : 5382.696,
        "ms" : 5.382696,
        "s" : 0.005382696
      },
      "max" : {
        "ns" : 72488784,
        "us" : 72488.784,
        "ms" : 72.488784,
        "s" : 0.072488784
      }
    },
    "handleResult" : {
      "count" : 21,
      "average" : {
        "ns" : 3633842.6666666665,
        "us" : 3633.8426666666664,
        "ms" : 3.6338426666666663,
        "s" : 0.0036338426666666667
      },
      "min" : {
        "ns" : 1686193,
        "us" : 1686.193,
        "ms" : 1.686193,
        "s" : 0.001686193
      },
      "max" : {
        "ns" : 20541229,
        "us" : 20541.229,
        "ms" : 20.541229,
        "s" : 0.020541229
      }
    },
    "StrategyRunner.analyze" : {
      "count" : 21,
      "average" : {
        "ns" : 3532946.476190476,
        "us" : 3532.946476190476,
        "ms" : 3.5329464761904763,
        "s" : 0.0035329464761904763
      },
      "min" : {
        "ns" : 1561386,
        "us" : 1561.386,
        "ms" : 1.561386,
        "s" : 0.001561386
      },
      "max" : {
        "ns" : 20156908,
        "us" : 20156.908,
        "ms" : 20.156908,
        "s" : 0.020156908
      }
    },
    "DynamicExplorationGenerator.handleFeedback<Analyzer>" : {
      "count" : 21,
      "average" : {
        "ns" : 513728.2380952381,
        "us" : 513.7282380952381,
        "ms" : 0.5137282380952382,
        "s" : 5.137282380952382E-4
      },
      "min" : {
        "ns" : 65104,
        "us" : 65.104,
        "ms" : 0.065104,
        "s" : 6.5104E-5
      },
      "max" : {
        "ns" : 5805819,
        "us" : 5805.819,
        "ms" : 5.805819,
        "s" : 0.005805819
      }
    },
    "HappyPathDetector.handleFeedback<Analyzer>" : {
      "count" : 21,
      "average" : {
        "ns" : 37059.23809523809,
        "us" : 37.05923809523809,
        "ms" : 0.03705923809523809,
        "s" : 3.705923809523809E-5
      },
      "min" : {
        "ns" : 2100,
        "us" : 2.1,
        "ms" : 0.0021,
        "s" : 2.1E-6
      },
      "max" : {
        "ns" : 710739,
        "us" : 710.739,
        "ms" : 0.710739,
        "s" : 7.10739E-4
      }
    },
    "ParentChildDetector.handleFeedback<Analyzer>" : {
      "count" : 21,
      "average" : {
        "ns" : 458510.85714285716,
        "us" : 458.51085714285716,
        "ms" : 0.45851085714285716,
        "s" : 4.5851085714285715E-4
      },
      "min" : {
        "ns" : 31502,
        "us" : 31.502,
        "ms" : 0.031502,
        "s" : 3.1502E-5
      },
      "max" : {
        "ns" : 8198951,
        "us" : 8198.951,
        "ms" : 8.198951,
        "s" : 0.008198951
      }
    },
    "HappensBeforeNeighbourDetector.handleFeedback<Analyzer>" : {
      "count" : 21,
      "average" : {
        "ns" : 406279.38095238095,
        "us" : 406.27938095238096,
        "ms" : 0.4062793809523809,
        "s" : 4.06279380952381E-4
      },
      "min" : {
        "ns" : 15400,
        "us" : 15.4,
        "ms" : 0.0154,
        "s" : 1.54E-5
      },
      "max" : {
        "ns" : 1211366,
        "us" : 1211.366,
        "ms" : 1.211366,
        "s" : 0.001211366
      }
    },
    "ErrorPropagationDetector.handleFeedback<Analyzer>" : {
      "count" : 21,
      "average" : {
        "ns" : 354324.1904761905,
        "us" : 354.3241904761905,
        "ms" : 0.35432419047619046,
        "s" : 3.543241904761905E-4
      },
      "min" : {
        "ns" : 4100,
        "us" : 4.1,
        "ms" : 0.0041,
        "s" : 4.1E-6
      },
      "max" : {
        "ns" : 1079959,
        "us" : 1079.959,
        "ms" : 1.079959,
        "s" : 0.001079959
      }
    },
    "ConditionalPointDetector.handleFeedback<Analyzer>" : {
      "count" : 21,
      "average" : {
        "ns" : 718096.619047619,
        "us" : 718.096619047619,
        "ms" : 0.718096619047619,
        "s" : 7.18096619047619E-4
      },
      "min" : {
        "ns" : 137407,
        "us" : 137.407,
        "ms" : 0.137407,
        "s" : 1.37407E-4
      },
      "max" : {
        "ns" : 4095525,
        "us" : 4095.525,
        "ms" : 4.095525,
        "s" : 0.004095525
      }
    },
    "RedundancyAnalyzer.handleFeedback<Analyzer>" : {
      "count" : 21,
      "average" : {
        "ns" : 40445.04761904762,
        "us" : 40.44504761904762,
        "ms" : 0.04044504761904762,
        "s" : 4.044504761904762E-5
      },
      "min" : {
        "ns" : 16000,
        "us" : 16.0,
        "ms" : 0.016,
        "s" : 1.6E-5
      },
      "max" : {
        "ns" : 140608,
        "us" : 140.608,
        "ms" : 0.140608,
        "s" : 1.40608E-4
      }
    },
    "StatusAnalyzer.handleFeedback<Analyzer>" : {
      "count" : 21,
      "average" : {
        "ns" : 19720.0,
        "us" : 19.72,
        "ms" : 0.01972,
        "s" : 1.972E-5
      },
      "min" : {
        "ns" : 3300,
        "us" : 3.3,
        "ms" : 0.0033,
        "s" : 3.3E-6
      },
      "max" : {
        "ns" : 132708,
        "us" : 132.708,
        "ms" : 0.132708,
        "s" : 1.32708E-4
      }
    },
    "BehaviorAnalyzer.handleFeedback<Analyzer>" : {
      "count" : 21,
      "average" : {
        "ns" : 473645.09523809527,
        "us" : 473.6450952380953,
        "ms" : 0.4736450952380953,
        "s" : 4.7364509523809527E-4
      },
      "min" : {
        "ns" : 280316,
        "us" : 280.316,
        "ms" : 0.280316,