{
    "per_key": {
        "nextFaultload": {
            "n": 310,
            "mean": 7.435941161290321,
            "median": 3.0721419999999995,
            "std": 22.43904848620532,
            "min": 0.545061,
            "max": 151.742337,
            "p25": 1.77748025,
            "p50": 3.0721419999999995,
            "p75": 4.825396499999999,
            "p90": 7.038619100000002,
            "p95": 8.122182,
            "p99": 129.59648931000007
        },
        "Per test": {
            "n": 300,
            "mean": 64.28447421666667,
            "median": 59.6641075,
            "std": 46.747100267001926,
            "min": 27.631000999999998,
            "max": 317.867198,
            "p25": 40.8208115,
            "p50": 59.6641075,
            "p75": 69.81363825,
            "p90": 78.6387176,
            "p95": 86.08568064999999,
            "p99": 300.6285696599999
        },
        "registerFaultload": {
            "n": 300,
            "mean": 8.73137696,
            "median": 4.358950500000001,
            "std": 20.324010206528673,
            "min": 3.211457,
            "max": 126.660175,
            "p25": 3.9886619999999997,
            "p50": 4.358950500000001,
            "p75": 4.955939,
            "p90": 6.1184195000000035,
            "p95": 18.748554950000003,
            "p99": 119.03497168
        },
        "unregisterFautload": {
            "n": 300,
            "mean": 4.085991186666667,
            "median": 3.9694905,
            "std": 0.6889221144022343,
            "min": 2.887969,
            "max": 8.10642,
            "p25": 3.6381415,
            "p50": 3.9694905,
            "p75": 4.4138335,
            "p90": 4.879855500000001,
            "p95": 5.2786156,
            "p99": 6.516621789999999
        },
        "testMethod": {
            "n": 300,
            "mean": 47.55592343666666,
            "median": 43.7418415,
            "std": 26.185648974526703,
            "min": 18.061989999999998,
            "max": 174.485826,
            "p25": 28.151845499999997,
            "p50": 43.7418415,
            "p75": 59.401655749999996,
            "p90": 66.09462900000003,
            "p95": 73.42122875,
            "p99": 154.85606210999995
        },
        "getTraceWithDelay": {
            "n": 300,
            "mean": 18.171009856666668,
            "median": 14.074466999999999,
            "std": 18.76735352539962,
            "min": 8.064326,
            "max": 127.75084899999999,
            "p25": 11.74885325,
            "p50": 14.074466999999999,
            "p75": 16.988589499999996,
            "p90": 19.752859400000002,
            "p95": 34.24019330000001,
            "p99": 114.88914342999998
        },
        "handleResult": {
            "n": 300,
            "mean": 3.887605813333333,
            "median": 2.6127965,
            "std": 4.49595183983712,
            "min": 0.757686,
            "max": 23.868512,
            "p25": 1.92824175,
            "p50": 2.6127965,
            "p75": 3.72030775,
            "p90": 5.3401453000000005,
            "p95": 18.388139000000002,
            "p99": 21.16077917999999
        },
        "Total test time": {
            "n": 10,
            "mean": 2454.8676078,
            "median": 2451.405957,
            "std": 38.64192387831696,
            "min": 2389.418914,
            "max": 2520.2016839999997,
            "p25": 2427.6364009999998,
            "p50": 2451.405957,
            "p75": 2475.4238474999997,
            "p90": 2510.1989112,
            "p95": 2515.2002976,
            "p99": 2519.20140672
        },
        "getExpectedBehaviours": {
            "n": 3530,
            "mean": 0.250218207082153,
            "median": 0.159009,
            "std": 0.3804838022608797,
            "min": 0.01873,
            "max": 6.549735,
            "p25": 0.099417,
            "p50": 0.159009,
            "p75": 0.2475775,
            "p90": 0.4826439999999998,
            "p95": 0.6927000499999998,
            "p99": 1.4929863200000004
        },
        "getExpectedPoints": {
            "n": 3530,
            "mean": 0.2642131575070822,
            "median": 0.1681185,
            "std": 0.3053745827494871,
            "min": 0.022431,
            "max": 4.698134,
            "p25": 0.1110405,
            "p50": 0.1681185,
            "p75": 0.27071999999999996,
            "p90": 0.517986,
            "p95": 0.7694459499999997,
            "p99": 1.7443052300000002
        }
    }
}