{
    "per_key": {
        "nextFaultload": {
            "n": 6360,
            "mean": 2.5904019385220125,
            "median": 1.80152,
            "std": 11.058511820147391,
            "min": 0.522706,
            "max": 378.87548599999997,
            "p25": 1.2099752499999998,
            "p50": 1.80152,
            "p75": 2.4303095,
            "p90": 3.2931262,
            "p95": 4.840390499999999,
            "p99": 11.76051066
        },
        "Per test": {
            "n": 6350,
            "mean": 40.983542695905506,
            "median": 34.763228999999995,
            "std": 37.43208629417325,
            "min": 19.060021,
            "max": 1083.5728,
            "p25": 32.65082175,
            "p50": 34.763228999999995,
            "p75": 37.60673775,
            "p90": 44.27304160000001,
            "p95": 64.63603024999996,
            "p99": 224.85525807000005
        },
        "registerFaultload": {
            "n": 6350,
            "mean": 4.250282641889764,
            "median": 3.9076519999999997,
            "std": 2.917751686980829,
            "min": 2.784947,
            "max": 75.75396099999999,
            "p25": 3.5977109999999994,
            "p50": 3.9076519999999997,
            "p75": 4.34034675,
            "p90": 4.885131600000001,
            "p95": 5.403549499999995,
            "p99": 10.28492712000001
        },
        "unregisterFautload": {
            "n": 6350,
            "mean": 3.85105495007874,
            "median": 3.649259,
            "std": 1.034902586968234,
            "min": 2.7303669999999998,
            "max": 24.086831999999998,
            "p25": 3.3686459999999996,
            "p50": 3.649259,
            "p75": 4.033335,
            "p90": 4.5464044,
            "p95": 5.053850649999999,
            "p99": 7.565075580000005
        },
        "testMethod": {
            "n": 6350,
            "mean": 31.17315609181102,
            "median": 25.397523999999997,
            "std": 36.677520058862015,
            "min": 9.367336,
            "max": 1073.057646,
            "p25": 23.574242249999998,
            "p50": 25.397523999999997,
            "p75": 27.6778135,
            "p90": 32.481727899999996,
            "p95": 52.811618449999976,
            "p99": 182.5961161500004
        },
        "getTraceWithDelay": {
            "n": 6350,
            "mean": 8.309331026614172,
            "median": 7.4788575,
            "std": 5.513410944618286,
            "min": 5.890949,
            "max": 144.53439,
            "p25": 6.9706945000000005,
            "p50": 7.4788575,
            "p75": 8.280241749999998,
            "p90": 9.9476087,
            "p95": 11.823042449999996,
            "p99": 19.141420110000016
        },
        "handleResult": {
            "n": 6350,
            "mean": 1.694359317952756,
            "median": 1.4274099999999998,
            "std": 1.2645185940867993,
            "min": 0.6616369999999999,
            "max": 32.595628999999995,
            "p25": 1.1185432499999999,
            "p50": 1.4274099999999998,
            "p75": 2.06294875,
            "p90": 2.536464,
            "p95": 2.7972305499999996,
            "p99": 4.64021826
        },
        "Total test time": {
            "n": 10,
            "mean": 28797.3674482,
            "median": 28348.185975499997,
            "std": 850.2231967756975,
            "min": 27803.946774,
            "max": 30031.637608999998,
            "p25": 28127.2249145,
            "p50": 28348.185975499997,
            "p75": 29683.7336935,
            "p90": 29967.2007293,
            "p95": 29999.41916915,
            "p99": 30025.193921029997
        },
        "getExpectedBehaviours": {
            "n": 62620,
            "mean": 0.0656830993452571,
            "median": 0.0287,
            "std": 0.15340733548049856,
            "min": 0.01034,
            "max": 6.221489999999999,
            "p25": 0.02539,
            "p50": 0.0287,
            "p75": 0.0655235,
            "p90": 0.15834199999999998,
            "p95": 0.21715299999999998,
            "p99": 0.33697461999999995
        },
        "getExpectedPoints": {
            "n": 62620,
            "mean": 0.10042114198339187,
            "median": 0.03147,
            "std": 0.2642565847731332,
            "min": 0.01393,
            "max": 36.405549,
            "p25": 0.027179,
            "p50": 0.03147,
            "p75": 0.081381,
            "p90": 0.2646385,
            "p95": 0.46768894999999977,
            "p99": 0.7404347299999997
        }
    }
}