{
  "stats" : {
    "nextFaultload" : {
      "count" : 10,
      "average" : {
        "ns" : 3730405.7,
        "us" : 3730.4057000000003,
        "ms" : 3.7304057000000004,
        "s" : 0.0037304057000000002
      },
      "min" : {
        "ns" : 2135329,
        "us" : 2135.329,
        "ms" : 2.135329,
        "s" : 0.002135329
      },
      "max" : {
        "ns" : 10748650,
        "us" : 10748.65,
        "ms" : 10.74865,
        "s" : 0.01074865
      }
    },
    "Per test" : {
      "count" : 9,
      "average" : {
        "ns" : 5.3193050777777776E7,
        "us" : 53193.050777777775,
        "ms" : 53.19305077777778,
        "s" : 0.05319305077777778
      },
      "min" : {
        "ns" : 25010313,
        "us" : 25010.313,
        "ms" : 25.010313,
        "s" : 0.025010313
      },
      "max" : {
        "ns" : 236711617,
        "us" : 236711.617,
        "ms" : 236.711617,
        "s" : 0.236711617
      }
    },
    "registerFaultload" : {
      "count" : 9,
      "average" : {
        "ns" : 1.8549744111111112E7,
        "us" : 18549.74411111111,
        "ms" : 18.549744111111114,
        "s" : 0.018549744111111113
      },
      "min" : {
        "ns" : 3743627,
        "us" : 3743.627,
        "ms" : 3.743627,
        "s" : 0.003743627
      },
      "max" : {
        "ns" : 117463704,
        "us" : 117463.704,
        "ms" : 117.463704,
        "s" : 0.117463704
      }
    },
    "testMethod" : {
      "count" : 9,
      "average" : {
        "ns" : 2.6264466333333332E7,
        "us" : 26264.466333333334,
        "ms" : 26.26446633333333,
        "s" : 0.026264466333333333
      },
      "min" : {
        "ns" : 15433534,
        "us" : 15433.534,
        "ms" : 15.433534,
        "s" : 0.015433534
      },
      "max" : {
        "ns" : 98306045,
        "us" : 98306.045,
        "ms" : 98.306045,
        "s" : 0.098306045
      }
    },
    "getTraceWithDelay" : {
      "count" : 9,
      "average" : {
        "ns" : 2.4917773777777776E7,
        "us" : 24917.773777777777,
        "ms" : 24.917773777777775,
        "s" : 0.024917773777777777
      },
      "min" : {
        "ns" : 13340707,
        "us" : 13340.707,
        "ms" : 13.340707,
        "s" : 0.013340707
      },
      "max" : {
        "ns" : 98688269,
        "us" : 98688.269,
        "ms" : 98.688269,
        "s" : 0.098688269
      }
    },
    "getTrace" : {
      "count" : 9,
      "average" : {
        "ns" : 1.6311942333333334E7,
        "us" : 16311.942333333334,
        "ms" : 16.311942333333334,
        "s" : 0.016311942333333333
      },
      "min" : {
        "ns" : 7747269,
        "us" : 7747.269,
        "ms" : 7.747269,
        "s" : 0.007747269
      },
      "max" : {
        "ns" : 76976956,
        "us" : 76976.956,
        "ms" : 76.976956,
        "s" : 0.076976956
      }
    },
    "handleResult" : {
      "count" : 9,
      "average" : {
        "ns" : 4244434.555555556,
        "us" : 4244.434555555556,
        "ms" : 4.244434555555556,
        "s" : 0.004244434555555556
      },
      "min" : {
        "ns" : 1586896,
        "us" : 1586.896,
        "ms" : 1.586896,
        "s" : 0.001586896
      },
      "max" : {
        "ns" : 16879221,
        "us" : 16879.221,
        "ms" : 16.879221,
        "s" : 0.016879221
      }
    },
    "StrategyRunner.analyze" : {
      "count" : 9,
      "average" : {
        "ns" : 4199665.222222222,
        "us" : 4199.665222222222,
        "ms" : 4.199665222222222,
        "s" : 0.004199665222222222
      },
      "min" : {
        "ns" : 1579696,
        "us" : 1579.696,
        "ms" : 1.579696,
        "s" : 0.001579696
      },
      "max" : {
        "ns" : 16683809,
        "us" : 16683.809,
        "ms" : 16.683809,
        "s" : 0.016683809
      }
    },
    "DynamicExplorationGenerator.handleFeedback<Analyzer>" : {
      "count" : 9,
      "average" : {
        "ns" : 1024628.7777777778,
        "us" : 1024.6287777777777,
        "ms" : 1.0246287777777778,
        "s" : 0.0010246287777777778
      },
      "min" : {
        "ns" : 89706,
        "us" : 89.706,
        "ms" : 0.089706,
        "s" : 8.9706E-5
      },
      "max" : {
        "ns" : 7072828,
        "us" : 7072.828,
        "ms" : 7.072828,
        "s" : 0.007072828
      }
    },
    "HappyPathDetector.handleFeedback<Analyzer>" : {
      "count" : 9,
      "average" : {
        "ns" : 85460.66666666667,
        "us" : 85.46066666666667,
        "ms" : 0.08546066666666667,
        "s" : 8.546066666666667E-5
      },
      "min" : {
        "ns" : 3700,
        "us" : 3.7,
        "ms" : 0.0037,
        "s" : 3.7E-6
      },
      "max" : {
        "ns" : 719144,
        "us" : 719.144,
        "ms" : 0.719144,
        "s" : 7.19144E-4
      }
    },
    "ParentChildDetector.handleFeedback<Analyzer>" : {
      "count" : 9,
      "average" : {
        "ns" : 392090.3333333333,
        "us" : 392.0903333333333,
        "ms" : 0.3920903333333333,
        "s" : 3.920903333333333E-4
      },
      "min" : {
        "ns" : 46003,
        "us" : 46.003,
        "ms" : 0.046003,
        "s" : 4.6003E-5
      },
      "max" : {
        "ns" : 2763167,
        "us" : 2763.167,
        "ms" : 2.763167,
        "s" : 0.002763167
      }
    },
    "HappensBeforeNeighbourDetector.handleFeedback<Analyzer>" : {
      "count" : 9,
      "average" : {
        "ns" : 793836.8888888889,
        "us" : 793.8368888888889,
        "ms" : 0.7938368888888889,
        "s" : 7.938368888888888E-4
      },
      "min" : {
        "ns" : 19701,
        "us" : 19.701,
        "ms" : 0.019701,
        "s" : 1.9701E-5
      },
      "max" : {
        "ns" : 2263737,
        "us" : 2263.737,
        "ms" : 2.263737,
        "s" : 0.002263737
      }
    },
    "ErrorPropagationDetector.handleFeedback<Analyzer>" : {
      "count" : 9,
      "average" : {
        "ns" : 191478.22222222222,
        "us" : 191.47822222222223,
        "ms" : 0.19147822222222222,
        "s" : 1.9147822222222223E-4
      },
      "min" : {
        "ns" : 12201,
        "us" : 12.201,
        "ms" : 0.012201,
        "s" : 1.2201E-5
      },
      "max" : {
        "ns" : 534933,
        "us" : 534.933,
        "ms" : 0.534933,
        "s" : 5.34933E-4
      }
    },
    "ConditionalPointDetector.handleFeedback<Analyzer>" : {
      "count" : 9,
      "average" : {
        "ns" : 1008327.6666666666,
        "us" : 1008.3276666666666,
        "ms" : 1.0083276666666667,
        "s" : 0.0010083276666666666
      },
      "min" : {
        "ns" : 281017,
        "us" : 281.017,
        "ms" : 0.281017,
        "s" : 2.81017E-4
      },
      "max" : {
        "ns" : 4521773,
        "us" : 4521.773,
        "ms" : 4.521773,
        "s" : 0.004521773
      }
    },
    "RedundancyAnalyzer.handleFeedback<Analyzer>" : {
      "count" : 9,
      "average" : {
        "ns" : 59670.444444444445,
        "us" : 59.67044444444444,
        "ms" : 0.05967044444444444,
        "s" : 5.9670444444444446E-5
      },
      "min" : {
        "ns" : 24202,
        "us" : 24.202,
        "ms" : 0.024202,
        "s" : 2.4202E-5
      },
      "max" : {
        "ns" : 216513,
        "us" : 216.513,
        "ms" : 0.216513,
        "s" : 2.16513E-4
      }
    },
    "StatusAnalyzer.handleFeedback<Analyzer>" : {
      "count" : 9,
      "average" : {
        "ns" : 29891.0,
        "us" : 29.891,
        "ms" : 0.029891,
        "s" : 2.9891E-5
      },
      "min" : {
        "ns" : 4600,
        "us" : 4.6,
        "ms" : 0.0046,
        "s" : 4.6E-6
      },
      "max" : {
        "ns" : 222314,
        "us" : 222.314,
        "ms" : 0.222314,
        "s" : 2.22314E-4
      }
    },
    "BehaviorAnalyzer.handleFeedback<Analyzer>" : {
      "count" : 9,
      "average" : {
        "ns" : 336242.55555555556,
        "us" : 336.24255555555555,
        "ms" : 0.33624255555555554,
        "s" : 3.3624255555555555E-4
      },
      "min" : {
        "ns" : 103407,
        "us" : 103.407,