{
  "stats" : {
    "nextFaultload" : {
      "count" : 9,
      "average" : {
        "ns" : 2251681.6666666665,
        "us" : 2251.6816666666664,
        "ms" : 2.2516816666666664,
        "s" : 0.0022516816666666665
      },
      "min" : {
        "ns" : 18970,
        "us" : 18.97,
        "ms" : 0.01897,
        "s" : 1.897E-5
      },
      "max" : {
        "ns" : 3628291,
        "us" : 3628.291,
        "ms" : 3.628291,
        "s" : 0.003628291
      }
    },
    "Per test" : {
      "count" : 8,
      "average" : {
        "ns" : 1.21895035E8,
        "us" : 121895.035,
        "ms" : 121.895035,
        "s" : 0.121895035
      },
      "min" : {
        "ns" : 55691822,
        "us" : 55691.822,
        "ms" : 55.691822,
        "s" : 0.055691822
      },
      "max" : {
        "ns" : 344987779,
        "us" : 344987.779,
        "ms" : 344.987779,
        "s" : 0.344987779
      }
    },
    "registerFaultload" : {
      "count" : 8,
      "average" : {
        "ns" : 1.8276363125E7,
        "us" : 18276.363125,
        "ms" : 18.276363125,
        "s" : 0.018276363125
      },
      "min" : {
        "ns" : 3278021,
        "us" : 3278.021,
        "ms" : 3.278021,
        "s" : 0.003278021
      },
      "max" : {
        "ns" : 107886732,
        "us" : 107886.732,
        "ms" : 107.886732,
        "s" : 0.107886732
      }
    },
    "testMethod" : {
      "count" : 8,
      "average" : {
        "ns" : 7.6258684125E7,
        "us" : 76258.684125,
        "ms" : 76.258684125,
        "s" : 0.076258684125
      },
      "min" : {
        "ns" : 40243962,
        "us" : 40243.962,
        "ms" : 40.243962,
        "s" : 0.040243962
      },
      "max" : {
        "ns" : 141318024,
        "us" : 141318.024,
        "ms" : 141.318024,
        "s" : 0.141318024
      }
    },
    "getTraceWithDelay" : {
      "count" : 8,
      "average" : {
        "ns" : 2.7355231875E7,
        "us" : 27355.231875,
        "ms" : 27.355231875,
        "s" : 0.027355231875
      },
      "min" : {
        "ns" : 11786747,
        "us" : 11786.747,
        "ms" : 11.786747,
        "s" : 0.011786747
      },
      "max" : {
        "ns" : 95705520,
        "us" : 95705.52,
        "ms" : 95.70552,
        "s" : 0.09570552
      }
    },
    "getTrace" : {
      "count" : 8,
      "average" : {
        "ns" : 1.806554875E7,
        "us" : 18065.54875,
        "ms" : 18.06554875,
        "s" : 0.01806554875
      },
      "min" : {
        "ns" : 7017821,
        "us" : 7017.821,
        "ms" : 7.017821,
        "s" : 0.007017821
      },
      "max" : {
        "ns" : 78764057,
        "us" : 78764.057,
        "ms" : 78.764057,
        "s" : 0.078764057
      }
    },
    "handleResult" : {
      "count" : 8,
      "average" : {
        "ns" : 6186415.875,
        "us" : 6186.415875,
        "ms" : 6.186415875,
        "s" : 0.006186415875
      },
      "min" : {
        "ns" : 1569667,
        "us" : 1569.667,
        "ms" : 1.569667,
        "s" : 0.001569667
      },
      "max" : {
        "ns" : 19246714,
        "us" : 19246.714,
        "ms" : 19.246714,
        "s" : 0.019246714
      }
    },
    "StrategyRunner.analyze" : {
      "count" : 8,
      "average" : {
        "ns" : 6150291.5,
        "us" : 6150.2915,
        "ms" : 6.1502915,
        "s" : 0.0061502915
      },
      "min" : {
        "ns" : 1558858,
        "us" : 1558.858,
        "ms" : 1.558858,
        "s" : 0.001558858
      },
      "max" : {
        "ns" : 19227594,
        "us" : 19227.594,
        "ms" : 19.227594,
        "s" : 0.019227594
      }
    },
    "DynamicExplorationGenerator.handleFeedback<Analyzer>" : {
      "count" : 8,
      "average" : {
        "ns" : 967949.375,
        "us" : 967.949375,
        "ms" : 0.967949375,
        "s" : 9.67949375E-4
      },
      "min" : {
        "ns" : 74929,
        "us" : 74.929,
        "ms" : 0.074929,
        "s" : 7.4929E-5
      },
      "max" : {
        "ns" : 5132672,
        "us" : 5132.672,
        "ms" : 5.132672,
        "s" : 0.005132672
      }
    },
    "HappyPathDetector.handleFeedback<Analyzer>" : {
      "count" : 8,
      "average" : {
        "ns" : 52010.25,
        "us" : 52.01025,
        "ms" : 0.05201025,
        "s" : 5.201025E-5
      },
      "min" : {
        "ns" : 3210,
        "us" : 3.21,
        "ms" : 0.00321,
        "s" : 3.21E-6
      },
      "max" : {
        "ns" : 387152,
        "us" : 387.152,
        "ms" : 0.387152,
        "s" : 3.87152E-4
      }
    },
    "ParentChildDetector.handleFeedback<Analyzer>" : {
      "count" : 8,
      "average" : {
        "ns" : 330675.5,
        "us" : 330.6755,
        "ms" : 0.3306755,
        "s" : 3.306755E-4
      },
      "min" : {
        "ns" : 45149,
        "us" : 45.149,
        "ms" : 0.045149,
        "s" : 4.5149E-5
      },
      "max" : {
        "ns" : 2121125,
        "us" : 2121.125,
        "ms" : 2.121125,
        "s" : 0.002121125
      }
    },
    "HappensBeforeNeighbourDetector.handleFeedback<Analyzer>" : {
      "count" : 8,
      "average" : {
        "ns" : 481663.375,
        "us" : 481.663375,
        "ms" : 0.481663375,
        "s" : 4.81663375E-4
      },
      "min" : {
        "ns" : 10860,
        "us" : 10.86,
        "ms" : 0.01086,
        "s" : 1.086E-5
      },
      "max" : {
        "ns" : 1462069,
        "us" : 1462.069,
        "ms" : 1.462069,
        "s" : 0.001462069
      }
    },
    "ErrorPropagationDetector.handleFeedback<Analyzer>" : {
      "count" : 8,
      "average" : {
        "ns" : 262193.125,
        "us" : 262.193125,
        "ms" : 0.262193125,
        "s" : 2.62193125E-4
      },
      "min" : {
        "ns" : 18650,
        "us" : 18.65,
        "ms" : 0.01865,
        "s" : 1.865E-5
      },
      "max" : {
        "ns" : 831332,
        "us" : 831.332,
        "ms" : 0.831332,
        "s" : 8.31332E-4
      }
    },
    "ConditionalPointDetector.handleFeedback<Analyzer>" : {
      "count" : 8,
      "average" : {
        "ns" : 938032.625,
        "us" : 938.032625,
        "ms" : 0.938032625,
        "s" : 9.38032625E-4
      },
      "min" : {
        "ns" : 276064,
        "us" : 276.064,
        "ms" : 0.276064,
        "s" : 2.76064E-4
      },
      "max" : {
        "ns" : 4281320,
        "us" : 4281.32,
        "ms" : 4.28132,
        "s" : 0.00428132
      }
    },
    "RedundancyAnalyzer.handleFeedback<Analyzer>" : {
      "count" : 8,
      "average" : {
        "ns" : 40783.125,
        "us" : 40.783125,
        "ms" : 0.040783125,
        "s" : 4.0783125E-5
      },
      "min" : {
        "ns" : 26620,
        "us" : 26.62,
        "ms" : 0.02662,
        "s" : 2.662E-5
      },
      "max" : {
        "ns" : 80699,
        "us" : 80.699,
        "ms" : 0.080699,
        "s" : 8.0699E-5
      }
    },
    "StatusAnalyzer.handleFeedback<Analyzer>" : {
      "count" : 8,
      "average" : {
        "ns" : 29027.0,
        "us" : 29.027,
        "ms" : 0.029027,
        "s" : 2.9027E-5
      },
      "min" : {
        "ns" : 5050,
        "us" : 5.05,
        "ms" : 0.00505,
        "s" : 5.05E-6
      },
      "max" : {
        "ns" : 189366,
        "us" : 189.366,
        "ms" : 0.189366,
        "s" : 1.89366E-4
      }
    },
    "BehaviorAnalyzer.handleFeedback<Analyzer>" : {
      "count" : 8,
      "average" : {
        "ns" : 322889.375,
        "us" : 322.889375,
        "ms" : 0.322889375,
        "s" : 3.22889375E-4
      },
      "min" : {
        "ns" : 87769,
        "us" : 87.769,
        "ms" : 0.087769,
        "s" : 8.7769E-5
      },
      "max" : {
        "ns" : 1032108,
        "us" : 1032.108,
        "ms" : 1.032108,
        "s" : 0.001032108
      }
    },
    "TimingAnalyzer.handleFeedback<Analyzer>" : {
      "count" : 8,
      "average" : {
        "ns" : 196145.875,
        "us" : 196.145875,
        "ms" : 0.196145875,
        "s" : 1.96145875E-4
      },
      "min" : {
        "ns" : 48319,
        "us" : 48.319,