{
  "stats" : {
    "nextFaultload" : {
      "count" : 10,
      "average" : {
        "ns" : 3457984.1,
        "us" : 3457.9841,
        "ms" : 3.4579841,
        "s" : 0.0034579841
      },
      "min" : {
        "ns" : 1710767,
        "us" : 1710.767,
        "ms" : 1.710767,
        "s" : 0.001710767
      },
      "max" : {
        "ns" : 8670436,
        "us" : 8670.436,
        "ms" : 8.670436,
        "s" : 0.008670436
      }
    },
    "Per test" : {
      "count" : 9,
      "average" : {
        "ns" : 5.401010655555555E7,
        "us" : 54010.106555555554,
        "ms" : 54.01010655555555,
        "s" : 0.054010106555555555
      },
      "min" : {
        "ns" : 27454665,
        "us" : 27454.665,
        "ms" : 27.454665,
        "s" : 0.027454665
      },
      "max" : {
        "ns" : 233037341,
        "us" : 233037.341,
        "ms" : 233.037341,
        "s" : 0.233037341
      }
    },
    "registerFaultload" : {
      "count" : 9,
      "average" : {
        "ns" : 1.6285531666666666E7,
        "us" : 16285.531666666666,
        "ms" : 16.285531666666667,
        "s" : 0.016285531666666665
      },
      "min" : {
        "ns" : 2772207,
        "us" : 2772.207,
        "ms" : 2.772207,
        "s" : 0.002772207
      },
      "max" : {
        "ns" : 104980173,
        "us" : 104980.173,
        "ms" : 104.980173,
        "s" : 0.104980173
      }
    },
    "testMethod" : {
      "count" : 9,
      "average" : {
        "ns" : 2.8475249111111112E7,
        "us" : 28475.249111111112,
        "ms" : 28.47524911111111,
        "s" : 0.02847524911111111
      },
      "min" : {
        "ns" : 17645684,
        "us" : 17645.684,
        "ms" : 17.645684,
        "s" : 0.017645684
      },
      "max" : {
        "ns" : 98214510,
        "us" : 98214.51,
        "ms" : 98.21451,
        "s" : 0.09821451
      }
    },
    "getTraceWithDelay" : {
      "count" : 9,
      "average" : {
        "ns" : 2.4478105222222224E7,
        "us" : 24478.105222222224,
        "ms" : 24.478105222222222,
        "s" : 0.024478105222222223
      },
      "min" : {
        "ns" : 12703393,
        "us" : 12703.393,
        "ms" : 12.703393,
        "s" : 0.012703393
      },
      "max" : {
        "ns" : 102948194,
        "us" : 102948.194,
        "ms" : 102.948194,
        "s" : 0.102948194
      }
    },
    "getTrace" : {
      "count" : 9,
      "average" : {
        "ns" : 1.4993581666666666E7,
        "us" : 14993.581666666667,
        "ms" : 14.993581666666666,
        "s" : 0.014993581666666665
      },
      "min" : {
        "ns" : 6703460,
        "us" : 6703.46,
        "ms" : 6.70346,
        "s" : 0.00670346
      },
      "max" : {
        "ns" : 72277504,
        "us" : 72277.504,
        "ms" : 72.277504,
        "s" : 0.072277504
      }
    },
    "handleResult" : {
      "count" : 9,
      "average" : {
        "ns" : 5571538.222222222,
        "us" : 5571.538222222222,
        "ms" : 5.571538222222222,
        "s" : 0.005571538222222222
      },
      "min" : {
        "ns" : 2351391,
        "us" : 2351.391,
        "ms" : 2.351391,
        "s" : 0.002351391
      },
      "max" : {
        "ns" : 21089618,
        "us" : 21089.618,
        "ms" : 21.089618,
        "s" : 0.021089618
      }
    },
    "StrategyRunner.analyze" : {
      "count" : 9,
      "average" : {
        "ns" : 5423577.111111111,
        "us" : 5423.577111111111,
        "ms" : 5.423577111111111,
        "s" : 0.005423577111111111
      },
      "min" : {
        "ns" : 2270688,
        "us" : 2270.688,
        "ms" : 2.270688,
        "s" : 0.002270688
      },
      "max" : {
        "ns" : 20776606,
        "us" : 20776.606,
        "ms" : 20.776606,
        "s" : 0.020776606
      }
    },
    "DynamicExplorationGenerator.handleFeedback<Analyzer>" : {
      "count" : 9,
      "average" : {
        "ns" : 943336.5555555555,
        "us" : 943.3365555555555,
        "ms" : 0.9433365555555555,
        "s" : 9.433365555555555E-4
      },
      "min" : {
        "ns" : 112104,
        "us" : 112.104,
        "ms" : 0.112104,
        "s" : 1.12104E-4
      },
      "max" : {
        "ns" : 6376648,
        "us" : 6376.648,
        "ms" : 6.376648,
        "s" : 0.006376648
      }
    },
    "HappyPathDetector.handleFeedback<Analyzer>" : {
      "count" : 9,
      "average" : {
        "ns" : 46212.77777777778,
        "us" : 46.21277777777778,
        "ms" : 0.04621277777777778,
        "s" : 4.621277777777778E-5
      },
      "min" : {
        "ns" : 3400,
        "us" : 3.4,
        "ms" : 0.0034,
        "s" : 3.4E-6
      },
      "max" : {
        "ns" : 383915,
        "us" : 383.915,
        "ms" : 0.383915,
        "s" : 3.83915E-4
      }
    },
    "ParentChildDetector.handleFeedback<Analyzer>" : {
      "count" : 9,
      "average" : {
        "ns" : 960726.1111111111,
        "us" : 960.7261111111111,
        "ms" : 0.9607261111111112,
        "s" : 9.607261111111112E-4
      },
      "min" : {
        "ns" : 44501,
        "us" : 44.501,
        "ms" : 0.044501,
        "s" : 4.4501E-5
      },
      "max" : {
        "ns" : 8121115,
        "us" : 8121.115,
        "ms" : 8.121115,
        "s" : 0.008121115
      }
    },
    "HappensBeforeNeighbourDetector.handleFeedback<Analyzer>" : {
      "count" : 9,
      "average" : {
        "ns" : 862933.3333333334,
        "us" : 862.9333333333334,
        "ms" : 0.8629333333333333,
        "s" : 8.629333333333333E-4
      },
      "min" : {
        "ns" : 12101,
        "us" : 12.101,
        "ms" : 0.012101,
        "s" : 1.2101E-5
      },
      "max" : {
        "ns" : 3572838,
        "us" : 3572.838,
        "ms" : 3.572838,
        "s" : 0.003572838
      }
    },
    "ErrorPropagationDetector.handleFeedback<Analyzer>" : {
      "count" : 9,
      "average" : {
        "ns" : 452084.1111111111,
        "us" : 452.0841111111111,
        "ms" : 0.45208411111111113,
        "s" : 4.5208411111111115E-4
      },
      "min" : {
        "ns" : 17100,
        "us" : 17.1,
        "ms" : 0.0171,
        "s" : 1.71E-5
      },
      "max" : {
        "ns" : 900134,
        "us" : 900.134,
        "ms" : 0.900134,
        "s" : 9.00134E-4
      }
    },
    "ConditionalPointDetector.handleFeedback<Analyzer>" : {
      "count" : 9,
      "average" : {
        "ns" : 927135.7777777778,
        "us" : 927.1357777777778,
        "ms" : 0.9271357777777778,
        "s" : 9.271357777777778E-4
      },
      "min" : {
        "ns" : 245709,
        "us" : 245.709,
        "ms" : 0.245709,
        "s" : 2.45709E-4
      },
      "max" : {
        "ns" : 4461973,
        "us" : 4461.973,
        "ms" : 4.461973,
        "s" : 0.004461973
      }
    },
    "RedundancyAnalyzer.handleFeedback<Analyzer>" : {
      "count" : 9,
      "average" : {
        "ns" : 37334.88888888889,
        "us" : 37.33488888888889,
        "ms" : 0.03733488888888889,
        "s" : 3.733488888888889E-5
      },
      "min" : {
        "ns" : 24101,
        "us" : 24.101,
        "ms" : 0.024101,
        "s" : 2.4101E-5
      },
      "max" : {
        "ns" : 73803,
        "us" : 73.803,
        "ms" : 0.073803,
        "s" : 7.3803E-5
      }
    },
    "StatusAnalyzer.handleFeedback<Analyzer>" : {
      "count" : 9,
      "average" : {
        "ns" : 19589.666666666668,
        "us" : 19.589666666666666,
        "ms" : 0.01958966666666667,
        "s" : 1.9589666666666666E-5
      },
      "min" : {
        "ns" : 4500,
        "us" : 4.5,
        "ms" : 0.0045,
        "s" : 4.5E-6
      },
      "max" : {
        "ns" : 135105,
        "us" : 135.105,
        "ms" : 0.135105,
        "s" : 1.35105E-4
      }
    },
    "BehaviorAnalyzer.handleFeedback<Analyzer>" : {
      "count" : 9,
      "average" : {
        "ns" : 538387.5555555555,
        "us" : 538.3875555555555,
        "ms" : 0.5383875555555555,
        "s" : 5.383875555555555E-4
      },
      "min" : {
        "ns" : 310412,
        "us" : 310.412,