{
  "stats" : {
    "nextFaultload" : {
      "count" : 9,
      "average" : {
        "ns" : 2341285.5555555555,
        "us" : 2341.2855555555557,
        "ms" : 2.3412855555555554,
        "s" : 0.0023412855555555554
      },
      "min" : {
        "ns" : 20891,
        "us" : 20.891,
        "ms" : 0.020891,
        "s" : 2.0891E-5
      },
      "max" : {
        "ns" : 3913303,
        "us" : 3913.303,
        "ms" : 3.913303,
        "s" : 0.003913303
      }
    },
    "Per test" : {
      "count" : 8,
      "average" : {
        "ns" : 6.2653149375E7,
        "us" : 62653.149375,
        "ms" : 62.653149375,
        "s" : 0.062653149375
      },
      "min" : {
        "ns" : 25861902,
        "us" : 25861.902,
        "ms" : 25.861902,
        "s" : 0.025861902
      },
      "max" : {
        "ns" : 247140225,
        "us" : 247140.225,
        "ms" : 247.140225,
        "s" : 0.247140225
      }
    },
    "registerFaultload" : {
      "count" : 8,
      "average" : {
        "ns" : 1.9779333E7,
        "us" : 19779.333,
        "ms" : 19.779333,
        "s" : 0.019779333
      },
      "min" : {
        "ns" : 3097427,
        "us" : 3097.427,
        "ms" : 3.097427,
        "s" : 0.003097427
      },
      "max" : {
        "ns" : 119454583,
        "us" : 119454.583,
        "ms" : 119.454583,
        "s" : 0.119454583
      }
    },
    "testMethod" : {
      "count" : 8,
      "average" : {
        "ns" : 3.389039E7,
        "us" : 33890.39,
        "ms" : 33.89039,
        "s" : 0.03389039
      },
      "min" : {
        "ns" : 17392140,
        "us" : 17392.14,
        "ms" : 17.39214,
        "s" : 0.01739214
      },
      "max" : {
        "ns" : 108505300,
        "us" : 108505.3,
        "ms" : 108.5053,
        "s" : 0.1085053
      }
    },
    "getTraceWithDelay" : {
      "count" : 8,
      "average" : {
        "ns" : 2.7823192875E7,
        "us" : 27823.192875,
        "ms" : 27.823192875,
        "s" : 0.027823192875
      },
      "min" : {
        "ns" : 12328449,
        "us" : 12328.449,
        "ms" : 12.328449,
        "s" : 0.012328449
      },
      "max" : {
        "ns" : 100041794,
        "us" : 100041.794,
        "ms" : 100.041794,
        "s" : 0.100041794
      }
    },
    "getTrace" : {
      "count" : 8,
      "average" : {
        "ns" : 1.8555325375E7,
        "us" : 18555.325375,
        "ms" : 18.555325375,
        "s" : 0.018555325375
      },
      "min" : {
        "ns" : 7535436,
        "us" : 7535.436,
        "ms" : 7.535436,
        "s" : 0.007535436
      },
      "max" : {
        "ns" : 80153803,
        "us" : 80153.803,
        "ms" : 80.153803,
        "s" : 0.080153803
      }
    },
    "handleResult" : {
      "count" : 8,
      "average" : {
        "ns" : 5954720.125,
        "us" : 5954.720125,
        "ms" : 5.954720125,
        "s" : 0.005954720125
      },
      "min" : {
        "ns" : 1528237,
        "us" : 1528.237,
        "ms" : 1.528237,
        "s" : 0.001528237
      },
      "max" : {
        "ns" : 17099923,
        "us" : 17099.923,
        "ms" : 17.099923,
        "s" : 0.017099923
      }
    },
    "StrategyRunner.analyze" : {
      "count" : 8,
      "average" : {
        "ns" : 5918470.375,
        "us" : 5918.470375,
        "ms" : 5.918470375,
        "s" : 0.005918470375
      },
      "min" : {
        "ns" : 1521666,
        "us" : 1521.666,
        "ms" : 1.521666,
        "s" : 0.001521666
      },
      "max" : {
        "ns" : 17092352,
        "us" : 17092.352,
        "ms" : 17.092352,
        "s" : 0.017092352
      }
    },
    "DynamicExplorationGenerator.handleFeedback<Analyzer>" : {
      "count" : 8,
      "average" : {
        "ns" : 1128340.5,
        "us" : 1128.3405,
        "ms" : 1.1283405,
        "s" : 0.0011283405
      },
      "min" : {
        "ns" : 82775,
        "us" : 82.775,
        "ms" : 0.082775,
        "s" : 8.2775E-5
      },
      "max" : {
        "ns" : 6444787,
        "us" : 6444.787,
        "ms" : 6.444787,
        "s" : 0.006444787
      }
    },
    "HappyPathDetector.handleFeedback<Analyzer>" : {
      "count" : 8,
      "average" : {
        "ns" : 54335.625,
        "us" : 54.335625,
        "ms" : 0.054335625,
        "s" : 5.4335625E-5
      },
      "min" : {
        "ns" : 3041,
        "us" : 3.041,
        "ms" : 0.003041,
        "s" : 3.041E-6
      },
      "max" : {
        "ns" : 409794,
        "us" : 409.794,
        "ms" : 0.409794,
        "s" : 4.09794E-4
      }
    },
    "ParentChildDetector.handleFeedback<Analyzer>" : {
      "count" : 8,
      "average" : {
        "ns" : 393566.0,
        "us" : 393.566,
        "ms" : 0.393566,
        "s" : 3.93566E-4
      },
      "min" : {
        "ns" : 38922,
        "us" : 38.922,
        "ms" : 0.038922,
        "s" : 3.8922E-5
      },
      "max" : {
        "ns" : 2434578,
        "us" : 2434.578,
        "ms" : 2.434578,
        "s" : 0.002434578
      }
    },
    "HappensBeforeNeighbourDetector.handleFeedback<Analyzer>" : {
      "count" : 8,
      "average" : {
        "ns" : 460745.125,
        "us" : 460.745125,
        "ms" : 0.460745125,
        "s" : 4.60745125E-4
      },
      "min" : {
        "ns" : 9620,
        "us" : 9.62,
        "ms" : 0.00962,
        "s" : 9.62E-6
      },
      "max" : {
        "ns" : 1503156,
        "us" : 1503.156,
        "ms" : 1.503156,
        "s" : 0.001503156
      }
    },
    "ErrorPropagationDetector.handleFeedback<Analyzer>" : {
      "count" : 8,
      "average" : {
        "ns" : 267764.125,
        "us" : 267.764125,
        "ms" : 0.267764125,
        "s" : 2.67764125E-4
      },
      "min" : {
        "ns" : 15201,
        "us" : 15.201,
        "ms" : 0.015201,
        "s" : 1.5201E-5
      },
      "max" : {
        "ns" : 887870,
        "us" : 887.87,
        "ms" : 0.88787,
        "s" : 8.8787E-4
      }
    },
    "ConditionalPointDetector.handleFeedback<Analyzer>" : {
      "count" : 8,
      "average" : {
        "ns" : 820901.625,
        "us" : 820.901625,
        "ms" : 0.820901625,
        "s" : 8.20901625E-4
      },
      "min" : {
        "ns" : 134088,
        "us" : 134.088,
        "ms" : 0.134088,
        "s" : 1.34088E-4
      },
      "max" : {
        "ns" : 4495336,
        "us" : 4495.336,
        "ms" : 4.495336,
        "s" : 0.004495336
      }
    },
    "RedundancyAnalyzer.handleFeedback<Analyzer>" : {
      "count" : 8,
      "average" : {
        "ns" : 34575.875,
        "us" : 34.575875,
        "ms" : 0.034575875,
        "s" : 3.4575875E-5
      },
      "min" : {
        "ns" : 19581,
        "us" : 19.581,
        "ms" : 0.019581,
        "s" : 1.9581E-5
      },
      "max" : {
        "ns" : 61594,
        "us" : 61.594,
        "ms" : 0.061594,
        "s" : 6.1594E-5
      }
    },
    "StatusAnalyzer.handleFeedback<Analyzer>" : {
      "count" : 8,
      "average" : {
        "ns" : 32733.0,
        "us" : 32.733,
        "ms" : 0.032733,
        "s" : 3.2733E-5
      },
      "min" : {
        "ns" : 4170,
        "us" : 4.17,
        "ms" : 0.00417,
        "s" : 4.17E-6
      },
      "max" : {
        "ns" : 225113,
        "us" : 225.113,
        "ms" : 0.225113,
        "s" : 2.25113E-4
      }
    },
    "BehaviorAnalyzer.handleFeedback<Analyzer>" : {
      "count" : 8,
      "average" : {
        "ns" : 300663.5,
        "us" : 300.6635,
        "ms" : 0.3006635,
        "s" : 3.006635E-4
      },
      "min" : {
        "ns" : 86605,
        "us" : 86.605,
        "ms" : 0.086605,
        "s" : 8.6605E-5
      },
      "max" : {
        "ns" : 899031,
        "us" : 899.031,
        "ms" : 0.899031,
        "s" : 8.99031E-4
      }
    },
    "TimingAnalyzer.handleFeedback<Analyzer>" : {
      "count" : 8,
      "average" : {
        "ns" : 234315.875,
        "us" : 234.315875,
        "ms" : 0.234315875,
        "s" : 2.34315875E-4
      },
      "min" : {
        "ns" : 44653,
        "us" : 44.653,
        "ms" : 0.044653,