{
  "stats" : {
    "nextFaultload" : {
      "count" : 10,
      "average" : {
        "ns" : 3617411.7,
        "us" : 3617.4117,
        "ms" : 3.6174117000000003,
        "s" : 0.0036174117000000003
      },
      "min" : {
        "ns" : 1951719,
        "us" : 1951.719,
        "ms" : 1.951719,
        "s" : 0.001951719
      },
      "max" : {
        "ns" : 10429590,
        "us" : 10429.59,
        "ms" : 10.42959,
        "s" : 0.01042959
      }
    },
    "Per test" : {
      "count" : 9,
      "average" : {
        "ns" : 5.827682844444445E7,
        "us" : 58276.82844444445,
        "ms" : 58.27682844444445,
        "s" : 0.05827682844444445
      },
      "min" : {
        "ns" : 29095355,
        "us" : 29095.355,
        "ms" : 29.095355,
        "s" : 0.029095355
      },
      "max" : {
        "ns" : 229710384,
        "us" : 229710.384,
        "ms" : 229.710384,
        "s" : 0.229710384
      }
    },
    "registerFaultload" : {
      "count" : 9,
      "average" : {
        "ns" : 1.7330387666666668E7,
        "us" : 17330.38766666667,
        "ms" : 17.330387666666667,
        "s" : 0.01733038766666667
      },
      "min" : {
        "ns" : 3030022,
        "us" : 3030.022,
        "ms" : 3.030022,
        "s" : 0.003030022
      },
      "max" : {
        "ns" : 114874455,
        "us" : 114874.455,
        "ms" : 114.874455,
        "s" : 0.114874455
      }
    },
    "testMethod" : {
      "count" : 9,
      "average" : {
        "ns" : 1.5261171444444444E7,
        "us" : 15261.171444444444,
        "ms" : 15.261171444444445,
        "s" : 0.015261171444444444
      },
      "min" : {
        "ns" : 12510341,
        "us" : 12510.341,
        "ms" : 12.510341,
        "s" : 0.012510341
      },
      "max" : {
        "ns" : 21387049,
        "us" : 21387.049,
        "ms" : 21.387049,
        "s" : 0.021387049
      }
    },
    "getTraceWithDelay" : {
      "count" : 9,
      "average" : {
        "ns" : 2.5694857333333332E7,
        "us" : 25694.857333333333,
        "ms" : 25.69485733333333,
        "s" : 0.02569485733333333
      },
      "min" : {
        "ns" : 12043253,
        "us" : 12043.253,
        "ms" : 12.043253,
        "s" : 0.012043253
      },
      "max" : {
        "ns" : 93369728,
        "us" : 93369.728,
        "ms" : 93.369728,
        "s" : 0.093369728
      }
    },
    "getTrace" : {
      "count" : 9,
      "average" : {
        "ns" : 1.6662775222222222E7,
        "us" : 16662.775222222223,
        "ms" : 16.662775222222223,
        "s" : 0.01666277522222222
      },
      "min" : {
        "ns" : 7286307,
        "us" : 7286.307,
        "ms" : 7.286307,
        "s" : 0.007286307
      },
      "max" : {
        "ns" : 74994838,
        "us" : 74994.838,
        "ms" : 74.994838,
        "s" : 0.074994838
      }
    },
    "handleResult" : {
      "count" : 9,
      "average" : {
        "ns" : 6060017.777777778,
        "us" : 6060.017777777778,
        "ms" : 6.060017777777778,
        "s" : 0.006060017777777778
      },
      "min" : {
        "ns" : 1917309,
        "us" : 1917.309,
        "ms" : 1.917309,
        "s" : 0.001917309
      },
      "max" : {
        "ns" : 15967032,
        "us" : 15967.032,
        "ms" : 15.967032,
        "s" : 0.015967032
      }
    },
    "StrategyRunner.analyze" : {
      "count" : 9,
      "average" : {
        "ns" : 5998806.333333333,
        "us" : 5998.806333333333,
        "ms" : 5.9988063333333335,
        "s" : 0.005998806333333333
      },
      "min" : {
        "ns" : 1770676,
        "us" : 1770.676,
        "ms" : 1.770676,
        "s" : 0.001770676
      },
      "max" : {
        "ns" : 15954981,
        "us" : 15954.981,
        "ms" : 15.954981,
        "s" : 0.015954981
      }
    },
    "DynamicExplorationGenerator.handleFeedback<Analyzer>" : {
      "count" : 9,
      "average" : {
        "ns" : 1097528.888888889,
        "us" : 1097.528888888889,
        "ms" : 1.097528888888889,
        "s" : 0.0010975288888888889
      },
      "min" : {
        "ns" : 93202,
        "us" : 93.202,
        "ms" : 0.093202,
        "s" : 9.3202E-5
      },
      "max" : {
        "ns" : 5655254,
        "us" : 5655.254,
        "ms" : 5.655254,
        "s" : 0.005655254
      }
    },
    "HappyPathDetector.handleFeedback<Analyzer>" : {
      "count" : 9,
      "average" : {
        "ns" : 77604.88888888889,
        "us" : 77.6048888888889,
        "ms" : 0.07760488888888889,
        "s" : 7.760488888888888E-5
      },
      "min" : {
        "ns" : 2740,
        "us" : 2.74,
        "ms" : 0.00274,
        "s" : 2.74E-6
      },
      "max" : {
        "ns" : 653983,
        "us" : 653.983,
        "ms" : 0.653983,
        "s" : 6.53983E-4
      }
    },
    "ParentChildDetector.handleFeedback<Analyzer>" : {
      "count" : 9,
      "average" : {
        "ns" : 327698.77777777775,
        "us" : 327.69877777777776,
        "ms" : 0.32769877777777773,
        "s" : 3.2769877777777775E-4
      },
      "min" : {
        "ns" : 55841,
        "us" : 55.841,
        "ms" : 0.055841,
        "s" : 5.5841E-5
      },
      "max" : {
        "ns" : 2140743,
        "us" : 2140.743,
        "ms" : 2.140743,
        "s" : 0.002140743
      }
    },
    "HappensBeforeNeighbourDetector.handleFeedback<Analyzer>" : {
      "count" : 9,
      "average" : {
        "ns" : 549237.6666666666,
        "us" : 549.2376666666667,
        "ms" : 0.5492376666666666,
        "s" : 5.492376666666666E-4
      },
      "min" : {
        "ns" : 13440,
        "us" : 13.44,
        "ms" : 0.01344,
        "s" : 1.344E-5
      },
      "max" : {
        "ns" : 1284116,
        "us" : 1284.116,
        "ms" : 1.284116,
        "s" : 0.001284116
      }
    },
    "ErrorPropagationDetector.handleFeedback<Analyzer>" : {
      "count" : 9,
      "average" : {
        "ns" : 128023.55555555556,
        "us" : 128.02355555555556,
        "ms" : 0.12802355555555556,
        "s" : 1.2802355555555556E-4
      },
      "min" : {
        "ns" : 4020,
        "us" : 4.02,
        "ms" : 0.00402,
        "s" : 4.02E-6
      },
      "max" : {
        "ns" : 688833,
        "us" : 688.833,
        "ms" : 0.688833,
        "s" : 6.88833E-4
      }
    },
    "ConditionalPointDetector.handleFeedback<Analyzer>" : {
      "count" : 9,
      "average" : {
        "ns" : 1520893.0,
        "us" : 1520.893,
        "ms" : 1.520893,
        "s" : 0.001520893
      },
      "min" : {
        "ns" : 238564,
        "us" : 238.564,
        "ms" : 0.238564,
        "s" : 2.38564E-4
      },
      "max" : {
        "ns" : 4551002,
        "us" : 4551.002,
        "ms" : 4.551002,
        "s" : 0.004551002
      }
    },
    "RedundancyAnalyzer.handleFeedback<Analyzer>" : {
      "count" : 9,
      "average" : {
        "ns" : 38054.88888888889,
        "us" : 38.05488888888889,
        "ms" : 0.03805488888888889,
        "s" : 3.805488888888889E-5
      },
      "min" : {
        "ns" : 20360,
        "us" : 20.36,
        "ms" : 0.02036,
        "s" : 2.036E-5
      },
      "max" : {
        "ns" : 124753,
        "us" : 124.753,
        "ms" : 0.124753,
        "s" : 1.24753E-4
      }
    },
    "StatusAnalyzer.handleFeedback<Analyzer>" : {
      "count" : 9,
      "average" : {
        "ns" : 42827.666666666664,
        "us" : 42.827666666666666,
        "ms" : 0.04282766666666667,
        "s" : 4.282766666666666E-5
      },
      "min" : {
        "ns" : 4410,
        "us" : 4.41,
        "ms" : 0.00441,
        "s" : 4.41E-6
      },
      "max" : {
        "ns" : 340587,
        "us" : 340.587,
        "ms" : 0.340587,
        "s" : 3.40587E-4
      }
    },
    "BehaviorAnalyzer.handleFeedback<Analyzer>" : {
      "count" : 9,
      "average" : {
        "ns" : 266854.22222222225,
        "us" : 266.85422222222223,
        "ms" : 0.26685422222222227,
        "s" : 2.6685422222222225E-4
      },
      "min" : {
        "ns" : 96492,
        "us" : 96.492,
        "ms" : 0.096492,