{
    "per_key": {
        "nextFaultload": {
            "n": 10,
            "mean": 2.5460535,
            "median": 2.058502,
            "std": 1.667334248123288,
            "min": 1.618957,
            "max": 7.498138,
            "p25": 1.87040825,
            "p50": 2.058502,
            "p75": 2.272496,
            "p90": 2.855285499999998,
            "p95": 5.176711749999994,
            "p99": 7.03385275
        },
        "Per test": {
            "n": 9,
            "mean": 63.13784766666668,
            "median": 36.556079,
            "std": 67.35533762578382,
            "min": 30.725384,
            "max": 251.769244,
            "p25": 34.152504,
            "p50": 36.556079,
            "p75": 49.900664,
            "p90": 99.57089040000002,
            "p95": 175.67006719999992,
            "p99": 236.54940863999997
        },
        "registerFaultload": {
            "n": 9,
            "mean": 18.448088444444444,
            "median": 3.3088159999999998,
            "std": 37.25431696508036,
            "min": 3.059141,
            "max": 122.872734,
            "p25": 3.225624,
            "p50": 3.3088159999999998,
            "p75": 3.9423999999999997,
            "p90": 40.056166800000014,
            "p95": 81.46445039999996,
            "p99": 114.59107727999998
        },
        "unregisterFautload": {
            "n": 9,
            "mean": 3.2957783333333333,
            "median": 3.1297509999999997,
            "std": 0.4149320835320188,
            "min": 2.839636,
            "max": 4.283118,
            "p25": 3.0924899999999997,
            "p50": 3.1297509999999997,
            "p75": 3.373808,
            "p90": 3.7536652,
            "p95": 4.0183916,
            "p99": 4.23017272
        },
        "testMethod": {
            "n": 9,
            "mean": 16.893639222222223,
            "median": 15.770282,
            "std": 5.0716863978145215,
            "min": 12.741662999999999,
            "max": 30.569264999999998,
            "p25": 13.722144,
            "p50": 15.770282,
            "p75": 16.782775,
            "p90": 20.1116938,
            "p95": 25.340479399999992,
            "p99": 29.523507879999997
        },
        "getTraceWithDelay": {
            "n": 9,
            "mean": 27.79305422222222,
            "median": 16.709083,
            "std": 25.548343210422576,
            "min": 13.949468999999999,
            "max": 98.226652,
            "p25": 15.419721,
            "p50": 16.709083,
            "p75": 24.707456999999998,
            "p90": 45.868708800000014,
            "p95": 72.04768039999998,
            "p99": 92.99085767999999
        },
        "handleResult": {
            "n": 9,
            "mean": 6.747891111111111,
            "median": 3.167742,
            "std": 5.878421142237437,
            "min": 2.477387,
            "max": 17.56428,
            "p25": 2.61281,
            "p50": 3.167742,
            "p75": 9.440496,
            "p90": 16.727168,
            "p95": 17.145723999999998,
            "p99": 17.4805688
        },
        "Total test time": {
            "n": 1,
            "mean": 851.2179699999999,
            "median": 851.2179699999999,
            "std": 0.0,
            "min": 851.2179699999999,
            "max": 851.2179699999999,
            "p25": 851.2179699999999,
            "p50": 851.2179699999999,
            "p75": 851.2179699999999,
            "p90": 851.2179699999999,
            "p95": 851.2179699999999,
            "p99": 851.2179699999999
        },
        "getExpectedPoints": {
            "n": 32,
            "mean": 0.439155875,
            "median": 0.37128799999999995,
            "std": 0.19950982035631573,
            "min": 0.195044,
            "max": 0.991923,
            "p25": 0.295147,
            "p50": 0.37128799999999995,
            "p75": 0.546166,
            "p90": 0.6593037,
            "p95": 0.8865140999999999,
            "p99": 0.97356449
        }
    }
}