{
  "stats" : {
    "nextFaultload" : {
      "count" : 10,
      "average" : {
        "ns" : 4201299.1,
        "us" : 4201.299099999999,
        "ms" : 4.2012991,
        "s" : 0.0042012991
      },
      "min" : {
        "ns" : 2350945,
        "us" : 2350.945,
        "ms" : 2.350945,
        "s" : 0.002350945
      },
      "max" : {
        "ns" : 10783765,
        "us" : 10783.765,
        "ms" : 10.783765,
        "s" : 0.010783765
      }
    },
    "Per test" : {
      "count" : 9,
      "average" : {
        "ns" : 5.289424188888889E7,
        "us" : 52894.241888888886,
        "ms" : 52.894241888888885,
        "s" : 0.05289424188888889
      },
      "min" : {
        "ns" : 26088610,
        "us" : 26088.61,
        "ms" : 26.08861,
        "s" : 0.02608861
      },
      "max" : {
        "ns" : 234140751,
        "us" : 234140.751,
        "ms" : 234.140751,
        "s" : 0.234140751
      }
    },
    "registerFaultload" : {
      "count" : 9,
      "average" : {
        "ns" : 1.7947352E7,
        "us" : 17947.352,
        "ms" : 17.947352,
        "s" : 0.017947352
      },
      "min" : {
        "ns" : 3800135,
        "us" : 3800.135,
        "ms" : 3.800135,
        "s" : 0.003800135
      },
      "max" : {
        "ns" : 114160746,
        "us" : 114160.746,
        "ms" : 114.160746,
        "s" : 0.114160746
      }
    },
    "testMethod" : {
      "count" : 9,
      "average" : {
        "ns" : 2.6589563222222224E7,
        "us" : 26589.563222222223,
        "ms" : 26.589563222222225,
        "s" : 0.026589563222222223
      },
      "min" : {
        "ns" : 16644128,
        "us" : 16644.128,
        "ms" : 16.644128,
        "s" : 0.016644128
      },
      "max" : {
        "ns" : 98703492,
        "us" : 98703.492,
        "ms" : 98.703492,
        "s" : 0.098703492
      }
    },
    "getTraceWithDelay" : {
      "count" : 9,
      "average" : {
        "ns" : 2.4981574888888888E7,
        "us" : 24981.57488888889,
        "ms" : 24.98157488888889,
        "s" : 0.02498157488888889
      },
      "min" : {
        "ns" : 13591737,
        "us" : 13591.737,
        "ms" : 13.591737,
        "s" : 0.013591737
      },
      "max" : {
        "ns" : 98094354,
        "us" : 98094.354,
        "ms" : 98.094354,
        "s" : 0.098094354
      }
    },
    "getTrace" : {
      "count" : 9,
      "average" : {
        "ns" : 1.6397523E7,
        "us" : 16397.523,
        "ms" : 16.397523,
        "s" : 0.016397523
      },
      "min" : {
        "ns" : 7682173,
        "us" : 7682.173,
        "ms" : 7.682173,
        "s" : 0.007682173
      },
      "max" : {
        "ns" : 76073895,
        "us" : 76073.895,
        "ms" : 76.073895,
        "s" : 0.076073895
      }
    },
    "handleResult" : {
      "count" : 9,
      "average" : {
        "ns" : 4194070.222222222,
        "us" : 4194.070222222222,
        "ms" : 4.194070222222222,
        "s" : 0.004194070222222222
      },
      "min" : {
        "ns" : 1532595,
        "us" : 1532.595,
        "ms" : 1.532595,
        "s" : 0.001532595
      },
      "max" : {
        "ns" : 16165898,
        "us" : 16165.898,
        "ms" : 16.165898,
        "s" : 0.016165898
      }
    },
    "StrategyRunner.analyze" : {
      "count" : 9,
      "average" : {
        "ns" : 4160445.6666666665,
        "us" : 4160.4456666666665,
        "ms" : 4.160445666666667,
        "s" : 0.004160445666666667
      },
      "min" : {
        "ns" : 1488892,
        "us" : 1488.892,
        "ms" : 1.488892,
        "s" : 0.001488892
      },
      "max" : {
        "ns" : 15979286,
        "us" : 15979.286,
        "ms" : 15.979286,
        "s" : 0.015979286
      }
    },
    "DynamicExplorationGenerator.handleFeedback<Analyzer>" : {
      "count" : 9,
      "average" : {
        "ns" : 973315.4444444445,
        "us" : 973.3154444444446,
        "ms" : 0.9733154444444445,
        "s" : 9.733154444444445E-4
      },
      "min" : {
        "ns" : 89205,
        "us" : 89.205,
        "ms" : 0.089205,
        "s" : 8.9205E-5
      },
      "max" : {
        "ns" : 6593107,
        "us" : 6593.107,
        "ms" : 6.593107,
        "s" : 0.006593107
      }
    },
    "HappyPathDetector.handleFeedback<Analyzer>" : {
      "count" : 9,
      "average" : {
        "ns" : 58470.333333333336,
        "us" : 58.470333333333336,
        "ms" : 0.05847033333333333,
        "s" : 5.8470333333333335E-5
      },
      "min" : {
        "ns" : 3400,
        "us" : 3.4,
        "ms" : 0.0034,
        "s" : 3.4E-6
      },
      "max" : {
        "ns" : 495231,
        "us" : 495.231,
        "ms" : 0.495231,
        "s" : 4.95231E-4
      }
    },
    "ParentChildDetector.handleFeedback<Analyzer>" : {
      "count" : 9,
      "average" : {
        "ns" : 372645.1111111111,
        "us" : 372.64511111111113,
        "ms" : 0.37264511111111115,
        "s" : 3.7264511111111115E-4
      },
      "min" : {
        "ns" : 44003,
        "us" : 44.003,
        "ms" : 0.044003,
        "s" : 4.4003E-5
      },
      "max" : {
        "ns" : 2763571,
        "us" : 2763.571,
        "ms" : 2.763571,
        "s" : 0.002763571
      }
    },
    "HappensBeforeNeighbourDetector.handleFeedback<Analyzer>" : {
      "count" : 9,
      "average" : {
        "ns" : 828217.8888888889,
        "us" : 828.2178888888889,
        "ms" : 0.8282178888888889,
        "s" : 8.282178888888888E-4
      },
      "min" : {
        "ns" : 9701,
        "us" : 9.701,
        "ms" : 0.009701,
        "s" : 9.701E-6
      },
      "max" : {
        "ns" : 2289341,
        "us" : 2289.341,
        "ms" : 2.289341,
        "s" : 0.002289341
      }
    },
    "ErrorPropagationDetector.handleFeedback<Analyzer>" : {
      "count" : 9,
      "average" : {
        "ns" : 203345.88888888888,
        "us" : 203.34588888888888,
        "ms" : 0.20334588888888888,
        "s" : 2.0334588888888889E-4
      },
      "min" : {
        "ns" : 11801,
        "us" : 11.801,
        "ms" : 0.011801,
        "s" : 1.1801E-5
      },
      "max" : {
        "ns" : 517732,
        "us" : 517.732,
        "ms" : 0.517732,
        "s" : 5.17732E-4
      }
    },
    "ConditionalPointDetector.handleFeedback<Analyzer>" : {
      "count" : 9,
      "average" : {
        "ns" : 1019996.4444444445,
        "us" : 1019.9964444444445,
        "ms" : 1.0199964444444445,
        "s" : 0.0010199964444444446
      },
      "min" : {
        "ns" : 223114,
        "us" : 223.114,
        "ms" : 0.223114,
        "s" : 2.23114E-4
      },
      "max" : {
        "ns" : 4507178,
        "us" : 4507.178,
        "ms" : 4.507178,
        "s" : 0.004507178
      }
    },
    "RedundancyAnalyzer.handleFeedback<Analyzer>" : {
      "count" : 9,
      "average" : {
        "ns" : 53725.666666666664,
        "us" : 53.72566666666666,
        "ms" : 0.053725666666666665,
        "s" : 5.3725666666666666E-5
      },
      "min" : {
        "ns" : 17901,
        "us" : 17.901,
        "ms" : 0.017901,
        "s" : 1.7901E-5
      },
      "max" : {
        "ns" : 195212,
        "us" : 195.212,
        "ms" : 0.195212,
        "s" : 1.95212E-4
      }
    },
    "StatusAnalyzer.handleFeedback<Analyzer>" : {
      "count" : 9,
      "average" : {
        "ns" : 28312.555555555555,
        "us" : 28.312555555555555,
        "ms" : 0.028312555555555556,
        "s" : 2.8312555555555555E-5
      },
      "min" : {
        "ns" : 4600,
        "us" : 4.6,
        "ms" : 0.0046,
        "s" : 4.6E-6
      },
      "max" : {
        "ns" : 208513,
        "us" : 208.513,
        "ms" : 0.208513,
        "s" : 2.08513E-4
      }
    },
    "BehaviorAnalyzer.handleFeedback<Analyzer>" : {
      "count" : 9,
      "average" : {
        "ns" : 362989.44444444444,
        "us" : 362.9894444444444,
        "ms" : 0.3629894444444444,
        "s" : 3.6298944444444444E-4
      },
      "min" : {
        "ns" : 97106,
        "us" : 97.106,
        "ms" : 0.097106,