{
    "per_key": {
        "nextFaultload": {
            "n": 10,
            "mean": 2.7721172999999997,
            "median": 2.527659,
            "std": 1.2415044452108135,
            "min": 1.730661,
            "max": 6.273352,
            "p25": 2.01820275,
            "p50": 2.527659,
            "p75": 2.79098575,
            "p90": 3.3962499999999984,
            "p95": 4.834800999999996,
            "p99": 5.985641800000001
        },
        "Per test": {
            "n": 9,
            "mean": 74.40561777777776,
            "median": 38.780899,
            "std": 92.62884009731832,
            "min": 30.590640999999998,
            "max": 334.31624899999997,
            "p25": 37.427668,
            "p50": 38.780899,
            "p75": 40.131892,
            "p90": 125.90261220000004,
            "p95": 230.10943059999988,
            "p99": 313.47488531999994
        },
        "registerFaultload": {
            "n": 9,
            "mean": 23.88375888888889,
            "median": 4.627797999999999,
            "std": 48.982420754637644,
            "min": 3.614658,
            "max": 161.552187,
            "p25": 3.805189,
            "p50": 4.627797999999999,
            "p75": 6.7031979999999995,
            "p90": 49.829959800000026,
            "p95": 105.69107339999996,
            "p99": 150.37996428
        },
        "unregisterFautload": {
            "n": 9,
            "mean": 3.6134707777777777,
            "median": 3.477782,
            "std": 0.39945141732235667,
            "min": 3.203856,
            "max": 4.345929,
            "p25": 3.264197,
            "p50": 3.477782,
            "p75": 3.693107,
            "p90": 4.2707162,
            "p95": 4.3083226,
            "p99": 4.33840772
        },
        "testMethod": {
            "n": 9,
            "mean": 39.33088488888889,
            "median": 26.734316999999997,
            "std": 36.621176906690394,
            "min": 20.410864999999998,
            "max": 142.678755,
            "p25": 26.015159999999998,
            "p50": 26.734316999999997,
            "p75": 28.947129,
            "p90": 51.89239340000002,
            "p95": 97.28557419999996,
            "p99": 133.60011884
        },
        "getTraceWithDelay": {
            "n": 9,
            "mean": 31.858275666666664,
            "median": 17.379786,
            "std": 36.04503024913987,
            "min": 14.500008999999999,
            "max": 131.94769499999998,
            "p25": 15.661760999999998,
            "p50": 17.379786,
            "p75": 20.595494,
            "p90": 56.765798200000006,
            "p95": 94.35674659999995,
            "p99": 124.42950531999998
        },
        "handleResult": {
            "n": 9,
            "mean": 7.516367666666666,
            "median": 3.0933829999999998,
            "std": 8.564795475083608,
            "min": 2.309234,
            "max": 25.6378,
            "p25": 2.681292,
            "p50": 3.0933829999999998,
            "p75": 3.84847,
            "p90": 22.0479288,
            "p95": 23.842864399999996,
            "p99": 25.278812879999997
        },
        "Total test time": {
            "n": 1,
            "mean": 1079.871238,
            "median": 1079.871238,
            "std": 0.0,
            "min": 1079.871238,
            "max": 1079.871238,
            "p25": 1079.871238,
            "p50": 1079.871238,
            "p75": 1079.871238,
            "p90": 1079.871238,
            "p95": 1079.871238,
            "p99": 1079.871238
        },
        "getExpectedPoints": {
            "n": 32,
            "mean": 0.44898690624999993,
            "median": 0.40398249999999997,
            "std": 0.22871542392585803,
            "min": 0.15931399999999998,
            "max": 0.955633,
            "p25": 0.23268575,
            "p50": 0.40398249999999997,
            "p75": 0.5978189999999999,
            "p90": 0.7756619000000001,
            "p95": 0.8819695,
            "p99": 0.9407647800000001
        }
    }
}