{
  "stats" : {
    "nextFaultload" : {
      "count" : 9,
      "average" : {
        "ns" : 2080328.5555555555,
        "us" : 2080.3285555555553,
        "ms" : 2.0803285555555555,
        "s" : 0.0020803285555555553
      },
      "min" : {
        "ns" : 23000,
        "us" : 23.0,
        "ms" : 0.023,
        "s" : 2.3E-5
      },
      "max" : {
        "ns" : 3559525,
        "us" : 3559.525,
        "ms" : 3.559525,
        "s" : 0.003559525
      }
    },
    "Per test" : {
      "count" : 8,
      "average" : {
        "ns" : 1.2520851925E8,
        "us" : 125208.51925,
        "ms" : 125.20851925,
        "s" : 0.12520851925
      },
      "min" : {
        "ns" : 62416640,
        "us" : 62416.64,
        "ms" : 62.41664,
        "s" : 0.06241664
      },
      "max" : {
        "ns" : 340937197,
        "us" : 340937.197,
        "ms" : 340.937197,
        "s" : 0.340937197
      }
    },
    "registerFaultload" : {
      "count" : 8,
      "average" : {
        "ns" : 1.8734070625E7,
        "us" : 18734.070625,
        "ms" : 18.734070625,
        "s" : 0.018734070625
      },
      "min" : {
        "ns" : 3397468,
        "us" : 3397.468,
        "ms" : 3.397468,
        "s" : 0.003397468
      },
      "max" : {
        "ns" : 107273869,
        "us" : 107273.869,
        "ms" : 107.273869,
        "s" : 0.107273869
      }
    },
    "testMethod" : {
      "count" : 8,
      "average" : {
        "ns" : 7.8793325125E7,
        "us" : 78793.325125,
        "ms" : 78.793325125,
        "s" : 0.078793325125
      },
      "min" : {
        "ns" : 43945727,
        "us" : 43945.727,
        "ms" : 43.945727,
        "s" : 0.043945727
      },
      "max" : {
        "ns" : 136365439,
        "us" : 136365.439,
        "ms" : 136.365439,
        "s" : 0.136365439
      }
    },
    "getTraceWithDelay" : {
      "count" : 8,
      "average" : {
        "ns" : 2.7686138E7,
        "us" : 27686.138,
        "ms" : 27.686138,
        "s" : 0.027686138
      },
      "min" : {
        "ns" : 13805590,
        "us" : 13805.59,
        "ms" : 13.80559,
        "s" : 0.01380559
      },
      "max" : {
        "ns" : 97232639,
        "us" : 97232.639,
        "ms" : 97.232639,
        "s" : 0.097232639
      }
    },
    "getTrace" : {
      "count" : 8,
      "average" : {
        "ns" : 1.771711675E7,
        "us" : 17717.11675,
        "ms" : 17.71711675,
        "s" : 0.01771711675
      },
      "min" : {
        "ns" : 8366374,
        "us" : 8366.374,
        "ms" : 8.366374,
        "s" : 0.008366374
      },
      "max" : {
        "ns" : 74503536,
        "us" : 74503.536,
        "ms" : 74.503536,
        "s" : 0.074503536
      }
    },
    "handleResult" : {
      "count" : 8,
      "average" : {
        "ns" : 6473750.375,
        "us" : 6473.750375,
        "ms" : 6.473750375,
        "s" : 0.006473750375
      },
      "min" : {
        "ns" : 1891300,
        "us" : 1891.3,
        "ms" : 1.8913,
        "s" : 0.0018913
      },
      "max" : {
        "ns" : 18965382,
        "us" : 18965.382,
        "ms" : 18.965382,
        "s" : 0.018965382
      }
    },
    "StrategyRunner.analyze" : {
      "count" : 8,
      "average" : {
        "ns" : 6431527.375,
        "us" : 6431.527375,
        "ms" : 6.431527375,
        "s" : 0.006431527375
      },
      "min" : {
        "ns" : 1879230,
        "us" : 1879.23,
        "ms" : 1.87923,
        "s" : 0.00187923
      },
      "max" : {
        "ns" : 18715777,
        "us" : 18715.777,
        "ms" : 18.715777,
        "s" : 0.018715777
      }
    },
    "DynamicExplorationGenerator.handleFeedback<Analyzer>" : {
      "count" : 8,
      "average" : {
        "ns" : 1261020.625,
        "us" : 1261.020625,
        "ms" : 1.261020625,
        "s" : 0.001261020625
      },
      "min" : {
        "ns" : 80858,
        "us" : 80.858,
        "ms" : 0.080858,
        "s" : 8.0858E-5
      },
      "max" : {
        "ns" : 7802175,
        "us" : 7802.175,
        "ms" : 7.802175,
        "s" : 0.007802175
      }
    },
    "HappyPathDetector.handleFeedback<Analyzer>" : {
      "count" : 8,
      "average" : {
        "ns" : 83004.625,
        "us" : 83.004625,
        "ms" : 0.083004625,
        "s" : 8.3004625E-5
      },
      "min" : {
        "ns" : 3230,
        "us" : 3.23,
        "ms" : 0.00323,
        "s" : 3.23E-6
      },
      "max" : {
        "ns" : 637227,
        "us" : 637.227,
        "ms" : 0.637227,
        "s" : 6.37227E-4
      }
    },
    "ParentChildDetector.handleFeedback<Analyzer>" : {
      "count" : 8,
      "average" : {
        "ns" : 424905.875,
        "us" : 424.905875,
        "ms" : 0.424905875,
        "s" : 4.24905875E-4
      },
      "min" : {
        "ns" : 47259,
        "us" : 47.259,
        "ms" : 0.047259,
        "s" : 4.7259E-5
      },
      "max" : {
        "ns" : 2920738,
        "us" : 2920.738,
        "ms" : 2.920738,
        "s" : 0.002920738
      }
    },
    "HappensBeforeNeighbourDetector.handleFeedback<Analyzer>" : {
      "count" : 8,
      "average" : {
        "ns" : 470803.875,
        "us" : 470.803875,
        "ms" : 0.470803875,
        "s" : 4.70803875E-4
      },
      "min" : {
        "ns" : 10600,
        "us" : 10.6,
        "ms" : 0.0106,
        "s" : 1.06E-5
      },
      "max" : {
        "ns" : 1436520,
        "us" : 1436.52,
        "ms" : 1.43652,
        "s" : 0.00143652
      }
    },
    "ErrorPropagationDetector.handleFeedback<Analyzer>" : {
      "count" : 8,
      "average" : {
        "ns" : 244736.125,
        "us" : 244.736125,
        "ms" : 0.244736125,
        "s" : 2.44736125E-4
      },
      "min" : {
        "ns" : 18820,
        "us" : 18.82,
        "ms" : 0.01882,
        "s" : 1.882E-5
      },
      "max" : {
        "ns" : 755564,
        "us" : 755.564,
        "ms" : 0.755564,
        "s" : 7.55564E-4
      }
    },
    "ConditionalPointDetector.handleFeedback<Analyzer>" : {
      "count" : 8,
      "average" : {
        "ns" : 963958.375,
        "us" : 963.958375,
        "ms" : 0.963958375,
        "s" : 9.63958375E-4
      },
      "min" : {
        "ns" : 190276,
        "us" : 190.276,
        "ms" : 0.190276,
        "s" : 1.90276E-4
      },
      "max" : {
        "ns" : 5338718,
        "us" : 5338.718,
        "ms" : 5.338718,
        "s" : 0.005338718
      }
    },
    "RedundancyAnalyzer.handleFeedback<Analyzer>" : {
      "count" : 8,
      "average" : {
        "ns" : 45020.625,
        "us" : 45.020625,
        "ms" : 0.045020625,
        "s" : 4.5020625E-5
      },
      "min" : {
        "ns" : 24160,
        "us" : 24.16,
        "ms" : 0.02416,
        "s" : 2.416E-5
      },
      "max" : {
        "ns" : 100988,
        "us" : 100.988,
        "ms" : 0.100988,
        "s" : 1.00988E-4
      }
    },
    "StatusAnalyzer.handleFeedback<Analyzer>" : {
      "count" : 8,
      "average" : {
        "ns" : 50878.625,
        "us" : 50.878625,
        "ms" : 0.050878625,
        "s" : 5.0878625E-5
      },
      "min" : {
        "ns" : 4980,
        "us" : 4.98,
        "ms" : 0.00498,
        "s" : 4.98E-6
      },
      "max" : {
        "ns" : 353972,
        "us" : 353.972,
        "ms" : 0.353972,
        "s" : 3.53972E-4
      }
    },
    "BehaviorAnalyzer.handleFeedback<Analyzer>" : {
      "count" : 8,
      "average" : {
        "ns" : 328209.375,
        "us" : 328.209375,
        "ms" : 0.328209375,
        "s" : 3.28209375E-4
      },
      "min" : {
        "ns" : 96687,
        "us" : 96.687,
        "ms" : 0.096687,
        "s" : 9.6687E-5
      },
      "max" : {
        "ns" : 886951,
        "us" : 886.951,
        "ms" : 0.886951,
        "s" : 8.86951E-4
      }
    },
    "TimingAnalyzer.handleFeedback<Analyzer>" : {
      "count" : 8,
      "average" : {
        "ns" : 209590.625,
        "us" : 209.590625,
        "ms" : 0.209590625,
        "s" : 2.09590625E-4
      },
      "min" : {
        "ns" : 56398,