{
  "stats" : {
    "nextFaultload" : {
      "count" : 10,
      "average" : {
        "ns" : 3632889.0,
        "us" : 3632.889,
        "ms" : 3.632889,
        "s" : 0.003632889
      },
      "min" : {
        "ns" : 1864197,
        "us" : 1864.197,
        "ms" : 1.864197,
        "s" : 0.001864197
      },
      "max" : {
        "ns" : 10306936,
        "us" : 10306.936,
        "ms" : 10.306936,
        "s" : 0.010306936
      }
    },
    "Per test" : {
      "count" : 9,
      "average" : {
        "ns" : 5.668725644444445E7,
        "us" : 56687.25644444445,
        "ms" : 56.68725644444445,
        "s" : 0.056687256444444445
      },
      "min" : {
        "ns" : 27931552,
        "us" : 27931.552,
        "ms" : 27.931552,
        "s" : 0.027931552
      },
      "max" : {
        "ns" : 227656829,
        "us" : 227656.829,
        "ms" : 227.656829,
        "s" : 0.227656829
      }
    },
    "registerFaultload" : {
      "count" : 9,
      "average" : {
        "ns" : 1.6513369E7,
        "us" : 16513.369,
        "ms" : 16.513369,
        "s" : 0.016513369
      },
      "min" : {
        "ns" : 2822746,
        "us" : 2822.746,
        "ms" : 2.822746,
        "s" : 0.002822746
      },
      "max" : {
        "ns" : 108339629,
        "us" : 108339.629,
        "ms" : 108.339629,
        "s" : 0.108339629
      }
    },
    "testMethod" : {
      "count" : 9,
      "average" : {
        "ns" : 1.4143646222222222E7,
        "us" : 14143.646222222222,
        "ms" : 14.143646222222221,
        "s" : 0.014143646222222223
      },
      "min" : {
        "ns" : 11487497,
        "us" : 11487.497,
        "ms" : 11.487497,
        "s" : 0.011487497
      },
      "max" : {
        "ns" : 19562217,
        "us" : 19562.217,
        "ms" : 19.562217,
        "s" : 0.019562217
      }
    },
    "getTraceWithDelay" : {
      "count" : 9,
      "average" : {
        "ns" : 2.5795007111111112E7,
        "us" : 25795.00711111111,
        "ms" : 25.79500711111111,
        "s" : 0.02579500711111111
      },
      "min" : {
        "ns" : 12365843,
        "us" : 12365.843,
        "ms" : 12.365843,
        "s" : 0.012365843
      },
      "max" : {
        "ns" : 99477069,
        "us" : 99477.069,
        "ms" : 99.477069,
        "s" : 0.099477069
      }
    },
    "getTrace" : {
      "count" : 9,
      "average" : {
        "ns" : 1.5881925E7,
        "us" : 15881.925,
        "ms" : 15.881925,
        "s" : 0.015881925
      },
      "min" : {
        "ns" : 6994664,
        "us" : 6994.664,
        "ms" : 6.994664,
        "s" : 0.006994664
      },
      "max" : {
        "ns" : 71591720,
        "us" : 71591.72,
        "ms" : 71.59172,
        "s" : 0.07159172
      }
    },
    "handleResult" : {
      "count" : 9,
      "average" : {
        "ns" : 6281359.888888889,
        "us" : 6281.359888888889,
        "ms" : 6.281359888888889,
        "s" : 0.006281359888888889
      },
      "min" : {
        "ns" : 2591735,
        "us" : 2591.735,
        "ms" : 2.591735,
        "s" : 0.002591735
      },
      "max" : {
        "ns" : 19315704,
        "us" : 19315.704,
        "ms" : 19.315704,
        "s" : 0.019315704
      }
    },
    "StrategyRunner.analyze" : {
      "count" : 9,
      "average" : {
        "ns" : 6131663.222222222,
        "us" : 6131.663222222222,
        "ms" : 6.131663222222222,
        "s" : 0.006131663222222222
      },
      "min" : {
        "ns" : 2498130,
        "us" : 2498.13,
        "ms" : 2.49813,
        "s" : 0.00249813
      },
      "max" : {
        "ns" : 18914783,
        "us" : 18914.783,
        "ms" : 18.914783,
        "s" : 0.018914783
      }
    },
    "DynamicExplorationGenerator.handleFeedback<Analyzer>" : {
      "count" : 9,
      "average" : {
        "ns" : 1050020.7777777778,
        "us" : 1050.0207777777778,
        "ms" : 1.0500207777777777,
        "s" : 0.0010500207777777778
      },
      "min" : {
        "ns" : 95504,
        "us" : 95.504,
        "ms" : 0.095504,
        "s" : 9.5504E-5
      },
      "max" : {
        "ns" : 5359478,
        "us" : 5359.478,
        "ms" : 5.359478,
        "s" : 0.005359478
      }
    },
    "HappyPathDetector.handleFeedback<Analyzer>" : {
      "count" : 9,
      "average" : {
        "ns" : 65203.22222222222,
        "us" : 65.20322222222222,
        "ms" : 0.06520322222222222,
        "s" : 6.520322222222222E-5
      },
      "min" : {
        "ns" : 3100,
        "us" : 3.1,
        "ms" : 0.0031,
        "s" : 3.1E-6
      },
      "max" : {
        "ns" : 554228,
        "us" : 554.228,
        "ms" : 0.554228,
        "s" : 5.54228E-4
      }
    },
    "ParentChildDetector.handleFeedback<Analyzer>" : {
      "count" : 9,
      "average" : {
        "ns" : 912680.6666666666,
        "us" : 912.6806666666666,
        "ms" : 0.9126806666666666,
        "s" : 9.126806666666667E-4
      },
      "min" : {
        "ns" : 49402,
        "us" : 49.402,
        "ms" : 0.049402,
        "s" : 4.9402E-5
      },
      "max" : {
        "ns" : 7459487,
        "us" : 7459.487,
        "ms" : 7.459487,
        "s" : 0.007459487
      }
    },
    "HappensBeforeNeighbourDetector.handleFeedback<Analyzer>" : {
      "count" : 9,
      "average" : {
        "ns" : 515171.22222222225,
        "us" : 515.1712222222222,
        "ms" : 0.5151712222222222,
        "s" : 5.151712222222222E-4
      },
      "min" : {
        "ns" : 12101,
        "us" : 12.101,
        "ms" : 0.012101,
        "s" : 1.2101E-5
      },
      "max" : {
        "ns" : 1183462,
        "us" : 1183.462,
        "ms" : 1.183462,
        "s" : 0.001183462
      }
    },
    "ErrorPropagationDetector.handleFeedback<Analyzer>" : {
      "count" : 9,
      "average" : {
        "ns" : 316961.0,
        "us" : 316.961,
        "ms" : 0.316961,
        "s" : 3.16961E-4
      },
      "min" : {
        "ns" : 3801,
        "us" : 3.801,
        "ms" : 0.003801,
        "s" : 3.801E-6
      },
      "max" : {
        "ns" : 1467976,
        "us" : 1467.976,
        "ms" : 1.467976,
        "s" : 0.001467976
      }
    },
    "ConditionalPointDetector.handleFeedback<Analyzer>" : {
      "count" : 9,
      "average" : {
        "ns" : 2094619.7777777778,
        "us" : 2094.619777777778,
        "ms" : 2.094619777777778,
        "s" : 0.0020946197777777778
      },
      "min" : {
        "ns" : 260413,
        "us" : 260.413,
        "ms" : 0.260413,
        "s" : 2.60413E-4
      },
      "max" : {
        "ns" : 6887258,
        "us" : 6887.258,
        "ms" : 6.887258,
        "s" : 0.006887258
      }
    },
    "RedundancyAnalyzer.handleFeedback<Analyzer>" : {
      "count" : 9,
      "average" : {
        "ns" : 40979.88888888889,
        "us" : 40.979888888888894,
        "ms" : 0.04097988888888889,
        "s" : 4.097988888888889E-5
      },
      "min" : {
        "ns" : 21001,
        "us" : 21.001,
        "ms" : 0.021001,
        "s" : 2.1001E-5
      },
      "max" : {
        "ns" : 140607,
        "us" : 140.607,
        "ms" : 0.140607,
        "s" : 1.40607E-4
      }
    },
    "StatusAnalyzer.handleFeedback<Analyzer>" : {
      "count" : 9,
      "average" : {
        "ns" : 20034.0,
        "us" : 20.034,
        "ms" : 0.020034,
        "s" : 2.0034E-5
      },
      "min" : {
        "ns" : 4700,
        "us" : 4.7,
        "ms" : 0.0047,
        "s" : 4.7E-6
      },
      "max" : {
        "ns" : 129806,
        "us" : 129.806,
        "ms" : 0.129806,
        "s" : 1.29806E-4
      }
    },
    "BehaviorAnalyzer.handleFeedback<Analyzer>" : {
      "count" : 9,
      "average" : {
        "ns" : 595575.2222222222,
        "us" : 595.5752222222222,
        "ms" : 0.5955752222222223,
        "s" : 5.955752222222223E-4
      },
      "min" : {
        "ns" : 255513,
        "us" : 255.513,
        "ms" : 0.255513,
        "s" : 2.55513E-4
      },
      "max" : {
        "ns" : 1823894,
        "us" : 1823.894,
        "ms" : 1.823894,