{
  "stats" : {
    "nextFaultload" : {
      "count" : 6,
      "average" : {
        "ns" : 2567227.3333333335,
        "us" : 2567.2273333333333,
        "ms" : 2.5672273333333333,
        "s" : 0.0025672273333333336
      },
      "min" : {
        "ns" : 24831,
        "us" : 24.831,
        "ms" : 0.024831,
        "s" : 2.4831E-5
      },
      "max" : {
        "ns" : 5421238,
        "us" : 5421.238,
        "ms" : 5.421238,
        "s" : 0.005421238
      }
    },
    "Per test" : {
      "count" : 5,
      "average" : {
        "ns" : 7.77496466E7,
        "us" : 77749.6466,
        "ms" : 77.74964659999999,
        "s" : 0.0777496466
      },
      "min" : {
        "ns" : 29157705,
        "us" : 29157.705,
        "ms" : 29.157705,
        "s" : 0.029157705
      },
      "max" : {
        "ns" : 248143363,
        "us" : 248143.363,
        "ms" : 248.143363,
        "s" : 0.248143363
      }
    },
    "registerFaultload" : {
      "count" : 5,
      "average" : {
        "ns" : 3.2290666E7,
        "us" : 32290.666,
        "ms" : 32.290666,
        "s" : 0.032290666
      },
      "min" : {
        "ns" : 4973616,
        "us" : 4973.616,
        "ms" : 4.973616,
        "s" : 0.004973616
      },
      "max" : {
        "ns" : 123875401,
        "us" : 123875.401,
        "ms" : 123.875401,
        "s" : 0.123875401
      }
    },
    "testMethod" : {
      "count" : 5,
      "average" : {
        "ns" : 3.56141728E7,
        "us" : 35614.1728,
        "ms" : 35.6141728,
        "s" : 0.035614172799999996
      },
      "min" : {
        "ns" : 17451015,
        "us" : 17451.015,
        "ms" : 17.451015,
        "s" : 0.017451015
      },
      "max" : {
        "ns" : 104050385,
        "us" : 104050.385,
        "ms" : 104.050385,
        "s" : 0.104050385
      }
    },
    "getTraceWithDelay" : {
      "count" : 5,
      "average" : {
        "ns" : 3.52344786E7,
        "us" : 35234.4786,
        "ms" : 35.2344786,
        "s" : 0.0352344786
      },
      "min" : {
        "ns" : 15829209,
        "us" : 15829.209,
        "ms" : 15.829209,
        "s" : 0.015829209
      },
      "max" : {
        "ns" : 104815606,
        "us" : 104815.606,
        "ms" : 104.815606,
        "s" : 0.104815606
      }
    },
    "getTrace" : {
      "count" : 5,
      "average" : {
        "ns" : 2.5083581E7,
        "us" : 25083.581,
        "ms" : 25.083581,
        "s" : 0.025083581
      },
      "min" : {
        "ns" : 9856486,
        "us" : 9856.486,
        "ms" : 9.856486,
        "s" : 0.009856486
      },
      "max" : {
        "ns" : 83815508,
        "us" : 83815.508,
        "ms" : 83.815508,
        "s" : 0.083815508
      }
    },
    "handleResult" : {
      "count" : 5,
      "average" : {
        "ns" : 5346210.2,
        "us" : 5346.2102,
        "ms" : 5.3462102,
        "s" : 0.005346210200000001
      },
      "min" : {
        "ns" : 1739604,
        "us" : 1739.604,
        "ms" : 1.739604,
        "s" : 0.001739604
      },
      "max" : {
        "ns" : 15714001,
        "us" : 15714.001,
        "ms" : 15.714001,
        "s" : 0.015714001
      }
    },
    "StrategyRunner.analyze" : {
      "count" : 5,
      "average" : {
        "ns" : 5278314.6,
        "us" : 5278.3146,
        "ms" : 5.2783146,
        "s" : 0.005278314599999999
      },
      "min" : {
        "ns" : 1731284,
        "us" : 1731.284,
        "ms" : 1.731284,
        "s" : 0.001731284
      },
      "max" : {
        "ns" : 15407363,
        "us" : 15407.363,
        "ms" : 15.407363,
        "s" : 0.015407363
      }
    },
    "DynamicExplorationGenerator.handleFeedback<Analyzer>" : {
      "count" : 5,
      "average" : {
        "ns" : 1349688.6,
        "us" : 1349.6886000000002,
        "ms" : 1.3496886000000001,
        "s" : 0.0013496886000000001
      },
      "min" : {
        "ns" : 97972,
        "us" : 97.972,
        "ms" : 0.097972,
        "s" : 9.7972E-5
      },
      "max" : {
        "ns" : 5917401,
        "us" : 5917.401,
        "ms" : 5.917401,
        "s" : 0.005917401
      }
    },
    "HappyPathDetector.handleFeedback<Analyzer>" : {
      "count" : 5,
      "average" : {
        "ns" : 124889.2,
        "us" : 124.8892,
        "ms" : 0.12488919999999999,
        "s" : 1.248892E-4
      },
      "min" : {
        "ns" : 3930,
        "us" : 3.93,
        "ms" : 0.00393,
        "s" : 3.93E-6
      },
      "max" : {
        "ns" : 608216,
        "us" : 608.216,
        "ms" : 0.608216,
        "s" : 6.08216E-4
      }
    },
    "ParentChildDetector.handleFeedback<Analyzer>" : {
      "count" : 5,
      "average" : {
        "ns" : 575124.6,
        "us" : 575.1246,
        "ms" : 0.5751246,
        "s" : 5.751246E-4
      },
      "min" : {
        "ns" : 57712,
        "us" : 57.712,
        "ms" : 0.057712,
        "s" : 5.7712E-5
      },
      "max" : {
        "ns" : 2350090,
        "us" : 2350.09,
        "ms" : 2.35009,
        "s" : 0.00235009
      }
    },
    "HappensBeforeNeighbourDetector.handleFeedback<Analyzer>" : {
      "count" : 5,
      "average" : {
        "ns" : 494884.4,
        "us" : 494.8844,
        "ms" : 0.4948844,
        "s" : 4.948844E-4
      },
      "min" : {
        "ns" : 17021,
        "us" : 17.021,
        "ms" : 0.017021,
        "s" : 1.7021E-5
      },
      "max" : {
        "ns" : 1205960,
        "us" : 1205.96,
        "ms" : 1.20596,
        "s" : 0.00120596
      }
    },
    "ErrorPropagationDetector.handleFeedback<Analyzer>" : {
      "count" : 5,
      "average" : {
        "ns" : 328976.6,
        "us" : 328.97659999999996,
        "ms" : 0.32897659999999995,
        "s" : 3.2897659999999996E-4
      },
      "min" : {
        "ns" : 12420,
        "us" : 12.42,
        "ms" : 0.01242,
        "s" : 1.242E-5
      },
      "max" : {
        "ns" : 832022,
        "us" : 832.022,
        "ms" : 0.832022,
        "s" : 8.32022E-4
      }
    },
    "ConditionalPointDetector.handleFeedback<Analyzer>" : {
      "count" : 5,
      "average" : {
        "ns" : 1269236.4,
        "us" : 1269.2364,
        "ms" : 1.2692363999999998,
        "s" : 0.0012692364
      },
      "min" : {
        "ns" : 188645,
        "us" : 188.645,
        "ms" : 0.188645,
        "s" : 1.88645E-4
      },
      "max" : {
        "ns" : 4804202,
        "us" : 4804.202,
        "ms" : 4.804202,
        "s" : 0.004804202
      }
    },
    "RedundancyAnalyzer.handleFeedback<Analyzer>" : {
      "count" : 5,
      "average" : {
        "ns" : 109148.6,
        "us" : 109.1486,
        "ms" : 0.10914860000000001,
        "s" : 1.0914860000000001E-4
      },
      "min" : {
        "ns" : 24511,
        "us" : 24.511,
        "ms" : 0.024511,
        "s" : 2.4511E-5
      },
      "max" : {
        "ns" : 299667,
        "us" : 299.667,
        "ms" : 0.299667,
        "s" : 2.99667E-4
      }
    },
    "StatusAnalyzer.handleFeedback<Analyzer>" : {
      "count" : 5,
      "average" : {
        "ns" : 65653.8,
        "us" : 65.6538,
        "ms" : 0.0656538,
        "s" : 6.56538E-5
      },
      "min" : {
        "ns" : 5461,
        "us" : 5.461,
        "ms" : 0.005461,
        "s" : 5.461E-6
      },
      "max" : {
        "ns" : 287757,
        "us" : 287.757,
        "ms" : 0.287757,
        "s" : 2.87757E-4
      }
    },
    "BehaviorAnalyzer.handleFeedback<Analyzer>" : {
      "count" : 5,
      "average" : {
        "ns" : 465867.8,
        "us" : 465.8678,
        "ms" : 0.4658678,
        "s" : 4.6586779999999996E-4
      },
      "min" : {
        "ns" : 165044,
        "us" : 165.044,
        "ms" : 0.165044,
        "s" : 1.65044E-4
      },
      "max" : {
        "ns" : 894593,
        "us" : 894.593,
        "ms" : 0.894593,
        "s" : 8.94593E-4
      }
    },
    "TimingAnalyzer.handleFeedback<Analyzer>" : {
      "count" : 5,
      "average" : {
        "ns" : 328226.4,
        "us" : 328.2264,
        "ms" : 0.32822640000000003,