{
  "stats" : {
    "nextFaultload" : {
      "count" : 22,
      "average" : {
        "ns" : 2320128.9545454546,
        "us" : 2320.1289545454547,
        "ms" : 2.3201289545454546,
        "s" : 0.0023201289545454547
      },
      "min" : {
        "ns" : 298001,
        "us" : 298.001,
        "ms" : 0.298001,
        "s" : 2.98001E-4
      },
      "max" : {
        "ns" : 3655510,
        "us" : 3655.51,
        "ms" : 3.65551,
        "s" : 0.00365551
      }
    },
    "Per test" : {
      "count" : 21,
      "average" : {
        "ns" : 4.08527500952381E7,
        "us" : 40852.750095238094,
        "ms" : 40.8527500952381,
        "s" : 0.040852750095238095
      },
      "min" : {
        "ns" : 23568964,
        "us" : 23568.964,
        "ms" : 23.568964,
        "s" : 0.023568964
      },
      "max" : {
        "ns" : 234109342,
        "us" : 234109.342,
        "ms" : 234.109342,
        "s" : 0.234109342
      }
    },
    "registerFaultload" : {
      "count" : 21,
      "average" : {
        "ns" : 9030229.61904762,
        "us" : 9030.229619047619,
        "ms" : 9.030229619047619,
        "s" : 0.00903022961904762
      },
      "min" : {
        "ns" : 2790208,
        "us" : 2790.208,
        "ms" : 2.790208,
        "s" : 0.002790208
      },
      "max" : {
        "ns" : 112738309,
        "us" : 112738.309,
        "ms" : 112.738309,
        "s" : 0.112738309
      }
    },
    "testMethod" : {
      "count" : 21,
      "average" : {
        "ns" : 1.3016507E7,
        "us" : 13016.507,
        "ms" : 13.016507,
        "s" : 0.013016507
      },
      "min" : {
        "ns" : 11217731,
        "us" : 11217.731,
        "ms" : 11.217731,
        "s" : 0.011217731
      },
      "max" : {
        "ns" : 20176156,
        "us" : 20176.156,
        "ms" : 20.176156,
        "s" : 0.020176156
      }
    },
    "getTraceWithDelay" : {
      "count" : 21,
      "average" : {
        "ns" : 1.860249861904762E7,
        "us" : 18602.49861904762,
        "ms" : 18.60249861904762,
        "s" : 0.01860249861904762
      },
      "min" : {
        "ns" : 9076125,
        "us" : 9076.125,
        "ms" : 9.076125,
        "s" : 0.009076125
      },
      "max" : {
        "ns" : 100898577,
        "us" : 100898.577,
        "ms" : 100.898577,
        "s" : 0.100898577
      }
    },
    "getTrace" : {
      "count" : 21,
      "average" : {
        "ns" : 1.178521319047619E7,
        "us" : 11785.21319047619,
        "ms" : 11.78521319047619,
        "s" : 0.01178521319047619
      },
      "min" : {
        "ns" : 4761413,
        "us" : 4761.413,
        "ms" : 4.761413,
        "s" : 0.004761413
      },
      "max" : {
        "ns" : 71909098,
        "us" : 71909.098,
        "ms" : 71.909098,
        "s" : 0.071909098
      }
    },
    "handleResult" : {
      "count" : 21,
      "average" : {
        "ns" : 3689924.4285714286,
        "us" : 3689.9244285714285,
        "ms" : 3.6899244285714285,
        "s" : 0.0036899244285714286
      },
      "min" : {
        "ns" : 1744505,
        "us" : 1744.505,
        "ms" : 1.744505,
        "s" : 0.001744505
      },
      "max" : {
        "ns" : 20023855,
        "us" : 20023.855,
        "ms" : 20.023855,
        "s" : 0.020023855
      }
    },
    "StrategyRunner.analyze" : {
      "count" : 21,
      "average" : {
        "ns" : 3579366.9523809524,
        "us" : 3579.3669523809526,
        "ms" : 3.5793669523809526,
        "s" : 0.0035793669523809524
      },
      "min" : {
        "ns" : 1624004,
        "us" : 1624.004,
        "ms" : 1.624004,
        "s" : 0.001624004
      },
      "max" : {
        "ns" : 19680554,
        "us" : 19680.554,
        "ms" : 19.680554,
        "s" : 0.019680554
      }
    },
    "DynamicExplorationGenerator.handleFeedback<Analyzer>" : {
      "count" : 21,
      "average" : {
        "ns" : 502796.5714285714,
        "us" : 502.79657142857144,
        "ms" : 0.5027965714285714,
        "s" : 5.027965714285715E-4
      },
      "min" : {
        "ns" : 66100,
        "us" : 66.1,
        "ms" : 0.0661,
        "s" : 6.61E-5
      },
      "max" : {
        "ns" : 5801616,
        "us" : 5801.616,
        "ms" : 5.801616,
        "s" : 0.005801616
      }
    },
    "HappyPathDetector.handleFeedback<Analyzer>" : {
      "count" : 21,
      "average" : {
        "ns" : 26381.04761904762,
        "us" : 26.381047619047617,
        "ms" : 0.02638104761904762,
        "s" : 2.6381047619047618E-5
      },
      "min" : {
        "ns" : 1800,
        "us" : 1.8,
        "ms" : 0.0018,
        "s" : 1.8E-6
      },
      "max" : {
        "ns" : 488602,
        "us" : 488.602,
        "ms" : 0.488602,
        "s" : 4.88602E-4
      }
    },
    "ParentChildDetector.handleFeedback<Analyzer>" : {
      "count" : 21,
      "average" : {
        "ns" : 430472.61904761905,
        "us" : 430.47261904761905,
        "ms" : 0.4304726190476191,
        "s" : 4.3047261904761904E-4
      },
      "min" : {
        "ns" : 34300,
        "us" : 34.3,
        "ms" : 0.0343,
        "s" : 3.43E-5
      },
      "max" : {
        "ns" : 7571820,
        "us" : 7571.82,
        "ms" : 7.57182,
        "s" : 0.00757182
      }
    },
    "HappensBeforeNeighbourDetector.handleFeedback<Analyzer>" : {
      "count" : 21,
      "average" : {
        "ns" : 429048.8095238095,
        "us" : 429.04880952380955,
        "ms" : 0.4290488095238095,
        "s" : 4.2904880952380955E-4
      },
      "min" : {
        "ns" : 10900,
        "us" : 10.9,
        "ms" : 0.0109,
        "s" : 1.09E-5
      },
      "max" : {
        "ns" : 1175103,
        "us" : 1175.103,
        "ms" : 1.175103,
        "s" : 0.001175103
      }
    },
    "ErrorPropagationDetector.handleFeedback<Analyzer>" : {
      "count" : 21,
      "average" : {
        "ns" : 365991.4285714286,
        "us" : 365.99142857142857,
        "ms" : 0.3659914285714286,
        "s" : 3.659914285714286E-4
      },
      "min" : {
        "ns" : 4000,
        "us" : 4.0,
        "ms" : 0.004,
        "s" : 4.0E-6
      },
      "max" : {
        "ns" : 967002,
        "us" : 967.002,
        "ms" : 0.967002,
        "s" : 9.67002E-4
      }
    },
    "ConditionalPointDetector.handleFeedback<Analyzer>" : {
      "count" : 21,
      "average" : {
        "ns" : 751897.2380952381,
        "us" : 751.8972380952381,
        "ms" : 0.7518972380952381,
        "s" : 7.518972380952381E-4
      },
      "min" : {
        "ns" : 132200,
        "us" : 132.2,
        "ms" : 0.1322,
        "s" : 1.322E-4
      },
      "max" : {
        "ns" : 4394712,
        "us" : 4394.712,
        "ms" : 4.394712,
        "s" : 0.004394712
      }
    },
    "RedundancyAnalyzer.handleFeedback<Analyzer>" : {
      "count" : 21,
      "average" : {
        "ns" : 41223.90476190476,
        "us" : 41.22390476190476,
        "ms" : 0.04122390476190476,
        "s" : 4.122390476190476E-5
      },
      "min" : {
        "ns" : 15900,
        "us" : 15.9,
        "ms" : 0.0159,
        "s" : 1.59E-5
      },
      "max" : {
        "ns" : 178901,
        "us" : 178.901,
        "ms" : 0.178901,
        "s" : 1.78901E-4
      }
    },
    "StatusAnalyzer.handleFeedback<Analyzer>" : {
      "count" : 21,
      "average" : {
        "ns" : 17890.619047619046,
        "us" : 17.890619047619047,
        "ms" : 0.017890619047619048,
        "s" : 1.7890619047619047E-5
      },
      "min" : {
        "ns" : 3000,
        "us" : 3.0,
        "ms" : 0.003,
        "s" : 3.0E-6
      },
      "max" : {
        "ns" : 127401,
        "us" : 127.401,
        "ms" : 0.127401,
        "s" : 1.27401E-4
      }
    },
    "BehaviorAnalyzer.handleFeedback<Analyzer>" : {
      "count" : 21,
      "average" : {
        "ns" : 491020.28571428574,
        "us" : 491.02028571428576,
        "ms" : 0.49102028571428574,
        "s" : 4.910202857142858E-4
      },
      "min" : {
        "ns" : 270201,
        "us" : 270.201,
        "ms" : 0.270201,