{
    "per_key": {
        "nextFaultload": {
            "n": 660,
            "mean": 41.776546680303035,
            "median": 4.452125499999999,
            "std": 199.99912457869598,
            "min": 0.390157,
            "max": 1467.586249,
            "p25": 3.86426625,
            "p50": 4.452125499999999,
            "p75": 5.893767,
            "p90": 9.868308100000004,
            "p95": 63.11001774999999,
            "p99": 1390.9840636899999
        },
        "Per test": {
            "n": 650,
            "mean": 78.07453021692307,
            "median": 77.223386,
            "std": 31.185648544363726,
            "min": 31.282173,
            "max": 296.430192,
            "p25": 64.34160875,
            "p50": 77.223386,
            "p75": 86.87573325,
            "p90": 93.63965879999999,
            "p95": 98.63977494999999,
            "p99": 289.03734263999996
        },
        "registerFaultload": {
            "n": 650,
            "mean": 6.062762773846154,
            "median": 4.588411,
            "std": 8.164338504034326,
            "min": 3.2944649999999998,
            "max": 71.350921,
            "p25": 4.190552,
            "p50": 4.588411,
            "p75": 5.3195292499999995,
            "p90": 6.350648199999999,
            "p95": 7.33749,
            "p99": 67.02828993
        },
        "unregisterFautload": {
            "n": 650,
            "mean": 4.23237031076923,
            "median": 4.0351479999999995,
            "std": 0.9932977674329867,
            "min": 3.0497289999999997,
            "max": 18.729626,
            "p25": 3.7403649999999997,
            "p50": 4.0351479999999995,
            "p75": 4.48718475,
            "p90": 5.0318484,
            "p95": 5.554255599999999,
            "p99": 6.385458949999999
        },
        "testMethod": {
            "n": 650,
            "mean": 63.53383108923077,
            "median": 63.1282,
            "std": 22.605906050516115,
            "min": 23.635721,
            "max": 200.54770499999998,
            "p25": 49.01882975,
            "p50": 63.1282,
            "p75": 74.1386065,
            "p90": 78.9683903,
            "p95": 84.51061364999998,
            "p99": 188.89742103
        },
        "getTraceWithDelay": {
            "n": 650,
            "mean": 15.433605007692307,
            "median": 12.8555055,
            "std": 14.795691424531936,
            "min": 6.835337,
            "max": 134.668666,
            "p25": 11.403307,
            "p50": 12.8555055,
            "p75": 15.02440975,
            "p90": 18.571571400000003,
            "p95": 22.088859049999993,
            "p99": 127.46158304999999
        },
        "handleResult": {
            "n": 650,
            "mean": 4.224465330769231,
            "median": 3.489706,
            "std": 3.689075061592286,
            "min": 0.413431,
            "max": 27.006705999999998,
            "p25": 3.1914854999999998,
            "p50": 3.489706,
            "p75": 4.13497225,
            "p90": 5.709991100000001,
            "p95": 6.984770099999998,
            "p99": 24.63926695
        },
        "Total test time": {
            "n": 10,
            "mean": 8240.8859239,
            "median": 8250.626681,
            "std": 98.69787325526318,
            "min": 8086.695516999999,
            "max": 8403.872089,
            "p25": 8170.827738749999,
            "p50": 8250.626681,
            "p75": 8312.8396565,
            "p90": 8348.0754343,
            "p95": 8375.97376165,
            "p99": 8398.29242353
        },
        "getExpectedBehaviours": {
            "n": 15600,
            "mean": 0.8376388453205128,
            "median": 0.7561045,
            "std": 0.44477099390825037,
            "min": 0.0055,
            "max": 25.668139,
            "p25": 0.69972075,
            "p50": 0.7561045,
            "p75": 0.82523775,
            "p90": 1.0922164,
            "p95": 1.5649031999999998,
            "p99": 2.1465115000000026
        },
        "getExpectedPoints": {
            "n": 15600,
            "mean": 0.844993417051282,
            "median": 0.7642049999999999,
            "std": 0.34533487906913746,
            "min": 0.00836,
            "max": 7.1904959999999996,
            "p25": 0.707684,
            "p50": 0.7642049999999999,
            "p75": 0.835433,
            "p90": 1.126349,
            "p95": 1.5738959999999997,
            "p99": 2.0920224000000025
        }
    }
}