{
  "stats" : {
    "nextFaultload" : {
      "count" : 9,
      "average" : {
        "ns" : 2491954.888888889,
        "us" : 2491.954888888889,
        "ms" : 2.491954888888889,
        "s" : 0.002491954888888889
      },
      "min" : {
        "ns" : 683624,
        "us" : 683.624,
        "ms" : 0.683624,
        "s" : 6.83624E-4
      },
      "max" : {
        "ns" : 4328253,
        "us" : 4328.253,
        "ms" : 4.328253,
        "s" : 0.004328253
      }
    },
    "Per test" : {
      "count" : 8,
      "average" : {
        "ns" : 6.0914731E7,
        "us" : 60914.731,
        "ms" : 60.914731,
        "s" : 0.060914731
      },
      "min" : {
        "ns" : 27018957,
        "us" : 27018.957,
        "ms" : 27.018957,
        "s" : 0.027018957
      },
      "max" : {
        "ns" : 238679048,
        "us" : 238679.048,
        "ms" : 238.679048,
        "s" : 0.238679048
      }
    },
    "registerFaultload" : {
      "count" : 8,
      "average" : {
        "ns" : 1.826983425E7,
        "us" : 18269.83425,
        "ms" : 18.26983425,
        "s" : 0.01826983425
      },
      "min" : {
        "ns" : 2886702,
        "us" : 2886.702,
        "ms" : 2.886702,
        "s" : 0.002886702
      },
      "max" : {
        "ns" : 108508741,
        "us" : 108508.741,
        "ms" : 108.508741,
        "s" : 0.108508741
      }
    },
    "testMethod" : {
      "count" : 8,
      "average" : {
        "ns" : 1.44938255E7,
        "us" : 14493.8255,
        "ms" : 14.4938255,
        "s" : 0.0144938255
      },
      "min" : {
        "ns" : 9050521,
        "us" : 9050.521,
        "ms" : 9.050521,
        "s" : 0.009050521
      },
      "max" : {
        "ns" : 25806113,
        "us" : 25806.113,
        "ms" : 25.806113,
        "s" : 0.025806113
      }
    },
    "getTraceWithDelay" : {
      "count" : 8,
      "average" : {
        "ns" : 2.787156175E7,
        "us" : 27871.56175,
        "ms" : 27.87156175,
        "s" : 0.02787156175
      },
      "min" : {
        "ns" : 13994296,
        "us" : 13994.296,
        "ms" : 13.994296,
        "s" : 0.013994296
      },
      "max" : {
        "ns" : 104065084,
        "us" : 104065.084,
        "ms" : 104.065084,
        "s" : 0.104065084
      }
    },
    "getTrace" : {
      "count" : 8,
      "average" : {
        "ns" : 1.746005575E7,
        "us" : 17460.05575,
        "ms" : 17.46005575,
        "s" : 0.01746005575
      },
      "min" : {
        "ns" : 7928781,
        "us" : 7928.781,
        "ms" : 7.928781,
        "s" : 0.007928781
      },
      "max" : {
        "ns" : 74734046,
        "us" : 74734.046,
        "ms" : 74.734046,
        "s" : 0.074734046
      }
    },
    "handleResult" : {
      "count" : 8,
      "average" : {
        "ns" : 6313273.25,
        "us" : 6313.27325,
        "ms" : 6.31327325,
        "s" : 0.00631327325
      },
      "min" : {
        "ns" : 2048672,
        "us" : 2048.672,
        "ms" : 2.048672,
        "s" : 0.002048672
      },
      "max" : {
        "ns" : 20995543,
        "us" : 20995.543,
        "ms" : 20.995543,
        "s" : 0.020995543
      }
    },
    "StrategyRunner.analyze" : {
      "count" : 8,
      "average" : {
        "ns" : 6157705.25,
        "us" : 6157.70525,
        "ms" : 6.15770525,
        "s" : 0.00615770525
      },
      "min" : {
        "ns" : 1964169,
        "us" : 1964.169,
        "ms" : 1.964169,
        "s" : 0.001964169
      },
      "max" : {
        "ns" : 20674831,
        "us" : 20674.831,
        "ms" : 20.674831,
        "s" : 0.020674831
      }
    },
    "DynamicExplorationGenerator.handleFeedback<Analyzer>" : {
      "count" : 8,
      "average" : {
        "ns" : 1172229.0,
        "us" : 1172.229,
        "ms" : 1.172229,
        "s" : 0.001172229
      },
      "min" : {
        "ns" : 92603,
        "us" : 92.603,
        "ms" : 0.092603,
        "s" : 9.2603E-5
      },
      "max" : {
        "ns" : 6610534,
        "us" : 6610.534,
        "ms" : 6.610534,
        "s" : 0.006610534
      }
    },
    "HappyPathDetector.handleFeedback<Analyzer>" : {
      "count" : 8,
      "average" : {
        "ns" : 64152.125,
        "us" : 64.152125,
        "ms" : 0.064152125,
        "s" : 6.4152125E-5
      },
      "min" : {
        "ns" : 2900,
        "us" : 2.9,
        "ms" : 0.0029,
        "s" : 2.9E-6
      },
      "max" : {
        "ns" : 483917,
        "us" : 483.917,
        "ms" : 0.483917,
        "s" : 4.83917E-4
      }
    },
    "ParentChildDetector.handleFeedback<Analyzer>" : {
      "count" : 8,
      "average" : {
        "ns" : 1023374.0,
        "us" : 1023.374,
        "ms" : 1.023374,
        "s" : 0.001023374
      },
      "min" : {
        "ns" : 42202,
        "us" : 42.202,
        "ms" : 0.042202,
        "s" : 4.2202E-5
      },
      "max" : {
        "ns" : 7599669,
        "us" : 7599.669,
        "ms" : 7.599669,
        "s" : 0.007599669
      }
    },
    "HappensBeforeNeighbourDetector.handleFeedback<Analyzer>" : {
      "count" : 8,
      "average" : {
        "ns" : 420264.625,
        "us" : 420.264625,
        "ms" : 0.420264625,
        "s" : 4.20264625E-4
      },
      "min" : {
        "ns" : 12201,
        "us" : 12.201,
        "ms" : 0.012201,
        "s" : 1.2201E-5
      },
      "max" : {
        "ns" : 1339547,
        "us" : 1339.547,
        "ms" : 1.339547,
        "s" : 0.001339547
      }
    },
    "ErrorPropagationDetector.handleFeedback<Analyzer>" : {
      "count" : 8,
      "average" : {
        "ns" : 908282.375,
        "us" : 908.282375,
        "ms" : 0.908282375,
        "s" : 9.08282375E-4
      },
      "min" : {
        "ns" : 13600,
        "us" : 13.6,
        "ms" : 0.0136,
        "s" : 1.36E-5
      },
      "max" : {
        "ns" : 2668295,
        "us" : 2668.295,
        "ms" : 2.668295,
        "s" : 0.002668295
      }
    },
    "ConditionalPointDetector.handleFeedback<Analyzer>" : {
      "count" : 8,
      "average" : {
        "ns" : 847930.125,
        "us" : 847.930125,
        "ms" : 0.847930125,
        "s" : 8.47930125E-4
      },
      "min" : {
        "ns" : 126405,
        "us" : 126.405,
        "ms" : 0.126405,
        "s" : 1.26405E-4
      },
      "max" : {
        "ns" : 4775769,
        "us" : 4775.769,
        "ms" : 4.775769,
        "s" : 0.004775769
      }
    },
    "RedundancyAnalyzer.handleFeedback<Analyzer>" : {
      "count" : 8,
      "average" : {
        "ns" : 35551.125,
        "us" : 35.551125,
        "ms" : 0.035551125,
        "s" : 3.5551125E-5
      },
      "min" : {
        "ns" : 21501,
        "us" : 21.501,
        "ms" : 0.021501,
        "s" : 2.1501E-5
      },
      "max" : {
        "ns" : 76403,
        "us" : 76.403,
        "ms" : 0.076403,
        "s" : 7.6403E-5
      }
    },
    "StatusAnalyzer.handleFeedback<Analyzer>" : {
      "count" : 8,
      "average" : {
        "ns" : 22113.25,
        "us" : 22.11325,
        "ms" : 0.02211325,
        "s" : 2.211325E-5
      },
      "min" : {
        "ns" : 4400,
        "us" : 4.4,
        "ms" : 0.0044,
        "s" : 4.4E-6
      },
      "max" : {
        "ns" : 135005,
        "us" : 135.005,
        "ms" : 0.135005,
        "s" : 1.35005E-4
      }
    },
    "BehaviorAnalyzer.handleFeedback<Analyzer>" : {
      "count" : 8,
      "average" : {
        "ns" : 650335.625,
        "us" : 650.335625,
        "ms" : 0.650335625,
        "s" : 6.50335625E-4
      },
      "min" : {
        "ns" : 339412,
        "us" : 339.412,
        "ms" : 0.339412,
        "s" : 3.39412E-4
      },
      "max" : {
        "ns" : 1798964,
        "us" : 1798.964,
        "ms" : 1.798964,
        "s" : 0.001798964
      }
    },
    "TimingAnalyzer.handleFeedback<Analyzer>" : {
      "count" : 8,
      "average" : {
        "ns" : 204394.625,
        "us" : 204.394625,
        "ms" : 0.204394625,
        "s" : 2.04394625E-4
      },
      "min" : {
        "ns" : 52002,
        "us" : 52.002,