{
  "stats" : {
    "nextFaultload" : {
      "count" : 10,
      "average" : {
        "ns" : 3585320.8,
        "us" : 3585.3208,
        "ms" : 3.5853208,
        "s" : 0.0035853207999999998
      },
      "min" : {
        "ns" : 1989989,
        "us" : 1989.989,
        "ms" : 1.989989,
        "s" : 0.001989989
      },
      "max" : {
        "ns" : 10088252,
        "us" : 10088.252,
        "ms" : 10.088252,
        "s" : 0.010088252
      }
    },
    "Per test" : {
      "count" : 9,
      "average" : {
        "ns" : 5.7494658777777776E7,
        "us" : 57494.658777777775,
        "ms" : 57.49465877777778,
        "s" : 0.05749465877777778
      },
      "min" : {
        "ns" : 28942899,
        "us" : 28942.899,
        "ms" : 28.942899,
        "s" : 0.028942899
      },
      "max" : {
        "ns" : 232333429,
        "us" : 232333.429,
        "ms" : 232.333429,
        "s" : 0.232333429
      }
    },
    "registerFaultload" : {
      "count" : 9,
      "average" : {
        "ns" : 1.6563854666666666E7,
        "us" : 16563.854666666666,
        "ms" : 16.563854666666668,
        "s" : 0.016563854666666666
      },
      "min" : {
        "ns" : 2850928,
        "us" : 2850.928,
        "ms" : 2.850928,
        "s" : 0.002850928
      },
      "max" : {
        "ns" : 109167100,
        "us" : 109167.1,
        "ms" : 109.1671,
        "s" : 0.1091671
      }
    },
    "testMethod" : {
      "count" : 9,
      "average" : {
        "ns" : 1.4384668E7,
        "us" : 14384.668,
        "ms" : 14.384668,
        "s" : 0.014384668
      },
      "min" : {
        "ns" : 12210848,
        "us" : 12210.848,
        "ms" : 12.210848,
        "s" : 0.012210848
      },
      "max" : {
        "ns" : 20686329,
        "us" : 20686.329,
        "ms" : 20.686329,
        "s" : 0.020686329
      }
    },
    "getTraceWithDelay" : {
      "count" : 9,
      "average" : {
        "ns" : 2.6305980888888888E7,
        "us" : 26305.980888888887,
        "ms" : 26.30598088888889,
        "s" : 0.02630598088888889
      },
      "min" : {
        "ns" : 13203393,
        "us" : 13203.393,
        "ms" : 13.203393,
        "s" : 0.013203393
      },
      "max" : {
        "ns" : 102196688,
        "us" : 102196.688,
        "ms" : 102.196688,
        "s" : 0.102196688
      }
    },
    "getTrace" : {
      "count" : 9,
      "average" : {
        "ns" : 1.6155669777777778E7,
        "us" : 16155.669777777777,
        "ms" : 16.155669777777778,
        "s" : 0.016155669777777777
      },
      "min" : {
        "ns" : 7577640,
        "us" : 7577.64,
        "ms" : 7.57764,
        "s" : 0.00757764
      },
      "max" : {
        "ns" : 73661607,
        "us" : 73661.607,
        "ms" : 73.661607,
        "s" : 0.073661607
      }
    },
    "handleResult" : {
      "count" : 9,
      "average" : {
        "ns" : 6530882.111111111,
        "us" : 6530.882111111111,
        "ms" : 6.530882111111111,
        "s" : 0.006530882111111111
      },
      "min" : {
        "ns" : 2546115,
        "us" : 2546.115,
        "ms" : 2.546115,
        "s" : 0.002546115
      },
      "max" : {
        "ns" : 20121703,
        "us" : 20121.703,
        "ms" : 20.121703,
        "s" : 0.020121703
      }
    },
    "StrategyRunner.analyze" : {
      "count" : 9,
      "average" : {
        "ns" : 6371241.444444444,
        "us" : 6371.241444444444,
        "ms" : 6.371241444444444,
        "s" : 0.006371241444444444
      },
      "min" : {
        "ns" : 2456610,
        "us" : 2456.61,
        "ms" : 2.45661,
        "s" : 0.00245661
      },
      "max" : {
        "ns" : 19753686,
        "us" : 19753.686,
        "ms" : 19.753686,
        "s" : 0.019753686
      }
    },
    "DynamicExplorationGenerator.handleFeedback<Analyzer>" : {
      "count" : 9,
      "average" : {
        "ns" : 1065247.7777777778,
        "us" : 1065.2477777777779,
        "ms" : 1.0652477777777778,
        "s" : 0.0010652477777777778
      },
      "min" : {
        "ns" : 88604,
        "us" : 88.604,
        "ms" : 0.088604,
        "s" : 8.8604E-5
      },
      "max" : {
        "ns" : 5746658,
        "us" : 5746.658,
        "ms" : 5.746658,
        "s" : 0.005746658
      }
    },
    "HappyPathDetector.handleFeedback<Analyzer>" : {
      "count" : 9,
      "average" : {
        "ns" : 69647.55555555556,
        "us" : 69.64755555555556,
        "ms" : 0.06964755555555556,
        "s" : 6.964755555555556E-5
      },
      "min" : {
        "ns" : 3501,
        "us" : 3.501,
        "ms" : 0.003501,
        "s" : 3.501E-6
      },
      "max" : {
        "ns" : 592627,
        "us" : 592.627,
        "ms" : 0.592627,
        "s" : 5.92627E-4
      }
    },
    "ParentChildDetector.handleFeedback<Analyzer>" : {
      "count" : 9,
      "average" : {
        "ns" : 947798.0,
        "us" : 947.798,
        "ms" : 0.947798,
        "s" : 9.47798E-4
      },
      "min" : {
        "ns" : 57002,
        "us" : 57.002,
        "ms" : 0.057002,
        "s" : 5.7002E-5
      },
      "max" : {
        "ns" : 7757648,
        "us" : 7757.648,
        "ms" : 7.757648,
        "s" : 0.007757648
      }
    },
    "HappensBeforeNeighbourDetector.handleFeedback<Analyzer>" : {
      "count" : 9,
      "average" : {
        "ns" : 519301.0,
        "us" : 519.301,
        "ms" : 0.519301,
        "s" : 5.19301E-4
      },
      "min" : {
        "ns" : 11901,
        "us" : 11.901,
        "ms" : 0.011901,
        "s" : 1.1901E-5
      },
      "max" : {
        "ns" : 1229355,
        "us" : 1229.355,
        "ms" : 1.229355,
        "s" : 0.001229355
      }
    },
    "ErrorPropagationDetector.handleFeedback<Analyzer>" : {
      "count" : 9,
      "average" : {
        "ns" : 304458.0,
        "us" : 304.458,
        "ms" : 0.304458,
        "s" : 3.04458E-4
      },
      "min" : {
        "ns" : 4200,
        "us" : 4.2,
        "ms" : 0.0042,
        "s" : 4.2E-6
      },
      "max" : {
        "ns" : 1404263,
        "us" : 1404.263,
        "ms" : 1.404263,
        "s" : 0.001404263
      }
    },
    "ConditionalPointDetector.handleFeedback<Analyzer>" : {
      "count" : 9,
      "average" : {
        "ns" : 2229300.222222222,
        "us" : 2229.300222222222,
        "ms" : 2.229300222222222,
        "s" : 0.002229300222222222
      },
      "min" : {
        "ns" : 279013,
        "us" : 279.013,
        "ms" : 0.279013,
        "s" : 2.79013E-4
      },
      "max" : {
        "ns" : 7294528,
        "us" : 7294.528,
        "ms" : 7.294528,
        "s" : 0.007294528
      }
    },
    "RedundancyAnalyzer.handleFeedback<Analyzer>" : {
      "count" : 9,
      "average" : {
        "ns" : 40313.0,
        "us" : 40.313,
        "ms" : 0.040313,
        "s" : 4.0313E-5
      },
      "min" : {
        "ns" : 15701,
        "us" : 15.701,
        "ms" : 0.015701,
        "s" : 1.5701E-5
      },
      "max" : {
        "ns" : 138007,
        "us" : 138.007,
        "ms" : 0.138007,
        "s" : 1.38007E-4
      }
    },
    "StatusAnalyzer.handleFeedback<Analyzer>" : {
      "count" : 9,
      "average" : {
        "ns" : 20900.777777777777,
        "us" : 20.900777777777776,
        "ms" : 0.02090077777777778,
        "s" : 2.0900777777777777E-5
      },
      "min" : {
        "ns" : 4100,
        "us" : 4.1,
        "ms" : 0.0041,
        "s" : 4.1E-6
      },
      "max" : {
        "ns" : 134006,
        "us" : 134.006,
        "ms" : 0.134006,
        "s" : 1.34006E-4
      }
    },
    "BehaviorAnalyzer.handleFeedback<Analyzer>" : {
      "count" : 9,
      "average" : {
        "ns" : 610083.1111111111,
        "us" : 610.0831111111112,
        "ms" : 0.6100831111111111,
        "s" : 6.100831111111112E-4
      },
      "min" : {
        "ns" : 301813,
        "us" : 301.813,
        "ms" : 0.301813,
        "s" : 3.01813E-4
      },
      "max" : {
        "ns" : 1854983,
        "us" : 1854.983,
        "ms" : 1.854983,
        "s" : 0.001854983
      }
    },