{
  "stats" : {
    "nextFaultload" : {
      "count" : 10,
      "average" : {
        "ns" : 3676211.6,
        "us" : 3676.2116,
        "ms" : 3.6762116000000002,
        "s" : 0.0036762116
      },
      "min" : {
        "ns" : 2068308,
        "us" : 2068.308,
        "ms" : 2.068308,
        "s" : 0.002068308
      },
      "max" : {
        "ns" : 9760009,
        "us" : 9760.009,
        "ms" : 9.760009,
        "s" : 0.009760009
      }
    },
    "Per test" : {
      "count" : 9,
      "average" : {
        "ns" : 5.770254211111111E7,
        "us" : 57702.54211111111,
        "ms" : 57.702542111111114,
        "s" : 0.05770254211111111
      },
      "min" : {
        "ns" : 28697496,
        "us" : 28697.496,
        "ms" : 28.697496,
        "s" : 0.028697496
      },
      "max" : {
        "ns" : 236057210,
        "us" : 236057.21,
        "ms" : 236.05721,
        "s" : 0.23605721
      }
    },
    "registerFaultload" : {
      "count" : 9,
      "average" : {
        "ns" : 1.7002442222222224E7,
        "us" : 17002.442222222224,
        "ms" : 17.002442222222225,
        "s" : 0.017002442222222223
      },
      "min" : {
        "ns" : 2682740,
        "us" : 2682.74,
        "ms" : 2.68274,
        "s" : 0.00268274
      },
      "max" : {
        "ns" : 113480318,
        "us" : 113480.318,
        "ms" : 113.480318,
        "s" : 0.113480318
      }
    },
    "testMethod" : {
      "count" : 9,
      "average" : {
        "ns" : 1.4311635222222222E7,
        "us" : 14311.635222222221,
        "ms" : 14.311635222222222,
        "s" : 0.014311635222222221
      },
      "min" : {
        "ns" : 11766313,
        "us" : 11766.313,
        "ms" : 11.766313,
        "s" : 0.011766313
      },
      "max" : {
        "ns" : 19758731,
        "us" : 19758.731,
        "ms" : 19.758731,
        "s" : 0.019758731
      }
    },
    "getTraceWithDelay" : {
      "count" : 9,
      "average" : {
        "ns" : 2.6147407888888888E7,
        "us" : 26147.407888888887,
        "ms" : 26.14740788888889,
        "s" : 0.026147407888888887
      },
      "min" : {
        "ns" : 12718663,
        "us" : 12718.663,
        "ms" : 12.718663,
        "s" : 0.012718663
      },
      "max" : {
        "ns" : 102534647,
        "us" : 102534.647,
        "ms" : 102.534647,
        "s" : 0.102534647
      }
    },
    "getTrace" : {
      "count" : 9,
      "average" : {
        "ns" : 1.5960465333333334E7,
        "us" : 15960.465333333334,
        "ms" : 15.960465333333334,
        "s" : 0.015960465333333333
      },
      "min" : {
        "ns" : 7146072,
        "us" : 7146.072,
        "ms" : 7.146072,
        "s" : 0.007146072
      },
      "max" : {
        "ns" : 73923054,
        "us" : 73923.054,
        "ms" : 73.923054,
        "s" : 0.073923054
      }
    },
    "handleResult" : {
      "count" : 9,
      "average" : {
        "ns" : 6610078.333333333,
        "us" : 6610.078333333333,
        "ms" : 6.610078333333333,
        "s" : 0.006610078333333333
      },
      "min" : {
        "ns" : 2617637,
        "us" : 2617.637,
        "ms" : 2.617637,
        "s" : 0.002617637
      },
      "max" : {
        "ns" : 20417465,
        "us" : 20417.465,
        "ms" : 20.417465,
        "s" : 0.020417465
      }
    },
    "StrategyRunner.analyze" : {
      "count" : 9,
      "average" : {
        "ns" : 6445791.777777778,
        "us" : 6445.791777777778,
        "ms" : 6.445791777777778,
        "s" : 0.006445791777777778
      },
      "min" : {
        "ns" : 2532932,
        "us" : 2532.932,
        "ms" : 2.532932,
        "s" : 0.002532932
      },
      "max" : {
        "ns" : 20036745,
        "us" : 20036.745,
        "ms" : 20.036745,
        "s" : 0.020036745
      }
    },
    "DynamicExplorationGenerator.handleFeedback<Analyzer>" : {
      "count" : 9,
      "average" : {
        "ns" : 1074534.111111111,
        "us" : 1074.534111111111,
        "ms" : 1.074534111111111,
        "s" : 0.001074534111111111
      },
      "min" : {
        "ns" : 84405,
        "us" : 84.405,
        "ms" : 0.084405,
        "s" : 8.4405E-5
      },
      "max" : {
        "ns" : 6043116,
        "us" : 6043.116,
        "ms" : 6.043116,
        "s" : 0.006043116
      }
    },
    "HappyPathDetector.handleFeedback<Analyzer>" : {
      "count" : 9,
      "average" : {
        "ns" : 59258.444444444445,
        "us" : 59.25844444444444,
        "ms" : 0.05925844444444445,
        "s" : 5.9258444444444444E-5
      },
      "min" : {
        "ns" : 3200,
        "us" : 3.2,
        "ms" : 0.0032,
        "s" : 3.2E-6
      },
      "max" : {
        "ns" : 500726,
        "us" : 500.726,
        "ms" : 0.500726,
        "s" : 5.00726E-4
      }
    },
    "ParentChildDetector.handleFeedback<Analyzer>" : {
      "count" : 9,
      "average" : {
        "ns" : 931126.2222222222,
        "us" : 931.1262222222223,
        "ms" : 0.9311262222222223,
        "s" : 9.311262222222223E-4
      },
      "min" : {
        "ns" : 40202,
        "us" : 40.202,
        "ms" : 0.040202,
        "s" : 4.0202E-5
      },
      "max" : {
        "ns" : 7757805,
        "us" : 7757.805,
        "ms" : 7.757805,
        "s" : 0.007757805
      }
    },
    "HappensBeforeNeighbourDetector.handleFeedback<Analyzer>" : {
      "count" : 9,
      "average" : {
        "ns" : 583363.8888888889,
        "us" : 583.3638888888888,
        "ms" : 0.5833638888888889,
        "s" : 5.833638888888889E-4
      },
      "min" : {
        "ns" : 18001,
        "us" : 18.001,
        "ms" : 0.018001,
        "s" : 1.8001E-5
      },
      "max" : {
        "ns" : 1140959,
        "us" : 1140.959,
        "ms" : 1.140959,
        "s" : 0.001140959
      }
    },
    "ErrorPropagationDetector.handleFeedback<Analyzer>" : {
      "count" : 9,
      "average" : {
        "ns" : 306815.77777777775,
        "us" : 306.8157777777777,
        "ms" : 0.30681577777777774,
        "s" : 3.068157777777777E-4
      },
      "min" : {
        "ns" : 4200,
        "us" : 4.2,
        "ms" : 0.0042,
        "s" : 4.2E-6
      },
      "max" : {
        "ns" : 1410873,
        "us" : 1410.873,
        "ms" : 1.410873,
        "s" : 0.001410873
      }
    },
    "ConditionalPointDetector.handleFeedback<Analyzer>" : {
      "count" : 9,
      "average" : {
        "ns" : 2232605.222222222,
        "us" : 2232.605222222222,
        "ms" : 2.232605222222222,
        "s" : 0.002232605222222222
      },
      "min" : {
        "ns" : 330817,
        "us" : 330.817,
        "ms" : 0.330817,
        "s" : 3.30817E-4
      },
      "max" : {
        "ns" : 7186675,
        "us" : 7186.675,
        "ms" : 7.186675,
        "s" : 0.007186675
      }
    },
    "RedundancyAnalyzer.handleFeedback<Analyzer>" : {
      "count" : 9,
      "average" : {
        "ns" : 37879.77777777778,
        "us" : 37.87977777777778,
        "ms" : 0.03787977777777778,
        "s" : 3.787977777777778E-5
      },
      "min" : {
        "ns" : 16601,
        "us" : 16.601,
        "ms" : 0.016601,
        "s" : 1.6601E-5
      },
      "max" : {
        "ns" : 101205,
        "us" : 101.205,
        "ms" : 0.101205,
        "s" : 1.01205E-4
      }
    },
    "StatusAnalyzer.handleFeedback<Analyzer>" : {
      "count" : 9,
      "average" : {
        "ns" : 19390.0,
        "us" : 19.39,
        "ms" : 0.01939,
        "s" : 1.939E-5
      },
      "min" : {
        "ns" : 4100,
        "us" : 4.1,
        "ms" : 0.0041,
        "s" : 4.1E-6
      },
      "max" : {
        "ns" : 128907,
        "us" : 128.907,
        "ms" : 0.128907,
        "s" : 1.28907E-4
      }
    },
    "BehaviorAnalyzer.handleFeedback<Analyzer>" : {
      "count" : 9,
      "average" : {
        "ns" : 594775.4444444445,
        "us" : 594.7754444444445,
        "ms" : 0.5947754444444445,
        "s" : 5.947754444444445E-4
      },
      "min" : {
        "ns" : 308816,
        "us" : 308.816,
        "ms" : 0.308816,