{
  "stats" : {
    "nextFaultload" : {
      "count" : 9,
      "average" : {
        "ns" : 2309021.3333333335,
        "us" : 2309.0213333333336,
        "ms" : 2.3090213333333334,
        "s" : 0.0023090213333333337
      },
      "min" : {
        "ns" : 475327,
        "us" : 475.327,
        "ms" : 0.475327,
        "s" : 4.75327E-4
      },
      "max" : {
        "ns" : 4213442,
        "us" : 4213.442,
        "ms" : 4.213442,
        "s" : 0.004213442
      }
    },
    "Per test" : {
      "count" : 8,
      "average" : {
        "ns" : 1.32772164625E8,
        "us" : 132772.164625,
        "ms" : 132.772164625,
        "s" : 0.132772164625
      },
      "min" : {
        "ns" : 52757226,
        "us" : 52757.226,
        "ms" : 52.757226,
        "s" : 0.052757226
      },
      "max" : {
        "ns" : 470437781,
        "us" : 470437.781,
        "ms" : 470.437781,
        "s" : 0.470437781
      }
    },
    "registerFaultload" : {
      "count" : 8,
      "average" : {
        "ns" : 1.85940665E7,
        "us" : 18594.0665,
        "ms" : 18.5940665,
        "s" : 0.0185940665
      },
      "min" : {
        "ns" : 2776859,
        "us" : 2776.859,
        "ms" : 2.776859,
        "s" : 0.002776859
      },
      "max" : {
        "ns" : 111657904,
        "us" : 111657.904,
        "ms" : 111.657904,
        "s" : 0.111657904
      }
    },
    "testMethod" : {
      "count" : 8,
      "average" : {
        "ns" : 8.8777754E7,
        "us" : 88777.754,
        "ms" : 88.777754,
        "s" : 0.088777754
      },
      "min" : {
        "ns" : 38671818,
        "us" : 38671.818,
        "ms" : 38.671818,
        "s" : 0.038671818
      },
      "max" : {
        "ns" : 261259284,
        "us" : 261259.284,
        "ms" : 261.259284,
        "s" : 0.261259284
      }
    },
    "getTraceWithDelay" : {
      "count" : 8,
      "average" : {
        "ns" : 2.5183631875E7,
        "us" : 25183.631875,
        "ms" : 25.183631875,
        "s" : 0.025183631875
      },
      "min" : {
        "ns" : 11023332,
        "us" : 11023.332,
        "ms" : 11.023332,
        "s" : 0.011023332
      },
      "max" : {
        "ns" : 97198574,
        "us" : 97198.574,
        "ms" : 97.198574,
        "s" : 0.097198574
      }
    },
    "getTrace" : {
      "count" : 8,
      "average" : {
        "ns" : 1.5896199E7,
        "us" : 15896.199,
        "ms" : 15.896199,
        "s" : 0.015896199
      },
      "min" : {
        "ns" : 6300761,
        "us" : 6300.761,
        "ms" : 6.300761,
        "s" : 0.006300761
      },
      "max" : {
        "ns" : 69681496,
        "us" : 69681.496,
        "ms" : 69.681496,
        "s" : 0.069681496
      }
    },
    "handleResult" : {
      "count" : 8,
      "average" : {
        "ns" : 5516329.0,
        "us" : 5516.329,
        "ms" : 5.516329,
        "s" : 0.005516329
      },
      "min" : {
        "ns" : 1738100,
        "us" : 1738.1,
        "ms" : 1.7381,
        "s" : 0.0017381
      },
      "max" : {
        "ns" : 18630668,
        "us" : 18630.668,
        "ms" : 18.630668,
        "s" : 0.018630668
      }
    },
    "StrategyRunner.analyze" : {
      "count" : 8,
      "average" : {
        "ns" : 5354382.125,
        "us" : 5354.382125,
        "ms" : 5.354382125,
        "s" : 0.005354382125
      },
      "min" : {
        "ns" : 1654595,
        "us" : 1654.595,
        "ms" : 1.654595,
        "s" : 0.001654595
      },
      "max" : {
        "ns" : 18267548,
        "us" : 18267.548,
        "ms" : 18.267548,
        "s" : 0.018267548
      }
    },
    "DynamicExplorationGenerator.handleFeedback<Analyzer>" : {
      "count" : 8,
      "average" : {
        "ns" : 975368.25,
        "us" : 975.36825,
        "ms" : 0.97536825,
        "s" : 9.7536825E-4
      },
      "min" : {
        "ns" : 64003,
        "us" : 64.003,
        "ms" : 0.064003,
        "s" : 6.4003E-5
      },
      "max" : {
        "ns" : 5458613,
        "us" : 5458.613,
        "ms" : 5.458613,
        "s" : 0.005458613
      }
    },
    "HappyPathDetector.handleFeedback<Analyzer>" : {
      "count" : 8,
      "average" : {
        "ns" : 50953.125,
        "us" : 50.953125,
        "ms" : 0.050953125,
        "s" : 5.0953125E-5
      },
      "min" : {
        "ns" : 2901,
        "us" : 2.901,
        "ms" : 0.002901,
        "s" : 2.901E-6
      },
      "max" : {
        "ns" : 379322,
        "us" : 379.322,
        "ms" : 0.379322,
        "s" : 3.79322E-4
      }
    },
    "ParentChildDetector.handleFeedback<Analyzer>" : {
      "count" : 8,
      "average" : {
        "ns" : 942141.625,
        "us" : 942.141625,
        "ms" : 0.942141625,
        "s" : 9.42141625E-4
      },
      "min" : {
        "ns" : 41902,
        "us" : 41.902,
        "ms" : 0.041902,
        "s" : 4.1902E-5
      },
      "max" : {
        "ns" : 7051405,
        "us" : 7051.405,
        "ms" : 7.051405,
        "s" : 0.007051405
      }
    },
    "HappensBeforeNeighbourDetector.handleFeedback<Analyzer>" : {
      "count" : 8,
      "average" : {
        "ns" : 371721.375,
        "us" : 371.721375,
        "ms" : 0.371721375,
        "s" : 3.71721375E-4
      },
      "min" : {
        "ns" : 10701,
        "us" : 10.701,
        "ms" : 0.010701,
        "s" : 1.0701E-5
      },
      "max" : {
        "ns" : 1218870,
        "us" : 1218.87,
        "ms" : 1.21887,
        "s" : 0.00121887
      }
    },
    "ErrorPropagationDetector.handleFeedback<Analyzer>" : {
      "count" : 8,
      "average" : {
        "ns" : 809046.25,
        "us" : 809.04625,
        "ms" : 0.80904625,
        "s" : 8.0904625E-4
      },
      "min" : {
        "ns" : 14100,
        "us" : 14.1,
        "ms" : 0.0141,
        "s" : 1.41E-5
      },
      "max" : {
        "ns" : 2802361,
        "us" : 2802.361,
        "ms" : 2.802361,
        "s" : 0.002802361
      }
    },
    "ConditionalPointDetector.handleFeedback<Analyzer>" : {
      "count" : 8,
      "average" : {
        "ns" : 760081.0,
        "us" : 760.081,
        "ms" : 0.760081,
        "s" : 7.60081E-4
      },
      "min" : {
        "ns" : 131807,
        "us" : 131.807,
        "ms" : 0.131807,
        "s" : 1.31807E-4
      },
      "max" : {
        "ns" : 4115536,
        "us" : 4115.536,
        "ms" : 4.115536,
        "s" : 0.004115536
      }
    },
    "RedundancyAnalyzer.handleFeedback<Analyzer>" : {
      "count" : 8,
      "average" : {
        "ns" : 47627.5,
        "us" : 47.6275,
        "ms" : 0.0476275,
        "s" : 4.76275E-5
      },
      "min" : {
        "ns" : 21201,
        "us" : 21.201,
        "ms" : 0.021201,
        "s" : 2.1201E-5
      },
      "max" : {
        "ns" : 160409,
        "us" : 160.409,
        "ms" : 0.160409,
        "s" : 1.60409E-4
      }
    },
    "StatusAnalyzer.handleFeedback<Analyzer>" : {
      "count" : 8,
      "average" : {
        "ns" : 22038.875,
        "us" : 22.038875,
        "ms" : 0.022038875,
        "s" : 2.2038875E-5
      },
      "min" : {
        "ns" : 4800,
        "us" : 4.8,
        "ms" : 0.0048,
        "s" : 4.8E-6
      },
      "max" : {
        "ns" : 136708,
        "us" : 136.708,
        "ms" : 0.136708,
        "s" : 1.36708E-4
      }
    },
    "BehaviorAnalyzer.handleFeedback<Analyzer>" : {
      "count" : 8,
      "average" : {
        "ns" : 525305.125,
        "us" : 525.305125,
        "ms" : 0.525305125,
        "s" : 5.25305125E-4
      },
      "min" : {
        "ns" : 303217,
        "us" : 303.217,
        "ms" : 0.303217,
        "s" : 3.03217E-4
      },
      "max" : {
        "ns" : 1367679,
        "us" : 1367.679,
        "ms" : 1.367679,
        "s" : 0.001367679
      }
    },
    "TimingAnalyzer.handleFeedback<Analyzer>" : {
      "count" : 8,
      "average" : {
        "ns" : 185710.625,
        "us" : 185.710625,
        "ms" : 0.185710625,
        "s" : 1.85710625E-4
      },
      "min" : {
        "ns" : 48302,
        "us" : 48.302,