{
  "stats" : {
    "nextFaultload" : {
      "count" : 9,
      "average" : {
        "ns" : 2301535.3333333335,
        "us" : 2301.5353333333337,
        "ms" : 2.3015353333333337,
        "s" : 0.0023015353333333335
      },
      "min" : {
        "ns" : 813633,
        "us" : 813.633,
        "ms" : 0.813633,
        "s" : 8.13633E-4
      },
      "max" : {
        "ns" : 4014158,
        "us" : 4014.158,
        "ms" : 4.014158,
        "s" : 0.004014158
      }
    },
    "Per test" : {
      "count" : 8,
      "average" : {
        "ns" : 6.059094025E7,
        "us" : 60590.94025,
        "ms" : 60.59094025,
        "s" : 0.06059094025
      },
      "min" : {
        "ns" : 24531767,
        "us" : 24531.767,
        "ms" : 24.531767,
        "s" : 0.024531767
      },
      "max" : {
        "ns" : 242542669,
        "us" : 242542.669,
        "ms" : 242.542669,
        "s" : 0.242542669
      }
    },
    "registerFaultload" : {
      "count" : 8,
      "average" : {
        "ns" : 1.85049925E7,
        "us" : 18504.9925,
        "ms" : 18.5049925,
        "s" : 0.0185049925
      },
      "min" : {
        "ns" : 3016619,
        "us" : 3016.619,
        "ms" : 3.016619,
        "s" : 0.003016619
      },
      "max" : {
        "ns" : 108652487,
        "us" : 108652.487,
        "ms" : 108.652487,
        "s" : 0.108652487
      }
    },
    "testMethod" : {
      "count" : 8,
      "average" : {
        "ns" : 1.4585712875E7,
        "us" : 14585.712875,
        "ms" : 14.585712875,
        "s" : 0.014585712875
      },
      "min" : {
        "ns" : 8823048,
        "us" : 8823.048,
        "ms" : 8.823048,
        "s" : 0.008823048
      },
      "max" : {
        "ns" : 26974164,
        "us" : 26974.164,
        "ms" : 26.974164,
        "s" : 0.026974164
      }
    },
    "getTraceWithDelay" : {
      "count" : 8,
      "average" : {
        "ns" : 2.7250287625E7,
        "us" : 27250.287625,
        "ms" : 27.250287625,
        "s" : 0.027250287625
      },
      "min" : {
        "ns" : 11750864,
        "us" : 11750.864,
        "ms" : 11.750864,
        "s" : 0.011750864
      },
      "max" : {
        "ns" : 106619006,
        "us" : 106619.006,
        "ms" : 106.619006,
        "s" : 0.106619006
      }
    },
    "getTrace" : {
      "count" : 8,
      "average" : {
        "ns" : 1.7250855625E7,
        "us" : 17250.855625,
        "ms" : 17.250855625,
        "s" : 0.017250855625
      },
      "min" : {
        "ns" : 7111781,
        "us" : 7111.781,
        "ms" : 7.111781,
        "s" : 0.007111781
      },
      "max" : {
        "ns" : 76021499,
        "us" : 76021.499,
        "ms" : 76.021499,
        "s" : 0.076021499
      }
    },
    "handleResult" : {
      "count" : 8,
      "average" : {
        "ns" : 6164855.5,
        "us" : 6164.8555,
        "ms" : 6.1648555,
        "s" : 0.0061648555
      },
      "min" : {
        "ns" : 1874274,
        "us" : 1874.274,
        "ms" : 1.874274,
        "s" : 0.001874274
      },
      "max" : {
        "ns" : 21703256,
        "us" : 21703.256,
        "ms" : 21.703256,
        "s" : 0.021703256
      }
    },
    "StrategyRunner.analyze" : {
      "count" : 8,
      "average" : {
        "ns" : 6012024.625,
        "us" : 6012.024625,
        "ms" : 6.012024625,
        "s" : 0.006012024625
      },
      "min" : {
        "ns" : 1794971,
        "us" : 1794.971,
        "ms" : 1.794971,
        "s" : 0.001794971
      },
      "max" : {
        "ns" : 21279039,
        "us" : 21279.039,
        "ms" : 21.279039,
        "s" : 0.021279039
      }
    },
    "DynamicExplorationGenerator.handleFeedback<Analyzer>" : {
      "count" : 8,
      "average" : {
        "ns" : 1110856.125,
        "us" : 1110.856125,
        "ms" : 1.110856125,
        "s" : 0.001110856125
      },
      "min" : {
        "ns" : 68602,
        "us" : 68.602,
        "ms" : 0.068602,
        "s" : 6.8602E-5
      },
      "max" : {
        "ns" : 6451154,
        "us" : 6451.154,
        "ms" : 6.451154,
        "s" : 0.006451154
      }
    },
    "HappyPathDetector.handleFeedback<Analyzer>" : {
      "count" : 8,
      "average" : {
        "ns" : 77640.625,
        "us" : 77.640625,
        "ms" : 0.077640625,
        "s" : 7.7640625E-5
      },
      "min" : {
        "ns" : 3000,
        "us" : 3.0,
        "ms" : 0.003,
        "s" : 3.0E-6
      },
      "max" : {
        "ns" : 592523,
        "us" : 592.523,
        "ms" : 0.592523,
        "s" : 5.92523E-4
      }
    },
    "ParentChildDetector.handleFeedback<Analyzer>" : {
      "count" : 8,
      "average" : {
        "ns" : 1092718.0,
        "us" : 1092.718,
        "ms" : 1.092718,
        "s" : 0.001092718
      },
      "min" : {
        "ns" : 40301,
        "us" : 40.301,
        "ms" : 0.040301,
        "s" : 4.0301E-5
      },
      "max" : {
        "ns" : 8175023,
        "us" : 8175.023,
        "ms" : 8.175023,
        "s" : 0.008175023
      }
    },
    "HappensBeforeNeighbourDetector.handleFeedback<Analyzer>" : {
      "count" : 8,
      "average" : {
        "ns" : 431479.5,
        "us" : 431.4795,
        "ms" : 0.4314795,
        "s" : 4.314795E-4
      },
      "min" : {
        "ns" : 12000,
        "us" : 12.0,
        "ms" : 0.012,
        "s" : 1.2E-5
      },
      "max" : {
        "ns" : 1361454,
        "us" : 1361.454,
        "ms" : 1.361454,
        "s" : 0.001361454
      }
    },
    "ErrorPropagationDetector.handleFeedback<Analyzer>" : {
      "count" : 8,
      "average" : {
        "ns" : 853771.5,
        "us" : 853.7715,
        "ms" : 0.8537715,
        "s" : 8.537715E-4
      },
      "min" : {
        "ns" : 15001,
        "us" : 15.001,
        "ms" : 0.015001,
        "s" : 1.5001E-5
      },
      "max" : {
        "ns" : 2683206,
        "us" : 2683.206,
        "ms" : 2.683206,
        "s" : 0.002683206
      }
    },
    "ConditionalPointDetector.handleFeedback<Analyzer>" : {
      "count" : 8,
      "average" : {
        "ns" : 824832.625,
        "us" : 824.832625,
        "ms" : 0.824832625,
        "s" : 8.24832625E-4
      },
      "min" : {
        "ns" : 112904,
        "us" : 112.904,
        "ms" : 0.112904,
        "s" : 1.12904E-4
      },
      "max" : {
        "ns" : 4774589,
        "us" : 4774.589,
        "ms" : 4.774589,
        "s" : 0.004774589
      }
    },
    "RedundancyAnalyzer.handleFeedback<Analyzer>" : {
      "count" : 8,
      "average" : {
        "ns" : 44339.25,
        "us" : 44.33925,
        "ms" : 0.04433925,
        "s" : 4.433925E-5
      },
      "min" : {
        "ns" : 22701,
        "us" : 22.701,
        "ms" : 0.022701,
        "s" : 2.2701E-5
      },
      "max" : {
        "ns" : 143706,
        "us" : 143.706,
        "ms" : 0.143706,
        "s" : 1.43706E-4
      }
    },
    "StatusAnalyzer.handleFeedback<Analyzer>" : {
      "count" : 8,
      "average" : {
        "ns" : 22125.75,
        "us" : 22.12575,
        "ms" : 0.02212575,
        "s" : 2.212575E-5
      },
      "min" : {
        "ns" : 4100,
        "us" : 4.1,
        "ms" : 0.0041,
        "s" : 4.1E-6
      },
      "max" : {
        "ns" : 140105,
        "us" : 140.105,
        "ms" : 0.140105,
        "s" : 1.40105E-4
      }
    },
    "BehaviorAnalyzer.handleFeedback<Analyzer>" : {
      "count" : 8,
      "average" : {
        "ns" : 611361.875,
        "us" : 611.361875,
        "ms" : 0.611361875,
        "s" : 6.11361875E-4
      },
      "min" : {
        "ns" : 286712,
        "us" : 286.712,
        "ms" : 0.286712,
        "s" : 2.86712E-4
      },
      "max" : {
        "ns" : 1747569,
        "us" : 1747.569,
        "ms" : 1.747569,
        "s" : 0.001747569
      }
    },
    "TimingAnalyzer.handleFeedback<Analyzer>" : {
      "count" : 8,
      "average" : {
        "ns" : 187169.75,
        "us" : 187.16975,
        "ms" : 0.18716975,
        "s" : 1.8716975E-4
      },
      "min" : {
        "ns" : 49002,
        "us" : 49.002,