{
    "per_key": {
        "nextFaultload": {
            "n": 5440,
            "mean": 5.277275598529412,
            "median": 2.0369824999999997,
            "std": 43.858736910207234,
            "min": 0.908991,
            "max": 1055.0980769999999,
            "p25": 1.5884672499999999,
            "p50": 2.0369824999999997,
            "p75": 3.2158267499999997,
            "p90": 4.787101,
            "p95": 6.618850450000002,
            "p99": 63.67533352999989
        },
        "Per test": {
            "n": 5430,
            "mean": 39.89049307808471,
            "median": 31.547202,
            "std": 26.620428653850162,
            "min": 22.809162999999998,
            "max": 424.227024,
            "p25": 27.823326249999997,
            "p50": 31.547202,
            "p75": 36.965875999999994,
            "p90": 66.95182660000008,
            "p95": 96.13586240000001,
            "p99": 138.83075942
        },
        "registerFaultload": {
            "n": 5430,
            "mean": 4.8181583823204415,
            "median": 3.14972,
            "std": 4.975304673563003,
            "min": 2.1453409999999997,
            "max": 53.927626,
            "p25": 2.847826,
            "p50": 3.14972,
            "p75": 3.92907525,
            "p90": 9.366548500000054,
            "p95": 15.98039775,
            "p99": 27.050110529999998
        },
        "unregisterFautload": {
            "n": 5430,
            "mean": 4.3355535810313075,
            "median": 2.9047675,
            "std": 4.288965745462147,
            "min": 1.903266,
            "max": 45.172900999999996,
            "p25": 2.63131675,
            "p50": 2.9047675,
            "p75": 3.5856602499999997,
            "p90": 8.014628300000005,
            "p95": 13.961396050000005,
            "p99": 24.364924580000004
        },
        "testMethod": {
            "n": 5430,
            "mean": 29.194921206445674,
            "median": 23.967413999999998,
            "std": 19.066317742738143,
            "min": 16.643151,
            "max": 399.81289999999996,
            "p25": 20.674982749999998,
            "p50": 23.967413999999998,
            "p75": 28.64346725,
            "p90": 44.91946540000004,
            "p95": 61.79089375,
            "p99": 96.41647369
        },
        "getTraceWithDelay": {
            "n": 5430,
            "mean": 9.153297668324125,
            "median": 6.4491625,
            "std": 7.5448646621759305,
            "min": 4.944495,
            "max": 96.84289899999999,
            "p25": 5.9952695,
            "p50": 6.4491625,
            "p75": 7.4229435,
            "p90": 17.385458500000027,
            "p95": 25.77726125000006,
            "p99": 39.719653810000004
        },
        "handleResult": {
            "n": 5430,
            "mean": 1.5231440920810315,
            "median": 1.243342,
            "std": 1.406111804016453,
            "min": 0.715683,
            "max": 24.305512,
            "p25": 1.0294539999999999,
            "p50": 1.243342,
            "p75": 1.5675465,
            "p90": 1.8635624000000004,
            "p95": 2.5303353499999997,
            "p99": 7.634520100000006
        },
        "Total test time": {
            "n": 10,
            "mean": 25352.263186800003,
            "median": 24899.688992,
            "std": 1061.9001307782623,
            "min": 24411.352056,
            "max": 27795.483761,
            "p25": 24778.5742535,
            "p50": 24899.688992,
            "p75": 25238.85690675,
            "p90": 27078.3984902,
            "p95": 27436.9411256,
            "p99": 27723.775233919998
        },
        "getExpectedBehaviours": {
            "n": 42420,
            "mean": 0.23978169123055162,
            "median": 0.197105,
            "std": 0.35903589788880585,
            "min": 0.11684599999999999,
            "max": 25.248130999999997,
            "p25": 0.157893,
            "p50": 0.197105,
            "p75": 0.26713224999999996,
            "p90": 0.30492089999999994,
            "p95": 0.3565700999999996,
            "p99": 0.5736433099999964
        },
        "getExpectedPoints": {
            "n": 42420,
            "mean": 0.26892385299387084,
            "median": 0.227817,
            "std": 0.3292265484431071,
            "min": 0.119226,
            "max": 17.938655999999998,
            "p25": 0.16643475,
            "p50": 0.227817,
            "p75": 0.2951165,
            "p90": 0.39974029999999994,
            "p95": 0.4835040999999998,
            "p99": 0.7017738299999985
        }
    }
}