{
  "stats" : {
    "nextFaultload" : {
      "count" : 9,
      "average" : {
        "ns" : 2233016.777777778,
        "us" : 2233.016777777778,
        "ms" : 2.233016777777778,
        "s" : 0.002233016777777778
      },
      "min" : {
        "ns" : 493928,
        "us" : 493.928,
        "ms" : 0.493928,
        "s" : 4.93928E-4
      },
      "max" : {
        "ns" : 4195740,
        "us" : 4195.74,
        "ms" : 4.19574,
        "s" : 0.00419574
      }
    },
    "Per test" : {
      "count" : 8,
      "average" : {
        "ns" : 1.40630556875E8,
        "us" : 140630.556875,
        "ms" : 140.630556875,
        "s" : 0.140630556875
      },
      "min" : {
        "ns" : 54453220,
        "us" : 54453.22,
        "ms" : 54.45322,
        "s" : 0.05445322
      },
      "max" : {
        "ns" : 511376597,
        "us" : 511376.597,
        "ms" : 511.376597,
        "s" : 0.511376597
      }
    },
    "registerFaultload" : {
      "count" : 8,
      "average" : {
        "ns" : 1.8472058375E7,
        "us" : 18472.058375,
        "ms" : 18.472058375,
        "s" : 0.018472058375
      },
      "min" : {
        "ns" : 2944969,
        "us" : 2944.969,
        "ms" : 2.944969,
        "s" : 0.002944969
      },
      "max" : {
        "ns" : 109833292,
        "us" : 109833.292,
        "ms" : 109.833292,
        "s" : 0.109833292
      }
    },
    "testMethod" : {
      "count" : 8,
      "average" : {
        "ns" : 9.5432342125E7,
        "us" : 95432.342125,
        "ms" : 95.432342125,
        "s" : 0.095432342125
      },
      "min" : {
        "ns" : 39285050,
        "us" : 39285.05,
        "ms" : 39.28505,
        "s" : 0.03928505
      },
      "max" : {
        "ns" : 296206569,
        "us" : 296206.569,
        "ms" : 296.206569,
        "s" : 0.296206569
      }
    },
    "getTraceWithDelay" : {
      "count" : 8,
      "average" : {
        "ns" : 2.6500818E7,
        "us" : 26500.818,
        "ms" : 26.500818,
        "s" : 0.026500818
      },
      "min" : {
        "ns" : 11079034,
        "us" : 11079.034,
        "ms" : 11.079034,
        "s" : 0.011079034
      },
      "max" : {
        "ns" : 104988215,
        "us" : 104988.215,
        "ms" : 104.988215,
        "s" : 0.104988215
      }
    },
    "getTrace" : {
      "count" : 8,
      "average" : {
        "ns" : 1.668271825E7,
        "us" : 16682.71825,
        "ms" : 16.68271825,
        "s" : 0.01668271825
      },
      "min" : {
        "ns" : 6172653,
        "us" : 6172.653,
        "ms" : 6.172653,
        "s" : 0.006172653
      },
      "max" : {
        "ns" : 75147306,
        "us" : 75147.306,
        "ms" : 75.147306,
        "s" : 0.075147306
      }
    },
    "handleResult" : {
      "count" : 8,
      "average" : {
        "ns" : 5948640.75,
        "us" : 5948.64075,
        "ms" : 5.94864075,
        "s" : 0.00594864075
      },
      "min" : {
        "ns" : 1797003,
        "us" : 1797.003,
        "ms" : 1.797003,
        "s" : 0.001797003
      },
      "max" : {
        "ns" : 21017004,
        "us" : 21017.004,
        "ms" : 21.017004,
        "s" : 0.021017004
      }
    },
    "StrategyRunner.analyze" : {
      "count" : 8,
      "average" : {
        "ns" : 5794519.375,
        "us" : 5794.519375,
        "ms" : 5.794519375,
        "s" : 0.005794519375
      },
      "min" : {
        "ns" : 1699897,
        "us" : 1699.897,
        "ms" : 1.699897,
        "s" : 0.001699897
      },
      "max" : {
        "ns" : 20651083,
        "us" : 20651.083,
        "ms" : 20.651083,
        "s" : 0.020651083
      }
    },
    "DynamicExplorationGenerator.handleFeedback<Analyzer>" : {
      "count" : 8,
      "average" : {
        "ns" : 1095925.375,
        "us" : 1095.925375,
        "ms" : 1.095925375,
        "s" : 0.001095925375
      },
      "min" : {
        "ns" : 83005,
        "us" : 83.005,
        "ms" : 0.083005,
        "s" : 8.3005E-5
      },
      "max" : {
        "ns" : 6478871,
        "us" : 6478.871,
        "ms" : 6.478871,
        "s" : 0.006478871
      }
    },
    "HappyPathDetector.handleFeedback<Analyzer>" : {
      "count" : 8,
      "average" : {
        "ns" : 73654.375,
        "us" : 73.654375,
        "ms" : 0.073654375,
        "s" : 7.3654375E-5
      },
      "min" : {
        "ns" : 3600,
        "us" : 3.6,
        "ms" : 0.0036,
        "s" : 3.6E-6
      },
      "max" : {
        "ns" : 559532,
        "us" : 559.532,
        "ms" : 0.559532,
        "s" : 5.59532E-4
      }
    },
    "ParentChildDetector.handleFeedback<Analyzer>" : {
      "count" : 8,
      "average" : {
        "ns" : 1041284.75,
        "us" : 1041.28475,
        "ms" : 1.04128475,
        "s" : 0.00104128475
      },
      "min" : {
        "ns" : 39703,
        "us" : 39.703,
        "ms" : 0.039703,
        "s" : 3.9703E-5
      },
      "max" : {
        "ns" : 7757245,
        "us" : 7757.245,
        "ms" : 7.757245,
        "s" : 0.007757245
      }
    },
    "HappensBeforeNeighbourDetector.handleFeedback<Analyzer>" : {
      "count" : 8,
      "average" : {
        "ns" : 403948.125,
        "us" : 403.948125,
        "ms" : 0.403948125,
        "s" : 4.03948125E-4
      },
      "min" : {
        "ns" : 11901,
        "us" : 11.901,
        "ms" : 0.011901,
        "s" : 1.1901E-5
      },
      "max" : {
        "ns" : 1361678,
        "us" : 1361.678,
        "ms" : 1.361678,
        "s" : 0.001361678
      }
    },
    "ErrorPropagationDetector.handleFeedback<Analyzer>" : {
      "count" : 8,
      "average" : {
        "ns" : 852323.875,
        "us" : 852.323875,
        "ms" : 0.852323875,
        "s" : 8.52323875E-4
      },
      "min" : {
        "ns" : 13001,
        "us" : 13.001,
        "ms" : 0.013001,
        "s" : 1.3001E-5
      },
      "max" : {
        "ns" : 2861664,
        "us" : 2861.664,
        "ms" : 2.861664,
        "s" : 0.002861664
      }
    },
    "ConditionalPointDetector.handleFeedback<Analyzer>" : {
      "count" : 8,
      "average" : {
        "ns" : 799820.875,
        "us" : 799.820875,
        "ms" : 0.799820875,
        "s" : 7.99820875E-4
      },
      "min" : {
        "ns" : 110606,
        "us" : 110.606,
        "ms" : 0.110606,
        "s" : 1.10606E-4
      },
      "max" : {
        "ns" : 4572262,
        "us" : 4572.262,
        "ms" : 4.572262,
        "s" : 0.004572262
      }
    },
    "RedundancyAnalyzer.handleFeedback<Analyzer>" : {
      "count" : 8,
      "average" : {
        "ns" : 42602.625,
        "us" : 42.602625,
        "ms" : 0.042602625,
        "s" : 4.2602625E-5
      },
      "min" : {
        "ns" : 22201,
        "us" : 22.201,
        "ms" : 0.022201,
        "s" : 2.2201E-5
      },
      "max" : {
        "ns" : 68504,
        "us" : 68.504,
        "ms" : 0.068504,
        "s" : 6.8504E-5
      }
    },
    "StatusAnalyzer.handleFeedback<Analyzer>" : {
      "count" : 8,
      "average" : {
        "ns" : 22738.625,
        "us" : 22.738625,
        "ms" : 0.022738625,
        "s" : 2.2738625E-5
      },
      "min" : {
        "ns" : 4400,
        "us" : 4.4,
        "ms" : 0.0044,
        "s" : 4.4E-6
      },
      "max" : {
        "ns" : 140008,
        "us" : 140.008,
        "ms" : 0.140008,
        "s" : 1.40008E-4
      }
    },
    "BehaviorAnalyzer.handleFeedback<Analyzer>" : {
      "count" : 8,
      "average" : {
        "ns" : 551769.25,
        "us" : 551.76925,
        "ms" : 0.55176925,
        "s" : 5.5176925E-4
      },
      "min" : {
        "ns" : 267816,
        "us" : 267.816,
        "ms" : 0.267816,
        "s" : 2.67816E-4
      },
      "max" : {
        "ns" : 1505187,
        "us" : 1505.187,
        "ms" : 1.505187,
        "s" : 0.001505187
      }
    },
    "TimingAnalyzer.handleFeedback<Analyzer>" : {
      "count" : 8,
      "average" : {
        "ns" : 186060.625,
        "us" : 186.060625,
        "ms" : 0.186060625,
        "s" : 1.86060625E-4
      },