{
  "stats" : {
    "nextFaultload" : {
      "count" : 6,
      "average" : {
        "ns" : 2235932.3333333335,
        "us" : 2235.9323333333336,
        "ms" : 2.2359323333333334,
        "s" : 0.0022359323333333335
      },
      "min" : {
        "ns" : 25201,
        "us" : 25.201,
        "ms" : 0.025201,
        "s" : 2.5201E-5
      },
      "max" : {
        "ns" : 3589652,
        "us" : 3589.652,
        "ms" : 3.589652,
        "s" : 0.003589652
      }
    },
    "Per test" : {
      "count" : 5,
      "average" : {
        "ns" : 7.37084802E7,
        "us" : 73708.4802,
        "ms" : 73.7084802,
        "s" : 0.07370848020000001
      },
      "min" : {
        "ns" : 25180539,
        "us" : 25180.539,
        "ms" : 25.180539,
        "s" : 0.025180539
      },
      "max" : {
        "ns" : 237760943,
        "us" : 237760.943,
        "ms" : 237.760943,
        "s" : 0.237760943
      }
    },
    "registerFaultload" : {
      "count" : 5,
      "average" : {
        "ns" : 3.033176E7,
        "us" : 30331.76,
        "ms" : 30.33176,
        "s" : 0.03033176
      },
      "min" : {
        "ns" : 3893370,
        "us" : 3893.37,
        "ms" : 3.89337,
        "s" : 0.00389337
      },
      "max" : {
        "ns" : 118575164,
        "us" : 118575.164,
        "ms" : 118.575164,
        "s" : 0.118575164
      }
    },
    "testMethod" : {
      "count" : 5,
      "average" : {
        "ns" : 3.39122226E7,
        "us" : 33912.2226,
        "ms" : 33.9122226,
        "s" : 0.0339122226
      },
      "min" : {
        "ns" : 15662743,
        "us" : 15662.743,
        "ms" : 15.662743,
        "s" : 0.015662743
      },
      "max" : {
        "ns" : 99053251,
        "us" : 99053.251,
        "ms" : 99.053251,
        "s" : 0.099053251
      }
    },
    "getTraceWithDelay" : {
      "count" : 5,
      "average" : {
        "ns" : 3.37774016E7,
        "us" : 33777.401600000005,
        "ms" : 33.777401600000005,
        "s" : 0.0337774016
      },
      "min" : {
        "ns" : 13776355,
        "us" : 13776.355,
        "ms" : 13.776355,
        "s" : 0.013776355
      },
      "max" : {
        "ns" : 100470447,
        "us" : 100470.447,
        "ms" : 100.470447,
        "s" : 0.100470447
      }
    },
    "getTrace" : {
      "count" : 5,
      "average" : {
        "ns" : 2.40178404E7,
        "us" : 24017.840399999997,
        "ms" : 24.017840399999997,
        "s" : 0.024017840399999997
      },
      "min" : {
        "ns" : 8599502,
        "us" : 8599.502,
        "ms" : 8.599502,
        "s" : 0.008599502
      },
      "max" : {
        "ns" : 79583139,
        "us" : 79583.139,
        "ms" : 79.583139,
        "s" : 0.079583139
      }
    },
    "handleResult" : {
      "count" : 5,
      "average" : {
        "ns" : 5235338.2,
        "us" : 5235.3382,
        "ms" : 5.2353382,
        "s" : 0.0052353382
      },
      "min" : {
        "ns" : 1654262,
        "us" : 1654.262,
        "ms" : 1.654262,
        "s" : 0.001654262
      },
      "max" : {
        "ns" : 15412147,
        "us" : 15412.147,
        "ms" : 15.412147,
        "s" : 0.015412147
      }
    },
    "StrategyRunner.analyze" : {
      "count" : 5,
      "average" : {
        "ns" : 5171400.8,
        "us" : 5171.400799999999,
        "ms" : 5.1714008,
        "s" : 0.0051714008
      },
      "min" : {
        "ns" : 1646782,
        "us" : 1646.782,
        "ms" : 1.646782,
        "s" : 0.001646782
      },
      "max" : {
        "ns" : 15126530,
        "us" : 15126.53,
        "ms" : 15.12653,
        "s" : 0.01512653
      }
    },
    "DynamicExplorationGenerator.handleFeedback<Analyzer>" : {
      "count" : 5,
      "average" : {
        "ns" : 1299849.2,
        "us" : 1299.8491999999999,
        "ms" : 1.2998492,
        "s" : 0.0012998492
      },
      "min" : {
        "ns" : 92872,
        "us" : 92.872,
        "ms" : 0.092872,
        "s" : 9.2872E-5
      },
      "max" : {
        "ns" : 5629255,
        "us" : 5629.255,
        "ms" : 5.629255,
        "s" : 0.005629255
      }
    },
    "HappyPathDetector.handleFeedback<Analyzer>" : {
      "count" : 5,
      "average" : {
        "ns" : 117149.2,
        "us" : 117.1492,
        "ms" : 0.1171492,
        "s" : 1.171492E-4
      },
      "min" : {
        "ns" : 3180,
        "us" : 3.18,
        "ms" : 0.00318,
        "s" : 3.18E-6
      },
      "max" : {
        "ns" : 570555,
        "us" : 570.555,
        "ms" : 0.570555,
        "s" : 5.70555E-4
      }
    },
    "ParentChildDetector.handleFeedback<Analyzer>" : {
      "count" : 5,
      "average" : {
        "ns" : 634252.4,
        "us" : 634.2524000000001,
        "ms" : 0.6342524,
        "s" : 6.342524E-4
      },
      "min" : {
        "ns" : 62962,
        "us" : 62.962,
        "ms" : 0.062962,
        "s" : 6.2962E-5
      },
      "max" : {
        "ns" : 2483834,
        "us" : 2483.834,
        "ms" : 2.483834,
        "s" : 0.002483834
      }
    },
    "HappensBeforeNeighbourDetector.handleFeedback<Analyzer>" : {
      "count" : 5,
      "average" : {
        "ns" : 470044.0,
        "us" : 470.044,
        "ms" : 0.470044,
        "s" : 4.70044E-4
      },
      "min" : {
        "ns" : 9710,
        "us" : 9.71,
        "ms" : 0.00971,
        "s" : 9.71E-6
      },
      "max" : {
        "ns" : 1291463,
        "us" : 1291.463,
        "ms" : 1.291463,
        "s" : 0.001291463
      }
    },
    "ErrorPropagationDetector.handleFeedback<Analyzer>" : {
      "count" : 5,
      "average" : {
        "ns" : 314424.2,
        "us" : 314.4242,
        "ms" : 0.3144242,
        "s" : 3.144242E-4
      },
      "min" : {
        "ns" : 16851,
        "us" : 16.851,
        "ms" : 0.016851,
        "s" : 1.6851E-5
      },
      "max" : {
        "ns" : 846042,
        "us" : 846.042,
        "ms" : 0.846042,
        "s" : 8.46042E-4
      }
    },
    "ConditionalPointDetector.handleFeedback<Analyzer>" : {
      "count" : 5,
      "average" : {
        "ns" : 1213119.2,
        "us" : 1213.1191999999999,
        "ms" : 1.2131192,
        "s" : 0.0012131192
      },
      "min" : {
        "ns" : 181725,
        "us" : 181.725,
        "ms" : 0.181725,
        "s" : 1.81725E-4
      },
      "max" : {
        "ns" : 4738252,
        "us" : 4738.252,
        "ms" : 4.738252,
        "s" : 0.004738252
      }
    },
    "RedundancyAnalyzer.handleFeedback<Analyzer>" : {
      "count" : 5,
      "average" : {
        "ns" : 80646.2,
        "us" : 80.6462,
        "ms" : 0.0806462,
        "s" : 8.06462E-5
      },
      "min" : {
        "ns" : 24721,
        "us" : 24.721,
        "ms" : 0.024721,
        "s" : 2.4721E-5
      },
      "max" : {
        "ns" : 222556,
        "us" : 222.556,
        "ms" : 0.222556,
        "s" : 2.22556E-4
      }
    },
    "StatusAnalyzer.handleFeedback<Analyzer>" : {
      "count" : 5,
      "average" : {
        "ns" : 53839.6,
        "us" : 53.8396,
        "ms" : 0.0538396,
        "s" : 5.38396E-5
      },
      "min" : {
        "ns" : 5340,
        "us" : 5.34,
        "ms" : 0.00534,
        "s" : 5.34E-6
      },
      "max" : {
        "ns" : 228116,
        "us" : 228.116,
        "ms" : 0.228116,
        "s" : 2.28116E-4
      }
    },
    "BehaviorAnalyzer.handleFeedback<Analyzer>" : {
      "count" : 5,
      "average" : {
        "ns" : 473718.0,
        "us" : 473.718,
        "ms" : 0.473718,
        "s" : 4.73718E-4
      },
      "min" : {
        "ns" : 161854,
        "us" : 161.854,
        "ms" : 0.161854,
        "s" : 1.61854E-4
      },
      "max" : {
        "ns" : 851852,
        "us" : 851.852,
        "ms" : 0.851852,
        "s" : 8.51852E-4
      }
    },
    "TimingAnalyzer.handleFeedback<Analyzer>" : {
      "count" : 5,
      "average" : {
        "ns" : 320244.4,
        "us" : 320.24440000000004,
        "ms" : 0.32024440000000004,
        "s" : 3.2024440000000005E-4
      },
      "min" : {
        "ns" : 166565,