{
  "stats" : {
    "nextFaultload" : {
      "count" : 6,
      "average" : {
        "ns" : 2023038.8333333333,
        "us" : 2023.0388333333333,
        "ms" : 2.023038833333333,
        "s" : 0.0020230388333333333
      },
      "min" : {
        "ns" : 25211,
        "us" : 25.211,
        "ms" : 0.025211,
        "s" : 2.5211E-5
      },
      "max" : {
        "ns" : 3408128,
        "us" : 3408.128,
        "ms" : 3.408128,
        "s" : 0.003408128
      }
    },
    "Per test" : {
      "count" : 5,
      "average" : {
        "ns" : 7.92736138E7,
        "us" : 79273.61379999999,
        "ms" : 79.27361379999999,
        "s" : 0.0792736138
      },
      "min" : {
        "ns" : 27054231,
        "us" : 27054.231,
        "ms" : 27.054231,
        "s" : 0.027054231
      },
      "max" : {
        "ns" : 265233413,
        "us" : 265233.413,
        "ms" : 265.233413,
        "s" : 0.265233413
      }
    },
    "registerFaultload" : {
      "count" : 5,
      "average" : {
        "ns" : 3.49603956E7,
        "us" : 34960.3956,
        "ms" : 34.9603956,
        "s" : 0.0349603956
      },
      "min" : {
        "ns" : 3980741,
        "us" : 3980.741,
        "ms" : 3.980741,
        "s" : 0.003980741
      },
      "max" : {
        "ns" : 142128553,
        "us" : 142128.553,
        "ms" : 142.128553,
        "s" : 0.142128553
      }
    },
    "testMethod" : {
      "count" : 5,
      "average" : {
        "ns" : 3.49170656E7,
        "us" : 34917.0656,
        "ms" : 34.9170656,
        "s" : 0.0349170656
      },
      "min" : {
        "ns" : 17089878,
        "us" : 17089.878,
        "ms" : 17.089878,
        "s" : 0.017089878
      },
      "max" : {
        "ns" : 102497473,
        "us" : 102497.473,
        "ms" : 102.497473,
        "s" : 0.102497473
      }
    },
    "getTraceWithDelay" : {
      "count" : 5,
      "average" : {
        "ns" : 3.42903696E7,
        "us" : 34290.3696,
        "ms" : 34.2903696,
        "s" : 0.0342903696
      },
      "min" : {
        "ns" : 16601636,
        "us" : 16601.636,
        "ms" : 16.601636,
        "s" : 0.016601636
      },
      "max" : {
        "ns" : 101641461,
        "us" : 101641.461,
        "ms" : 101.641461,
        "s" : 0.101641461
      }
    },
    "getTrace" : {
      "count" : 5,
      "average" : {
        "ns" : 2.45599048E7,
        "us" : 24559.9048,
        "ms" : 24.5599048,
        "s" : 0.0245599048
      },
      "min" : {
        "ns" : 10372355,
        "us" : 10372.355,
        "ms" : 10.372355,
        "s" : 0.010372355
      },
      "max" : {
        "ns" : 80270685,
        "us" : 80270.685,
        "ms" : 80.270685,
        "s" : 0.080270685
      }
    },
    "handleResult" : {
      "count" : 5,
      "average" : {
        "ns" : 5317187.8,
        "us" : 5317.1878,
        "ms" : 5.3171878,
        "s" : 0.0053171877999999995
      },
      "min" : {
        "ns" : 1659502,
        "us" : 1659.502,
        "ms" : 1.659502,
        "s" : 0.001659502
      },
      "max" : {
        "ns" : 16027020,
        "us" : 16027.02,
        "ms" : 16.02702,
        "s" : 0.01602702
      }
    },
    "StrategyRunner.analyze" : {
      "count" : 5,
      "average" : {
        "ns" : 5251078.2,
        "us" : 5251.0782,
        "ms" : 5.2510782,
        "s" : 0.0052510782
      },
      "min" : {
        "ns" : 1651422,
        "us" : 1651.422,
        "ms" : 1.651422,
        "s" : 0.001651422
      },
      "max" : {
        "ns" : 15734523,
        "us" : 15734.523,
        "ms" : 15.734523,
        "s" : 0.015734523
      }
    },
    "DynamicExplorationGenerator.handleFeedback<Analyzer>" : {
      "count" : 5,
      "average" : {
        "ns" : 1346496.4,
        "us" : 1346.4964,
        "ms" : 1.3464964,
        "s" : 0.0013464964
      },
      "min" : {
        "ns" : 120963,
        "us" : 120.963,
        "ms" : 0.120963,
        "s" : 1.20963E-4
      },
      "max" : {
        "ns" : 5874410,
        "us" : 5874.41,
        "ms" : 5.87441,
        "s" : 0.00587441
      }
    },
    "HappyPathDetector.handleFeedback<Analyzer>" : {
      "count" : 5,
      "average" : {
        "ns" : 107092.8,
        "us" : 107.0928,
        "ms" : 0.1070928,
        "s" : 1.070928E-4
      },
      "min" : {
        "ns" : 3580,
        "us" : 3.58,
        "ms" : 0.00358,
        "s" : 3.58E-6
      },
      "max" : {
        "ns" : 520784,
        "us" : 520.784,
        "ms" : 0.520784,
        "s" : 5.20784E-4
      }
    },
    "ParentChildDetector.handleFeedback<Analyzer>" : {
      "count" : 5,
      "average" : {
        "ns" : 662469.0,
        "us" : 662.469,
        "ms" : 0.662469,
        "s" : 6.62469E-4
      },
      "min" : {
        "ns" : 60442,
        "us" : 60.442,
        "ms" : 0.060442,
        "s" : 6.0442E-5
      },
      "max" : {
        "ns" : 2595346,
        "us" : 2595.346,
        "ms" : 2.595346,
        "s" : 0.002595346
      }
    },
    "HappensBeforeNeighbourDetector.handleFeedback<Analyzer>" : {
      "count" : 5,
      "average" : {
        "ns" : 467700.2,
        "us" : 467.7002,
        "ms" : 0.4677002,
        "s" : 4.677002E-4
      },
      "min" : {
        "ns" : 10450,
        "us" : 10.45,
        "ms" : 0.01045,
        "s" : 1.045E-5
      },
      "max" : {
        "ns" : 1259863,
        "us" : 1259.863,
        "ms" : 1.259863,
        "s" : 0.001259863
      }
    },
    "ErrorPropagationDetector.handleFeedback<Analyzer>" : {
      "count" : 5,
      "average" : {
        "ns" : 325172.0,
        "us" : 325.172,
        "ms" : 0.325172,
        "s" : 3.25172E-4
      },
      "min" : {
        "ns" : 17180,
        "us" : 17.18,
        "ms" : 0.01718,
        "s" : 1.718E-5
      },
      "max" : {
        "ns" : 837821,
        "us" : 837.821,
        "ms" : 0.837821,
        "s" : 8.37821E-4
      }
    },
    "ConditionalPointDetector.handleFeedback<Analyzer>" : {
      "count" : 5,
      "average" : {
        "ns" : 1269866.6,
        "us" : 1269.8666,
        "ms" : 1.2698666,
        "s" : 0.0012698666000000001
      },
      "min" : {
        "ns" : 193155,
        "us" : 193.155,
        "ms" : 0.193155,
        "s" : 1.93155E-4
      },
      "max" : {
        "ns" : 4961177,
        "us" : 4961.177,
        "ms" : 4.961177,
        "s" : 0.004961177
      }
    },
    "RedundancyAnalyzer.handleFeedback<Analyzer>" : {
      "count" : 5,
      "average" : {
        "ns" : 67649.6,
        "us" : 67.6496,
        "ms" : 0.0676496,
        "s" : 6.76496E-5
      },
      "min" : {
        "ns" : 26041,
        "us" : 26.041,
        "ms" : 0.026041,
        "s" : 2.6041E-5
      },
      "max" : {
        "ns" : 178264,
        "us" : 178.264,
        "ms" : 0.178264,
        "s" : 1.78264E-4
      }
    },
    "StatusAnalyzer.handleFeedback<Analyzer>" : {
      "count" : 5,
      "average" : {
        "ns" : 57833.2,
        "us" : 57.8332,
        "ms" : 0.057833199999999994,
        "s" : 5.7833199999999994E-5
      },
      "min" : {
        "ns" : 5170,
        "us" : 5.17,
        "ms" : 0.00517,
        "s" : 5.17E-6
      },
      "max" : {
        "ns" : 259636,
        "us" : 259.636,
        "ms" : 0.259636,
        "s" : 2.59636E-4
      }
    },
    "BehaviorAnalyzer.handleFeedback<Analyzer>" : {
      "count" : 5,
      "average" : {
        "ns" : 457929.8,
        "us" : 457.9298,
        "ms" : 0.4579298,
        "s" : 4.579298E-4
      },
      "min" : {
        "ns" : 142224,
        "us" : 142.224,
        "ms" : 0.142224,
        "s" : 1.42224E-4
      },
      "max" : {
        "ns" : 969935,
        "us" : 969.935,
        "ms" : 0.969935,
        "s" : 9.69935E-4
      }
    },
    "TimingAnalyzer.handleFeedback<Analyzer>" : {
      "count" : 5,
      "average" : {
        "ns" : 330830.6,
        "us" : 330.8306,
        "ms" : 0.3308306,
        "s" : 3.308306E-4
      },
      "min" : {
        "ns" : 153454,
        "us" : 153.454,
        "ms" : 0.153454,