{
  "stats" : {
    "nextFaultload" : {
      "count" : 22,
      "average" : {
        "ns" : 2311785.1363636362,
        "us" : 2311.7851363636364,
        "ms" : 2.3117851363636364,
        "s" : 0.0023117851363636363
      },
      "min" : {
        "ns" : 339114,
        "us" : 339.114,
        "ms" : 0.339114,
        "s" : 3.39114E-4
      },
      "max" : {
        "ns" : 4577287,
        "us" : 4577.287,
        "ms" : 4.577287,
        "s" : 0.004577287
      }
    },
    "Per test" : {
      "count" : 21,
      "average" : {
        "ns" : 3.9843592428571425E7,
        "us" : 39843.59242857143,
        "ms" : 39.84359242857143,
        "s" : 0.039843592428571425
      },
      "min" : {
        "ns" : 25195630,
        "us" : 25195.63,
        "ms" : 25.19563,
        "s" : 0.02519563
      },
      "max" : {
        "ns" : 234481932,
        "us" : 234481.932,
        "ms" : 234.481932,
        "s" : 0.234481932
      }
    },
    "registerFaultload" : {
      "count" : 21,
      "average" : {
        "ns" : 8944169.761904761,
        "us" : 8944.16976190476,
        "ms" : 8.944169761904762,
        "s" : 0.008944169761904762
      },
      "min" : {
        "ns" : 2698110,
        "us" : 2698.11,
        "ms" : 2.69811,
        "s" : 0.00269811
      },
      "max" : {
        "ns" : 110511606,
        "us" : 110511.606,
        "ms" : 110.511606,
        "s" : 0.110511606
      }
    },
    "testMethod" : {
      "count" : 21,
      "average" : {
        "ns" : 1.3540784857142856E7,
        "us" : 13540.784857142857,
        "ms" : 13.540784857142857,
        "s" : 0.013540784857142857
      },
      "min" : {
        "ns" : 11865184,
        "us" : 11865.184,
        "ms" : 11.865184,
        "s" : 0.011865184
      },
      "max" : {
        "ns" : 20714808,
        "us" : 20714.808,
        "ms" : 20.714808,
        "s" : 0.020714808
      }
    },
    "getTraceWithDelay" : {
      "count" : 21,
      "average" : {
        "ns" : 1.714010985714286E7,
        "us" : 17140.10985714286,
        "ms" : 17.140109857142857,
        "s" : 0.017140109857142857
      },
      "min" : {
        "ns" : 9950207,
        "us" : 9950.207,
        "ms" : 9.950207,
        "s" : 0.009950207
      },
      "max" : {
        "ns" : 102909405,
        "us" : 102909.405,
        "ms" : 102.909405,
        "s" : 0.102909405
      }
    },
    "getTrace" : {
      "count" : 21,
      "average" : {
        "ns" : 1.0400510666666666E7,
        "us" : 10400.510666666665,
        "ms" : 10.400510666666666,
        "s" : 0.010400510666666666
      },
      "min" : {
        "ns" : 5400121,
        "us" : 5400.121,
        "ms" : 5.400121,
        "s" : 0.005400121
      },
      "max" : {
        "ns" : 75174672,
        "us" : 75174.672,
        "ms" : 75.174672,
        "s" : 0.075174672
      }
    },
    "handleResult" : {
      "count" : 21,
      "average" : {
        "ns" : 3586417.9523809524,
        "us" : 3586.4179523809526,
        "ms" : 3.5864179523809523,
        "s" : 0.0035864179523809525
      },
      "min" : {
        "ns" : 1662968,
        "us" : 1662.968,
        "ms" : 1.662968,
        "s" : 0.001662968
      },
      "max" : {
        "ns" : 19262387,
        "us" : 19262.387,
        "ms" : 19.262387,
        "s" : 0.019262387
      }
    },
    "StrategyRunner.analyze" : {
      "count" : 21,
      "average" : {
        "ns" : 3479742.238095238,
        "us" : 3479.742238095238,
        "ms" : 3.479742238095238,
        "s" : 0.003479742238095238
      },
      "min" : {
        "ns" : 1596265,
        "us" : 1596.265,
        "ms" : 1.596265,
        "s" : 0.001596265
      },
      "max" : {
        "ns" : 18847070,
        "us" : 18847.07,
        "ms" : 18.84707,
        "s" : 0.01884707
      }
    },
    "DynamicExplorationGenerator.handleFeedback<Analyzer>" : {
      "count" : 21,
      "average" : {
        "ns" : 514925.95238095237,
        "us" : 514.9259523809524,
        "ms" : 0.5149259523809524,
        "s" : 5.149259523809524E-4
      },
      "min" : {
        "ns" : 67803,
        "us" : 67.803,
        "ms" : 0.067803,
        "s" : 6.7803E-5
      },
      "max" : {
        "ns" : 5369620,
        "us" : 5369.62,
        "ms" : 5.36962,
        "s" : 0.00536962
      }
    },
    "HappyPathDetector.handleFeedback<Analyzer>" : {
      "count" : 21,
      "average" : {
        "ns" : 23534.238095238095,
        "us" : 23.534238095238095,
        "ms" : 0.023534238095238094,
        "s" : 2.3534238095238094E-5
      },
      "min" : {
        "ns" : 2400,
        "us" : 2.4,
        "ms" : 0.0024,
        "s" : 2.4E-6
      },
      "max" : {
        "ns" : 412817,
        "us" : 412.817,
        "ms" : 0.412817,
        "s" : 4.12817E-4
      }
    },
    "ParentChildDetector.handleFeedback<Analyzer>" : {
      "count" : 21,
      "average" : {
        "ns" : 416707.4285714286,
        "us" : 416.7074285714286,
        "ms" : 0.41670742857142856,
        "s" : 4.1670742857142856E-4
      },
      "min" : {
        "ns" : 32501,
        "us" : 32.501,
        "ms" : 0.032501,
        "s" : 3.2501E-5
      },
      "max" : {
        "ns" : 7425503,
        "us" : 7425.503,
        "ms" : 7.425503,
        "s" : 0.007425503
      }
    },
    "HappensBeforeNeighbourDetector.handleFeedback<Analyzer>" : {
      "count" : 21,
      "average" : {
        "ns" : 409112.04761904763,
        "us" : 409.11204761904764,
        "ms" : 0.4091120476190476,
        "s" : 4.0911204761904764E-4
      },
      "min" : {
        "ns" : 11700,
        "us" : 11.7,
        "ms" : 0.0117,
        "s" : 1.17E-5
      },
      "max" : {
        "ns" : 1125546,
        "us" : 1125.546,
        "ms" : 1.125546,
        "s" : 0.001125546
      }
    },
    "ErrorPropagationDetector.handleFeedback<Analyzer>" : {
      "count" : 21,
      "average" : {
        "ns" : 362581.5714285714,
        "us" : 362.5815714285714,
        "ms" : 0.36258157142857145,
        "s" : 3.625815714285714E-4
      },
      "min" : {
        "ns" : 4400,
        "us" : 4.4,
        "ms" : 0.0044,
        "s" : 4.4E-6
      },
      "max" : {
        "ns" : 1150147,
        "us" : 1150.147,
        "ms" : 1.150147,
        "s" : 0.001150147
      }
    },
    "ConditionalPointDetector.handleFeedback<Analyzer>" : {
      "count" : 21,
      "average" : {
        "ns" : 747216.380952381,
        "us" : 747.216380952381,
        "ms" : 0.747216380952381,
        "s" : 7.47216380952381E-4
      },
      "min" : {
        "ns" : 145606,
        "us" : 145.606,
        "ms" : 0.145606,
        "s" : 1.45606E-4
      },
      "max" : {
        "ns" : 4285075,
        "us" : 4285.075,
        "ms" : 4.285075,
        "s" : 0.004285075
      }
    },
    "RedundancyAnalyzer.handleFeedback<Analyzer>" : {
      "count" : 21,
      "average" : {
        "ns" : 38382.52380952381,
        "us" : 38.38252380952381,
        "ms" : 0.03838252380952381,
        "s" : 3.838252380952381E-5
      },
      "min" : {
        "ns" : 16900,
        "us" : 16.9,
        "ms" : 0.0169,
        "s" : 1.69E-5
      },
      "max" : {
        "ns" : 174307,
        "us" : 174.307,
        "ms" : 0.174307,
        "s" : 1.74307E-4
      }
    },
    "StatusAnalyzer.handleFeedback<Analyzer>" : {
      "count" : 21,
      "average" : {
        "ns" : 11414.714285714286,
        "us" : 11.414714285714286,
        "ms" : 0.011414714285714287,
        "s" : 1.1414714285714287E-5
      },
      "min" : {
        "ns" : 3700,
        "us" : 3.7,
        "ms" : 0.0037,
        "s" : 3.7E-6
      },
      "max" : {
        "ns" : 134106,
        "us" : 134.106,
        "ms" : 0.134106,
        "s" : 1.34106E-4
      }
    },
    "BehaviorAnalyzer.handleFeedback<Analyzer>" : {
      "count" : 21,
      "average" : {
        "ns" : 442513.2380952381,
        "us" : 442.5132380952381,
        "ms" : 0.4425132380952381,
        "s" : 4.425132380952381E-4
      },
      "min" : {
        "ns" : 267311,