{
  "stats" : {
    "nextFaultload" : {
      "count" : 9,
      "average" : {
        "ns" : 2278168.5555555555,
        "us" : 2278.1685555555555,
        "ms" : 2.2781685555555553,
        "s" : 0.0022781685555555557
      },
      "min" : {
        "ns" : 23681,
        "us" : 23.681,
        "ms" : 0.023681,
        "s" : 2.3681E-5
      },
      "max" : {
        "ns" : 3959835,
        "us" : 3959.835,
        "ms" : 3.959835,
        "s" : 0.003959835
      }
    },
    "Per test" : {
      "count" : 8,
      "average" : {
        "ns" : 6.1740381125E7,
        "us" : 61740.381125,
        "ms" : 61.740381125,
        "s" : 0.061740381125
      },
      "min" : {
        "ns" : 26219686,
        "us" : 26219.686,
        "ms" : 26.219686,
        "s" : 0.026219686
      },
      "max" : {
        "ns" : 236320985,
        "us" : 236320.985,
        "ms" : 236.320985,
        "s" : 0.236320985
      }
    },
    "registerFaultload" : {
      "count" : 8,
      "average" : {
        "ns" : 1.9109869125E7,
        "us" : 19109.869125,
        "ms" : 19.109869125,
        "s" : 0.019109869125
      },
      "min" : {
        "ns" : 2935551,
        "us" : 2935.551,
        "ms" : 2.935551,
        "s" : 0.002935551
      },
      "max" : {
        "ns" : 112053528,
        "us" : 112053.528,
        "ms" : 112.053528,
        "s" : 0.112053528
      }
    },
    "testMethod" : {
      "count" : 8,
      "average" : {
        "ns" : 3.336207725E7,
        "us" : 33362.07725,
        "ms" : 33.36207725,
        "s" : 0.03336207725
      },
      "min" : {
        "ns" : 17657138,
        "us" : 17657.138,
        "ms" : 17.657138,
        "s" : 0.017657138
      },
      "max" : {
        "ns" : 104677799,
        "us" : 104677.799,
        "ms" : 104.677799,
        "s" : 0.104677799
      }
    },
    "getTraceWithDelay" : {
      "count" : 8,
      "average" : {
        "ns" : 2.73577285E7,
        "us" : 27357.7285,
        "ms" : 27.3577285,
        "s" : 0.0273577285
      },
      "min" : {
        "ns" : 12191190,
        "us" : 12191.19,
        "ms" : 12.19119,
        "s" : 0.01219119
      },
      "max" : {
        "ns" : 97172242,
        "us" : 97172.242,
        "ms" : 97.172242,
        "s" : 0.097172242
      }
    },
    "getTrace" : {
      "count" : 8,
      "average" : {
        "ns" : 1.783247625E7,
        "us" : 17832.47625,
        "ms" : 17.83247625,
        "s" : 0.01783247625
      },
      "min" : {
        "ns" : 7528569,
        "us" : 7528.569,
        "ms" : 7.528569,
        "s" : 0.007528569
      },
      "max" : {
        "ns" : 76838440,
        "us" : 76838.44,
        "ms" : 76.83844,
        "s" : 0.07683844
      }
    },
    "handleResult" : {
      "count" : 8,
      "average" : {
        "ns" : 6094475.25,
        "us" : 6094.47525,
        "ms" : 6.09447525,
        "s" : 0.00609447525
      },
      "min" : {
        "ns" : 1470705,
        "us" : 1470.705,
        "ms" : 1.470705,
        "s" : 0.001470705
      },
      "max" : {
        "ns" : 17445384,
        "us" : 17445.384,
        "ms" : 17.445384,
        "s" : 0.017445384
      }
    },
    "StrategyRunner.analyze" : {
      "count" : 8,
      "average" : {
        "ns" : 6056924.25,
        "us" : 6056.92425,
        "ms" : 6.05692425,
        "s" : 0.00605692425
      },
      "min" : {
        "ns" : 1462765,
        "us" : 1462.765,
        "ms" : 1.462765,
        "s" : 0.001462765
      },
      "max" : {
        "ns" : 17437444,
        "us" : 17437.444,
        "ms" : 17.437444,
        "s" : 0.017437444
      }
    },
    "DynamicExplorationGenerator.handleFeedback<Analyzer>" : {
      "count" : 8,
      "average" : {
        "ns" : 1032699.0,
        "us" : 1032.699,
        "ms" : 1.032699,
        "s" : 0.001032699
      },
      "min" : {
        "ns" : 76415,
        "us" : 76.415,
        "ms" : 0.076415,
        "s" : 7.6415E-5
      },
      "max" : {
        "ns" : 6049762,
        "us" : 6049.762,
        "ms" : 6.049762,
        "s" : 0.006049762
      }
    },
    "HappyPathDetector.handleFeedback<Analyzer>" : {
      "count" : 8,
      "average" : {
        "ns" : 55830.5,
        "us" : 55.8305,
        "ms" : 0.0558305,
        "s" : 5.58305E-5
      },
      "min" : {
        "ns" : 3160,
        "us" : 3.16,
        "ms" : 0.00316,
        "s" : 3.16E-6
      },
      "max" : {
        "ns" : 417884,
        "us" : 417.884,
        "ms" : 0.417884,
        "s" : 4.17884E-4
      }
    },
    "ParentChildDetector.handleFeedback<Analyzer>" : {
      "count" : 8,
      "average" : {
        "ns" : 377000.75,
        "us" : 377.00075,
        "ms" : 0.37700075,
        "s" : 3.7700075E-4
      },
      "min" : {
        "ns" : 40862,
        "us" : 40.862,
        "ms" : 0.040862,
        "s" : 4.0862E-5
      },
      "max" : {
        "ns" : 2548088,
        "us" : 2548.088,
        "ms" : 2.548088,
        "s" : 0.002548088
      }
    },
    "HappensBeforeNeighbourDetector.handleFeedback<Analyzer>" : {
      "count" : 8,
      "average" : {
        "ns" : 480614.125,
        "us" : 480.614125,
        "ms" : 0.480614125,
        "s" : 4.80614125E-4
      },
      "min" : {
        "ns" : 10930,
        "us" : 10.93,
        "ms" : 0.01093,
        "s" : 1.093E-5
      },
      "max" : {
        "ns" : 1427773,
        "us" : 1427.773,
        "ms" : 1.427773,
        "s" : 0.001427773
      }
    },
    "ErrorPropagationDetector.handleFeedback<Analyzer>" : {
      "count" : 8,
      "average" : {
        "ns" : 283227.75,
        "us" : 283.22775,
        "ms" : 0.28322775,
        "s" : 2.8322775E-4
      },
      "min" : {
        "ns" : 13511,
        "us" : 13.511,
        "ms" : 0.013511,
        "s" : 1.3511E-5
      },
      "max" : {
        "ns" : 855040,
        "us" : 855.04,
        "ms" : 0.85504,
        "s" : 8.5504E-4
      }
    },
    "ConditionalPointDetector.handleFeedback<Analyzer>" : {
      "count" : 8,
      "average" : {
        "ns" : 928724.125,
        "us" : 928.724125,
        "ms" : 0.928724125,
        "s" : 9.28724125E-4
      },
      "min" : {
        "ns" : 116776,
        "us" : 116.776,
        "ms" : 0.116776,
        "s" : 1.16776E-4
      },
      "max" : {
        "ns" : 4859662,
        "us" : 4859.662,
        "ms" : 4.859662,
        "s" : 0.004859662
      }
    },
    "RedundancyAnalyzer.handleFeedback<Analyzer>" : {
      "count" : 8,
      "average" : {
        "ns" : 46135.125,
        "us" : 46.135125,
        "ms" : 0.046135125,
        "s" : 4.6135125E-5
      },
      "min" : {
        "ns" : 21811,
        "us" : 21.811,
        "ms" : 0.021811,
        "s" : 2.1811E-5
      },
      "max" : {
        "ns" : 126907,
        "us" : 126.907,
        "ms" : 0.126907,
        "s" : 1.26907E-4
      }
    },
    "StatusAnalyzer.handleFeedback<Analyzer>" : {
      "count" : 8,
      "average" : {
        "ns" : 37588.625,
        "us" : 37.588625,
        "ms" : 0.037588625,
        "s" : 3.7588625E-5
      },
      "min" : {
        "ns" : 4760,
        "us" : 4.76,
        "ms" : 0.00476,
        "s" : 4.76E-6
      },
      "max" : {
        "ns" : 261725,
        "us" : 261.725,
        "ms" : 0.261725,
        "s" : 2.61725E-4
      }
    },
    "BehaviorAnalyzer.handleFeedback<Analyzer>" : {
      "count" : 8,
      "average" : {
        "ns" : 312334.375,
        "us" : 312.334375,
        "ms" : 0.312334375,
        "s" : 3.12334375E-4
      },
      "min" : {
        "ns" : 89305,
        "us" : 89.305,
        "ms" : 0.089305,
        "s" : 8.9305E-5
      },
      "max" : {
        "ns" : 930234,
        "us" : 930.234,
        "ms" : 0.930234,
        "s" : 9.30234E-4
      }
    },
    "TimingAnalyzer.handleFeedback<Analyzer>" : {
      "count" : 8,
      "average" : {
        "ns" : 225090.875,
        "us" : 225.090875,
        "ms" : 0.225090875,
        "s" : 2.25090875E-4
      },
      "min" : {
        "ns" : 49433,
        "us" : 49.433,