{
  "stats" : {
    "nextFaultload" : {
      "count" : 22,
      "average" : {
        "ns" : 2337896.409090909,
        "us" : 2337.8964090909094,
        "ms" : 2.3378964090909093,
        "s" : 0.002337896409090909
      },
      "min" : {
        "ns" : 298816,
        "us" : 298.816,
        "ms" : 0.298816,
        "s" : 2.98816E-4
      },
      "max" : {
        "ns" : 4280126,
        "us" : 4280.126,
        "ms" : 4.280126,
        "s" : 0.004280126
      }
    },
    "Per test" : {
      "count" : 21,
      "average" : {
        "ns" : 3.9688278571428575E7,
        "us" : 39688.27857142857,
        "ms" : 39.688278571428576,
        "s" : 0.03968827857142857
      },
      "min" : {
        "ns" : 24649103,
        "us" : 24649.103,
        "ms" : 24.649103,
        "s" : 0.024649103
      },
      "max" : {
        "ns" : 234074771,
        "us" : 234074.771,
        "ms" : 234.074771,
        "s" : 0.234074771
      }
    },
    "registerFaultload" : {
      "count" : 21,
      "average" : {
        "ns" : 8853348.857142856,
        "us" : 8853.348857142857,
        "ms" : 8.853348857142857,
        "s" : 0.008853348857142857
      },
      "min" : {
        "ns" : 2439429,
        "us" : 2439.429,
        "ms" : 2.439429,
        "s" : 0.002439429
      },
      "max" : {
        "ns" : 109955411,
        "us" : 109955.411,
        "ms" : 109.955411,
        "s" : 0.109955411
      }
    },
    "testMethod" : {
      "count" : 21,
      "average" : {
        "ns" : 1.3469569047619049E7,
        "us" : 13469.569047619048,
        "ms" : 13.469569047619048,
        "s" : 0.013469569047619048
      },
      "min" : {
        "ns" : 11236594,
        "us" : 11236.594,
        "ms" : 11.236594,
        "s" : 0.011236594
      },
      "max" : {
        "ns" : 24054271,
        "us" : 24054.271,
        "ms" : 24.054271,
        "s" : 0.024054271
      }
    },
    "getTraceWithDelay" : {
      "count" : 21,
      "average" : {
        "ns" : 1.7143353666666668E7,
        "us" : 17143.35366666667,
        "ms" : 17.143353666666666,
        "s" : 0.017143353666666666
      },
      "min" : {
        "ns" : 9838519,
        "us" : 9838.519,
        "ms" : 9.838519,
        "s" : 0.009838519
      },
      "max" : {
        "ns" : 103484069,
        "us" : 103484.069,
        "ms" : 103.484069,
        "s" : 0.103484069
      }
    },
    "getTrace" : {
      "count" : 21,
      "average" : {
        "ns" : 1.0260161285714285E7,
        "us" : 10260.161285714286,
        "ms" : 10.260161285714286,
        "s" : 0.010260161285714286
      },
      "min" : {
        "ns" : 5244377,
        "us" : 5244.377,
        "ms" : 5.244377,
        "s" : 0.005244377
      },
      "max" : {
        "ns" : 73805600,
        "us" : 73805.6,
        "ms" : 73.8056,
        "s" : 0.0738056
      }
    },
    "handleResult" : {
      "count" : 21,
      "average" : {
        "ns" : 3707238.761904762,
        "us" : 3707.238761904762,
        "ms" : 3.707238761904762,
        "s" : 0.0037072387619047622
      },
      "min" : {
        "ns" : 1833697,
        "us" : 1833.697,
        "ms" : 1.833697,
        "s" : 0.001833697
      },
      "max" : {
        "ns" : 21044813,
        "us" : 21044.813,
        "ms" : 21.044813,
        "s" : 0.021044813
      }
    },
    "StrategyRunner.analyze" : {
      "count" : 21,
      "average" : {
        "ns" : 3590918.285714286,
        "us" : 3590.918285714286,
        "ms" : 3.590918285714286,
        "s" : 0.003590918285714286
      },
      "min" : {
        "ns" : 1697689,
        "us" : 1697.689,
        "ms" : 1.697689,
        "s" : 0.001697689
      },
      "max" : {
        "ns" : 20628790,
        "us" : 20628.79,
        "ms" : 20.62879,
        "s" : 0.02062879
      }
    },
    "DynamicExplorationGenerator.handleFeedback<Analyzer>" : {
      "count" : 21,
      "average" : {
        "ns" : 512669.95238095237,
        "us" : 512.6699523809524,
        "ms" : 0.5126699523809524,
        "s" : 5.126699523809524E-4
      },
      "min" : {
        "ns" : 63704,
        "us" : 63.704,
        "ms" : 0.063704,
        "s" : 6.3704E-5
      },
      "max" : {
        "ns" : 5978116,
        "us" : 5978.116,
        "ms" : 5.978116,
        "s" : 0.005978116
      }
    },
    "HappyPathDetector.handleFeedback<Analyzer>" : {
      "count" : 21,
      "average" : {
        "ns" : 31963.47619047619,
        "us" : 31.96347619047619,
        "ms" : 0.03196347619047619,
        "s" : 3.196347619047619E-5
      },
      "min" : {
        "ns" : 2000,
        "us" : 2.0,
        "ms" : 0.002,
        "s" : 2.0E-6
      },
      "max" : {
        "ns" : 576231,
        "us" : 576.231,
        "ms" : 0.576231,
        "s" : 5.76231E-4
      }
    },
    "ParentChildDetector.handleFeedback<Analyzer>" : {
      "count" : 21,
      "average" : {
        "ns" : 475525.2380952381,
        "us" : 475.5252380952381,
        "ms" : 0.4755252380952381,
        "s" : 4.755252380952381E-4
      },
      "min" : {
        "ns" : 34402,
        "us" : 34.402,
        "ms" : 0.034402,
        "s" : 3.4402E-5
      },
      "max" : {
        "ns" : 8399944,
        "us" : 8399.944,
        "ms" : 8.399944,
        "s" : 0.008399944
      }
    },
    "HappensBeforeNeighbourDetector.handleFeedback<Analyzer>" : {
      "count" : 21,
      "average" : {
        "ns" : 439289.95238095237,
        "us" : 439.28995238095234,
        "ms" : 0.43928995238095236,
        "s" : 4.3928995238095236E-4
      },
      "min" : {
        "ns" : 16701,
        "us" : 16.701,
        "ms" : 0.016701,
        "s" : 1.6701E-5
      },
      "max" : {
        "ns" : 1172662,
        "us" : 1172.662,
        "ms" : 1.172662,
        "s" : 0.001172662
      }
    },
    "ErrorPropagationDetector.handleFeedback<Analyzer>" : {
      "count" : 21,
      "average" : {
        "ns" : 345360.95238095237,
        "us" : 345.36095238095237,
        "ms" : 0.3453609523809524,
        "s" : 3.453609523809524E-4
      },
      "min" : {
        "ns" : 3900,
        "us" : 3.9,
        "ms" : 0.0039,
        "s" : 3.9E-6
      },
      "max" : {
        "ns" : 1013153,
        "us" : 1013.153,
        "ms" : 1.013153,
        "s" : 0.001013153
      }
    },
    "ConditionalPointDetector.handleFeedback<Analyzer>" : {
      "count" : 21,
      "average" : {
        "ns" : 723104.8095238095,
        "us" : 723.1048095238094,
        "ms" : 0.7231048095238095,
        "s" : 7.231048095238094E-4
      },
      "min" : {
        "ns" : 132807,
        "us" : 132.807,
        "ms" : 0.132807,
        "s" : 1.32807E-4
      },
      "max" : {
        "ns" : 4209822,
        "us" : 4209.822,
        "ms" : 4.209822,
        "s" : 0.004209822
      }
    },
    "RedundancyAnalyzer.handleFeedback<Analyzer>" : {
      "count" : 21,
      "average" : {
        "ns" : 43049.90476190476,
        "us" : 43.04990476190476,
        "ms" : 0.04304990476190476,
        "s" : 4.304990476190476E-5
      },
      "min" : {
        "ns" : 18801,
        "us" : 18.801,
        "ms" : 0.018801,
        "s" : 1.8801E-5
      },
      "max" : {
        "ns" : 153709,
        "us" : 153.709,
        "ms" : 0.153709,
        "s" : 1.53709E-4
      }
    },
    "StatusAnalyzer.handleFeedback<Analyzer>" : {
      "count" : 21,
      "average" : {
        "ns" : 18120.095238095237,
        "us" : 18.120095238095235,
        "ms" : 0.018120095238095237,
        "s" : 1.8120095238095238E-5
      },
      "min" : {
        "ns" : 3701,
        "us" : 3.701,
        "ms" : 0.003701,
        "s" : 3.701E-6
      },
      "max" : {
        "ns" : 136107,
        "us" : 136.107,
        "ms" : 0.136107,
        "s" : 1.36107E-4
      }
    },
    "BehaviorAnalyzer.handleFeedback<Analyzer>" : {
      "count" : 21,
      "average" : {
        "ns" : 488397.2380952381,
        "us" : 488.3972380952381,
        "ms" : 0.4883972380952381,
        "s" : 4.883972380952381E-4
      },