{
  "stats" : {
    "nextFaultload" : {
      "count" : 10,
      "average" : {
        "ns" : 4097174.4,
        "us" : 4097.1744,
        "ms" : 4.0971744,
        "s" : 0.0040971744
      },
      "min" : {
        "ns" : 2047700,
        "us" : 2047.7,
        "ms" : 2.0477,
        "s" : 0.0020477
      },
      "max" : {
        "ns" : 11447268,
        "us" : 11447.268,
        "ms" : 11.447268,
        "s" : 0.011447268
      }
    },
    "Per test" : {
      "count" : 9,
      "average" : {
        "ns" : 5.828138511111111E7,
        "us" : 58281.385111111114,
        "ms" : 58.28138511111111,
        "s" : 0.05828138511111111
      },
      "min" : {
        "ns" : 28586097,
        "us" : 28586.097,
        "ms" : 28.586097,
        "s" : 0.028586097
      },
      "max" : {
        "ns" : 264351674,
        "us" : 264351.674,
        "ms" : 264.351674,
        "s" : 0.264351674
      }
    },
    "registerFaultload" : {
      "count" : 9,
      "average" : {
        "ns" : 1.99487E7,
        "us" : 19948.7,
        "ms" : 19.9487,
        "s" : 0.0199487
      },
      "min" : {
        "ns" : 4068559,
        "us" : 4068.559,
        "ms" : 4.068559,
        "s" : 0.004068559
      },
      "max" : {
        "ns" : 125565353,
        "us" : 125565.353,
        "ms" : 125.565353,
        "s" : 0.125565353
      }
    },
    "testMethod" : {
      "count" : 9,
      "average" : {
        "ns" : 2.9492898444444444E7,
        "us" : 29492.898444444443,
        "ms" : 29.492898444444442,
        "s" : 0.029492898444444443
      },
      "min" : {
        "ns" : 16897991,
        "us" : 16897.991,
        "ms" : 16.897991,
        "s" : 0.016897991
      },
      "max" : {
        "ns" : 115876084,
        "us" : 115876.084,
        "ms" : 115.876084,
        "s" : 0.115876084
      }
    },
    "getTraceWithDelay" : {
      "count" : 9,
      "average" : {
        "ns" : 2.6702870666666668E7,
        "us" : 26702.87066666667,
        "ms" : 26.70287066666667,
        "s" : 0.026702870666666666
      },
      "min" : {
        "ns" : 12932406,
        "us" : 12932.406,
        "ms" : 12.932406,
        "s" : 0.012932406
      },
      "max" : {
        "ns" : 107561870,
        "us" : 107561.87,
        "ms" : 107.56187,
        "s" : 0.10756187
      }
    },
    "getTrace" : {
      "count" : 9,
      "average" : {
        "ns" : 1.7610817666666668E7,
        "us" : 17610.81766666667,
        "ms" : 17.61081766666667,
        "s" : 0.017610817666666667
      },
      "min" : {
        "ns" : 7427171,
        "us" : 7427.171,
        "ms" : 7.427171,
        "s" : 0.007427171
      },
      "max" : {
        "ns" : 83856532,
        "us" : 83856.532,
        "ms" : 83.856532,
        "s" : 0.083856532
      }
    },
    "handleResult" : {
      "count" : 9,
      "average" : {
        "ns" : 4527412.444444444,
        "us" : 4527.412444444444,
        "ms" : 4.527412444444444,
        "s" : 0.004527412444444444
      },
      "min" : {
        "ns" : 1419494,
        "us" : 1419.494,
        "ms" : 1.419494,
        "s" : 0.001419494
      },
      "max" : {
        "ns" : 18620553,
        "us" : 18620.553,
        "ms" : 18.620553,
        "s" : 0.018620553
      }
    },
    "StrategyRunner.analyze" : {
      "count" : 9,
      "average" : {
        "ns" : 4481995.777777778,
        "us" : 4481.995777777778,
        "ms" : 4.481995777777778,
        "s" : 0.004481995777777778
      },
      "min" : {
        "ns" : 1384673,
        "us" : 1384.673,
        "ms" : 1.384673,
        "s" : 0.001384673
      },
      "max" : {
        "ns" : 18308976,
        "us" : 18308.976,
        "ms" : 18.308976,
        "s" : 0.018308976
      }
    },
    "DynamicExplorationGenerator.handleFeedback<Analyzer>" : {
      "count" : 9,
      "average" : {
        "ns" : 1146241.0,
        "us" : 1146.241,
        "ms" : 1.146241,
        "s" : 0.001146241
      },
      "min" : {
        "ns" : 93502,
        "us" : 93.502,
        "ms" : 0.093502,
        "s" : 9.3502E-5
      },
      "max" : {
        "ns" : 8126728,
        "us" : 8126.728,
        "ms" : 8.126728,
        "s" : 0.008126728
      }
    },
    "HappyPathDetector.handleFeedback<Analyzer>" : {
      "count" : 9,
      "average" : {
        "ns" : 70476.11111111111,
        "us" : 70.47611111111111,
        "ms" : 0.07047611111111111,
        "s" : 7.047611111111111E-5
      },
      "min" : {
        "ns" : 3550,
        "us" : 3.55,
        "ms" : 0.00355,
        "s" : 3.55E-6
      },
      "max" : {
        "ns" : 603375,
        "us" : 603.375,
        "ms" : 0.603375,
        "s" : 6.03375E-4
      }
    },
    "ParentChildDetector.handleFeedback<Analyzer>" : {
      "count" : 9,
      "average" : {
        "ns" : 439051.77777777775,
        "us" : 439.0517777777778,
        "ms" : 0.43905177777777776,
        "s" : 4.3905177777777777E-4
      },
      "min" : {
        "ns" : 46342,
        "us" : 46.342,
        "ms" : 0.046342,
        "s" : 4.6342E-5
      },
      "max" : {
        "ns" : 3345712,
        "us" : 3345.712,
        "ms" : 3.345712,
        "s" : 0.003345712
      }
    },
    "HappensBeforeNeighbourDetector.handleFeedback<Analyzer>" : {
      "count" : 9,
      "average" : {
        "ns" : 803689.4444444445,
        "us" : 803.6894444444445,
        "ms" : 0.8036894444444445,
        "s" : 8.036894444444445E-4
      },
      "min" : {
        "ns" : 9090,
        "us" : 9.09,
        "ms" : 0.00909,
        "s" : 9.09E-6
      },
      "max" : {
        "ns" : 2410569,
        "us" : 2410.569,
        "ms" : 2.410569,
        "s" : 0.002410569
      }
    },
    "ErrorPropagationDetector.handleFeedback<Analyzer>" : {
      "count" : 9,
      "average" : {
        "ns" : 206067.22222222222,
        "us" : 206.06722222222223,
        "ms" : 0.2060672222222222,
        "s" : 2.0606722222222222E-4
      },
      "min" : {
        "ns" : 11580,
        "us" : 11.58,
        "ms" : 0.01158,
        "s" : 1.158E-5
      },
      "max" : {
        "ns" : 505912,
        "us" : 505.912,
        "ms" : 0.505912,
        "s" : 5.05912E-4
      }
    },
    "ConditionalPointDetector.handleFeedback<Analyzer>" : {
      "count" : 9,
      "average" : {
        "ns" : 1117636.111111111,
        "us" : 1117.636111111111,
        "ms" : 1.117636111111111,
        "s" : 0.001117636111111111
      },
      "min" : {
        "ns" : 201924,
        "us" : 201.924,
        "ms" : 0.201924,
        "s" : 2.01924E-4
      },
      "max" : {
        "ns" : 4582502,
        "us" : 4582.502,
        "ms" : 4.582502,
        "s" : 0.004582502
      }
    },
    "RedundancyAnalyzer.handleFeedback<Analyzer>" : {
      "count" : 9,
      "average" : {
        "ns" : 51400.0,
        "us" : 51.4,
        "ms" : 0.0514,
        "s" : 5.14E-5
      },
      "min" : {
        "ns" : 18380,
        "us" : 18.38,
        "ms" : 0.01838,
        "s" : 1.838E-5
      },
      "max" : {
        "ns" : 147923,
        "us" : 147.923,
        "ms" : 0.147923,
        "s" : 1.47923E-4
      }
    },
    "StatusAnalyzer.handleFeedback<Analyzer>" : {
      "count" : 9,
      "average" : {
        "ns" : 34899.77777777778,
        "us" : 34.89977777777778,
        "ms" : 0.03489977777777778,
        "s" : 3.489977777777778E-5
      },
      "min" : {
        "ns" : 4690,
        "us" : 4.69,
        "ms" : 0.00469,
        "s" : 4.69E-6
      },
      "max" : {
        "ns" : 268677,
        "us" : 268.677,
        "ms" : 0.268677,
        "s" : 2.68677E-4
      }
    },
    "BehaviorAnalyzer.handleFeedback<Analyzer>" : {
      "count" : 9,
      "average" : {
        "ns" : 326956.77777777775,
        "us" : 326.95677777777775,
        "ms" : 0.32695677777777776,
        "s" : 3.269567777777778E-4
      },
      "min" : {
        "ns" : 102203,
        "us" : 102.203,
        "ms" : 0.102203,
        "s" : 1.02203E-4
      },
      "max" : {
        "ns" : 822260,
        "us" : 822.26,