{
  "stats" : {
    "nextFaultload" : {
      "count" : 10,
      "average" : {
        "ns" : 3758853.9,
        "us" : 3758.8539,
        "ms" : 3.7588539,
        "s" : 0.0037588539
      },
      "min" : {
        "ns" : 1766724,
        "us" : 1766.724,
        "ms" : 1.766724,
        "s" : 0.001766724
      },
      "max" : {
        "ns" : 11782827,
        "us" : 11782.827,
        "ms" : 11.782827,
        "s" : 0.011782827
      }
    },
    "Per test" : {
      "count" : 9,
      "average" : {
        "ns" : 5.809062388888889E7,
        "us" : 58090.62388888889,
        "ms" : 58.090623888888885,
        "s" : 0.05809062388888889
      },
      "min" : {
        "ns" : 28875128,
        "us" : 28875.128,
        "ms" : 28.875128,
        "s" : 0.028875128
      },
      "max" : {
        "ns" : 237964812,
        "us" : 237964.812,
        "ms" : 237.964812,
        "s" : 0.237964812
      }
    },
    "registerFaultload" : {
      "count" : 9,
      "average" : {
        "ns" : 1.6919888111111112E7,
        "us" : 16919.88811111111,
        "ms" : 16.919888111111113,
        "s" : 0.01691988811111111
      },
      "min" : {
        "ns" : 2781695,
        "us" : 2781.695,
        "ms" : 2.781695,
        "s" : 0.002781695
      },
      "max" : {
        "ns" : 111823653,
        "us" : 111823.653,
        "ms" : 111.823653,
        "s" : 0.111823653
      }
    },
    "testMethod" : {
      "count" : 9,
      "average" : {
        "ns" : 1.4705166E7,
        "us" : 14705.166,
        "ms" : 14.705166,
        "s" : 0.014705166
      },
      "min" : {
        "ns" : 11751825,
        "us" : 11751.825,
        "ms" : 11.751825,
        "s" : 0.011751825
      },
      "max" : {
        "ns" : 21451006,
        "us" : 21451.006,
        "ms" : 21.451006,
        "s" : 0.021451006
      }
    },
    "getTraceWithDelay" : {
      "count" : 9,
      "average" : {
        "ns" : 2.6185983555555556E7,
        "us" : 26185.983555555555,
        "ms" : 26.185983555555556,
        "s" : 0.026185983555555556
      },
      "min" : {
        "ns" : 13030515,
        "us" : 13030.515,
        "ms" : 13.030515,
        "s" : 0.013030515
      },
      "max" : {
        "ns" : 104378931,
        "us" : 104378.931,
        "ms" : 104.378931,
        "s" : 0.104378931
      }
    },
    "getTrace" : {
      "count" : 9,
      "average" : {
        "ns" : 1.6230284333333334E7,
        "us" : 16230.284333333333,
        "ms" : 16.230284333333334,
        "s" : 0.016230284333333334
      },
      "min" : {
        "ns" : 7440323,
        "us" : 7440.323,
        "ms" : 7.440323,
        "s" : 0.007440323
      },
      "max" : {
        "ns" : 74320620,
        "us" : 74320.62,
        "ms" : 74.32062,
        "s" : 0.07432062
      }
    },
    "handleResult" : {
      "count" : 9,
      "average" : {
        "ns" : 6352723.888888889,
        "us" : 6352.723888888889,
        "ms" : 6.352723888888889,
        "s" : 0.006352723888888889
      },
      "min" : {
        "ns" : 2430971,
        "us" : 2430.971,
        "ms" : 2.430971,
        "s" : 0.002430971
      },
      "max" : {
        "ns" : 21597017,
        "us" : 21597.017,
        "ms" : 21.597017,
        "s" : 0.021597017
      }
    },
    "StrategyRunner.analyze" : {
      "count" : 9,
      "average" : {
        "ns" : 6185512.333333333,
        "us" : 6185.512333333333,
        "ms" : 6.185512333333333,
        "s" : 0.006185512333333333
      },
      "min" : {
        "ns" : 2347865,
        "us" : 2347.865,
        "ms" : 2.347865,
        "s" : 0.002347865
      },
      "max" : {
        "ns" : 21103782,
        "us" : 21103.782,
        "ms" : 21.103782,
        "s" : 0.021103782
      }
    },
    "DynamicExplorationGenerator.handleFeedback<Analyzer>" : {
      "count" : 9,
      "average" : {
        "ns" : 1200773.2222222222,
        "us" : 1200.7732222222223,
        "ms" : 1.2007732222222223,
        "s" : 0.0012007732222222222
      },
      "min" : {
        "ns" : 91806,
        "us" : 91.806,
        "ms" : 0.091806,
        "s" : 9.1806E-5
      },
      "max" : {
        "ns" : 6986691,
        "us" : 6986.691,
        "ms" : 6.986691,
        "s" : 0.006986691
      }
    },
    "HappyPathDetector.handleFeedback<Analyzer>" : {
      "count" : 9,
      "average" : {
        "ns" : 76027.33333333333,
        "us" : 76.02733333333333,
        "ms" : 0.07602733333333332,
        "s" : 7.602733333333333E-5
      },
      "min" : {
        "ns" : 3200,
        "us" : 3.2,
        "ms" : 0.0032,
        "s" : 3.2E-6
      },
      "max" : {
        "ns" : 652046,
        "us" : 652.046,
        "ms" : 0.652046,
        "s" : 6.52046E-4
      }
    },
    "ParentChildDetector.handleFeedback<Analyzer>" : {
      "count" : 9,
      "average" : {
        "ns" : 950155.7777777778,
        "us" : 950.1557777777778,
        "ms" : 0.9501557777777777,
        "s" : 9.501557777777778E-4
      },
      "min" : {
        "ns" : 49204,
        "us" : 49.204,
        "ms" : 0.049204,
        "s" : 4.9204E-5
      },
      "max" : {
        "ns" : 7841551,
        "us" : 7841.551,
        "ms" : 7.841551,
        "s" : 0.007841551
      }
    },
    "HappensBeforeNeighbourDetector.handleFeedback<Analyzer>" : {
      "count" : 9,
      "average" : {
        "ns" : 514091.6666666667,
        "us" : 514.0916666666667,
        "ms" : 0.5140916666666667,
        "s" : 5.140916666666667E-4
      },
      "min" : {
        "ns" : 17901,
        "us" : 17.901,
        "ms" : 0.017901,
        "s" : 1.7901E-5
      },
      "max" : {
        "ns" : 1168382,
        "us" : 1168.382,
        "ms" : 1.168382,
        "s" : 0.001168382
      }
    },
    "ErrorPropagationDetector.handleFeedback<Analyzer>" : {
      "count" : 9,
      "average" : {
        "ns" : 308477.22222222225,
        "us" : 308.4772222222222,
        "ms" : 0.30847722222222224,
        "s" : 3.0847722222222227E-4
      },
      "min" : {
        "ns" : 3900,
        "us" : 3.9,
        "ms" : 0.0039,
        "s" : 3.9E-6
      },
      "max" : {
        "ns" : 1489605,
        "us" : 1489.605,
        "ms" : 1.489605,
        "s" : 0.001489605
      }
    },
    "ConditionalPointDetector.handleFeedback<Analyzer>" : {
      "count" : 9,
      "average" : {
        "ns" : 2061944.7777777778,
        "us" : 2061.9447777777777,
        "ms" : 2.0619447777777777,
        "s" : 0.002061944777777778
      },
      "min" : {
        "ns" : 260718,
        "us" : 260.718,
        "ms" : 0.260718,
        "s" : 2.60718E-4
      },
      "max" : {
        "ns" : 6718272,
        "us" : 6718.272,
        "ms" : 6.718272,
        "s" : 0.006718272
      }
    },
    "RedundancyAnalyzer.handleFeedback<Analyzer>" : {
      "count" : 9,
      "average" : {
        "ns" : 34291.444444444445,
        "us" : 34.291444444444444,
        "ms" : 0.034291444444444444,
        "s" : 3.4291444444444444E-5
      },
      "min" : {
        "ns" : 15902,
        "us" : 15.902,
        "ms" : 0.015902,
        "s" : 1.5902E-5
      },
      "max" : {
        "ns" : 82006,
        "us" : 82.006,
        "ms" : 0.082006,
        "s" : 8.2006E-5
      }
    },
    "StatusAnalyzer.handleFeedback<Analyzer>" : {
      "count" : 9,
      "average" : {
        "ns" : 19168.11111111111,
        "us" : 19.16811111111111,
        "ms" : 0.019168111111111108,
        "s" : 1.916811111111111E-5
      },
      "min" : {
        "ns" : 4100,
        "us" : 4.1,
        "ms" : 0.0041,
        "s" : 4.1E-6
      },
      "max" : {
        "ns" : 129909,
        "us" : 129.909,
        "ms" : 0.129909,
        "s" : 1.29909E-4
      }
    },
    "BehaviorAnalyzer.handleFeedback<Analyzer>" : {
      "count" : 9,
      "average" : {
        "ns" : 527359.2222222222,
        "us" : 527.3592222222222,
        "ms" : 0.5273592222222222,
        "s" : 5.273592222222222E-4
      },
      "min" : {
        "ns" : 241617,
        "us" : 241.617,
        "ms" : 0.241617,