{
    "per_key": {
        "nextFaultload": {
            "n": 2442,
            "mean": 29.4356961048321,
            "median": 6.5602835,
            "std": 538.0213251081825,
            "min": 0.5727869999999999,
            "max": 25996.834001,
            "p25": 4.7756817499999995,
            "p50": 6.5602835,
            "p75": 9.38559975,
            "p90": 30.676159,
            "p95": 40.67956554999985,
            "p99": 151.73728415000033
        },
        "Per test": {
            "n": 2441,
            "mean": 79.04421195903319,
            "median": 77.305678,
            "std": 17.28022285387832,
            "min": 23.361513,
            "max": 331.80389399999996,
            "p25": 70.930781,
            "p50": 77.305678,
            "p75": 85.737798,
            "p90": 96.844387,
            "p95": 105.53454099999999,
            "p99": 132.75663099999977
        },
        "registerFaultload": {
            "n": 2441,
            "mean": 4.326043582548135,
            "median": 3.8887519999999998,
            "std": 2.772904907113024,
            "min": 2.6475359999999997,
            "max": 119.695449,
            "p25": 3.5505769999999997,
            "p50": 3.8887519999999998,
            "p75": 4.457716,
            "p90": 5.376462999999999,
            "p95": 6.550935,
            "p99": 11.305499799999998
        },
        "unregisterFautload": {
            "n": 2441,
            "mean": 3.8849575387136417,
            "median": 3.506173,
            "std": 1.643880186738149,
            "min": 2.6137129999999997,
            "max": 35.556979999999996,
            "p25": 3.191309,
            "p50": 3.506173,
            "p75": 3.989322,
            "p90": 4.835432,
            "p95": 5.819379,
            "p99": 11.173522599999977
        },
        "testMethod": {
            "n": 2441,
            "mean": 61.362180057763204,
            "median": 60.789434,
            "std": 11.746161888951846,
            "min": 14.740926,
            "max": 183.92295199999998,
            "p25": 57.184207,
            "p50": 60.789434,
            "p75": 64.993822,
            "p90": 72.66803,
            "p95": 80.05591299999999,
            "p99": 98.55127539999992
        },
        "getTraceWithDelay": {
            "n": 2441,
            "mean": 15.366468608766898,
            "median": 13.589691,
            "std": 6.320184320036418,
            "min": 8.065858,
            "max": 113.11407,
            "p25": 10.956719,
            "p50": 13.589691,
            "p75": 18.627364999999998,
            "p90": 23.281070999999997,
            "p95": 25.576995,
            "p99": 34.04338259999999
        },
        "handleResult": {
            "n": 2441,
            "mean": 9.461049280213027,
            "median": 8.043599,
            "std": 5.361323757663278,
            "min": 0.38723799999999997,
            "max": 63.169934,
            "p25": 5.445054,
            "p50": 8.043599,
            "p75": 12.880139999999999,
            "p90": 16.960409,
            "p95": 19.241201999999998,
            "p99": 24.890471399999946
        },
        "Total test time": {
            "n": 1,
            "mean": 267610.892139,
            "median": 267610.892139,
            "std": 0.0,
            "min": 267610.892139,
            "max": 267610.892139,
            "p25": 267610.892139,
            "p50": 267610.892139,
            "p75": 267610.892139,
            "p90": 267610.892139,
            "p95": 267610.892139,
            "p99": 267610.892139
        },
        "getExpectedPoints": {
            "n": 33584,
            "mean": 2.041779513935207,
            "median": 1.7490625,
            "std": 0.8312875035438907,
            "min": 0.023601,
            "max": 13.354559,
            "p25": 1.67523325,
            "p50": 1.7490625,
            "p75": 2.01058575,
            "p90": 2.8851071999999998,
            "p95": 3.932862699999996,
            "p99": 5.373563259999974
        }
    }
}