{
    "per_key": {
        "nextFaultload": {
            "n": 60,
            "mean": 2.1177026333333333,
            "median": 2.2406185,
            "std": 1.1311854621665562,
            "min": 0.023930999999999997,
            "max": 5.421238,
            "p25": 1.7989865,
            "p50": 2.2406185,
            "p75": 2.58987875,
            "p90": 3.4241680999999997,
            "p95": 3.5513394499999995,
            "p99": 4.5755496999999945
        },
        "Per test": {
            "n": 50,
            "mean": 75.37591149999999,
            "median": 29.223889,
            "std": 85.07031580965015,
            "min": 25.108096999999997,
            "max": 265.233413,
            "p25": 27.654857749999998,
            "p50": 29.223889,
            "p75": 48.982288749999995,
            "p90": 241.168203,
            "p95": 246.35281254999998,
            "p99": 256.85928849999993
        },
        "registerFaultload": {
            "n": 50,
            "mean": 31.179119080000007,
            "median": 4.9838705,
            "std": 46.32531118784275,
            "min": 3.774593,
            "max": 142.12855299999998,
            "p25": 4.1022065,
            "p50": 4.9838705,
            "p75": 20.1579745,
            "p90": 119.3161253,
            "p95": 125.14730019999999,
            "p99": 134.52462127999996
        },
        "unregisterFautload": {
            "n": 50,
            "mean": 4.17072192,
            "median": 4.0463805,
            "std": 0.5324661442812995,
            "min": 3.3267759999999997,
            "max": 6.071115,
            "p25": 3.8151645,
            "p50": 4.0463805,
            "p75": 4.4513065,
            "p90": 4.673556799999999,
            "p95": 5.089831949999998,
            "p99": 5.814196729999999
        },
        "testMethod": {
            "n": 50,
            "mean": 34.60693437999999,
            "median": 18.320839499999998,
            "std": 33.28965625427661,
            "min": 15.662742999999999,
            "max": 106.796888,
            "p25": 17.404037499999998,
            "p50": 18.320839499999998,
            "p75": 19.87303825,
            "p90": 99.79359,
            "p95": 102.39137244999999,
            "p99": 105.45110152999999
        },
        "getTraceWithDelay": {
            "n": 50,
            "mean": 34.533984860000004,
            "median": 17.315891,
            "std": 34.35230065395334,
            "min": 13.776354999999999,
            "max": 109.25389899999999,
            "p25": 16.355086999999997,
            "p50": 17.315891,
            "p75": 20.682630749999998,
            "p90": 101.71849309999999,
            "p95": 104.01095289999998,
            "p99": 107.42037191999998
        },
        "handleResult": {
            "n": 50,
            "mean": 5.37460188,
            "median": 2.445626,
            "std": 5.477557677556572,
            "min": 1.388744,
            "max": 16.823563,
            "p25": 1.716798,
            "p50": 2.445626,
            "p75": 5.074418,
            "p90": 15.898475999999999,
            "p95": 16.20718405,
            "p99": 16.79350493
        },
        "Total test time": {
            "n": 10,
            "mean": 629.9171627,
            "median": 625.188555,
            "std": 15.89366366267654,
            "min": 615.124511,
            "max": 672.8017209999999,
            "p25": 621.20595675,
            "p50": 625.188555,
            "p75": 629.68036625,
            "p90": 644.0859664,
            "p95": 658.4438436999999,
            "p99": 669.9301455399999
        },
        "getExpectedBehaviours": {
            "n": 80,
            "mean": 0.24153324999999998,
            "median": 0.2359715,
            "std": 0.09339975046681068,
            "min": 0.121793,
            "max": 0.529644,
            "p25": 0.159934,
            "p50": 0.2359715,
            "p75": 0.28983525,
            "p90": 0.3599130000000002,
            "p95": 0.43277299999999996,
            "p99": 0.49957580999999973
        },
        "getExpectedPoints": {
            "n": 80,
            "mean": 0.3695387,
            "median": 0.3315135,
            "std": 0.33473716761391314,
            "min": 0.149513,
            "max": 3.224852,
            "p25": 0.2709445,
            "p50": 0.3315135,
            "p75": 0.38485,
            "p90": 0.4516022000000004,
            "p95": 0.5013186,
            "p99": 1.192777659999984
        }
    }
}