{
  "stats" : {
    "nextFaultload" : {
      "count" : 10,
      "average" : {
        "ns" : 3967588.2,
        "us" : 3967.5882,
        "ms" : 3.9675882000000002,
        "s" : 0.0039675882
      },
      "min" : {
        "ns" : 2121911,
        "us" : 2121.911,
        "ms" : 2.121911,
        "s" : 0.002121911
      },
      "max" : {
        "ns" : 10872562,
        "us" : 10872.562,
        "ms" : 10.872562,
        "s" : 0.010872562
      }
    },
    "Per test" : {
      "count" : 9,
      "average" : {
        "ns" : 5.7484009666666664E7,
        "us" : 57484.009666666665,
        "ms" : 57.484009666666665,
        "s" : 0.05748400966666666
      },
      "min" : {
        "ns" : 28861580,
        "us" : 28861.58,
        "ms" : 28.86158,
        "s" : 0.02886158
      },
      "max" : {
        "ns" : 250277783,
        "us" : 250277.783,
        "ms" : 250.277783,
        "s" : 0.250277783
      }
    },
    "registerFaultload" : {
      "count" : 9,
      "average" : {
        "ns" : 1.9634523E7,
        "us" : 19634.523,
        "ms" : 19.634523,
        "s" : 0.019634523
      },
      "min" : {
        "ns" : 3885062,
        "us" : 3885.062,
        "ms" : 3.885062,
        "s" : 0.003885062
      },
      "max" : {
        "ns" : 121699077,
        "us" : 121699.077,
        "ms" : 121.699077,
        "s" : 0.121699077
      }
    },
    "testMethod" : {
      "count" : 9,
      "average" : {
        "ns" : 2.8758405E7,
        "us" : 28758.405,
        "ms" : 28.758405,
        "s" : 0.028758405
      },
      "min" : {
        "ns" : 17194435,
        "us" : 17194.435,
        "ms" : 17.194435,
        "s" : 0.017194435
      },
      "max" : {
        "ns" : 105702828,
        "us" : 105702.828,
        "ms" : 105.702828,
        "s" : 0.105702828
      }
    },
    "getTraceWithDelay" : {
      "count" : 9,
      "average" : {
        "ns" : 2.6806974666666668E7,
        "us" : 26806.97466666667,
        "ms" : 26.80697466666667,
        "s" : 0.026806974666666667
      },
      "min" : {
        "ns" : 13455507,
        "us" : 13455.507,
        "ms" : 13.455507,
        "s" : 0.013455507
      },
      "max" : {
        "ns" : 104205504,
        "us" : 104205.504,
        "ms" : 104.205504,
        "s" : 0.104205504
      }
    },
    "getTrace" : {
      "count" : 9,
      "average" : {
        "ns" : 1.7463124666666668E7,
        "us" : 17463.124666666667,
        "ms" : 17.46312466666667,
        "s" : 0.017463124666666666
      },
      "min" : {
        "ns" : 7628519,
        "us" : 7628.519,
        "ms" : 7.628519,
        "s" : 0.007628519
      },
      "max" : {
        "ns" : 80547834,
        "us" : 80547.834,
        "ms" : 80.547834,
        "s" : 0.080547834
      }
    },
    "handleResult" : {
      "count" : 9,
      "average" : {
        "ns" : 4632812.444444444,
        "us" : 4632.812444444444,
        "ms" : 4.632812444444444,
        "s" : 0.004632812444444444
      },
      "min" : {
        "ns" : 1531533,
        "us" : 1531.533,
        "ms" : 1.531533,
        "s" : 0.001531533
      },
      "max" : {
        "ns" : 18173383,
        "us" : 18173.383,
        "ms" : 18.173383,
        "s" : 0.018173383
      }
    },
    "StrategyRunner.analyze" : {
      "count" : 9,
      "average" : {
        "ns" : 4583243.111111111,
        "us" : 4583.243111111111,
        "ms" : 4.583243111111111,
        "s" : 0.004583243111111111
      },
      "min" : {
        "ns" : 1495502,
        "us" : 1495.502,
        "ms" : 1.495502,
        "s" : 0.001495502
      },
      "max" : {
        "ns" : 17830053,
        "us" : 17830.053,
        "ms" : 17.830053,
        "s" : 0.017830053
      }
    },
    "DynamicExplorationGenerator.handleFeedback<Analyzer>" : {
      "count" : 9,
      "average" : {
        "ns" : 1064839.4444444445,
        "us" : 1064.8394444444446,
        "ms" : 1.0648394444444444,
        "s" : 0.0010648394444444445
      },
      "min" : {
        "ns" : 100862,
        "us" : 100.862,
        "ms" : 0.100862,
        "s" : 1.00862E-4
      },
      "max" : {
        "ns" : 7379883,
        "us" : 7379.883,
        "ms" : 7.379883,
        "s" : 0.007379883
      }
    },
    "HappyPathDetector.handleFeedback<Analyzer>" : {
      "count" : 9,
      "average" : {
        "ns" : 65406.333333333336,
        "us" : 65.40633333333334,
        "ms" : 0.06540633333333333,
        "s" : 6.540633333333334E-5
      },
      "min" : {
        "ns" : 3270,
        "us" : 3.27,
        "ms" : 0.00327,
        "s" : 3.27E-6
      },
      "max" : {
        "ns" : 556596,
        "us" : 556.596,
        "ms" : 0.556596,
        "s" : 5.56596E-4
      }
    },
    "ParentChildDetector.handleFeedback<Analyzer>" : {
      "count" : 9,
      "average" : {
        "ns" : 371292.8888888889,
        "us" : 371.29288888888885,
        "ms" : 0.3712928888888889,
        "s" : 3.712928888888889E-4
      },
      "min" : {
        "ns" : 47971,
        "us" : 47.971,
        "ms" : 0.047971,
        "s" : 4.7971E-5
      },
      "max" : {
        "ns" : 2680928,
        "us" : 2680.928,
        "ms" : 2.680928,
        "s" : 0.002680928
      }
    },
    "HappensBeforeNeighbourDetector.handleFeedback<Analyzer>" : {
      "count" : 9,
      "average" : {
        "ns" : 931214.8888888889,
        "us" : 931.2148888888888,
        "ms" : 0.9312148888888889,
        "s" : 9.312148888888889E-4
      },
      "min" : {
        "ns" : 14890,
        "us" : 14.89,
        "ms" : 0.01489,
        "s" : 1.489E-5
      },
      "max" : {
        "ns" : 2753226,
        "us" : 2753.226,
        "ms" : 2.753226,
        "s" : 0.002753226
      }
    },
    "ErrorPropagationDetector.handleFeedback<Analyzer>" : {
      "count" : 9,
      "average" : {
        "ns" : 240161.55555555556,
        "us" : 240.16155555555557,
        "ms" : 0.24016155555555557,
        "s" : 2.4016155555555557E-4
      },
      "min" : {
        "ns" : 13531,
        "us" : 13.531,
        "ms" : 0.013531,
        "s" : 1.3531E-5
      },
      "max" : {
        "ns" : 638958,
        "us" : 638.958,
        "ms" : 0.638958,
        "s" : 6.38958E-4
      }
    },
    "ConditionalPointDetector.handleFeedback<Analyzer>" : {
      "count" : 9,
      "average" : {
        "ns" : 1116512.7777777778,
        "us" : 1116.5127777777777,
        "ms" : 1.1165127777777777,
        "s" : 0.0011165127777777778
      },
      "min" : {
        "ns" : 205466,
        "us" : 205.466,
        "ms" : 0.205466,
        "s" : 2.05466E-4
      },
      "max" : {
        "ns" : 4796837,
        "us" : 4796.837,
        "ms" : 4.796837,
        "s" : 0.004796837
      }
    },
    "RedundancyAnalyzer.handleFeedback<Analyzer>" : {
      "count" : 9,
      "average" : {
        "ns" : 68805.22222222222,
        "us" : 68.80522222222221,
        "ms" : 0.06880522222222221,
        "s" : 6.880522222222222E-5
      },
      "min" : {
        "ns" : 19950,
        "us" : 19.95,
        "ms" : 0.01995,
        "s" : 1.995E-5
      },
      "max" : {
        "ns" : 315039,
        "us" : 315.039,
        "ms" : 0.315039,
        "s" : 3.15039E-4
      }
    },
    "StatusAnalyzer.handleFeedback<Analyzer>" : {
      "count" : 9,
      "average" : {
        "ns" : 59955.333333333336,
        "us" : 59.955333333333336,
        "ms" : 0.05995533333333333,
        "s" : 5.995533333333334E-5
      },
      "min" : {
        "ns" : 4820,
        "us" : 4.82,
        "ms" : 0.00482,
        "s" : 4.82E-6
      },
      "max" : {
        "ns" : 491655,
        "us" : 491.655,
        "ms" : 0.491655,
        "s" : 4.91655E-4
      }
    },
    "BehaviorAnalyzer.handleFeedback<Analyzer>" : {
      "count" : 9,
      "average" : {
        "ns" : 368288.3333333333,
        "us" : 368.2883333333333,
        "ms" : 0.36828833333333333,
        "s" : 3.682883333333333E-4
      },
      "min" : {
        "ns" : 97352,
        "us" : 97.352,
        "ms" : 0.097352,