{
  "stats" : {
    "nextFaultload" : {
      "count" : 9,
      "average" : {
        "ns" : 2191107.111111111,
        "us" : 2191.107111111111,
        "ms" : 2.191107111111111,
        "s" : 0.002191107111111111
      },
      "min" : {
        "ns" : 18160,
        "us" : 18.16,
        "ms" : 0.01816,
        "s" : 1.816E-5
      },
      "max" : {
        "ns" : 3871577,
        "us" : 3871.577,
        "ms" : 3.871577,
        "s" : 0.003871577
      }
    },
    "Per test" : {
      "count" : 8,
      "average" : {
        "ns" : 1.44315328375E8,
        "us" : 144315.328375,
        "ms" : 144.315328375,
        "s" : 0.144315328375
      },
      "min" : {
        "ns" : 52944482,
        "us" : 52944.482,
        "ms" : 52.944482,
        "s" : 0.052944482
      },
      "max" : {
        "ns" : 533746300,
        "us" : 533746.3,
        "ms" : 533.7463,
        "s" : 0.5337463
      }
    },
    "registerFaultload" : {
      "count" : 8,
      "average" : {
        "ns" : 2.005494275E7,
        "us" : 20054.94275,
        "ms" : 20.05494275,
        "s" : 0.02005494275
      },
      "min" : {
        "ns" : 2997629,
        "us" : 2997.629,
        "ms" : 2.997629,
        "s" : 0.002997629
      },
      "max" : {
        "ns" : 119159274,
        "us" : 119159.274,
        "ms" : 119.159274,
        "s" : 0.119159274
      }
    },
    "testMethod" : {
      "count" : 8,
      "average" : {
        "ns" : 9.712801575E7,
        "us" : 97128.01575,
        "ms" : 97.12801575,
        "s" : 0.09712801575
      },
      "min" : {
        "ns" : 37007607,
        "us" : 37007.607,
        "ms" : 37.007607,
        "s" : 0.037007607
      },
      "max" : {
        "ns" : 312771542,
        "us" : 312771.542,
        "ms" : 312.771542,
        "s" : 0.312771542
      }
    },
    "getTraceWithDelay" : {
      "count" : 8,
      "average" : {
        "ns" : 2.7127747625E7,
        "us" : 27127.747625,
        "ms" : 27.127747625,
        "s" : 0.027127747625
      },
      "min" : {
        "ns" : 11309611,
        "us" : 11309.611,
        "ms" : 11.309611,
        "s" : 0.011309611
      },
      "max" : {
        "ns" : 101728273,
        "us" : 101728.273,
        "ms" : 101.728273,
        "s" : 0.101728273
      }
    },
    "getTrace" : {
      "count" : 8,
      "average" : {
        "ns" : 1.7936118625E7,
        "us" : 17936.118625,
        "ms" : 17.936118625,
        "s" : 0.017936118625
      },
      "min" : {
        "ns" : 6628015,
        "us" : 6628.015,
        "ms" : 6.628015,
        "s" : 0.006628015
      },
      "max" : {
        "ns" : 82895159,
        "us" : 82895.159,
        "ms" : 82.895159,
        "s" : 0.082895159
      }
    },
    "handleResult" : {
      "count" : 8,
      "average" : {
        "ns" : 5777998.75,
        "us" : 5777.99875,
        "ms" : 5.77799875,
        "s" : 0.00577799875
      },
      "min" : {
        "ns" : 1378774,
        "us" : 1378.774,
        "ms" : 1.378774,
        "s" : 0.001378774
      },
      "max" : {
        "ns" : 16757056,
        "us" : 16757.056,
        "ms" : 16.757056,
        "s" : 0.016757056
      }
    },
    "StrategyRunner.analyze" : {
      "count" : 8,
      "average" : {
        "ns" : 5726930.75,
        "us" : 5726.93075,
        "ms" : 5.72693075,
        "s" : 0.00572693075
      },
      "min" : {
        "ns" : 1367024,
        "us" : 1367.024,
        "ms" : 1.367024,
        "s" : 0.001367024
      },
      "max" : {
        "ns" : 16745906,
        "us" : 16745.906,
        "ms" : 16.745906,
        "s" : 0.016745906
      }
    },
    "DynamicExplorationGenerator.handleFeedback<Analyzer>" : {
      "count" : 8,
      "average" : {
        "ns" : 1022562.625,
        "us" : 1022.562625,
        "ms" : 1.022562625,
        "s" : 0.001022562625
      },
      "min" : {
        "ns" : 81471,
        "us" : 81.471,
        "ms" : 0.081471,
        "s" : 8.1471E-5
      },
      "max" : {
        "ns" : 5681976,
        "us" : 5681.976,
        "ms" : 5.681976,
        "s" : 0.005681976
      }
    },
    "HappyPathDetector.handleFeedback<Analyzer>" : {
      "count" : 8,
      "average" : {
        "ns" : 56529.25,
        "us" : 56.52925,
        "ms" : 0.05652925,
        "s" : 5.652925E-5
      },
      "min" : {
        "ns" : 3000,
        "us" : 3.0,
        "ms" : 0.003,
        "s" : 3.0E-6
      },
      "max" : {
        "ns" : 424624,
        "us" : 424.624,
        "ms" : 0.424624,
        "s" : 4.24624E-4
      }
    },
    "ParentChildDetector.handleFeedback<Analyzer>" : {
      "count" : 8,
      "average" : {
        "ns" : 347516.125,
        "us" : 347.516125,
        "ms" : 0.347516125,
        "s" : 3.47516125E-4
      },
      "min" : {
        "ns" : 45260,
        "us" : 45.26,
        "ms" : 0.04526,
        "s" : 4.526E-5
      },
      "max" : {
        "ns" : 2166462,
        "us" : 2166.462,
        "ms" : 2.166462,
        "s" : 0.002166462
      }
    },
    "HappensBeforeNeighbourDetector.handleFeedback<Analyzer>" : {
      "count" : 8,
      "average" : {
        "ns" : 428650.375,
        "us" : 428.650375,
        "ms" : 0.428650375,
        "s" : 4.28650375E-4
      },
      "min" : {
        "ns" : 14150,
        "us" : 14.15,
        "ms" : 0.01415,
        "s" : 1.415E-5
      },
      "max" : {
        "ns" : 1419374,
        "us" : 1419.374,
        "ms" : 1.419374,
        "s" : 0.001419374
      }
    },
    "ErrorPropagationDetector.handleFeedback<Analyzer>" : {
      "count" : 8,
      "average" : {
        "ns" : 219479.625,
        "us" : 219.479625,
        "ms" : 0.219479625,
        "s" : 2.19479625E-4
      },
      "min" : {
        "ns" : 14010,
        "us" : 14.01,
        "ms" : 0.01401,
        "s" : 1.401E-5
      },
      "max" : {
        "ns" : 674446,
        "us" : 674.446,
        "ms" : 0.674446,
        "s" : 6.74446E-4
      }
    },
    "ConditionalPointDetector.handleFeedback<Analyzer>" : {
      "count" : 8,
      "average" : {
        "ns" : 924501.875,
        "us" : 924.501875,
        "ms" : 0.924501875,
        "s" : 9.24501875E-4
      },
      "min" : {
        "ns" : 156651,
        "us" : 156.651,
        "ms" : 0.156651,
        "s" : 1.56651E-4
      },
      "max" : {
        "ns" : 4975769,
        "us" : 4975.769,
        "ms" : 4.975769,
        "s" : 0.004975769
      }
    },
    "RedundancyAnalyzer.handleFeedback<Analyzer>" : {
      "count" : 8,
      "average" : {
        "ns" : 64833.0,
        "us" : 64.833,
        "ms" : 0.064833,
        "s" : 6.4833E-5
      },
      "min" : {
        "ns" : 22120,
        "us" : 22.12,
        "ms" : 0.02212,
        "s" : 2.212E-5
      },
      "max" : {
        "ns" : 228362,
        "us" : 228.362,
        "ms" : 0.228362,
        "s" : 2.28362E-4
      }
    },
    "StatusAnalyzer.handleFeedback<Analyzer>" : {
      "count" : 8,
      "average" : {
        "ns" : 26904.0,
        "us" : 26.904,
        "ms" : 0.026904,
        "s" : 2.6904E-5
      },
      "min" : {
        "ns" : 4370,
        "us" : 4.37,
        "ms" : 0.00437,
        "s" : 4.37E-6
      },
      "max" : {
        "ns" : 171922,
        "us" : 171.922,
        "ms" : 0.171922,
        "s" : 1.71922E-4
      }
    },
    "BehaviorAnalyzer.handleFeedback<Analyzer>" : {
      "count" : 8,
      "average" : {
        "ns" : 315829.375,
        "us" : 315.829375,
        "ms" : 0.315829375,
        "s" : 3.15829375E-4
      },
      "min" : {
        "ns" : 92341,
        "us" : 92.341,
        "ms" : 0.092341,
        "s" : 9.2341E-5
      },
      "max" : {
        "ns" : 948179,
        "us" : 948.179,
        "ms" : 0.948179,
        "s" : 9.48179E-4
      }
    },
    "TimingAnalyzer.handleFeedback<Analyzer>" : {
      "count" : 8,
      "average" : {
        "ns" : 212212.125,
        "us" : 212.212125,
        "ms" : 0.212212125,
        "s" : 2.12212125E-4
      },
      "min" : {
        "ns" : 55651,
        "us" : 55.651,