{
    "per_key": {
        "nextFaultload": {
            "n": 280,
            "mean": 2.6453947464285714,
            "median": 2.1148594999999997,
            "std": 2.7928779176408085,
            "min": 0.020260999999999998,
            "max": 16.886457,
            "p25": 1.2452934999999998,
            "p50": 2.1148594999999997,
            "p75": 2.85420675,
            "p90": 3.794015699999999,
            "p95": 5.236850800000003,
            "p99": 16.267371459999993
        },
        "Per test": {
            "n": 270,
            "mean": 46.083070255555555,
            "median": 36.8804945,
            "std": 40.5303301455278,
            "min": 22.263467,
            "max": 251.036834,
            "p25": 28.093938499999997,
            "p50": 36.8804945,
            "p75": 45.02609175,
            "p90": 53.978173199999986,
            "p95": 85.83758309999997,
            "p99": 244.00631729
        },
        "registerFaultload": {
            "n": 270,
            "mean": 8.219129448148147,
            "median": 3.474595,
            "std": 21.244098108318035,
            "min": 2.817592,
            "max": 125.302053,
            "p25": 3.2197775,
            "p50": 3.474595,
            "p75": 3.858983,
            "p90": 4.6764816,
            "p95": 17.836582899999993,
            "p99": 116.95077403
        },
        "unregisterFautload": {
            "n": 270,
            "mean": 3.1113370333333332,
            "median": 2.985746,
            "std": 0.6594011632193896,
            "min": 2.185847,
            "max": 8.437617999999999,
            "p25": 2.7572475,
            "p50": 2.985746,
            "p75": 3.2917959999999997,
            "p90": 3.6416690999999997,
            "p95": 3.83762555,
            "p99": 5.539289230000005
        },
        "testMethod": {
            "n": 270,
            "mean": 31.217055192592596,
            "median": 27.3116865,
            "std": 16.937173389189454,
            "min": 15.763506,
            "max": 111.15983,
            "p25": 19.932306249999996,
            "p50": 27.3116865,
            "p75": 34.7389775,
            "p90": 41.714344399999995,
            "p95": 49.48897134999993,
            "p99": 107.10020354
        },
        "getTraceWithDelay": {
            "n": 270,
            "mean": 16.98782708888889,
            "median": 13.069548,
            "std": 16.990110268349238,
            "min": 7.365213,
            "max": 101.719365,
            "p25": 10.1861085,
            "p50": 13.069548,
            "p75": 15.35449725,
            "p90": 19.926663199999997,
            "p95": 39.00175844999999,
            "p99": 98.84957594
        },
        "handleResult": {
            "n": 270,
            "mean": 3.512677837037037,
            "median": 2.0749269999999997,
            "std": 4.578956621887012,
            "min": 0.948986,
            "max": 23.121906,
            "p25": 1.3129039999999998,
            "p50": 2.0749269999999997,
            "p75": 3.3294825,
            "p90": 5.155436699999999,
            "p95": 16.749870899999987,
            "p99": 21.823752510000002
        },
        "Total test time": {
            "n": 10,
            "mean": 1610.7490543,
            "median": 1607.4488769999998,
            "std": 15.19517073335214,
            "min": 1592.043984,
            "max": 1643.0242289999999,
            "p25": 1603.34576075,
            "p50": 1607.4488769999998,
            "p75": 1611.732802,
            "p90": 1634.1795564,
            "p95": 1638.6018927,
            "p99": 1642.1397617399998
        },
        "getExpectedBehaviours": {
            "n": 900,
            "mean": 0.21870225999999998,
            "median": 0.167095,
            "std": 0.23102317581893325,
            "min": 0.036663,
            "max": 5.400856,
            "p25": 0.098591,
            "p50": 0.167095,
            "p75": 0.2852595,
            "p90": 0.42991510000000005,
            "p95": 0.5268320499999997,
            "p99": 0.7248405299999995
        },
        "getExpectedPoints": {
            "n": 900,
            "mean": 0.2778350155555555,
            "median": 0.2044765,
            "std": 0.2612908997910689,
            "min": 0.042183,
            "max": 2.490021,
            "p25": 0.1353905,
            "p50": 0.2044765,
            "p75": 0.34019,
            "p90": 0.530085,
            "p95": 0.6580196499999996,
            "p99": 1.5446542499999993
        }
    }
}