{
  "stats" : {
    "nextFaultload" : {
      "count" : 10,
      "average" : {
        "ns" : 3623858.5,
        "us" : 3623.8585,
        "ms" : 3.6238585,
        "s" : 0.0036238585
      },
      "min" : {
        "ns" : 1706235,
        "us" : 1706.235,
        "ms" : 1.706235,
        "s" : 0.001706235
      },
      "max" : {
        "ns" : 9711396,
        "us" : 9711.396,
        "ms" : 9.711396,
        "s" : 0.009711396
      }
    },
    "Per test" : {
      "count" : 9,
      "average" : {
        "ns" : 6.1324628777777776E7,
        "us" : 61324.628777777776,
        "ms" : 61.324628777777775,
        "s" : 0.06132462877777778
      },
      "min" : {
        "ns" : 30146100,
        "us" : 30146.1,
        "ms" : 30.1461,
        "s" : 0.0301461
      },
      "max" : {
        "ns" : 237681791,
        "us" : 237681.791,
        "ms" : 237.681791,
        "s" : 0.237681791
      }
    },
    "registerFaultload" : {
      "count" : 9,
      "average" : {
        "ns" : 1.7572598666666668E7,
        "us" : 17572.59866666667,
        "ms" : 17.572598666666668,
        "s" : 0.017572598666666668
      },
      "min" : {
        "ns" : 3044371,
        "us" : 3044.371,
        "ms" : 3.044371,
        "s" : 0.003044371
      },
      "max" : {
        "ns" : 114130553,
        "us" : 114130.553,
        "ms" : 114.130553,
        "s" : 0.114130553
      }
    },
    "testMethod" : {
      "count" : 9,
      "average" : {
        "ns" : 1.6386624444444444E7,
        "us" : 16386.624444444446,
        "ms" : 16.386624444444443,
        "s" : 0.016386624444444445
      },
      "min" : {
        "ns" : 12151165,
        "us" : 12151.165,
        "ms" : 12.151165,
        "s" : 0.012151165
      },
      "max" : {
        "ns" : 22877573,
        "us" : 22877.573,
        "ms" : 22.877573,
        "s" : 0.022877573
      }
    },
    "getTraceWithDelay" : {
      "count" : 9,
      "average" : {
        "ns" : 2.7370020333333332E7,
        "us" : 27370.020333333334,
        "ms" : 27.370020333333333,
        "s" : 0.02737002033333333
      },
      "min" : {
        "ns" : 13326560,
        "us" : 13326.56,
        "ms" : 13.32656,
        "s" : 0.01332656
      },
      "max" : {
        "ns" : 100609664,
        "us" : 100609.664,
        "ms" : 100.609664,
        "s" : 0.100609664
      }
    },
    "getTrace" : {
      "count" : 9,
      "average" : {
        "ns" : 1.7586078444444444E7,
        "us" : 17586.078444444443,
        "ms" : 17.586078444444443,
        "s" : 0.017586078444444445
      },
      "min" : {
        "ns" : 7618034,
        "us" : 7618.034,
        "ms" : 7.618034,
        "s" : 0.007618034
      },
      "max" : {
        "ns" : 79369427,
        "us" : 79369.427,
        "ms" : 79.369427,
        "s" : 0.079369427
      }
    },
    "handleResult" : {
      "count" : 9,
      "average" : {
        "ns" : 6593751.333333333,
        "us" : 6593.751333333333,
        "ms" : 6.593751333333333,
        "s" : 0.006593751333333333
      },
      "min" : {
        "ns" : 2257485,
        "us" : 2257.485,
        "ms" : 2.257485,
        "s" : 0.002257485
      },
      "max" : {
        "ns" : 17527191,
        "us" : 17527.191,
        "ms" : 17.527191,
        "s" : 0.017527191
      }
    },
    "StrategyRunner.analyze" : {
      "count" : 9,
      "average" : {
        "ns" : 6547678.0,
        "us" : 6547.678,
        "ms" : 6.547678,
        "s" : 0.006547678
      },
      "min" : {
        "ns" : 2246115,
        "us" : 2246.115,
        "ms" : 2.246115,
        "s" : 0.002246115
      },
      "max" : {
        "ns" : 17321787,
        "us" : 17321.787,
        "ms" : 17.321787,
        "s" : 0.017321787
      }
    },
    "DynamicExplorationGenerator.handleFeedback<Analyzer>" : {
      "count" : 9,
      "average" : {
        "ns" : 1112525.3333333333,
        "us" : 1112.5253333333333,
        "ms" : 1.1125253333333334,
        "s" : 0.0011125253333333332
      },
      "min" : {
        "ns" : 87062,
        "us" : 87.062,
        "ms" : 0.087062,
        "s" : 8.7062E-5
      },
      "max" : {
        "ns" : 6190643,
        "us" : 6190.643,
        "ms" : 6.190643,
        "s" : 0.006190643
      }
    },
    "HappyPathDetector.handleFeedback<Analyzer>" : {
      "count" : 9,
      "average" : {
        "ns" : 90324.11111111111,
        "us" : 90.32411111111111,
        "ms" : 0.0903241111111111,
        "s" : 9.032411111111111E-5
      },
      "min" : {
        "ns" : 3271,
        "us" : 3.271,
        "ms" : 0.003271,
        "s" : 3.271E-6
      },
      "max" : {
        "ns" : 780286,
        "us" : 780.286,
        "ms" : 0.780286,
        "s" : 7.80286E-4
      }
    },
    "ParentChildDetector.handleFeedback<Analyzer>" : {
      "count" : 9,
      "average" : {
        "ns" : 465160.55555555556,
        "us" : 465.16055555555556,
        "ms" : 0.4651605555555556,
        "s" : 4.6516055555555555E-4
      },
      "min" : {
        "ns" : 56521,
        "us" : 56.521,
        "ms" : 0.056521,
        "s" : 5.6521E-5
      },
      "max" : {
        "ns" : 3098013,
        "us" : 3098.013,
        "ms" : 3.098013,
        "s" : 0.003098013
      }
    },
    "HappensBeforeNeighbourDetector.handleFeedback<Analyzer>" : {
      "count" : 9,
      "average" : {
        "ns" : 573185.2222222222,
        "us" : 573.1852222222223,
        "ms" : 0.5731852222222222,
        "s" : 5.731852222222222E-4
      },
      "min" : {
        "ns" : 47941,
        "us" : 47.941,
        "ms" : 0.047941,
        "s" : 4.7941E-5
      },
      "max" : {
        "ns" : 1165624,
        "us" : 1165.624,
        "ms" : 1.165624,
        "s" : 0.001165624
      }
    },
    "ErrorPropagationDetector.handleFeedback<Analyzer>" : {
      "count" : 9,
      "average" : {
        "ns" : 165049.33333333334,
        "us" : 165.04933333333335,
        "ms" : 0.16504933333333335,
        "s" : 1.6504933333333333E-4
      },
      "min" : {
        "ns" : 4030,
        "us" : 4.03,
        "ms" : 0.00403,
        "s" : 4.03E-6
      },
      "max" : {
        "ns" : 934123,
        "us" : 934.123,
        "ms" : 0.934123,
        "s" : 9.34123E-4
      }
    },
    "ConditionalPointDetector.handleFeedback<Analyzer>" : {
      "count" : 9,
      "average" : {
        "ns" : 1665379.111111111,
        "us" : 1665.3791111111111,
        "ms" : 1.665379111111111,
        "s" : 0.001665379111111111
      },
      "min" : {
        "ns" : 260175,
        "us" : 260.175,
        "ms" : 0.260175,
        "s" : 2.60175E-4
      },
      "max" : {
        "ns" : 5280606,
        "us" : 5280.606,
        "ms" : 5.280606,
        "s" : 0.005280606
      }
    },
    "RedundancyAnalyzer.handleFeedback<Analyzer>" : {
      "count" : 9,
      "average" : {
        "ns" : 41116.444444444445,
        "us" : 41.11644444444445,
        "ms" : 0.04111644444444445,
        "s" : 4.111644444444445E-5
      },
      "min" : {
        "ns" : 18460,
        "us" : 18.46,
        "ms" : 0.01846,
        "s" : 1.846E-5
      },
      "max" : {
        "ns" : 126192,
        "us" : 126.192,
        "ms" : 0.126192,
        "s" : 1.26192E-4
      }
    },
    "StatusAnalyzer.handleFeedback<Analyzer>" : {
      "count" : 9,
      "average" : {
        "ns" : 32994.0,
        "us" : 32.994,
        "ms" : 0.032994,
        "s" : 3.2994E-5
      },
      "min" : {
        "ns" : 4440,
        "us" : 4.44,
        "ms" : 0.00444,
        "s" : 4.44E-6
      },
      "max" : {
        "ns" : 251735,
        "us" : 251.735,
        "ms" : 0.251735,
        "s" : 2.51735E-4
      }
    },
    "BehaviorAnalyzer.handleFeedback<Analyzer>" : {
      "count" : 9,
      "average" : {
        "ns" : 311260.77777777775,
        "us" : 311.2607777777778,
        "ms" : 0.3112607777777778,
        "s" : 3.1126077777777773E-4
      },
      "min" : {
        "ns" : 103062,
        "us" : 103.062,
        "ms" : 0.103062,
        "s" : 1.03062E-4
      },