{
  "stats" : {
    "nextFaultload" : {
      "count" : 10,
      "average" : {
        "ns" : 3428052.6,
        "us" : 3428.0526,
        "ms" : 3.4280526,
        "s" : 0.0034280526
      },
      "min" : {
        "ns" : 1924997,
        "us" : 1924.997,
        "ms" : 1.924997,
        "s" : 0.001924997
      },
      "max" : {
        "ns" : 9866497,
        "us" : 9866.497,
        "ms" : 9.866497,
        "s" : 0.009866497
      }
    },
    "Per test" : {
      "count" : 9,
      "average" : {
        "ns" : 5.7411856E7,
        "us" : 57411.856,
        "ms" : 57.411856,
        "s" : 0.057411856
      },
      "min" : {
        "ns" : 28337226,
        "us" : 28337.226,
        "ms" : 28.337226,
        "s" : 0.028337226
      },
      "max" : {
        "ns" : 233990076,
        "us" : 233990.076,
        "ms" : 233.990076,
        "s" : 0.233990076
      }
    },
    "registerFaultload" : {
      "count" : 9,
      "average" : {
        "ns" : 1.7147874111111112E7,
        "us" : 17147.874111111112,
        "ms" : 17.14787411111111,
        "s" : 0.01714787411111111
      },
      "min" : {
        "ns" : 2756039,
        "us" : 2756.039,
        "ms" : 2.756039,
        "s" : 0.002756039
      },
      "max" : {
        "ns" : 112682771,
        "us" : 112682.771,
        "ms" : 112.682771,
        "s" : 0.112682771
      }
    },
    "testMethod" : {
      "count" : 9,
      "average" : {
        "ns" : 1.4211115333333334E7,
        "us" : 14211.115333333333,
        "ms" : 14.211115333333334,
        "s" : 0.014211115333333335
      },
      "min" : {
        "ns" : 11714590,
        "us" : 11714.59,
        "ms" : 11.71459,
        "s" : 0.01171459
      },
      "max" : {
        "ns" : 19738994,
        "us" : 19738.994,
        "ms" : 19.738994,
        "s" : 0.019738994
      }
    },
    "getTraceWithDelay" : {
      "count" : 9,
      "average" : {
        "ns" : 2.5816188E7,
        "us" : 25816.188,
        "ms" : 25.816188,
        "s" : 0.025816188
      },
      "min" : {
        "ns" : 12705839,
        "us" : 12705.839,
        "ms" : 12.705839,
        "s" : 0.012705839
      },
      "max" : {
        "ns" : 101303798,
        "us" : 101303.798,
        "ms" : 101.303798,
        "s" : 0.101303798
      }
    },
    "getTrace" : {
      "count" : 9,
      "average" : {
        "ns" : 1.5827652111111112E7,
        "us" : 15827.652111111112,
        "ms" : 15.827652111111112,
        "s" : 0.01582765211111111
      },
      "min" : {
        "ns" : 7028654,
        "us" : 7028.654,
        "ms" : 7.028654,
        "s" : 0.007028654
      },
      "max" : {
        "ns" : 72554552,
        "us" : 72554.552,
        "ms" : 72.554552,
        "s" : 0.072554552
      }
    },
    "handleResult" : {
      "count" : 9,
      "average" : {
        "ns" : 6372454.0,
        "us" : 6372.454,
        "ms" : 6.372454,
        "s" : 0.006372454
      },
      "min" : {
        "ns" : 2464724,
        "us" : 2464.724,
        "ms" : 2.464724,
        "s" : 0.002464724
      },
      "max" : {
        "ns" : 19984906,
        "us" : 19984.906,
        "ms" : 19.984906,
        "s" : 0.019984906
      }
    },
    "StrategyRunner.analyze" : {
      "count" : 9,
      "average" : {
        "ns" : 6206523.444444444,
        "us" : 6206.523444444444,
        "ms" : 6.206523444444444,
        "s" : 0.006206523444444444
      },
      "min" : {
        "ns" : 2366520,
        "us" : 2366.52,
        "ms" : 2.36652,
        "s" : 0.00236652
      },
      "max" : {
        "ns" : 19646889,
        "us" : 19646.889,
        "ms" : 19.646889,
        "s" : 0.019646889
      }
    },
    "DynamicExplorationGenerator.handleFeedback<Analyzer>" : {
      "count" : 9,
      "average" : {
        "ns" : 1079798.7777777778,
        "us" : 1079.7987777777778,
        "ms" : 1.0797987777777778,
        "s" : 0.0010797987777777778
      },
      "min" : {
        "ns" : 80605,
        "us" : 80.605,
        "ms" : 0.080605,
        "s" : 8.0605E-5
      },
      "max" : {
        "ns" : 5599381,
        "us" : 5599.381,
        "ms" : 5.599381,
        "s" : 0.005599381
      }
    },
    "HappyPathDetector.handleFeedback<Analyzer>" : {
      "count" : 9,
      "average" : {
        "ns" : 80426.11111111111,
        "us" : 80.42611111111111,
        "ms" : 0.08042611111111111,
        "s" : 8.042611111111111E-5
      },
      "min" : {
        "ns" : 3000,
        "us" : 3.0,
        "ms" : 0.003,
        "s" : 3.0E-6
      },
      "max" : {
        "ns" : 692935,
        "us" : 692.935,
        "ms" : 0.692935,
        "s" : 6.92935E-4
      }
    },
    "ParentChildDetector.handleFeedback<Analyzer>" : {
      "count" : 9,
      "average" : {
        "ns" : 932069.1111111111,
        "us" : 932.0691111111112,
        "ms" : 0.9320691111111111,
        "s" : 9.320691111111111E-4
      },
      "min" : {
        "ns" : 42702,
        "us" : 42.702,
        "ms" : 0.042702,
        "s" : 4.2702E-5
      },
      "max" : {
        "ns" : 7766191,
        "us" : 7766.191,
        "ms" : 7.766191,
        "s" : 0.007766191
      }
    },
    "HappensBeforeNeighbourDetector.handleFeedback<Analyzer>" : {
      "count" : 9,
      "average" : {
        "ns" : 545016.5555555555,
        "us" : 545.0165555555556,
        "ms" : 0.5450165555555555,
        "s" : 5.450165555555555E-4
      },
      "min" : {
        "ns" : 13300,
        "us" : 13.3,
        "ms" : 0.0133,
        "s" : 1.33E-5
      },
      "max" : {
        "ns" : 1182960,
        "us" : 1182.96,
        "ms" : 1.18296,
        "s" : 0.00118296
      }
    },
    "ErrorPropagationDetector.handleFeedback<Analyzer>" : {
      "count" : 9,
      "average" : {
        "ns" : 329894.3333333333,
        "us" : 329.8943333333333,
        "ms" : 0.3298943333333333,
        "s" : 3.2989433333333333E-4
      },
      "min" : {
        "ns" : 3800,
        "us" : 3.8,
        "ms" : 0.0038,
        "s" : 3.8E-6
      },
      "max" : {
        "ns" : 1582980,
        "us" : 1582.98,
        "ms" : 1.58298,
        "s" : 0.00158298
      }
    },
    "ConditionalPointDetector.handleFeedback<Analyzer>" : {
      "count" : 9,
      "average" : {
        "ns" : 2143141.3333333335,
        "us" : 2143.1413333333335,
        "ms" : 2.1431413333333333,
        "s" : 0.0021431413333333335
      },
      "min" : {
        "ns" : 292615,
        "us" : 292.615,
        "ms" : 0.292615,
        "s" : 2.92615E-4
      },
      "max" : {
        "ns" : 7358971,
        "us" : 7358.971,
        "ms" : 7.358971,
        "s" : 0.007358971
      }
    },
    "RedundancyAnalyzer.handleFeedback<Analyzer>" : {
      "count" : 9,
      "average" : {
        "ns" : 35235.333333333336,
        "us" : 35.23533333333334,
        "ms" : 0.035235333333333334,
        "s" : 3.523533333333334E-5
      },
      "min" : {
        "ns" : 19001,
        "us" : 19.001,
        "ms" : 0.019001,
        "s" : 1.9001E-5
      },
      "max" : {
        "ns" : 89505,
        "us" : 89.505,
        "ms" : 0.089505,
        "s" : 8.9505E-5
      }
    },
    "StatusAnalyzer.handleFeedback<Analyzer>" : {
      "count" : 9,
      "average" : {
        "ns" : 19178.666666666668,
        "us" : 19.17866666666667,
        "ms" : 0.019178666666666667,
        "s" : 1.9178666666666666E-5
      },
      "min" : {
        "ns" : 4400,
        "us" : 4.4,
        "ms" : 0.0044,
        "s" : 4.4E-6
      },
      "max" : {
        "ns" : 128406,
        "us" : 128.406,
        "ms" : 0.128406,
        "s" : 1.28406E-4
      }
    },
    "BehaviorAnalyzer.handleFeedback<Analyzer>" : {
      "count" : 9,
      "average" : {
        "ns" : 537660.4444444445,
        "us" : 537.6604444444445,
        "ms" : 0.5376604444444445,
        "s" : 5.376604444444445E-4
      },
      "min" : {
        "ns" : 291815,
        "us" : 291.815,
        "ms" : 0.291815,
        "s" : 2.91815E-4
      },
      "max" : {
        "ns" : 1315666,
        "us" : 1315.666,