{
  "stats" : {
    "nextFaultload" : {
      "count" : 6,
      "average" : {
        "ns" : 2141883.3333333335,
        "us" : 2141.8833333333337,
        "ms" : 2.1418833333333334,
        "s" : 0.0021418833333333334
      },
      "min" : {
        "ns" : 30721,
        "us" : 30.721,
        "ms" : 0.030721,
        "s" : 3.0721E-5
      },
      "max" : {
        "ns" : 3987868,
        "us" : 3987.868,
        "ms" : 3.987868,
        "s" : 0.003987868
      }
    },
    "Per test" : {
      "count" : 5,
      "average" : {
        "ns" : 7.59228574E7,
        "us" : 75922.85740000001,
        "ms" : 75.92285740000001,
        "s" : 0.0759228574
      },
      "min" : {
        "ns" : 26081762,
        "us" : 26081.762,
        "ms" : 26.081762,
        "s" : 0.026081762
      },
      "max" : {
        "ns" : 245501001,
        "us" : 245501.001,
        "ms" : 245.501001,
        "s" : 0.245501001
      }
    },
    "registerFaultload" : {
      "count" : 5,
      "average" : {
        "ns" : 3.22127136E7,
        "us" : 32212.713600000003,
        "ms" : 32.2127136,
        "s" : 0.0322127136
      },
      "min" : {
        "ns" : 4150302,
        "us" : 4150.302,
        "ms" : 4.150302,
        "s" : 0.004150302
      },
      "max" : {
        "ns" : 126187945,
        "us" : 126187.945,
        "ms" : 126.187945,
        "s" : 0.126187945
      }
    },
    "testMethod" : {
      "count" : 5,
      "average" : {
        "ns" : 3.44873136E7,
        "us" : 34487.3136,
        "ms" : 34.4873136,
        "s" : 0.0344873136
      },
      "min" : {
        "ns" : 17045268,
        "us" : 17045.268,
        "ms" : 17.045268,
        "s" : 0.017045268
      },
      "max" : {
        "ns" : 99155380,
        "us" : 99155.38,
        "ms" : 99.15538,
        "s" : 0.09915538
      }
    },
    "getTraceWithDelay" : {
      "count" : 5,
      "average" : {
        "ns" : 3.39472952E7,
        "us" : 33947.2952,
        "ms" : 33.947295200000006,
        "s" : 0.033947295200000005
      },
      "min" : {
        "ns" : 14558598,
        "us" : 14558.598,
        "ms" : 14.558598,
        "s" : 0.014558598
      },
      "max" : {
        "ns" : 100933058,
        "us" : 100933.058,
        "ms" : 100.933058,
        "s" : 0.100933058
      }
    },
    "getTrace" : {
      "count" : 5,
      "average" : {
        "ns" : 2.4421854E7,
        "us" : 24421.854,
        "ms" : 24.421854,
        "s" : 0.024421854
      },
      "min" : {
        "ns" : 9516054,
        "us" : 9516.054,
        "ms" : 9.516054,
        "s" : 0.009516054
      },
      "max" : {
        "ns" : 79971573,
        "us" : 79971.573,
        "ms" : 79.971573,
        "s" : 0.079971573
      }
    },
    "handleResult" : {
      "count" : 5,
      "average" : {
        "ns" : 5268823.6,
        "us" : 5268.8236,
        "ms" : 5.268823599999999,
        "s" : 0.0052688236
      },
      "min" : {
        "ns" : 1388744,
        "us" : 1388.744,
        "ms" : 1.388744,
        "s" : 0.001388744
      },
      "max" : {
        "ns" : 15583074,
        "us" : 15583.074,
        "ms" : 15.583074,
        "s" : 0.015583074
      }
    },
    "StrategyRunner.analyze" : {
      "count" : 5,
      "average" : {
        "ns" : 5200196.0,
        "us" : 5200.196,
        "ms" : 5.200196,
        "s" : 0.005200196
      },
      "min" : {
        "ns" : 1380504,
        "us" : 1380.504,
        "ms" : 1.380504,
        "s" : 0.001380504
      },
      "max" : {
        "ns" : 15272706,
        "us" : 15272.706,
        "ms" : 15.272706,
        "s" : 0.015272706
      }
    },
    "DynamicExplorationGenerator.handleFeedback<Analyzer>" : {
      "count" : 5,
      "average" : {
        "ns" : 1317992.2,
        "us" : 1317.9922,
        "ms" : 1.3179922,
        "s" : 0.0013179921999999999
      },
      "min" : {
        "ns" : 98032,
        "us" : 98.032,
        "ms" : 0.098032,
        "s" : 9.8032E-5
      },
      "max" : {
        "ns" : 5759731,
        "us" : 5759.731,
        "ms" : 5.759731,
        "s" : 0.005759731
      }
    },
    "HappyPathDetector.handleFeedback<Analyzer>" : {
      "count" : 5,
      "average" : {
        "ns" : 116545.0,
        "us" : 116.545,
        "ms" : 0.116545,
        "s" : 1.16545E-4
      },
      "min" : {
        "ns" : 3601,
        "us" : 3.601,
        "ms" : 0.003601,
        "s" : 3.601E-6
      },
      "max" : {
        "ns" : 566784,
        "us" : 566.784,
        "ms" : 0.566784,
        "s" : 5.66784E-4
      }
    },
    "ParentChildDetector.handleFeedback<Analyzer>" : {
      "count" : 5,
      "average" : {
        "ns" : 644441.8,
        "us" : 644.4418000000001,
        "ms" : 0.6444418000000001,
        "s" : 6.444418E-4
      },
      "min" : {
        "ns" : 52871,
        "us" : 52.871,
        "ms" : 0.052871,
        "s" : 5.2871E-5
      },
      "max" : {
        "ns" : 2615645,
        "us" : 2615.645,
        "ms" : 2.615645,
        "s" : 0.002615645
      }
    },
    "HappensBeforeNeighbourDetector.handleFeedback<Analyzer>" : {
      "count" : 5,
      "average" : {
        "ns" : 481663.8,
        "us" : 481.6638,
        "ms" : 0.4816638,
        "s" : 4.816638E-4
      },
      "min" : {
        "ns" : 9990,
        "us" : 9.99,
        "ms" : 0.00999,
        "s" : 9.99E-6
      },
      "max" : {
        "ns" : 1481727,
        "us" : 1481.727,
        "ms" : 1.481727,
        "s" : 0.001481727
      }
    },
    "ErrorPropagationDetector.handleFeedback<Analyzer>" : {
      "count" : 5,
      "average" : {
        "ns" : 329670.4,
        "us" : 329.67040000000003,
        "ms" : 0.32967040000000003,
        "s" : 3.2967040000000003E-4
      },
      "min" : {
        "ns" : 11211,
        "us" : 11.211,
        "ms" : 0.011211,
        "s" : 1.1211E-5
      },
      "max" : {
        "ns" : 1052966,
        "us" : 1052.966,
        "ms" : 1.052966,
        "s" : 0.001052966
      }
    },
    "ConditionalPointDetector.handleFeedback<Analyzer>" : {
      "count" : 5,
      "average" : {
        "ns" : 1245530.4,
        "us" : 1245.5303999999999,
        "ms" : 1.2455303999999998,
        "s" : 0.0012455303999999998
      },
      "min" : {
        "ns" : 171684,
        "us" : 171.684,
        "ms" : 0.171684,
        "s" : 1.71684E-4
      },
      "max" : {
        "ns" : 4707215,
        "us" : 4707.215,
        "ms" : 4.707215,
        "s" : 0.004707215
      }
    },
    "RedundancyAnalyzer.handleFeedback<Analyzer>" : {
      "count" : 5,
      "average" : {
        "ns" : 105618.6,
        "us" : 105.6186,
        "ms" : 0.1056186,
        "s" : 1.056186E-4
      },
      "min" : {
        "ns" : 24470,
        "us" : 24.47,
        "ms" : 0.02447,
        "s" : 2.447E-5
      },
      "max" : {
        "ns" : 240926,
        "us" : 240.926,
        "ms" : 0.240926,
        "s" : 2.40926E-4
      }
    },
    "StatusAnalyzer.handleFeedback<Analyzer>" : {
      "count" : 5,
      "average" : {
        "ns" : 61901.6,
        "us" : 61.9016,
        "ms" : 0.0619016,
        "s" : 6.19016E-5
      },
      "min" : {
        "ns" : 4980,
        "us" : 4.98,
        "ms" : 0.00498,
        "s" : 4.98E-6
      },
      "max" : {
        "ns" : 277197,
        "us" : 277.197,
        "ms" : 0.277197,
        "s" : 2.77197E-4
      }
    },
    "BehaviorAnalyzer.handleFeedback<Analyzer>" : {
      "count" : 5,
      "average" : {
        "ns" : 434834.8,
        "us" : 434.8348,
        "ms" : 0.43483479999999997,
        "s" : 4.348348E-4
      },
      "min" : {
        "ns" : 145644,
        "us" : 145.644,
        "ms" : 0.145644,
        "s" : 1.45644E-4
      },
      "max" : {
        "ns" : 829160,
        "us" : 829.16,
        "ms" : 0.82916,
        "s" : 8.2916E-4
      }
    },
    "TimingAnalyzer.handleFeedback<Analyzer>" : {
      "count" : 5,
      "average" : {
        "ns" : 293891.2,
        "us" : 293.8912,
        "ms" : 0.2938912,
        "s" : 2.938912E-4
      },