{
    "per_key": {
        "nextFaultload": {
            "n": 100,
            "mean": 3.9027171,
            "median": 3.0852885,
            "std": 2.4499956307464283,
            "min": 1.930102,
            "max": 11.603216,
            "p25": 2.698711,
            "p50": 3.0852885,
            "p75": 3.7532807499999996,
            "p90": 7.319356000000029,
            "p95": 10.70252955,
            "p99": 11.060454440000003
        },
        "Per test": {
            "n": 90,
            "mean": 53.544909222222216,
            "median": 28.564107999999997,
            "std": 65.447415463839,
            "min": 24.806331,
            "max": 242.017927,
            "p25": 27.73929625,
            "p50": 28.564107999999997,
            "p75": 30.371604249999997,
            "p90": 233.49882089999997,
            "p95": 239.2588078,
            "p99": 241.94532703
        },
        "registerFaultload": {
            "n": 90,
            "mean": 18.38844262222222,
            "median": 4.5244785,
            "std": 34.78900951162722,
            "min": 3.3372059999999997,
            "max": 119.647404,
            "p25": 4.03847425,
            "p50": 4.5244785,
            "p75": 5.435598,
            "p90": 114.0456667,
            "p95": 115.37617329999999,
            "p99": 119.34725950999999
        },
        "unregisterFautload": {
            "n": 90,
            "mean": 4.053901211111111,
            "median": 3.9424254999999997,
            "std": 0.7448823054859443,
            "min": 3.2349989999999997,
            "max": 9.918704,
            "p25": 3.7115255,
            "p50": 3.9424254999999997,
            "p75": 4.2134255,
            "p90": 4.6586932,
            "p95": 4.8492032,
            "p99": 5.793039579999997
        },
        "testMethod": {
            "n": 90,
            "mean": 26.889081311111113,
            "median": 17.904746,
            "std": 26.03864685087706,
            "min": 15.304644999999999,
            "max": 105.815778,
            "p25": 17.02789475,
            "p50": 17.904746,
            "p75": 18.63687,
            "p90": 98.7393133,
            "p95": 99.82110469999999,
            "p99": 102.58199504
        },
        "getTraceWithDelay": {
            "n": 90,
            "mean": 25.035349255555552,
            "median": 15.340546499999999,
            "std": 26.52432383490547,
            "min": 12.567357,
            "max": 105.236504,
            "p25": 14.029420749999998,
            "p50": 15.340546499999999,
            "p75": 17.55830825,
            "p90": 97.6495848,
            "p95": 99.32199849999999,
            "p99": 101.71775995
        },
        "handleResult": {
            "n": 90,
            "mean": 4.180384355555556,
            "median": 2.3629455,
            "std": 4.525291492811712,
            "min": 1.5021909999999998,
            "max": 19.326691,
            "p25": 1.859204,
            "p50": 2.3629455,
            "p75": 3.2233735,
            "p90": 15.554617300000002,
            "p95": 16.1377712,
            "p99": 16.772946359999995
        },
        "Total test time": {
            "n": 10,
            "mean": 757.4858125,
            "median": 758.6494064999999,
            "std": 6.062536655658985,
            "min": 749.245639,
            "max": 767.5725639999999,
            "p25": 751.74306525,
            "p50": 758.6494064999999,
            "p75": 761.58921775,
            "p90": 764.6684574999999,
            "p95": 766.12051075,
            "p99": 767.2821533499999
        },
        "getExpectedBehaviours": {
            "n": 320,
            "mean": 0.30103233749999997,
            "median": 0.25866599999999995,
            "std": 0.1381963008598135,
            "min": 0.128208,
            "max": 0.848946,
            "p25": 0.192762,
            "p50": 0.25866599999999995,
            "p75": 0.381648,
            "p90": 0.48645,
            "p95": 0.57062005,
            "p99": 0.70106462
        },
        "getExpectedPoints": {
            "n": 320,
            "mean": 0.39634020625,
            "median": 0.351421,
            "std": 0.19755159127371313,
            "min": 0.140408,
            "max": 1.165772,
            "p25": 0.24139,
            "p50": 0.351421,
            "p75": 0.51017925,
            "p90": 0.6836975000000002,
            "p95": 0.7616120000000001,
            "p99": 0.9033489100000001
        }
    }
}