{
    "per_key": {
        "nextFaultload": {
            "n": 180,
            "mean": 2.4548862,
            "median": 2.3086405,
            "std": 0.9849799921589575,
            "min": 0.487519,
            "max": 5.3643089999999995,
            "p25": 1.9597284999999998,
            "p50": 2.3086405,
            "p75": 2.8433782499999998,
            "p90": 4.0666717,
            "p95": 4.22041425,
            "p99": 4.68580516
        },
        "Per test": {
            "n": 160,
            "mean": 60.92765948125,
            "median": 35.099206499999994,
            "std": 70.02977537475061,
            "min": 24.045748,
            "max": 260.936057,
            "p25": 25.5990285,
            "p50": 35.099206499999994,
            "p75": 49.11008525,
            "p90": 239.8153401,
            "p95": 243.10679104999997,
            "p99": 256.48599300999996
        },
        "registerFaultload": {
            "n": 160,
            "mean": 18.816486012499997,
            "median": 3.6289485,
            "std": 35.523783087139336,
            "min": 2.571304,
            "max": 128.008419,
            "p25": 3.1147982499999998,
            "p50": 3.6289485,
            "p75": 7.860907749999999,
            "p90": 108.37184380000001,
            "p95": 111.36971034999998,
            "p99": 118.81921352999996
        },
        "unregisterFautload": {
            "n": 160,
            "mean": 2.97130198125,
            "median": 2.8828635,
            "std": 0.3432714686210003,
            "min": 2.332191,
            "max": 4.173763,
            "p25": 2.74533525,
            "p50": 2.8828635,
            "p75": 3.13834825,
            "p90": 3.4697069,
            "p95": 3.6298972999999997,
            "p99": 3.900377279999999
        },
        "testMethod": {
            "n": 160,
            "mean": 14.6604250375,
            "median": 15.104844499999999,
            "std": 5.447391719153168,
            "min": 8.551335,
            "max": 32.912528,
            "p25": 9.441029,
            "p50": 15.104844499999999,
            "p75": 16.116817499999996,
            "p90": 25.5114923,
            "p95": 26.3841465,
            "p99": 27.41539704
        },
        "getTraceWithDelay": {
            "n": 160,
            "mean": 27.20406889375,
            "median": 16.349199499999997,
            "std": 29.854306088076058,
            "min": 11.307881,
            "max": 115.123373,
            "p25": 12.759375749999998,
            "p50": 16.349199499999997,
            "p75": 20.457531499999998,
            "p90": 104.3649906,
            "p95": 105.26302584999999,
            "p99": 107.58971978999999
        },
        "handleResult": {
            "n": 160,
            "mean": 6.0997603,
            "median": 3.9568645,
            "std": 6.119848989207226,
            "min": 1.759556,
            "max": 23.450827,
            "p25": 2.18579125,
            "p50": 3.9568645,
            "p75": 5.6918875,
            "p90": 20.8346391,
            "p95": 21.28191115,
            "p99": 21.91308354
        },
        "Total test time": {
            "n": 20,
            "mean": 734.3330642,
            "median": 730.4242225,
            "std": 13.114019462688153,
            "min": 711.2710079999999,
            "max": 762.0086339999999,
            "p25": 725.948819,
            "p50": 730.4242225,
            "p75": 742.33013325,
            "p90": 755.36186,
            "p95": 756.5646570999999,
            "p99": 760.91983862
        },
        "getExpectedBehaviours": {
            "n": 300,
            "mean": 0.22262133,
            "median": 0.18880750000000002,
            "std": 0.13941633514630833,
            "min": 0.062301999999999996,
            "max": 1.121944,
            "p25": 0.12618025,
            "p50": 0.18880750000000002,
            "p75": 0.29186124999999996,
            "p90": 0.3715638,
            "p95": 0.416246,
            "p99": 0.7353550299999995
        },
        "getExpectedPoints": {
            "n": 300,
            "mean": 0.26225628,
            "median": 0.2253085,
            "std": 0.14559434709869382,
            "min": 0.07710299999999999,
            "max": 1.061542,
            "p25": 0.148556,
            "p50": 0.2253085,
            "p75": 0.3458635,
            "p90": 0.484409,
            "p95": 0.525101,
            "p99": 0.6581790299999999
        }
    }
}