{
  "stats" : {
    "nextFaultload" : {
      "count" : 10,
      "average" : {
        "ns" : 3774639.8,
        "us" : 3774.6398,
        "ms" : 3.7746397999999997,
        "s" : 0.0037746397999999996
      },
      "min" : {
        "ns" : 2047625,
        "us" : 2047.625,
        "ms" : 2.047625,
        "s" : 0.002047625
      },
      "max" : {
        "ns" : 10763055,
        "us" : 10763.055,
        "ms" : 10.763055,
        "s" : 0.010763055
      }
    },
    "Per test" : {
      "count" : 9,
      "average" : {
        "ns" : 5.390198E7,
        "us" : 53901.98,
        "ms" : 53.90198,
        "s" : 0.05390198
      },
      "min" : {
        "ns" : 26373405,
        "us" : 26373.405,
        "ms" : 26.373405,
        "s" : 0.026373405
      },
      "max" : {
        "ns" : 242017927,
        "us" : 242017.927,
        "ms" : 242.017927,
        "s" : 0.242017927
      }
    },
    "registerFaultload" : {
      "count" : 9,
      "average" : {
        "ns" : 1.8312914333333332E7,
        "us" : 18312.91433333333,
        "ms" : 18.31291433333333,
        "s" : 0.018312914333333333
      },
      "min" : {
        "ns" : 3422608,
        "us" : 3422.608,
        "ms" : 3.422608,
        "s" : 0.003422608
      },
      "max" : {
        "ns" : 115436224,
        "us" : 115436.224,
        "ms" : 115.436224,
        "s" : 0.115436224
      }
    },
    "testMethod" : {
      "count" : 9,
      "average" : {
        "ns" : 2.6797241888888888E7,
        "us" : 26797.24188888889,
        "ms" : 26.797241888888887,
        "s" : 0.02679724188888889
      },
      "min" : {
        "ns" : 16285891,
        "us" : 16285.891,
        "ms" : 16.285891,
        "s" : 0.016285891
      },
      "max" : {
        "ns" : 100128693,
        "us" : 100128.693,
        "ms" : 100.128693,
        "s" : 0.100128693
      }
    },
    "getTraceWithDelay" : {
      "count" : 9,
      "average" : {
        "ns" : 2.5637415666666668E7,
        "us" : 25637.415666666668,
        "ms" : 25.63741566666667,
        "s" : 0.025637415666666667
      },
      "min" : {
        "ns" : 13956849,
        "us" : 13956.849,
        "ms" : 13.956849,
        "s" : 0.013956849
      },
      "max" : {
        "ns" : 105236504,
        "us" : 105236.504,
        "ms" : 105.236504,
        "s" : 0.105236504
      }
    },
    "getTrace" : {
      "count" : 9,
      "average" : {
        "ns" : 1.6617600222222222E7,
        "us" : 16617.600222222223,
        "ms" : 16.617600222222222,
        "s" : 0.016617600222222223
      },
      "min" : {
        "ns" : 8015188,
        "us" : 8015.188,
        "ms" : 8.015188,
        "s" : 0.008015188
      },
      "max" : {
        "ns" : 78057850,
        "us" : 78057.85,
        "ms" : 78.05785,
        "s" : 0.07805785
      }
    },
    "handleResult" : {
      "count" : 9,
      "average" : {
        "ns" : 4098071.5555555555,
        "us" : 4098.071555555555,
        "ms" : 4.098071555555555,
        "s" : 0.0040980715555555556
      },
      "min" : {
        "ns" : 1599198,
        "us" : 1599.198,
        "ms" : 1.599198,
        "s" : 0.001599198
      },
      "max" : {
        "ns" : 16414999,
        "us" : 16414.999,
        "ms" : 16.414999,
        "s" : 0.016414999
      }
    },
    "StrategyRunner.analyze" : {
      "count" : 9,
      "average" : {
        "ns" : 4059913.6666666665,
        "us" : 4059.9136666666664,
        "ms" : 4.059913666666667,
        "s" : 0.004059913666666666
      },
      "min" : {
        "ns" : 1540494,
        "us" : 1540.494,
        "ms" : 1.540494,
        "s" : 0.001540494
      },
      "max" : {
        "ns" : 16223387,
        "us" : 16223.387,
        "ms" : 16.223387,
        "s" : 0.016223387
      }
    },
    "DynamicExplorationGenerator.handleFeedback<Analyzer>" : {
      "count" : 9,
      "average" : {
        "ns" : 990993.8888888889,
        "us" : 990.9938888888889,
        "ms" : 0.9909938888888888,
        "s" : 9.909938888888888E-4
      },
      "min" : {
        "ns" : 87706,
        "us" : 87.706,
        "ms" : 0.087706,
        "s" : 8.7706E-5
      },
      "max" : {
        "ns" : 6960324,
        "us" : 6960.324,
        "ms" : 6.960324,
        "s" : 0.006960324
      }
    },
    "HappyPathDetector.handleFeedback<Analyzer>" : {
      "count" : 9,
      "average" : {
        "ns" : 64870.333333333336,
        "us" : 64.87033333333333,
        "ms" : 0.06487033333333334,
        "s" : 6.487033333333334E-5
      },
      "min" : {
        "ns" : 3600,
        "us" : 3.6,
        "ms" : 0.0036,
        "s" : 3.6E-6
      },
      "max" : {
        "ns" : 550133,
        "us" : 550.133,
        "ms" : 0.550133,
        "s" : 5.50133E-4
      }
    },
    "ParentChildDetector.handleFeedback<Analyzer>" : {
      "count" : 9,
      "average" : {
        "ns" : 366011.3333333333,
        "us" : 366.0113333333333,
        "ms" : 0.3660113333333333,
        "s" : 3.6601133333333334E-4
      },
      "min" : {
        "ns" : 45403,
        "us" : 45.403,
        "ms" : 0.045403,
        "s" : 4.5403E-5
      },
      "max" : {
        "ns" : 2646161,
        "us" : 2646.161,
        "ms" : 2.646161,
        "s" : 0.002646161
      }
    },
    "HappensBeforeNeighbourDetector.handleFeedback<Analyzer>" : {
      "count" : 9,
      "average" : {
        "ns" : 750112.3333333334,
        "us" : 750.1123333333334,
        "ms" : 0.7501123333333334,
        "s" : 7.501123333333334E-4
      },
      "min" : {
        "ns" : 10701,
        "us" : 10.701,
        "ms" : 0.010701,
        "s" : 1.0701E-5
      },
      "max" : {
        "ns" : 2042424,
        "us" : 2042.424,
        "ms" : 2.042424,
        "s" : 0.002042424
      }
    },
    "ErrorPropagationDetector.handleFeedback<Analyzer>" : {
      "count" : 9,
      "average" : {
        "ns" : 189767.0,
        "us" : 189.767,
        "ms" : 0.189767,
        "s" : 1.89767E-4
      },
      "min" : {
        "ns" : 11600,
        "us" : 11.6,
        "ms" : 0.0116,
        "s" : 1.16E-5
      },
      "max" : {
        "ns" : 496830,
        "us" : 496.83,
        "ms" : 0.49683,
        "s" : 4.9683E-4
      }
    },
    "ConditionalPointDetector.handleFeedback<Analyzer>" : {
      "count" : 9,
      "average" : {
        "ns" : 1038707.5555555555,
        "us" : 1038.7075555555555,
        "ms" : 1.0387075555555556,
        "s" : 0.0010387075555555556
      },
      "min" : {
        "ns" : 225614,
        "us" : 225.614,
        "ms" : 0.225614,
        "s" : 2.25614E-4
      },
      "max" : {
        "ns" : 4477172,
        "us" : 4477.172,
        "ms" : 4.477172,
        "s" : 0.004477172
      }
    },
    "RedundancyAnalyzer.handleFeedback<Analyzer>" : {
      "count" : 9,
      "average" : {
        "ns" : 51503.0,
        "us" : 51.503,
        "ms" : 0.051503,
        "s" : 5.1503E-5
      },
      "min" : {
        "ns" : 18701,
        "us" : 18.701,
        "ms" : 0.018701,
        "s" : 1.8701E-5
      },
      "max" : {
        "ns" : 177311,
        "us" : 177.311,
        "ms" : 0.177311,
        "s" : 1.77311E-4
      }
    },
    "StatusAnalyzer.handleFeedback<Analyzer>" : {
      "count" : 9,
      "average" : {
        "ns" : 31702.0,
        "us" : 31.702,
        "ms" : 0.031702,
        "s" : 3.1702E-5
      },
      "min" : {
        "ns" : 4800,
        "us" : 4.8,
        "ms" : 0.0048,
        "s" : 4.8E-6
      },
      "max" : {
        "ns" : 235214,
        "us" : 235.214,
        "ms" : 0.235214,
        "s" : 2.35214E-4
      }
    },
    "BehaviorAnalyzer.handleFeedback<Analyzer>" : {
      "count" : 9,
      "average" : {
        "ns" : 300729.44444444444,
        "us" : 300.7294444444444,
        "ms" : 0.30072944444444444,
        "s" : 3.007294444444444E-4
      },
      "min" : {
        "ns" : 96806,
        "us" : 96.806,
        "ms" : 0.096806,
        "s" : 9.6806E-5
      },
      "max" : {
        "ns" : 742445,
        "us" : 742.445,
        "ms" : 0.742445,