{
  "stats" : {
    "nextFaultload" : {
      "count" : 10,
      "average" : {
        "ns" : 4275672.1,
        "us" : 4275.6721,
        "ms" : 4.2756720999999995,
        "s" : 0.0042756721
      },
      "min" : {
        "ns" : 2371775,
        "us" : 2371.775,
        "ms" : 2.371775,
        "s" : 0.002371775
      },
      "max" : {
        "ns" : 11257926,
        "us" : 11257.926,
        "ms" : 11.257926,
        "s" : 0.011257926
      }
    },
    "Per test" : {
      "count" : 9,
      "average" : {
        "ns" : 5.7141158333333336E7,
        "us" : 57141.15833333333,
        "ms" : 57.14115833333334,
        "s" : 0.05714115833333334
      },
      "min" : {
        "ns" : 27499996,
        "us" : 27499.996,
        "ms" : 27.499996,
        "s" : 0.027499996
      },
      "max" : {
        "ns" : 254946492,
        "us" : 254946.492,
        "ms" : 254.946492,
        "s" : 0.254946492
      }
    },
    "registerFaultload" : {
      "count" : 9,
      "average" : {
        "ns" : 1.9463538333333332E7,
        "us" : 19463.538333333334,
        "ms" : 19.463538333333332,
        "s" : 0.019463538333333332
      },
      "min" : {
        "ns" : 4318595,
        "us" : 4318.595,
        "ms" : 4.318595,
        "s" : 0.004318595
      },
      "max" : {
        "ns" : 119158948,
        "us" : 119158.948,
        "ms" : 119.158948,
        "s" : 0.119158948
      }
    },
    "testMethod" : {
      "count" : 9,
      "average" : {
        "ns" : 2.8955189888888888E7,
        "us" : 28955.189888888886,
        "ms" : 28.95518988888889,
        "s" : 0.02895518988888889
      },
      "min" : {
        "ns" : 16606020,
        "us" : 16606.02,
        "ms" : 16.60602,
        "s" : 0.01660602
      },
      "max" : {
        "ns" : 113540505,
        "us" : 113540.505,
        "ms" : 113.540505,
        "s" : 0.113540505
      }
    },
    "getTraceWithDelay" : {
      "count" : 9,
      "average" : {
        "ns" : 2.6859952555555556E7,
        "us" : 26859.952555555556,
        "ms" : 26.859952555555555,
        "s" : 0.026859952555555556
      },
      "min" : {
        "ns" : 13932336,
        "us" : 13932.336,
        "ms" : 13.932336,
        "s" : 0.013932336
      },
      "max" : {
        "ns" : 108044275,
        "us" : 108044.275,
        "ms" : 108.044275,
        "s" : 0.108044275
      }
    },
    "getTrace" : {
      "count" : 9,
      "average" : {
        "ns" : 1.7871905222222224E7,
        "us" : 17871.905222222224,
        "ms" : 17.871905222222225,
        "s" : 0.017871905222222224
      },
      "min" : {
        "ns" : 7447884,
        "us" : 7447.884,
        "ms" : 7.447884,
        "s" : 0.007447884
      },
      "max" : {
        "ns" : 84857222,
        "us" : 84857.222,
        "ms" : 84.857222,
        "s" : 0.084857222
      }
    },
    "handleResult" : {
      "count" : 9,
      "average" : {
        "ns" : 4541417.666666667,
        "us" : 4541.417666666667,
        "ms" : 4.541417666666667,
        "s" : 0.004541417666666667
      },
      "min" : {
        "ns" : 1508502,
        "us" : 1508.502,
        "ms" : 1.508502,
        "s" : 0.001508502
      },
      "max" : {
        "ns" : 17896783,
        "us" : 17896.783,
        "ms" : 17.896783,
        "s" : 0.017896783
      }
    },
    "StrategyRunner.analyze" : {
      "count" : 9,
      "average" : {
        "ns" : 4471857.222222222,
        "us" : 4471.857222222222,
        "ms" : 4.471857222222222,
        "s" : 0.004471857222222222
      },
      "min" : {
        "ns" : 1500722,
        "us" : 1500.722,
        "ms" : 1.500722,
        "s" : 0.001500722
      },
      "max" : {
        "ns" : 17486237,
        "us" : 17486.237,
        "ms" : 17.486237,
        "s" : 0.017486237
      }
    },
    "DynamicExplorationGenerator.handleFeedback<Analyzer>" : {
      "count" : 9,
      "average" : {
        "ns" : 1072500.0,
        "us" : 1072.5,
        "ms" : 1.0725,
        "s" : 0.0010725
      },
      "min" : {
        "ns" : 115502,
        "us" : 115.502,
        "ms" : 0.115502,
        "s" : 1.15502E-4
      },
      "max" : {
        "ns" : 7345129,
        "us" : 7345.129,
        "ms" : 7.345129,
        "s" : 0.007345129
      }
    },
    "HappyPathDetector.handleFeedback<Analyzer>" : {
      "count" : 9,
      "average" : {
        "ns" : 44609.444444444445,
        "us" : 44.60944444444444,
        "ms" : 0.044609444444444445,
        "s" : 4.460944444444444E-5
      },
      "min" : {
        "ns" : 3880,
        "us" : 3.88,
        "ms" : 0.00388,
        "s" : 3.88E-6
      },
      "max" : {
        "ns" : 367935,
        "us" : 367.935,
        "ms" : 0.367935,
        "s" : 3.67935E-4
      }
    },
    "ParentChildDetector.handleFeedback<Analyzer>" : {
      "count" : 9,
      "average" : {
        "ns" : 343191.77777777775,
        "us" : 343.19177777777776,
        "ms" : 0.34319177777777776,
        "s" : 3.4319177777777774E-4
      },
      "min" : {
        "ns" : 47281,
        "us" : 47.281,
        "ms" : 0.047281,
        "s" : 4.7281E-5
      },
      "max" : {
        "ns" : 2541257,
        "us" : 2541.257,
        "ms" : 2.541257,
        "s" : 0.002541257
      }
    },
    "HappensBeforeNeighbourDetector.handleFeedback<Analyzer>" : {
      "count" : 9,
      "average" : {
        "ns" : 835474.5555555555,
        "us" : 835.4745555555555,
        "ms" : 0.8354745555555555,
        "s" : 8.354745555555556E-4
      },
      "min" : {
        "ns" : 10660,
        "us" : 10.66,
        "ms" : 0.01066,
        "s" : 1.066E-5
      },
      "max" : {
        "ns" : 2441946,
        "us" : 2441.946,
        "ms" : 2.441946,
        "s" : 0.002441946
      }
    },
    "ErrorPropagationDetector.handleFeedback<Analyzer>" : {
      "count" : 9,
      "average" : {
        "ns" : 239792.33333333334,
        "us" : 239.79233333333335,
        "ms" : 0.23979233333333333,
        "s" : 2.3979233333333333E-4
      },
      "min" : {
        "ns" : 15710,
        "us" : 15.71,
        "ms" : 0.01571,
        "s" : 1.571E-5
      },
      "max" : {
        "ns" : 584409,
        "us" : 584.409,
        "ms" : 0.584409,
        "s" : 5.84409E-4
      }
    },
    "ConditionalPointDetector.handleFeedback<Analyzer>" : {
      "count" : 9,
      "average" : {
        "ns" : 1166156.3333333333,
        "us" : 1166.1563333333334,
        "ms" : 1.1661563333333334,
        "s" : 0.0011661563333333332
      },
      "min" : {
        "ns" : 241154,
        "us" : 241.154,
        "ms" : 0.241154,
        "s" : 2.41154E-4
      },
      "max" : {
        "ns" : 5084505,
        "us" : 5084.505,
        "ms" : 5.084505,
        "s" : 0.005084505
      }
    },
    "RedundancyAnalyzer.handleFeedback<Analyzer>" : {
      "count" : 9,
      "average" : {
        "ns" : 70204.0,
        "us" : 70.204,
        "ms" : 0.070204,
        "s" : 7.0204E-5
      },
      "min" : {
        "ns" : 21020,
        "us" : 21.02,
        "ms" : 0.02102,
        "s" : 2.102E-5
      },
      "max" : {
        "ns" : 314080,
        "us" : 314.08,
        "ms" : 0.31408,
        "s" : 3.1408E-4
      }
    },
    "StatusAnalyzer.handleFeedback<Analyzer>" : {
      "count" : 9,
      "average" : {
        "ns" : 51956.22222222222,
        "us" : 51.956222222222216,
        "ms" : 0.051956222222222216,
        "s" : 5.195622222222222E-5
      },
      "min" : {
        "ns" : 4940,
        "us" : 4.94,
        "ms" : 0.00494,
        "s" : 4.94E-6
      },
      "max" : {
        "ns" : 407986,
        "us" : 407.986,
        "ms" : 0.407986,
        "s" : 4.07986E-4
      }
    },
    "BehaviorAnalyzer.handleFeedback<Analyzer>" : {
      "count" : 9,
      "average" : {
        "ns" : 349700.77777777775,
        "us" : 349.7007777777778,
        "ms" : 0.34970077777777775,
        "s" : 3.497007777777778E-4
      },
      "min" : {
        "ns" : 105182,
        "us" : 105.182,
        "ms" : 0.105182,
        "s" : 1.05182E-4
      },