{
  "stats" : {
    "nextFaultload" : {
      "count" : 6,
      "average" : {
        "ns" : 2058278.5,
        "us" : 2058.2785,
        "ms" : 2.0582785,
        "s" : 0.0020582785
      },
      "min" : {
        "ns" : 22801,
        "us" : 22.801,
        "ms" : 0.022801,
        "s" : 2.2801E-5
      },
      "max" : {
        "ns" : 3268878,
        "us" : 3268.878,
        "ms" : 3.268878,
        "s" : 0.003268878
      }
    },
    "Per test" : {
      "count" : 5,
      "average" : {
        "ns" : 7.03545242E7,
        "us" : 70354.5242,
        "ms" : 70.3545242,
        "s" : 0.0703545242
      },
      "min" : {
        "ns" : 24732544,
        "us" : 24732.544,
        "ms" : 24.732544,
        "s" : 0.024732544
      },
      "max" : {
        "ns" : 229441073,
        "us" : 229441.073,
        "ms" : 229.441073,
        "s" : 0.229441073
      }
    },
    "registerFaultload" : {
      "count" : 5,
      "average" : {
        "ns" : 2.96299106E7,
        "us" : 29629.910600000003,
        "ms" : 29.629910600000002,
        "s" : 0.0296299106
      },
      "min" : {
        "ns" : 3783705,
        "us" : 3783.705,
        "ms" : 3.783705,
        "s" : 0.003783705
      },
      "max" : {
        "ns" : 117484887,
        "us" : 117484.887,
        "ms" : 117.484887,
        "s" : 0.117484887
      }
    },
    "testMethod" : {
      "count" : 5,
      "average" : {
        "ns" : 3.1765347E7,
        "us" : 31765.347,
        "ms" : 31.765347,
        "s" : 0.031765347
      },
      "min" : {
        "ns" : 15804959,
        "us" : 15804.959,
        "ms" : 15.804959,
        "s" : 0.015804959
      },
      "max" : {
        "ns" : 93199267,
        "us" : 93199.267,
        "ms" : 93.199267,
        "s" : 0.093199267
      }
    },
    "getTraceWithDelay" : {
      "count" : 5,
      "average" : {
        "ns" : 3.18936538E7,
        "us" : 31893.6538,
        "ms" : 31.8936538,
        "s" : 0.0318936538
      },
      "min" : {
        "ns" : 14331679,
        "us" : 14331.679,
        "ms" : 14.331679,
        "s" : 0.014331679
      },
      "max" : {
        "ns" : 94840555,
        "us" : 94840.555,
        "ms" : 94.840555,
        "s" : 0.094840555
      }
    },
    "getTrace" : {
      "count" : 5,
      "average" : {
        "ns" : 2.26411306E7,
        "us" : 22641.1306,
        "ms" : 22.6411306,
        "s" : 0.0226411306
      },
      "min" : {
        "ns" : 9083694,
        "us" : 9083.694,
        "ms" : 9.083694,
        "s" : 0.009083694
      },
      "max" : {
        "ns" : 75322894,
        "us" : 75322.894,
        "ms" : 75.322894,
        "s" : 0.075322894
      }
    },
    "handleResult" : {
      "count" : 5,
      "average" : {
        "ns" : 5038153.8,
        "us" : 5038.1538,
        "ms" : 5.0381538,
        "s" : 0.0050381537999999995
      },
      "min" : {
        "ns" : 1544484,
        "us" : 1544.484,
        "ms" : 1.544484,
        "s" : 0.001544484
      },
      "max" : {
        "ns" : 14778503,
        "us" : 14778.503,
        "ms" : 14.778503,
        "s" : 0.014778503
      }
    },
    "StrategyRunner.analyze" : {
      "count" : 5,
      "average" : {
        "ns" : 4992231.4,
        "us" : 4992.231400000001,
        "ms" : 4.9922314000000005,
        "s" : 0.004992231400000001
      },
      "min" : {
        "ns" : 1537483,
        "us" : 1537.483,
        "ms" : 1.537483,
        "s" : 0.001537483
      },
      "max" : {
        "ns" : 14579092,
        "us" : 14579.092,
        "ms" : 14.579092,
        "s" : 0.014579092
      }
    },
    "DynamicExplorationGenerator.handleFeedback<Analyzer>" : {
      "count" : 5,
      "average" : {
        "ns" : 1322532.0,
        "us" : 1322.532,
        "ms" : 1.322532,
        "s" : 0.001322532
      },
      "min" : {
        "ns" : 97805,
        "us" : 97.805,
        "ms" : 0.097805,
        "s" : 9.7805E-5
      },
      "max" : {
        "ns" : 5662408,
        "us" : 5662.408,
        "ms" : 5.662408,
        "s" : 0.005662408
      }
    },
    "HappyPathDetector.handleFeedback<Analyzer>" : {
      "count" : 5,
      "average" : {
        "ns" : 96345.4,
        "us" : 96.3454,
        "ms" : 0.0963454,
        "s" : 9.63454E-5
      },
      "min" : {
        "ns" : 3801,
        "us" : 3.801,
        "ms" : 0.003801,
        "s" : 3.801E-6
      },
      "max" : {
        "ns" : 464725,
        "us" : 464.725,
        "ms" : 0.464725,
        "s" : 4.64725E-4
      }
    },
    "ParentChildDetector.handleFeedback<Analyzer>" : {
      "count" : 5,
      "average" : {
        "ns" : 620173.6,
        "us" : 620.1736,
        "ms" : 0.6201736,
        "s" : 6.201736E-4
      },
      "min" : {
        "ns" : 59503,
        "us" : 59.503,
        "ms" : 0.059503,
        "s" : 5.9503E-5
      },
      "max" : {
        "ns" : 2398130,
        "us" : 2398.13,
        "ms" : 2.39813,
        "s" : 0.00239813
      }
    },
    "HappensBeforeNeighbourDetector.handleFeedback<Analyzer>" : {
      "count" : 5,
      "average" : {
        "ns" : 434143.6,
        "us" : 434.1436,
        "ms" : 0.43414359999999996,
        "s" : 4.341436E-4
      },
      "min" : {
        "ns" : 9801,
        "us" : 9.801,
        "ms" : 0.009801,
        "s" : 9.801E-6
      },
      "max" : {
        "ns" : 1123561,
        "us" : 1123.561,
        "ms" : 1.123561,
        "s" : 0.001123561
      }
    },
    "ErrorPropagationDetector.handleFeedback<Analyzer>" : {
      "count" : 5,
      "average" : {
        "ns" : 293415.8,
        "us" : 293.4158,
        "ms" : 0.2934158,
        "s" : 2.934158E-4
      },
      "min" : {
        "ns" : 11300,
        "us" : 11.3,
        "ms" : 0.0113,
        "s" : 1.13E-5
      },
      "max" : {
        "ns" : 794143,
        "us" : 794.143,
        "ms" : 0.794143,
        "s" : 7.94143E-4
      }
    },
    "ConditionalPointDetector.handleFeedback<Analyzer>" : {
      "count" : 5,
      "average" : {
        "ns" : 1149322.6,
        "us" : 1149.3226000000002,
        "ms" : 1.1493226,
        "s" : 0.0011493226000000001
      },
      "min" : {
        "ns" : 185410,
        "us" : 185.41,
        "ms" : 0.18541,
        "s" : 1.8541E-4
      },
      "max" : {
        "ns" : 4472543,
        "us" : 4472.543,
        "ms" : 4.472543,
        "s" : 0.004472543
      }
    },
    "RedundancyAnalyzer.handleFeedback<Analyzer>" : {
      "count" : 5,
      "average" : {
        "ns" : 67003.6,
        "us" : 67.0036,
        "ms" : 0.06700360000000001,
        "s" : 6.700360000000001E-5
      },
      "min" : {
        "ns" : 24001,
        "us" : 24.001,
        "ms" : 0.024001,
        "s" : 2.4001E-5
      },
      "max" : {
        "ns" : 184510,
        "us" : 184.51,
        "ms" : 0.18451,
        "s" : 1.8451E-4
      }
    },
    "StatusAnalyzer.handleFeedback<Analyzer>" : {
      "count" : 5,
      "average" : {
        "ns" : 48483.0,
        "us" : 48.483,
        "ms" : 0.048483,
        "s" : 4.8483E-5
      },
      "min" : {
        "ns" : 4900,
        "us" : 4.9,
        "ms" : 0.0049,
        "s" : 4.9E-6
      },
      "max" : {
        "ns" : 204212,
        "us" : 204.212,
        "ms" : 0.204212,
        "s" : 2.04212E-4
      }
    },
    "BehaviorAnalyzer.handleFeedback<Analyzer>" : {
      "count" : 5,
      "average" : {
        "ns" : 492086.8,
        "us" : 492.0868,
        "ms" : 0.4920868,
        "s" : 4.920868E-4
      },
      "min" : {
        "ns" : 136808,
        "us" : 136.808,
        "ms" : 0.136808,
        "s" : 1.36808E-4
      },
      "max" : {
        "ns" : 843346,
        "us" : 843.346,
        "ms" : 0.843346,
        "s" : 8.43346E-4
      }
    },
    "TimingAnalyzer.handleFeedback<Analyzer>" : {
      "count" : 5,
      "average" : {
        "ns" : 304876.6,
        "us" : 304.8766,
        "ms" : 0.3048766,
        "s" : 3.048766E-4
      },
      "min" : {
        "ns" : 150208,
        "us" : 150.208,
        "ms" : 0.150208,