{
  "stats" : {
    "nextFaultload" : {
      "count" : 9,
      "average" : {
        "ns" : 2362037.111111111,
        "us" : 2362.037111111111,
        "ms" : 2.362037111111111,
        "s" : 0.002362037111111111
      },
      "min" : {
        "ns" : 17521,
        "us" : 17.521,
        "ms" : 0.017521,
        "s" : 1.7521E-5
      },
      "max" : {
        "ns" : 4611652,
        "us" : 4611.652,
        "ms" : 4.611652,
        "s" : 0.004611652
      }
    },
    "Per test" : {
      "count" : 8,
      "average" : {
        "ns" : 6.256373025E7,
        "us" : 62563.73025,
        "ms" : 62.56373025,
        "s" : 0.06256373025
      },
      "min" : {
        "ns" : 26434480,
        "us" : 26434.48,
        "ms" : 26.43448,
        "s" : 0.02643448
      },
      "max" : {
        "ns" : 243548700,
        "us" : 243548.7,
        "ms" : 243.5487,
        "s" : 0.2435487
      }
    },
    "registerFaultload" : {
      "count" : 8,
      "average" : {
        "ns" : 1.9619236125E7,
        "us" : 19619.236125,
        "ms" : 19.619236125,
        "s" : 0.019619236125
      },
      "min" : {
        "ns" : 3078762,
        "us" : 3078.762,
        "ms" : 3.078762,
        "s" : 0.003078762
      },
      "max" : {
        "ns" : 117383811,
        "us" : 117383.811,
        "ms" : 117.383811,
        "s" : 0.117383811
      }
    },
    "testMethod" : {
      "count" : 8,
      "average" : {
        "ns" : 1.566151825E7,
        "us" : 15661.51825,
        "ms" : 15.66151825,
        "s" : 0.01566151825
      },
      "min" : {
        "ns" : 9932786,
        "us" : 9932.786,
        "ms" : 9.932786,
        "s" : 0.009932786
      },
      "max" : {
        "ns" : 28759648,
        "us" : 28759.648,
        "ms" : 28.759648,
        "s" : 0.028759648
      }
    },
    "getTraceWithDelay" : {
      "count" : 8,
      "average" : {
        "ns" : 2.728019575E7,
        "us" : 27280.19575,
        "ms" : 27.28019575,
        "s" : 0.02728019575
      },
      "min" : {
        "ns" : 12263924,
        "us" : 12263.924,
        "ms" : 12.263924,
        "s" : 0.012263924
      },
      "max" : {
        "ns" : 97334597,
        "us" : 97334.597,
        "ms" : 97.334597,
        "s" : 0.097334597
      }
    },
    "getTrace" : {
      "count" : 8,
      "average" : {
        "ns" : 1.77398875E7,
        "us" : 17739.8875,
        "ms" : 17.7398875,
        "s" : 0.0177398875
      },
      "min" : {
        "ns" : 7599430,
        "us" : 7599.43,
        "ms" : 7.59943,
        "s" : 0.00759943
      },
      "max" : {
        "ns" : 76833067,
        "us" : 76833.067,
        "ms" : 76.833067,
        "s" : 0.076833067
      }
    },
    "handleResult" : {
      "count" : 8,
      "average" : {
        "ns" : 6308046.125,
        "us" : 6308.046125,
        "ms" : 6.308046125,
        "s" : 0.006308046125
      },
      "min" : {
        "ns" : 1593424,
        "us" : 1593.424,
        "ms" : 1.593424,
        "s" : 0.001593424
      },
      "max" : {
        "ns" : 18329683,
        "us" : 18329.683,
        "ms" : 18.329683,
        "s" : 0.018329683
      }
    },
    "StrategyRunner.analyze" : {
      "count" : 8,
      "average" : {
        "ns" : 6273903.0,
        "us" : 6273.903,
        "ms" : 6.273903,
        "s" : 0.006273903
      },
      "min" : {
        "ns" : 1582074,
        "us" : 1582.074,
        "ms" : 1.582074,
        "s" : 0.001582074
      },
      "max" : {
        "ns" : 18318152,
        "us" : 18318.152,
        "ms" : 18.318152,
        "s" : 0.018318152
      }
    },
    "DynamicExplorationGenerator.handleFeedback<Analyzer>" : {
      "count" : 8,
      "average" : {
        "ns" : 1174483.125,
        "us" : 1174.483125,
        "ms" : 1.174483125,
        "s" : 0.001174483125
      },
      "min" : {
        "ns" : 76494,
        "us" : 76.494,
        "ms" : 0.076494,
        "s" : 7.6494E-5
      },
      "max" : {
        "ns" : 6791652,
        "us" : 6791.652,
        "ms" : 6.791652,
        "s" : 0.006791652
      }
    },
    "HappyPathDetector.handleFeedback<Analyzer>" : {
      "count" : 8,
      "average" : {
        "ns" : 83389.0,
        "us" : 83.389,
        "ms" : 0.083389,
        "s" : 8.3389E-5
      },
      "min" : {
        "ns" : 2960,
        "us" : 2.96,
        "ms" : 0.00296,
        "s" : 2.96E-6
      },
      "max" : {
        "ns" : 641898,
        "us" : 641.898,
        "ms" : 0.641898,
        "s" : 6.41898E-4
      }
    },
    "ParentChildDetector.handleFeedback<Analyzer>" : {
      "count" : 8,
      "average" : {
        "ns" : 421344.5,
        "us" : 421.3445,
        "ms" : 0.4213445,
        "s" : 4.213445E-4
      },
      "min" : {
        "ns" : 43843,
        "us" : 43.843,
        "ms" : 0.043843,
        "s" : 4.3843E-5
      },
      "max" : {
        "ns" : 2681618,
        "us" : 2681.618,
        "ms" : 2.681618,
        "s" : 0.002681618
      }
    },
    "HappensBeforeNeighbourDetector.handleFeedback<Analyzer>" : {
      "count" : 8,
      "average" : {
        "ns" : 458424.5,
        "us" : 458.4245,
        "ms" : 0.4584245,
        "s" : 4.584245E-4
      },
      "min" : {
        "ns" : 9341,
        "us" : 9.341,
        "ms" : 0.009341,
        "s" : 9.341E-6
      },
      "max" : {
        "ns" : 1452585,
        "us" : 1452.585,
        "ms" : 1.452585,
        "s" : 0.001452585
      }
    },
    "ErrorPropagationDetector.handleFeedback<Analyzer>" : {
      "count" : 8,
      "average" : {
        "ns" : 369818.375,
        "us" : 369.818375,
        "ms" : 0.369818375,
        "s" : 3.69818375E-4
      },
      "min" : {
        "ns" : 18301,
        "us" : 18.301,
        "ms" : 0.018301,
        "s" : 1.8301E-5
      },
      "max" : {
        "ns" : 1370863,
        "us" : 1370.863,
        "ms" : 1.370863,
        "s" : 0.001370863
      }
    },
    "ConditionalPointDetector.handleFeedback<Analyzer>" : {
      "count" : 8,
      "average" : {
        "ns" : 947700.75,
        "us" : 947.70075,
        "ms" : 0.94770075,
        "s" : 9.4770075E-4
      },
      "min" : {
        "ns" : 145959,
        "us" : 145.959,
        "ms" : 0.145959,
        "s" : 1.45959E-4
      },
      "max" : {
        "ns" : 4966443,
        "us" : 4966.443,
        "ms" : 4.966443,
        "s" : 0.004966443
      }
    },
    "RedundancyAnalyzer.handleFeedback<Analyzer>" : {
      "count" : 8,
      "average" : {
        "ns" : 39148.375,
        "us" : 39.148375,
        "ms" : 0.039148375,
        "s" : 3.9148375E-5
      },
      "min" : {
        "ns" : 22571,
        "us" : 22.571,
        "ms" : 0.022571,
        "s" : 2.2571E-5
      },
      "max" : {
        "ns" : 91095,
        "us" : 91.095,
        "ms" : 0.091095,
        "s" : 9.1095E-5
      }
    },
    "StatusAnalyzer.handleFeedback<Analyzer>" : {
      "count" : 8,
      "average" : {
        "ns" : 34597.25,
        "us" : 34.59725,
        "ms" : 0.03459725,
        "s" : 3.459725E-5
      },
      "min" : {
        "ns" : 4440,
        "us" : 4.44,
        "ms" : 0.00444,
        "s" : 4.44E-6
      },
      "max" : {
        "ns" : 235984,
        "us" : 235.984,
        "ms" : 0.235984,
        "s" : 2.35984E-4
      }
    },
    "BehaviorAnalyzer.handleFeedback<Analyzer>" : {
      "count" : 8,
      "average" : {
        "ns" : 327159.5,
        "us" : 327.1595,
        "ms" : 0.3271595,
        "s" : 3.271595E-4
      },
      "min" : {
        "ns" : 85285,
        "us" : 85.285,
        "ms" : 0.085285,
        "s" : 8.5285E-5
      },
      "max" : {
        "ns" : 1055392,
        "us" : 1055.392,
        "ms" : 1.055392,
        "s" : 0.001055392
      }
    },
    "TimingAnalyzer.handleFeedback<Analyzer>" : {
      "count" : 8,
      "average" : {
        "ns" : 222104.375,
        "us" : 222.104375,
        "ms" : 0.222104375,
        "s" : 2.22104375E-4
      },
      "min" : {
        "ns" : 48103,
        "us" : 48.103,
        "ms" : 0.048103,