{
  "stats" : {
    "nextFaultload" : {
      "count" : 22,
      "average" : {
        "ns" : 1636557.2727272727,
        "us" : 1636.5572727272727,
        "ms" : 1.6365572727272728,
        "s" : 0.0016365572727272727
      },
      "min" : {
        "ns" : 23461,
        "us" : 23.461,
        "ms" : 0.023461,
        "s" : 2.3461E-5
      },
      "max" : {
        "ns" : 2774102,
        "us" : 2774.102,
        "ms" : 2.774102,
        "s" : 0.002774102
      }
    },
    "Per test" : {
      "count" : 21,
      "average" : {
        "ns" : 4.336487314285714E7,
        "us" : 43364.87314285714,
        "ms" : 43.36487314285714,
        "s" : 0.04336487314285714
      },
      "min" : {
        "ns" : 26836330,
        "us" : 26836.33,
        "ms" : 26.83633,
        "s" : 0.02683633
      },
      "max" : {
        "ns" : 241455147,
        "us" : 241455.147,
        "ms" : 241.455147,
        "s" : 0.241455147
      }
    },
    "registerFaultload" : {
      "count" : 21,
      "average" : {
        "ns" : 9389068.904761905,
        "us" : 9389.068904761905,
        "ms" : 9.389068904761904,
        "s" : 0.009389068904761905
      },
      "min" : {
        "ns" : 2865324,
        "us" : 2865.324,
        "ms" : 2.865324,
        "s" : 0.002865324
      },
      "max" : {
        "ns" : 113493426,
        "us" : 113493.426,
        "ms" : 113.493426,
        "s" : 0.113493426
      }
    },
    "testMethod" : {
      "count" : 21,
      "average" : {
        "ns" : 1.553145257142857E7,
        "us" : 15531.45257142857,
        "ms" : 15.53145257142857,
        "s" : 0.01553145257142857
      },
      "min" : {
        "ns" : 12803187,
        "us" : 12803.187,
        "ms" : 12.803187,
        "s" : 0.012803187
      },
      "max" : {
        "ns" : 32777475,
        "us" : 32777.475,
        "ms" : 32.777475,
        "s" : 0.032777475
      }
    },
    "getTraceWithDelay" : {
      "count" : 21,
      "average" : {
        "ns" : 1.846081185714286E7,
        "us" : 18460.811857142857,
        "ms" : 18.460811857142858,
        "s" : 0.018460811857142857
      },
      "min" : {
        "ns" : 10991216,
        "us" : 10991.216,
        "ms" : 10.991216,
        "s" : 0.010991216
      },
      "max" : {
        "ns" : 95107094,
        "us" : 95107.094,
        "ms" : 95.107094,
        "s" : 0.095107094
      }
    },
    "getTrace" : {
      "count" : 21,
      "average" : {
        "ns" : 1.1410335333333334E7,
        "us" : 11410.335333333334,
        "ms" : 11.410335333333334,
        "s" : 0.011410335333333334
      },
      "min" : {
        "ns" : 5871332,
        "us" : 5871.332,
        "ms" : 5.871332,
        "s" : 0.005871332
      },
      "max" : {
        "ns" : 76519076,
        "us" : 76519.076,
        "ms" : 76.519076,
        "s" : 0.076519076
      }
    },
    "handleResult" : {
      "count" : 21,
      "average" : {
        "ns" : 3857878.380952381,
        "us" : 3857.878380952381,
        "ms" : 3.857878380952381,
        "s" : 0.003857878380952381
      },
      "min" : {
        "ns" : 1663417,
        "us" : 1663.417,
        "ms" : 1.663417,
        "s" : 0.001663417
      },
      "max" : {
        "ns" : 14787812,
        "us" : 14787.812,
        "ms" : 14.787812,
        "s" : 0.014787812
      }
    },
    "StrategyRunner.analyze" : {
      "count" : 21,
      "average" : {
        "ns" : 3838782.238095238,
        "us" : 3838.782238095238,
        "ms" : 3.838782238095238,
        "s" : 0.0038387822380952378
      },
      "min" : {
        "ns" : 1652217,
        "us" : 1652.217,
        "ms" : 1.652217,
        "s" : 0.001652217
      },
      "max" : {
        "ns" : 14607278,
        "us" : 14607.278,
        "ms" : 14.607278,
        "s" : 0.014607278
      }
    },
    "DynamicExplorationGenerator.handleFeedback<Analyzer>" : {
      "count" : 21,
      "average" : {
        "ns" : 538871.1904761905,
        "us" : 538.8711904761906,
        "ms" : 0.5388711904761906,
        "s" : 5.388711904761905E-4
      },
      "min" : {
        "ns" : 70882,
        "us" : 70.882,
        "ms" : 0.070882,
        "s" : 7.0882E-5
      },
      "max" : {
        "ns" : 5741229,
        "us" : 5741.229,
        "ms" : 5.741229,
        "s" : 0.005741229
      }
    },
    "HappyPathDetector.handleFeedback<Analyzer>" : {
      "count" : 21,
      "average" : {
        "ns" : 37776.04761904762,
        "us" : 37.77604761904762,
        "ms" : 0.03777604761904762,
        "s" : 3.777604761904762E-5
      },
      "min" : {
        "ns" : 2270,
        "us" : 2.27,
        "ms" : 0.00227,
        "s" : 2.27E-6
      },
      "max" : {
        "ns" : 726866,
        "us" : 726.866,
        "ms" : 0.726866,
        "s" : 7.26866E-4
      }
    },
    "ParentChildDetector.handleFeedback<Analyzer>" : {
      "count" : 21,
      "average" : {
        "ns" : 187200.47619047618,
        "us" : 187.2004761904762,
        "ms" : 0.1872004761904762,
        "s" : 1.8720047619047618E-4
      },
      "min" : {
        "ns" : 32780,
        "us" : 32.78,
        "ms" : 0.03278,
        "s" : 3.278E-5
      },
      "max" : {
        "ns" : 2135058,
        "us" : 2135.058,
        "ms" : 2.135058,
        "s" : 0.002135058
      }
    },
    "HappensBeforeNeighbourDetector.handleFeedback<Analyzer>" : {
      "count" : 21,
      "average" : {
        "ns" : 569016.0476190476,
        "us" : 569.0160476190475,
        "ms" : 0.5690160476190476,
        "s" : 5.690160476190476E-4
      },
      "min" : {
        "ns" : 9170,
        "us" : 9.17,
        "ms" : 0.00917,
        "s" : 9.17E-6
      },
      "max" : {
        "ns" : 1599176,
        "us" : 1599.176,
        "ms" : 1.599176,
        "s" : 0.001599176
      }
    },
    "ErrorPropagationDetector.handleFeedback<Analyzer>" : {
      "count" : 21,
      "average" : {
        "ns" : 176529.2857142857,
        "us" : 176.52928571428572,
        "ms" : 0.17652928571428572,
        "s" : 1.765292857142857E-4
      },
      "min" : {
        "ns" : 3990,
        "us" : 3.99,
        "ms" : 0.00399,
        "s" : 3.99E-6
      },
      "max" : {
        "ns" : 677026,
        "us" : 677.026,
        "ms" : 0.677026,
        "s" : 6.77026E-4
      }
    },
    "ConditionalPointDetector.handleFeedback<Analyzer>" : {
      "count" : 21,
      "average" : {
        "ns" : 743346.380952381,
        "us" : 743.346380952381,
        "ms" : 0.7433463809523809,
        "s" : 7.43346380952381E-4
      },
      "min" : {
        "ns" : 193984,
        "us" : 193.984,
        "ms" : 0.193984,
        "s" : 1.93984E-4
      },
      "max" : {
        "ns" : 4300126,
        "us" : 4300.126,
        "ms" : 4.300126,
        "s" : 0.004300126
      }
    },
    "RedundancyAnalyzer.handleFeedback<Analyzer>" : {
      "count" : 21,
      "average" : {
        "ns" : 44709.09523809524,
        "us" : 44.70909523809524,
        "ms" : 0.044709095238095235,
        "s" : 4.470909523809524E-5
      },
      "min" : {
        "ns" : 17590,
        "us" : 17.59,
        "ms" : 0.01759,
        "s" : 1.759E-5
      },
      "max" : {
        "ns" : 116173,
        "us" : 116.173,
        "ms" : 0.116173,
        "s" : 1.16173E-4
      }
    },
    "StatusAnalyzer.handleFeedback<Analyzer>" : {
      "count" : 21,
      "average" : {
        "ns" : 17851.761904761905,
        "us" : 17.851761904761904,
        "ms" : 0.017851761904761905,
        "s" : 1.7851761904761906E-5
      },
      "min" : {
        "ns" : 4360,
        "us" : 4.36,
        "ms" : 0.00436,
        "s" : 4.36E-6
      },
      "max" : {
        "ns" : 260075,
        "us" : 260.075,
        "ms" : 0.260075,
        "s" : 2.60075E-4
      }
    },
    "BehaviorAnalyzer.handleFeedback<Analyzer>" : {
      "count" : 21,
      "average" : {
        "ns" : 247207.0,
        "us" : 247.207,
        "ms" : 0.247207,
        "s" : 2.47207E-4
      },
      "min" : {
        "ns" : 110913,
        "us" : 110.913,