{
  "stats" : {
    "nextFaultload" : {
      "count" : 10,
      "average" : {
        "ns" : 3719622.5,
        "us" : 3719.6225,
        "ms" : 3.7196225,
        "s" : 0.0037196225
      },
      "min" : {
        "ns" : 2076979,
        "us" : 2076.979,
        "ms" : 2.076979,
        "s" : 0.002076979
      },
      "max" : {
        "ns" : 9603568,
        "us" : 9603.568,
        "ms" : 9.603568,
        "s" : 0.009603568
      }
    },
    "Per test" : {
      "count" : 9,
      "average" : {
        "ns" : 5.5989898777777776E7,
        "us" : 55989.89877777777,
        "ms" : 55.989898777777775,
        "s" : 0.055989898777777776
      },
      "min" : {
        "ns" : 27318945,
        "us" : 27318.945,
        "ms" : 27.318945,
        "s" : 0.027318945
      },
      "max" : {
        "ns" : 240628111,
        "us" : 240628.111,
        "ms" : 240.628111,
        "s" : 0.240628111
      }
    },
    "registerFaultload" : {
      "count" : 9,
      "average" : {
        "ns" : 1.6862223222222224E7,
        "us" : 16862.223222222223,
        "ms" : 16.862223222222223,
        "s" : 0.016862223222222222
      },
      "min" : {
        "ns" : 2969114,
        "us" : 2969.114,
        "ms" : 2.969114,
        "s" : 0.002969114
      },
      "max" : {
        "ns" : 109829104,
        "us" : 109829.104,
        "ms" : 109.829104,
        "s" : 0.109829104
      }
    },
    "testMethod" : {
      "count" : 9,
      "average" : {
        "ns" : 2.9157116222222224E7,
        "us" : 29157.116222222223,
        "ms" : 29.157116222222225,
        "s" : 0.029157116222222224
      },
      "min" : {
        "ns" : 17711878,
        "us" : 17711.878,
        "ms" : 17.711878,
        "s" : 0.017711878
      },
      "max" : {
        "ns" : 100265539,
        "us" : 100265.539,
        "ms" : 100.265539,
        "s" : 0.100265539
      }
    },
    "getTraceWithDelay" : {
      "count" : 9,
      "average" : {
        "ns" : 2.5969094222222224E7,
        "us" : 25969.094222222226,
        "ms" : 25.969094222222225,
        "s" : 0.025969094222222225
      },
      "min" : {
        "ns" : 13671923,
        "us" : 13671.923,
        "ms" : 13.671923,
        "s" : 0.013671923
      },
      "max" : {
        "ns" : 106258068,
        "us" : 106258.068,
        "ms" : 106.258068,
        "s" : 0.106258068
      }
    },
    "getTrace" : {
      "count" : 9,
      "average" : {
        "ns" : 1.5750202777777778E7,
        "us" : 15750.202777777778,
        "ms" : 15.750202777777778,
        "s" : 0.015750202777777778
      },
      "min" : {
        "ns" : 7176275,
        "us" : 7176.275,
        "ms" : 7.176275,
        "s" : 0.007176275
      },
      "max" : {
        "ns" : 74859966,
        "us" : 74859.966,
        "ms" : 74.859966,
        "s" : 0.074859966
      }
    },
    "handleResult" : {
      "count" : 9,
      "average" : {
        "ns" : 6097811.222222222,
        "us" : 6097.811222222222,
        "ms" : 6.097811222222222,
        "s" : 0.006097811222222222
      },
      "min" : {
        "ns" : 2938513,
        "us" : 2938.513,
        "ms" : 2.938513,
        "s" : 0.002938513
      },
      "max" : {
        "ns" : 21479822,
        "us" : 21479.822,
        "ms" : 21.479822,
        "s" : 0.021479822
      }
    },
    "StrategyRunner.analyze" : {
      "count" : 9,
      "average" : {
        "ns" : 5940849.555555556,
        "us" : 5940.8495555555555,
        "ms" : 5.940849555555556,
        "s" : 0.005940849555555556
      },
      "min" : {
        "ns" : 2784307,
        "us" : 2784.307,
        "ms" : 2.784307,
        "s" : 0.002784307
      },
      "max" : {
        "ns" : 21159010,
        "us" : 21159.01,
        "ms" : 21.15901,
        "s" : 0.02115901
      }
    },
    "DynamicExplorationGenerator.handleFeedback<Analyzer>" : {
      "count" : 9,
      "average" : {
        "ns" : 1005616.1111111111,
        "us" : 1005.6161111111111,
        "ms" : 1.005616111111111,
        "s" : 0.0010056161111111112
      },
      "min" : {
        "ns" : 93303,
        "us" : 93.303,
        "ms" : 0.093303,
        "s" : 9.3303E-5
      },
      "max" : {
        "ns" : 6856162,
        "us" : 6856.162,
        "ms" : 6.856162,
        "s" : 0.006856162
      }
    },
    "HappyPathDetector.handleFeedback<Analyzer>" : {
      "count" : 9,
      "average" : {
        "ns" : 52235.22222222222,
        "us" : 52.23522222222222,
        "ms" : 0.05223522222222222,
        "s" : 5.223522222222222E-5
      },
      "min" : {
        "ns" : 3301,
        "us" : 3.301,
        "ms" : 0.003301,
        "s" : 3.301E-6
      },
      "max" : {
        "ns" : 437616,
        "us" : 437.616,
        "ms" : 0.437616,
        "s" : 4.37616E-4
      }
    },
    "ParentChildDetector.handleFeedback<Analyzer>" : {
      "count" : 9,
      "average" : {
        "ns" : 948070.1111111111,
        "us" : 948.0701111111111,
        "ms" : 0.9480701111111112,
        "s" : 9.480701111111112E-4
      },
      "min" : {
        "ns" : 48502,
        "us" : 48.502,
        "ms" : 0.048502,
        "s" : 4.8502E-5
      },
      "max" : {
        "ns" : 7941905,
        "us" : 7941.905,
        "ms" : 7.941905,
        "s" : 0.007941905
      }
    },
    "HappensBeforeNeighbourDetector.handleFeedback<Analyzer>" : {
      "count" : 9,
      "average" : {
        "ns" : 958647.5555555555,
        "us" : 958.6475555555555,
        "ms" : 0.9586475555555555,
        "s" : 9.586475555555555E-4
      },
      "min" : {
        "ns" : 11800,
        "us" : 11.8,
        "ms" : 0.0118,
        "s" : 1.18E-5
      },
      "max" : {
        "ns" : 3959251,
        "us" : 3959.251,
        "ms" : 3.959251,
        "s" : 0.003959251
      }
    },
    "ErrorPropagationDetector.handleFeedback<Analyzer>" : {
      "count" : 9,
      "average" : {
        "ns" : 566688.4444444445,
        "us" : 566.6884444444445,
        "ms" : 0.5666884444444446,
        "s" : 5.666884444444444E-4
      },
      "min" : {
        "ns" : 14101,
        "us" : 14.101,
        "ms" : 0.014101,
        "s" : 1.4101E-5
      },
      "max" : {
        "ns" : 1164244,
        "us" : 1164.244,
        "ms" : 1.164244,
        "s" : 0.001164244
      }
    },
    "ConditionalPointDetector.handleFeedback<Analyzer>" : {
      "count" : 9,
      "average" : {
        "ns" : 1051929.2222222222,
        "us" : 1051.9292222222223,
        "ms" : 1.0519292222222223,
        "s" : 0.0010519292222222222
      },
      "min" : {
        "ns" : 221009,
        "us" : 221.009,
        "ms" : 0.221009,
        "s" : 2.21009E-4
      },
      "max" : {
        "ns" : 4441470,
        "us" : 4441.47,
        "ms" : 4.44147,
        "s" : 0.00444147
      }
    },
    "RedundancyAnalyzer.handleFeedback<Analyzer>" : {
      "count" : 9,
      "average" : {
        "ns" : 57902.22222222222,
        "us" : 57.90222222222222,
        "ms" : 0.057902222222222216,
        "s" : 5.790222222222222E-5
      },
      "min" : {
        "ns" : 20601,
        "us" : 20.601,
        "ms" : 0.020601,
        "s" : 2.0601E-5
      },
      "max" : {
        "ns" : 179407,
        "us" : 179.407,
        "ms" : 0.179407,
        "s" : 1.79407E-4
      }
    },
    "StatusAnalyzer.handleFeedback<Analyzer>" : {
      "count" : 9,
      "average" : {
        "ns" : 20956.333333333332,
        "us" : 20.956333333333333,
        "ms" : 0.020956333333333334,
        "s" : 2.095633333333333E-5
      },
      "min" : {
        "ns" : 5200,
        "us" : 5.2,
        "ms" : 0.0052,
        "s" : 5.2E-6
      },
      "max" : {
        "ns" : 139505,
        "us" : 139.505,
        "ms" : 0.139505,
        "s" : 1.39505E-4
      }
    },
    "BehaviorAnalyzer.handleFeedback<Analyzer>" : {
      "count" : 9,
      "average" : {
        "ns" : 548343.3333333334,
        "us" : 548.3433333333334,
        "ms" : 0.5483433333333334,
        "s" : 5.483433333333333E-4
      },
      "min" : {
        "ns" : 390315,