{
  "stats" : {
    "nextFaultload" : {
      "count" : 22,
      "average" : {
        "ns" : 2414508.3636363638,
        "us" : 2414.508363636364,
        "ms" : 2.414508363636364,
        "s" : 0.0024145083636363637
      },
      "min" : {
        "ns" : 306011,
        "us" : 306.011,
        "ms" : 0.306011,
        "s" : 3.06011E-4
      },
      "max" : {
        "ns" : 3791841,
        "us" : 3791.841,
        "ms" : 3.791841,
        "s" : 0.003791841
      }
    },
    "Per test" : {
      "count" : 21,
      "average" : {
        "ns" : 3.9745898190476194E7,
        "us" : 39745.8981904762,
        "ms" : 39.7458981904762,
        "s" : 0.03974589819047619
      },
      "min" : {
        "ns" : 24280706,
        "us" : 24280.706,
        "ms" : 24.280706,
        "s" : 0.024280706
      },
      "max" : {
        "ns" : 230091991,
        "us" : 230091.991,
        "ms" : 230.091991,
        "s" : 0.230091991
      }
    },
    "registerFaultload" : {
      "count" : 21,
      "average" : {
        "ns" : 9029922.714285715,
        "us" : 9029.922714285714,
        "ms" : 9.029922714285714,
        "s" : 0.009029922714285715
      },
      "min" : {
        "ns" : 2744702,
        "us" : 2744.702,
        "ms" : 2.744702,
        "s" : 0.002744702
      },
      "max" : {
        "ns" : 108100236,
        "us" : 108100.236,
        "ms" : 108.100236,
        "s" : 0.108100236
      }
    },
    "testMethod" : {
      "count" : 21,
      "average" : {
        "ns" : 1.342723961904762E7,
        "us" : 13427.23961904762,
        "ms" : 13.427239619047619,
        "s" : 0.01342723961904762
      },
      "min" : {
        "ns" : 11237220,
        "us" : 11237.22,
        "ms" : 11.23722,
        "s" : 0.01123722
      },
      "max" : {
        "ns" : 20612670,
        "us" : 20612.67,
        "ms" : 20.61267,
        "s" : 0.02061267
      }
    },
    "getTraceWithDelay" : {
      "count" : 21,
      "average" : {
        "ns" : 1.706679442857143E7,
        "us" : 17066.79442857143,
        "ms" : 17.06679442857143,
        "s" : 0.017066794428571428
      },
      "min" : {
        "ns" : 9512755,
        "us" : 9512.755,
        "ms" : 9.512755,
        "s" : 0.009512755
      },
      "max" : {
        "ns" : 100988470,
        "us" : 100988.47,
        "ms" : 100.98847,
        "s" : 0.10098847
      }
    },
    "getTrace" : {
      "count" : 21,
      "average" : {
        "ns" : 1.0266978523809524E7,
        "us" : 10266.978523809525,
        "ms" : 10.266978523809524,
        "s" : 0.010266978523809525
      },
      "min" : {
        "ns" : 4948084,
        "us" : 4948.084,
        "ms" : 4.948084,
        "s" : 0.004948084
      },
      "max" : {
        "ns" : 72913622,
        "us" : 72913.622,
        "ms" : 72.913622,
        "s" : 0.072913622
      }
    },
    "handleResult" : {
      "count" : 21,
      "average" : {
        "ns" : 3651217.095238095,
        "us" : 3651.217095238095,
        "ms" : 3.651217095238095,
        "s" : 0.003651217095238095
      },
      "min" : {
        "ns" : 1734965,
        "us" : 1734.965,
        "ms" : 1.734965,
        "s" : 0.001734965
      },
      "max" : {
        "ns" : 19568130,
        "us" : 19568.13,
        "ms" : 19.56813,
        "s" : 0.01956813
      }
    },
    "StrategyRunner.analyze" : {
      "count" : 21,
      "average" : {
        "ns" : 3541236.904761905,
        "us" : 3541.236904761905,
        "ms" : 3.541236904761905,
        "s" : 0.003541236904761905
      },
      "min" : {
        "ns" : 1630761,
        "us" : 1630.761,
        "ms" : 1.630761,
        "s" : 0.001630761
      },
      "max" : {
        "ns" : 19101313,
        "us" : 19101.313,
        "ms" : 19.101313,
        "s" : 0.019101313
      }
    },
    "DynamicExplorationGenerator.handleFeedback<Analyzer>" : {
      "count" : 21,
      "average" : {
        "ns" : 504656.8095238095,
        "us" : 504.6568095238095,
        "ms" : 0.5046568095238095,
        "s" : 5.046568095238096E-4
      },
      "min" : {
        "ns" : 67902,
        "us" : 67.902,
        "ms" : 0.067902,
        "s" : 6.7902E-5
      },
      "max" : {
        "ns" : 5524106,
        "us" : 5524.106,
        "ms" : 5.524106,
        "s" : 0.005524106
      }
    },
    "HappyPathDetector.handleFeedback<Analyzer>" : {
      "count" : 21,
      "average" : {
        "ns" : 30772.619047619046,
        "us" : 30.772619047619045,
        "ms" : 0.030772619047619045,
        "s" : 3.077261904761904E-5
      },
      "min" : {
        "ns" : 2301,
        "us" : 2.301,
        "ms" : 0.002301,
        "s" : 2.301E-6
      },
      "max" : {
        "ns" : 578821,
        "us" : 578.821,
        "ms" : 0.578821,
        "s" : 5.78821E-4
      }
    },
    "ParentChildDetector.handleFeedback<Analyzer>" : {
      "count" : 21,
      "average" : {
        "ns" : 416182.2380952381,
        "us" : 416.1822380952381,
        "ms" : 0.41618223809523813,
        "s" : 4.161822380952381E-4
      },
      "min" : {
        "ns" : 34502,
        "us" : 34.502,
        "ms" : 0.034502,
        "s" : 3.4502E-5
      },
      "max" : {
        "ns" : 7352175,
        "us" : 7352.175,
        "ms" : 7.352175,
        "s" : 0.007352175
      }
    },
    "HappensBeforeNeighbourDetector.handleFeedback<Analyzer>" : {
      "count" : 21,
      "average" : {
        "ns" : 423477.71428571426,
        "us" : 423.4777142857143,
        "ms" : 0.42347771428571424,
        "s" : 4.2347771428571425E-4
      },
      "min" : {
        "ns" : 11400,
        "us" : 11.4,
        "ms" : 0.0114,
        "s" : 1.14E-5
      },
      "max" : {
        "ns" : 1234446,
        "us" : 1234.446,
        "ms" : 1.234446,
        "s" : 0.001234446
      }
    },
    "ErrorPropagationDetector.handleFeedback<Analyzer>" : {
      "count" : 21,
      "average" : {
        "ns" : 383266.7619047619,
        "us" : 383.2667619047619,
        "ms" : 0.3832667619047619,
        "s" : 3.832667619047619E-4
      },
      "min" : {
        "ns" : 4200,
        "us" : 4.2,
        "ms" : 0.0042,
        "s" : 4.2E-6
      },
      "max" : {
        "ns" : 1111741,
        "us" : 1111.741,
        "ms" : 1.111741,
        "s" : 0.001111741
      }
    },
    "ConditionalPointDetector.handleFeedback<Analyzer>" : {
      "count" : 21,
      "average" : {
        "ns" : 721488.8571428572,
        "us" : 721.4888571428571,
        "ms" : 0.7214888571428572,
        "s" : 7.214888571428572E-4
      },
      "min" : {
        "ns" : 139606,
        "us" : 139.606,
        "ms" : 0.139606,
        "s" : 1.39606E-4
      },
      "max" : {
        "ns" : 4275060,
        "us" : 4275.06,
        "ms" : 4.27506,
        "s" : 0.00427506
      }
    },
    "RedundancyAnalyzer.handleFeedback<Analyzer>" : {
      "count" : 21,
      "average" : {
        "ns" : 47039.95238095238,
        "us" : 47.03995238095238,
        "ms" : 0.047039952380952384,
        "s" : 4.703995238095238E-5
      },
      "min" : {
        "ns" : 16701,
        "us" : 16.701,
        "ms" : 0.016701,
        "s" : 1.6701E-5
      },
      "max" : {
        "ns" : 199707,
        "us" : 199.707,
        "ms" : 0.199707,
        "s" : 1.99707E-4
      }
    },
    "StatusAnalyzer.handleFeedback<Analyzer>" : {
      "count" : 21,
      "average" : {
        "ns" : 16381.42857142857,
        "us" : 16.38142857142857,
        "ms" : 0.01638142857142857,
        "s" : 1.638142857142857E-5
      },
      "min" : {
        "ns" : 3800,
        "us" : 3.8,
        "ms" : 0.0038,
        "s" : 3.8E-6
      },
      "max" : {
        "ns" : 133005,
        "us" : 133.005,
        "ms" : 0.133005,
        "s" : 1.33005E-4
      }
    },
    "BehaviorAnalyzer.handleFeedback<Analyzer>" : {
      "count" : 21,
      "average" : {
        "ns" : 436202.0,
        "us" : 436.202,
        "ms" : 0.436202,
        "s" : 4.36202E-4
      },
      "min" : {
        "ns" : 271310,
        "us" : 271.31,
        "ms" : 0.27131,