{
  "stats" : {
    "nextFaultload" : {
      "count" : 10,
      "average" : {
        "ns" : 3681527.5,
        "us" : 3681.5275,
        "ms" : 3.6815275,
        "s" : 0.0036815275
      },
      "min" : {
        "ns" : 1948499,
        "us" : 1948.499,
        "ms" : 1.948499,
        "s" : 0.001948499
      },
      "max" : {
        "ns" : 9982208,
        "us" : 9982.208,
        "ms" : 9.982208,
        "s" : 0.009982208
      }
    },
    "Per test" : {
      "count" : 9,
      "average" : {
        "ns" : 5.9943219E7,
        "us" : 59943.219,
        "ms" : 59.943219,
        "s" : 0.059943219
      },
      "min" : {
        "ns" : 28343343,
        "us" : 28343.343,
        "ms" : 28.343343,
        "s" : 0.028343343
      },
      "max" : {
        "ns" : 255561614,
        "us" : 255561.614,
        "ms" : 255.561614,
        "s" : 0.255561614
      }
    },
    "registerFaultload" : {
      "count" : 9,
      "average" : {
        "ns" : 1.8432772111111112E7,
        "us" : 18432.772111111113,
        "ms" : 18.432772111111113,
        "s" : 0.018432772111111113
      },
      "min" : {
        "ns" : 2905348,
        "us" : 2905.348,
        "ms" : 2.905348,
        "s" : 0.002905348
      },
      "max" : {
        "ns" : 125122771,
        "us" : 125122.771,
        "ms" : 125.122771,
        "s" : 0.125122771
      }
    },
    "testMethod" : {
      "count" : 9,
      "average" : {
        "ns" : 1.4843533555555556E7,
        "us" : 14843.533555555556,
        "ms" : 14.843533555555556,
        "s" : 0.014843533555555555
      },
      "min" : {
        "ns" : 11346978,
        "us" : 11346.978,
        "ms" : 11.346978,
        "s" : 0.011346978
      },
      "max" : {
        "ns" : 23739409,
        "us" : 23739.409,
        "ms" : 23.739409,
        "s" : 0.023739409
      }
    },
    "getTraceWithDelay" : {
      "count" : 9,
      "average" : {
        "ns" : 2.6438646333333332E7,
        "us" : 26438.64633333333,
        "ms" : 26.43864633333333,
        "s" : 0.026438646333333333
      },
      "min" : {
        "ns" : 12380030,
        "us" : 12380.03,
        "ms" : 12.38003,
        "s" : 0.01238003
      },
      "max" : {
        "ns" : 106420319,
        "us" : 106420.319,
        "ms" : 106.420319,
        "s" : 0.106420319
      }
    },
    "getTrace" : {
      "count" : 9,
      "average" : {
        "ns" : 1.5921833E7,
        "us" : 15921.833,
        "ms" : 15.921833,
        "s" : 0.015921833
      },
      "min" : {
        "ns" : 7205067,
        "us" : 7205.067,
        "ms" : 7.205067,
        "s" : 0.007205067
      },
      "max" : {
        "ns" : 72848010,
        "us" : 72848.01,
        "ms" : 72.84801,
        "s" : 0.07284801
      }
    },
    "handleResult" : {
      "count" : 9,
      "average" : {
        "ns" : 6785867.777777778,
        "us" : 6785.867777777778,
        "ms" : 6.785867777777778,
        "s" : 0.006785867777777778
      },
      "min" : {
        "ns" : 2409723,
        "us" : 2409.723,
        "ms" : 2.409723,
        "s" : 0.002409723
      },
      "max" : {
        "ns" : 24374941,
        "us" : 24374.941,
        "ms" : 24.374941,
        "s" : 0.024374941
      }
    },
    "StrategyRunner.analyze" : {
      "count" : 9,
      "average" : {
        "ns" : 6644049.333333333,
        "us" : 6644.049333333333,
        "ms" : 6.644049333333333,
        "s" : 0.006644049333333333
      },
      "min" : {
        "ns" : 2323318,
        "us" : 2323.318,
        "ms" : 2.323318,
        "s" : 0.002323318
      },
      "max" : {
        "ns" : 24036524,
        "us" : 24036.524,
        "ms" : 24.036524,
        "s" : 0.024036524
      }
    },
    "DynamicExplorationGenerator.handleFeedback<Analyzer>" : {
      "count" : 9,
      "average" : {
        "ns" : 1235129.4444444445,
        "us" : 1235.1294444444445,
        "ms" : 1.2351294444444445,
        "s" : 0.0012351294444444445
      },
      "min" : {
        "ns" : 82304,
        "us" : 82.304,
        "ms" : 0.082304,
        "s" : 8.2304E-5
      },
      "max" : {
        "ns" : 7124763,
        "us" : 7124.763,
        "ms" : 7.124763,
        "s" : 0.007124763
      }
    },
    "HappyPathDetector.handleFeedback<Analyzer>" : {
      "count" : 9,
      "average" : {
        "ns" : 57080.555555555555,
        "us" : 57.080555555555556,
        "ms" : 0.05708055555555556,
        "s" : 5.7080555555555555E-5
      },
      "min" : {
        "ns" : 3100,
        "us" : 3.1,
        "ms" : 0.0031,
        "s" : 3.1E-6
      },
      "max" : {
        "ns" : 482325,
        "us" : 482.325,
        "ms" : 0.482325,
        "s" : 4.82325E-4
      }
    },
    "ParentChildDetector.handleFeedback<Analyzer>" : {
      "count" : 9,
      "average" : {
        "ns" : 1157081.2222222222,
        "us" : 1157.0812222222223,
        "ms" : 1.1570812222222222,
        "s" : 0.0011570812222222223
      },
      "min" : {
        "ns" : 40902,
        "us" : 40.902,
        "ms" : 0.040902,
        "s" : 4.0902E-5
      },
      "max" : {
        "ns" : 9723995,
        "us" : 9723.995,
        "ms" : 9.723995,
        "s" : 0.009723995
      }
    },
    "HappensBeforeNeighbourDetector.handleFeedback<Analyzer>" : {
      "count" : 9,
      "average" : {
        "ns" : 531727.1111111111,
        "us" : 531.7271111111111,
        "ms" : 0.5317271111111112,
        "s" : 5.317271111111112E-4
      },
      "min" : {
        "ns" : 12201,
        "us" : 12.201,
        "ms" : 0.012201,
        "s" : 1.2201E-5
      },
      "max" : {
        "ns" : 1242163,
        "us" : 1242.163,
        "ms" : 1.242163,
        "s" : 0.001242163
      }
    },
    "ErrorPropagationDetector.handleFeedback<Analyzer>" : {
      "count" : 9,
      "average" : {
        "ns" : 306248.8888888889,
        "us" : 306.24888888888887,
        "ms" : 0.30624888888888885,
        "s" : 3.062488888888889E-4
      },
      "min" : {
        "ns" : 4100,
        "us" : 4.1,
        "ms" : 0.0041,
        "s" : 4.1E-6
      },
      "max" : {
        "ns" : 1352469,
        "us" : 1352.469,
        "ms" : 1.352469,
        "s" : 0.001352469
      }
    },
    "ConditionalPointDetector.handleFeedback<Analyzer>" : {
      "count" : 9,
      "average" : {
        "ns" : 2199478.5555555555,
        "us" : 2199.4785555555554,
        "ms" : 2.1994785555555554,
        "s" : 0.0021994785555555555
      },
      "min" : {
        "ns" : 269714,
        "us" : 269.714,
        "ms" : 0.269714,
        "s" : 2.69714E-4
      },
      "max" : {
        "ns" : 6884151,
        "us" : 6884.151,
        "ms" : 6.884151,
        "s" : 0.006884151
      }
    },
    "RedundancyAnalyzer.handleFeedback<Analyzer>" : {
      "count" : 9,
      "average" : {
        "ns" : 69525.55555555556,
        "us" : 69.52555555555556,
        "ms" : 0.06952555555555556,
        "s" : 6.952555555555556E-5
      },
      "min" : {
        "ns" : 15800,
        "us" : 15.8,
        "ms" : 0.0158,
        "s" : 1.58E-5
      },
      "max" : {
        "ns" : 404420,
        "us" : 404.42,
        "ms" : 0.40442,
        "s" : 4.0442E-4
      }
    },
    "StatusAnalyzer.handleFeedback<Analyzer>" : {
      "count" : 9,
      "average" : {
        "ns" : 20101.222222222223,
        "us" : 20.101222222222223,
        "ms" : 0.02010122222222222,
        "s" : 2.010122222222222E-5
      },
      "min" : {
        "ns" : 3701,
        "us" : 3.701,
        "ms" : 0.003701,
        "s" : 3.701E-6
      },
      "max" : {
        "ns" : 139007,
        "us" : 139.007,
        "ms" : 0.139007,
        "s" : 1.39007E-4
      }
    },
    "BehaviorAnalyzer.handleFeedback<Analyzer>" : {
      "count" : 9,
      "average" : {
        "ns" : 554105.8888888889,
        "us" : 554.1058888888889,
        "ms" : 0.5541058888888889,
        "s" : 5.541058888888889E-4
      },
      "min" : {
        "ns" : 258213,
        "us" : 258.213,
        "ms" : 0.258213,
        "s" : 2.58213E-4
      },