{
  "stats" : {
    "nextFaultload" : {
      "count" : 9,
      "average" : {
        "ns" : 2410138.777777778,
        "us" : 2410.138777777778,
        "ms" : 2.410138777777778,
        "s" : 0.002410138777777778
      },
      "min" : {
        "ns" : 22111,
        "us" : 22.111,
        "ms" : 0.022111,
        "s" : 2.2111E-5
      },
      "max" : {
        "ns" : 4711688,
        "us" : 4711.688,
        "ms" : 4.711688,
        "s" : 0.004711688
      }
    },
    "Per test" : {
      "count" : 8,
      "average" : {
        "ns" : 6.1356975625E7,
        "us" : 61356.975625,
        "ms" : 61.356975625,
        "s" : 0.061356975625
      },
      "min" : {
        "ns" : 26135320,
        "us" : 26135.32,
        "ms" : 26.13532,
        "s" : 0.02613532
      },
      "max" : {
        "ns" : 230861929,
        "us" : 230861.929,
        "ms" : 230.861929,
        "s" : 0.230861929
      }
    },
    "registerFaultload" : {
      "count" : 8,
      "average" : {
        "ns" : 1.82251415E7,
        "us" : 18225.1415,
        "ms" : 18.2251415,
        "s" : 0.0182251415
      },
      "min" : {
        "ns" : 3046973,
        "us" : 3046.973,
        "ms" : 3.046973,
        "s" : 0.003046973
      },
      "max" : {
        "ns" : 105592890,
        "us" : 105592.89,
        "ms" : 105.59289,
        "s" : 0.10559289
      }
    },
    "testMethod" : {
      "count" : 8,
      "average" : {
        "ns" : 3.3834060375E7,
        "us" : 33834.060375,
        "ms" : 33.834060375,
        "s" : 0.033834060375
      },
      "min" : {
        "ns" : 17523328,
        "us" : 17523.328,
        "ms" : 17.523328,
        "s" : 0.017523328
      },
      "max" : {
        "ns" : 105235099,
        "us" : 105235.099,
        "ms" : 105.235099,
        "s" : 0.105235099
      }
    },
    "getTraceWithDelay" : {
      "count" : 8,
      "average" : {
        "ns" : 2.7814052125E7,
        "us" : 27814.052125,
        "ms" : 27.814052125,
        "s" : 0.027814052125
      },
      "min" : {
        "ns" : 11966864,
        "us" : 11966.864,
        "ms" : 11.966864,
        "s" : 0.011966864
      },
      "max" : {
        "ns" : 97524501,
        "us" : 97524.501,
        "ms" : 97.524501,
        "s" : 0.097524501
      }
    },
    "getTrace" : {
      "count" : 8,
      "average" : {
        "ns" : 1.8248614125E7,
        "us" : 18248.614125,
        "ms" : 18.248614125,
        "s" : 0.018248614125
      },
      "min" : {
        "ns" : 7397401,
        "us" : 7397.401,
        "ms" : 7.397401,
        "s" : 0.007397401
      },
      "max" : {
        "ns" : 76741708,
        "us" : 76741.708,
        "ms" : 76.741708,
        "s" : 0.076741708
      }
    },
    "handleResult" : {
      "count" : 8,
      "average" : {
        "ns" : 6042308.875,
        "us" : 6042.308875,
        "ms" : 6.042308875,
        "s" : 0.006042308875
      },
      "min" : {
        "ns" : 1491425,
        "us" : 1491.425,
        "ms" : 1.491425,
        "s" : 0.001491425
      },
      "max" : {
        "ns" : 17556829,
        "us" : 17556.829,
        "ms" : 17.556829,
        "s" : 0.017556829
      }
    },
    "StrategyRunner.analyze" : {
      "count" : 8,
      "average" : {
        "ns" : 6011881.875,
        "us" : 6011.881875,
        "ms" : 6.011881875,
        "s" : 0.006011881875
      },
      "min" : {
        "ns" : 1484344,
        "us" : 1484.344,
        "ms" : 1.484344,
        "s" : 0.001484344
      },
      "max" : {
        "ns" : 17548468,
        "us" : 17548.468,
        "ms" : 17.548468,
        "s" : 0.017548468
      }
    },
    "DynamicExplorationGenerator.handleFeedback<Analyzer>" : {
      "count" : 8,
      "average" : {
        "ns" : 1156509.625,
        "us" : 1156.509625,
        "ms" : 1.156509625,
        "s" : 0.001156509625
      },
      "min" : {
        "ns" : 76175,
        "us" : 76.175,
        "ms" : 0.076175,
        "s" : 7.6175E-5
      },
      "max" : {
        "ns" : 6813918,
        "us" : 6813.918,
        "ms" : 6.813918,
        "s" : 0.006813918
      }
    },
    "HappyPathDetector.handleFeedback<Analyzer>" : {
      "count" : 8,
      "average" : {
        "ns" : 56943.375,
        "us" : 56.943375,
        "ms" : 0.056943375,
        "s" : 5.6943375E-5
      },
      "min" : {
        "ns" : 3080,
        "us" : 3.08,
        "ms" : 0.00308,
        "s" : 3.08E-6
      },
      "max" : {
        "ns" : 429275,
        "us" : 429.275,
        "ms" : 0.429275,
        "s" : 4.29275E-4
      }
    },
    "ParentChildDetector.handleFeedback<Analyzer>" : {
      "count" : 8,
      "average" : {
        "ns" : 363604.375,
        "us" : 363.604375,
        "ms" : 0.363604375,
        "s" : 3.63604375E-4
      },
      "min" : {
        "ns" : 38952,
        "us" : 38.952,
        "ms" : 0.038952,
        "s" : 3.8952E-5
      },
      "max" : {
        "ns" : 2437708,
        "us" : 2437.708,
        "ms" : 2.437708,
        "s" : 0.002437708
      }
    },
    "HappensBeforeNeighbourDetector.handleFeedback<Analyzer>" : {
      "count" : 8,
      "average" : {
        "ns" : 486136.25,
        "us" : 486.13625,
        "ms" : 0.48613625,
        "s" : 4.8613625E-4
      },
      "min" : {
        "ns" : 10380,
        "us" : 10.38,
        "ms" : 0.01038,
        "s" : 1.038E-5
      },
      "max" : {
        "ns" : 1565709,
        "us" : 1565.709,
        "ms" : 1.565709,
        "s" : 0.001565709
      }
    },
    "ErrorPropagationDetector.handleFeedback<Analyzer>" : {
      "count" : 8,
      "average" : {
        "ns" : 233438.375,
        "us" : 233.438375,
        "ms" : 0.233438375,
        "s" : 2.33438375E-4
      },
      "min" : {
        "ns" : 12521,
        "us" : 12.521,
        "ms" : 0.012521,
        "s" : 1.2521E-5
      },
      "max" : {
        "ns" : 813436,
        "us" : 813.436,
        "ms" : 0.813436,
        "s" : 8.13436E-4
      }
    },
    "ConditionalPointDetector.handleFeedback<Analyzer>" : {
      "count" : 8,
      "average" : {
        "ns" : 956840.875,
        "us" : 956.840875,
        "ms" : 0.956840875,
        "s" : 9.56840875E-4
      },
      "min" : {
        "ns" : 213602,
        "us" : 213.602,
        "ms" : 0.213602,
        "s" : 2.13602E-4
      },
      "max" : {
        "ns" : 4947482,
        "us" : 4947.482,
        "ms" : 4.947482,
        "s" : 0.004947482
      }
    },
    "RedundancyAnalyzer.handleFeedback<Analyzer>" : {
      "count" : 8,
      "average" : {
        "ns" : 36411.125,
        "us" : 36.411125,
        "ms" : 0.036411125,
        "s" : 3.6411125E-5
      },
      "min" : {
        "ns" : 22002,
        "us" : 22.002,
        "ms" : 0.022002,
        "s" : 2.2002E-5
      },
      "max" : {
        "ns" : 63874,
        "us" : 63.874,
        "ms" : 0.063874,
        "s" : 6.3874E-5
      }
    },
    "StatusAnalyzer.handleFeedback<Analyzer>" : {
      "count" : 8,
      "average" : {
        "ns" : 39828.375,
        "us" : 39.828375,
        "ms" : 0.039828375,
        "s" : 3.9828375E-5
      },
      "min" : {
        "ns" : 4620,
        "us" : 4.62,
        "ms" : 0.00462,
        "s" : 4.62E-6
      },
      "max" : {
        "ns" : 280026,
        "us" : 280.026,
        "ms" : 0.280026,
        "s" : 2.80026E-4
      }
    },
    "BehaviorAnalyzer.handleFeedback<Analyzer>" : {
      "count" : 8,
      "average" : {
        "ns" : 324947.5,
        "us" : 324.9475,
        "ms" : 0.3249475,
        "s" : 3.249475E-4
      },
      "min" : {
        "ns" : 83575,
        "us" : 83.575,
        "ms" : 0.083575,
        "s" : 8.3575E-5
      },
      "max" : {
        "ns" : 1028029,
        "us" : 1028.029,
        "ms" : 1.028029,
        "s" : 0.001028029
      }
    },
    "TimingAnalyzer.handleFeedback<Analyzer>" : {
      "count" : 8,
      "average" : {
        "ns" : 204264.0,
        "us" : 204.264,
        "ms" : 0.204264,
        "s" : 2.04264E-4
      },
      "min" : {
        "ns" : 44092,