{
    "per_key": {
        "nextFaultload": {
            "n": 200,
            "mean": 3.66204255,
            "median": 2.921099,
            "std": 2.283761845667384,
            "min": 1.645985,
            "max": 11.782827,
            "p25": 2.4421105,
            "p50": 2.921099,
            "p75": 3.66649675,
            "p90": 6.580015999999981,
            "p95": 10.044069399999998,
            "p99": 10.757219229999999
        },
        "Per test": {
            "n": 180,
            "mean": 57.62687933888889,
            "median": 32.685798,
            "std": 63.39370188272656,
            "min": 26.856789,
            "max": 255.561614,
            "p25": 29.531857749999997,
            "p50": 32.685798,
            "p75": 37.94175825,
            "p90": 226.3488329,
            "p95": 235.28752409999996,
            "p99": 241.50985334
        },
        "registerFaultload": {
            "n": 180,
            "mean": 16.879584044444446,
            "median": 3.2753715,
            "std": 33.7250747551544,
            "min": 2.5942369999999997,
            "max": 125.122771,
            "p25": 2.93720325,
            "p50": 3.2753715,
            "p75": 3.80437325,
            "p90": 103.66213279999998,
            "p95": 111.16159324999998,
            "p99": 115.42934081000007
        },
        "unregisterFautload": {
            "n": 180,
            "mean": 2.8029650499999996,
            "median": 2.7513929999999998,
            "std": 0.25792711064888235,
            "min": 2.370228,
            "max": 3.6975919999999998,
            "p25": 2.6109574999999996,
            "p50": 2.7513929999999998,
            "p75": 2.9389357499999997,
            "p90": 3.1131034,
            "p95": 3.3015775499999993,
            "p99": 3.5772958400000006
        },
        "testMethod": {
            "n": 180,
            "mean": 14.413814822222223,
            "median": 14.116482,
            "std": 2.582610949508314,
            "min": 10.962176,
            "max": 23.739409,
            "p25": 12.4362435,
            "p50": 14.116482,
            "p75": 15.365416249999999,
            "p90": 19.528615499999997,
            "p95": 20.09915995,
            "p99": 21.339470640000002
        },
        "getTraceWithDelay": {
            "n": 180,
            "mean": 26.084371822222224,
            "median": 15.030882499999999,
            "std": 27.52465246603638,
            "min": 11.515894999999999,
            "max": 109.107562,
            "p25": 13.627685249999999,
            "p50": 15.030882499999999,
            "p75": 20.666037250000002,
            "p90": 101.0257937,
            "p95": 102.55787074999998,
            "p99": 105.78704631000001
        },
        "handleResult": {
            "n": 180,
            "mean": 6.449301522222221,
            "median": 3.9167015,
            "std": 5.822685659875874,
            "min": 2.27542,
            "max": 24.374941,
            "p25": 2.77872125,
            "p50": 3.9167015,
            "p75": 5.879498999999999,
            "p90": 19.3331189,
            "p95": 20.1536144,
            "p99": 22.443618870000012
        },
        "Total test time": {
            "n": 20,
            "mean": 781.8464444999998,
            "median": 781.6198434999999,
            "std": 14.08777562696062,
            "min": 752.213906,
            "max": 810.3407669999999,
            "p25": 774.7860844999999,
            "p50": 781.6198434999999,
            "p75": 789.22942925,
            "p90": 795.8136856,
            "p95": 810.00173765,
            "p99": 810.2729611299999
        },
        "getExpectedBehaviours": {
            "n": 640,
            "mean": 0.25929670937499993,
            "median": 0.22291149999999998,
            "std": 0.16548015508397235,
            "min": 0.112106,
            "max": 2.971756,
            "p25": 0.174009,
            "p50": 0.22291149999999998,
            "p75": 0.2910395,
            "p90": 0.3980680000000001,
            "p95": 0.5199465499999999,
            "p99": 0.7328061500000002
        },
        "getExpectedPoints": {
            "n": 640,
            "mean": 0.29735516874999995,
            "median": 0.26686350000000003,
            "std": 0.1371504186402753,
            "min": 0.119006,
            "max": 1.128379,
            "p25": 0.21586125,
            "p50": 0.26686350000000003,
            "p75": 0.34826799999999997,
            "p90": 0.44311300000000003,
            "p95": 0.5621095499999991,
            "p99": 0.79920822
        }
    }
}