{
  "stats" : {
    "nextFaultload" : {
      "count" : 10,
      "average" : {
        "ns" : 3727321.9,
        "us" : 3727.3219,
        "ms" : 3.7273218999999997,
        "s" : 0.0037273219
      },
      "min" : {
        "ns" : 2028479,
        "us" : 2028.479,
        "ms" : 2.028479,
        "s" : 0.002028479
      },
      "max" : {
        "ns" : 10339800,
        "us" : 10339.8,
        "ms" : 10.3398,
        "s" : 0.0103398
      }
    },
    "Per test" : {
      "count" : 9,
      "average" : {
        "ns" : 6.0025153E7,
        "us" : 60025.153,
        "ms" : 60.025153,
        "s" : 0.060025153
      },
      "min" : {
        "ns" : 30170464,
        "us" : 30170.464,
        "ms" : 30.170464,
        "s" : 0.030170464
      },
      "max" : {
        "ns" : 233297530,
        "us" : 233297.53,
        "ms" : 233.29753,
        "s" : 0.23329753
      }
    },
    "registerFaultload" : {
      "count" : 9,
      "average" : {
        "ns" : 1.7518141444444444E7,
        "us" : 17518.141444444445,
        "ms" : 17.518141444444446,
        "s" : 0.017518141444444444
      },
      "min" : {
        "ns" : 3006738,
        "us" : 3006.738,
        "ms" : 3.006738,
        "s" : 0.003006738
      },
      "max" : {
        "ns" : 117060633,
        "us" : 117060.633,
        "ms" : 117.060633,
        "s" : 0.117060633
      }
    },
    "testMethod" : {
      "count" : 9,
      "average" : {
        "ns" : 1.6103084888888888E7,
        "us" : 16103.084888888889,
        "ms" : 16.103084888888887,
        "s" : 0.01610308488888889
      },
      "min" : {
        "ns" : 12753815,
        "us" : 12753.815,
        "ms" : 12.753815,
        "s" : 0.012753815
      },
      "max" : {
        "ns" : 22725362,
        "us" : 22725.362,
        "ms" : 22.725362,
        "s" : 0.022725362
      }
    },
    "getTraceWithDelay" : {
      "count" : 9,
      "average" : {
        "ns" : 2.6391876333333332E7,
        "us" : 26391.876333333334,
        "ms" : 26.391876333333332,
        "s" : 0.02639187633333333
      },
      "min" : {
        "ns" : 13078772,
        "us" : 13078.772,
        "ms" : 13.078772,
        "s" : 0.013078772
      },
      "max" : {
        "ns" : 93387953,
        "us" : 93387.953,
        "ms" : 93.387953,
        "s" : 0.093387953
      }
    },
    "getTrace" : {
      "count" : 9,
      "average" : {
        "ns" : 1.6909477555555556E7,
        "us" : 16909.477555555557,
        "ms" : 16.909477555555554,
        "s" : 0.016909477555555556
      },
      "min" : {
        "ns" : 7598277,
        "us" : 7598.277,
        "ms" : 7.598277,
        "s" : 0.007598277
      },
      "max" : {
        "ns" : 74519668,
        "us" : 74519.668,
        "ms" : 74.519668,
        "s" : 0.074519668
      }
    },
    "handleResult" : {
      "count" : 9,
      "average" : {
        "ns" : 6414564.888888889,
        "us" : 6414.564888888889,
        "ms" : 6.414564888888889,
        "s" : 0.006414564888888889
      },
      "min" : {
        "ns" : 2036950,
        "us" : 2036.95,
        "ms" : 2.03695,
        "s" : 0.00203695
      },
      "max" : {
        "ns" : 18178982,
        "us" : 18178.982,
        "ms" : 18.178982,
        "s" : 0.018178982
      }
    },
    "StrategyRunner.analyze" : {
      "count" : 9,
      "average" : {
        "ns" : 6369387.555555556,
        "us" : 6369.387555555556,
        "ms" : 6.369387555555556,
        "s" : 0.006369387555555556
      },
      "min" : {
        "ns" : 1971458,
        "us" : 1971.458,
        "ms" : 1.971458,
        "s" : 0.001971458
      },
      "max" : {
        "ns" : 18161112,
        "us" : 18161.112,
        "ms" : 18.161112,
        "s" : 0.018161112
      }
    },
    "DynamicExplorationGenerator.handleFeedback<Analyzer>" : {
      "count" : 9,
      "average" : {
        "ns" : 1141107.888888889,
        "us" : 1141.107888888889,
        "ms" : 1.141107888888889,
        "s" : 0.001141107888888889
      },
      "min" : {
        "ns" : 97102,
        "us" : 97.102,
        "ms" : 0.097102,
        "s" : 9.7102E-5
      },
      "max" : {
        "ns" : 5932147,
        "us" : 5932.147,
        "ms" : 5.932147,
        "s" : 0.005932147
      }
    },
    "HappyPathDetector.handleFeedback<Analyzer>" : {
      "count" : 9,
      "average" : {
        "ns" : 111003.11111111111,
        "us" : 111.00311111111111,
        "ms" : 0.11100311111111111,
        "s" : 1.1100311111111111E-4
      },
      "min" : {
        "ns" : 2860,
        "us" : 2.86,
        "ms" : 0.00286,
        "s" : 2.86E-6
      },
      "max" : {
        "ns" : 966586,
        "us" : 966.586,
        "ms" : 0.966586,
        "s" : 9.66586E-4
      }
    },
    "ParentChildDetector.handleFeedback<Analyzer>" : {
      "count" : 9,
      "average" : {
        "ns" : 400404.55555555556,
        "us" : 400.4045555555556,
        "ms" : 0.40040455555555554,
        "s" : 4.0040455555555554E-4
      },
      "min" : {
        "ns" : 54841,
        "us" : 54.841,
        "ms" : 0.054841,
        "s" : 5.4841E-5
      },
      "max" : {
        "ns" : 2583771,
        "us" : 2583.771,
        "ms" : 2.583771,
        "s" : 0.002583771
      }
    },
    "HappensBeforeNeighbourDetector.handleFeedback<Analyzer>" : {
      "count" : 9,
      "average" : {
        "ns" : 563820.7777777778,
        "us" : 563.8207777777777,
        "ms" : 0.5638207777777777,
        "s" : 5.638207777777778E-4
      },
      "min" : {
        "ns" : 14770,
        "us" : 14.77,
        "ms" : 0.01477,
        "s" : 1.477E-5
      },
      "max" : {
        "ns" : 1304255,
        "us" : 1304.255,
        "ms" : 1.304255,
        "s" : 0.001304255
      }
    },
    "ErrorPropagationDetector.handleFeedback<Analyzer>" : {
      "count" : 9,
      "average" : {
        "ns" : 131695.77777777778,
        "us" : 131.69577777777778,
        "ms" : 0.13169577777777777,
        "s" : 1.316957777777778E-4
      },
      "min" : {
        "ns" : 4130,
        "us" : 4.13,
        "ms" : 0.00413,
        "s" : 4.13E-6
      },
      "max" : {
        "ns" : 770475,
        "us" : 770.475,
        "ms" : 0.770475,
        "s" : 7.70475E-4
      }
    },
    "ConditionalPointDetector.handleFeedback<Analyzer>" : {
      "count" : 9,
      "average" : {
        "ns" : 1560583.6666666667,
        "us" : 1560.5836666666667,
        "ms" : 1.5605836666666668,
        "s" : 0.0015605836666666667
      },
      "min" : {
        "ns" : 249925,
        "us" : 249.925,
        "ms" : 0.249925,
        "s" : 2.49925E-4
      },
      "max" : {
        "ns" : 4633319,
        "us" : 4633.319,
        "ms" : 4.633319,
        "s" : 0.004633319
      }
    },
    "RedundancyAnalyzer.handleFeedback<Analyzer>" : {
      "count" : 9,
      "average" : {
        "ns" : 32966.11111111111,
        "us" : 32.96611111111111,
        "ms" : 0.03296611111111111,
        "s" : 3.296611111111111E-5
      },
      "min" : {
        "ns" : 17350,
        "us" : 17.35,
        "ms" : 0.01735,
        "s" : 1.735E-5
      },
      "max" : {
        "ns" : 65291,
        "us" : 65.291,
        "ms" : 0.065291,
        "s" : 6.5291E-5
      }
    },
    "StatusAnalyzer.handleFeedback<Analyzer>" : {
      "count" : 9,
      "average" : {
        "ns" : 29975.0,
        "us" : 29.975,
        "ms" : 0.029975,
        "s" : 2.9975E-5
      },
      "min" : {
        "ns" : 4110,
        "us" : 4.11,
        "ms" : 0.00411,
        "s" : 4.11E-6
      },
      "max" : {
        "ns" : 227615,
        "us" : 227.615,
        "ms" : 0.227615,
        "s" : 2.27615E-4
      }
    },
    "BehaviorAnalyzer.handleFeedback<Analyzer>" : {
      "count" : 9,
      "average" : {
        "ns" : 254700.33333333334,
        "us" : 254.70033333333333,
        "ms" : 0.25470033333333336,
        "s" : 2.5470033333333333E-4
      },
      "min" : {
        "ns" : 95102,
        "us" : 95.102,
        "ms" : 0.095102,
        "s" : 9.5102E-5
      },