{
  "stats" : {
    "nextFaultload" : {
      "count" : 10,
      "average" : {
        "ns" : 4055899.2,
        "us" : 4055.8992000000003,
        "ms" : 4.0558992,
        "s" : 0.0040558992
      },
      "min" : {
        "ns" : 1755169,
        "us" : 1755.169,
        "ms" : 1.755169,
        "s" : 0.001755169
      },
      "max" : {
        "ns" : 9571875,
        "us" : 9571.875,
        "ms" : 9.571875,
        "s" : 0.009571875
      }
    },
    "Per test" : {
      "count" : 9,
      "average" : {
        "ns" : 5.5602371666666664E7,
        "us" : 55602.371666666666,
        "ms" : 55.60237166666666,
        "s" : 0.055602371666666664
      },
      "min" : {
        "ns" : 26383136,
        "us" : 26383.136,
        "ms" : 26.383136,
        "s" : 0.026383136
      },
      "max" : {
        "ns" : 240389936,
        "us" : 240389.936,
        "ms" : 240.389936,
        "s" : 0.240389936
      }
    },
    "registerFaultload" : {
      "count" : 9,
      "average" : {
        "ns" : 1.6517015444444444E7,
        "us" : 16517.015444444445,
        "ms" : 16.517015444444443,
        "s" : 0.016517015444444443
      },
      "min" : {
        "ns" : 2893314,
        "us" : 2893.314,
        "ms" : 2.893314,
        "s" : 0.002893314
      },
      "max" : {
        "ns" : 108387255,
        "us" : 108387.255,
        "ms" : 108.387255,
        "s" : 0.108387255
      }
    },
    "testMethod" : {
      "count" : 9,
      "average" : {
        "ns" : 2.9351485333333332E7,
        "us" : 29351.48533333333,
        "ms" : 29.351485333333333,
        "s" : 0.029351485333333333
      },
      "min" : {
        "ns" : 17150773,
        "us" : 17150.773,
        "ms" : 17.150773,
        "s" : 0.017150773
      },
      "max" : {
        "ns" : 102120309,
        "us" : 102120.309,
        "ms" : 102.120309,
        "s" : 0.102120309
      }
    },
    "getTraceWithDelay" : {
      "count" : 9,
      "average" : {
        "ns" : 2.5529379888888888E7,
        "us" : 25529.37988888889,
        "ms" : 25.529379888888887,
        "s" : 0.025529379888888887
      },
      "min" : {
        "ns" : 13464528,
        "us" : 13464.528,
        "ms" : 13.464528,
        "s" : 0.013464528
      },
      "max" : {
        "ns" : 105247032,
        "us" : 105247.032,
        "ms" : 105.247032,
        "s" : 0.105247032
      }
    },
    "getTrace" : {
      "count" : 9,
      "average" : {
        "ns" : 1.5559777333333334E7,
        "us" : 15559.777333333333,
        "ms" : 15.559777333333335,
        "s" : 0.015559777333333333
      },
      "min" : {
        "ns" : 7061477,
        "us" : 7061.477,
        "ms" : 7.061477,
        "s" : 0.007061477
      },
      "max" : {
        "ns" : 74602628,
        "us" : 74602.628,
        "ms" : 74.602628,
        "s" : 0.074602628
      }
    },
    "handleResult" : {
      "count" : 9,
      "average" : {
        "ns" : 5885986.666666667,
        "us" : 5885.986666666667,
        "ms" : 5.885986666666667,
        "s" : 0.005885986666666667
      },
      "min" : {
        "ns" : 2938915,
        "us" : 2938.915,
        "ms" : 2.938915,
        "s" : 0.002938915
      },
      "max" : {
        "ns" : 21040126,
        "us" : 21040.126,
        "ms" : 21.040126,
        "s" : 0.021040126
      }
    },
    "StrategyRunner.analyze" : {
      "count" : 9,
      "average" : {
        "ns" : 5711624.333333333,
        "us" : 5711.624333333333,
        "ms" : 5.711624333333333,
        "s" : 0.005711624333333333
      },
      "min" : {
        "ns" : 2723607,
        "us" : 2723.607,
        "ms" : 2.723607,
        "s" : 0.002723607
      },
      "max" : {
        "ns" : 20699412,
        "us" : 20699.412,
        "ms" : 20.699412,
        "s" : 0.020699412
      }
    },
    "DynamicExplorationGenerator.handleFeedback<Analyzer>" : {
      "count" : 9,
      "average" : {
        "ns" : 986094.2222222222,
        "us" : 986.0942222222222,
        "ms" : 0.9860942222222222,
        "s" : 9.860942222222223E-4
      },
      "min" : {
        "ns" : 107604,
        "us" : 107.604,
        "ms" : 0.107604,
        "s" : 1.07604E-4
      },
      "max" : {
        "ns" : 6798367,
        "us" : 6798.367,
        "ms" : 6.798367,
        "s" : 0.006798367
      }
    },
    "HappyPathDetector.handleFeedback<Analyzer>" : {
      "count" : 9,
      "average" : {
        "ns" : 46201.77777777778,
        "us" : 46.20177777777778,
        "ms" : 0.04620177777777778,
        "s" : 4.6201777777777784E-5
      },
      "min" : {
        "ns" : 3600,
        "us" : 3.6,
        "ms" : 0.0036,
        "s" : 3.6E-6
      },
      "max" : {
        "ns" : 381315,
        "us" : 381.315,
        "ms" : 0.381315,
        "s" : 3.81315E-4
      }
    },
    "ParentChildDetector.handleFeedback<Analyzer>" : {
      "count" : 9,
      "average" : {
        "ns" : 926669.7777777778,
        "us" : 926.6697777777778,
        "ms" : 0.9266697777777777,
        "s" : 9.266697777777777E-4
      },
      "min" : {
        "ns" : 42301,
        "us" : 42.301,
        "ms" : 0.042301,
        "s" : 4.2301E-5
      },
      "max" : {
        "ns" : 7686102,
        "us" : 7686.102,
        "ms" : 7.686102,
        "s" : 0.007686102
      }
    },
    "HappensBeforeNeighbourDetector.handleFeedback<Analyzer>" : {
      "count" : 9,
      "average" : {
        "ns" : 998172.5555555555,
        "us" : 998.1725555555555,
        "ms" : 0.9981725555555555,
        "s" : 9.981725555555554E-4
      },
      "min" : {
        "ns" : 9601,
        "us" : 9.601,
        "ms" : 0.009601,
        "s" : 9.601E-6
      },
      "max" : {
        "ns" : 4170964,
        "us" : 4170.964,
        "ms" : 4.170964,
        "s" : 0.004170964
      }
    },
    "ErrorPropagationDetector.handleFeedback<Analyzer>" : {
      "count" : 9,
      "average" : {
        "ns" : 435839.22222222225,
        "us" : 435.83922222222225,
        "ms" : 0.43583922222222227,
        "s" : 4.3583922222222227E-4
      },
      "min" : {
        "ns" : 12200,
        "us" : 12.2,
        "ms" : 0.0122,
        "s" : 1.22E-5
      },
      "max" : {
        "ns" : 818232,
        "us" : 818.232,
        "ms" : 0.818232,
        "s" : 8.18232E-4
      }
    },
    "ConditionalPointDetector.handleFeedback<Analyzer>" : {
      "count" : 9,
      "average" : {
        "ns" : 992394.4444444445,
        "us" : 992.3944444444445,
        "ms" : 0.9923944444444445,
        "s" : 9.923944444444445E-4
      },
      "min" : {
        "ns" : 200208,
        "us" : 200.208,
        "ms" : 0.200208,
        "s" : 2.00208E-4
      },
      "max" : {
        "ns" : 4331870,
        "us" : 4331.87,
        "ms" : 4.33187,
        "s" : 0.00433187
      }
    },
    "RedundancyAnalyzer.handleFeedback<Analyzer>" : {
      "count" : 9,
      "average" : {
        "ns" : 40657.22222222222,
        "us" : 40.65722222222222,
        "ms" : 0.04065722222222222,
        "s" : 4.065722222222222E-5
      },
      "min" : {
        "ns" : 19101,
        "us" : 19.101,
        "ms" : 0.019101,
        "s" : 1.9101E-5
      },
      "max" : {
        "ns" : 117505,
        "us" : 117.505,
        "ms" : 0.117505,
        "s" : 1.17505E-4
      }
    },
    "StatusAnalyzer.handleFeedback<Analyzer>" : {
      "count" : 9,
      "average" : {
        "ns" : 19523.0,
        "us" : 19.523,
        "ms" : 0.019523,
        "s" : 1.9523E-5
      },
      "min" : {
        "ns" : 4800,
        "us" : 4.8,
        "ms" : 0.0048,
        "s" : 4.8E-6
      },
      "max" : {
        "ns" : 132605,
        "us" : 132.605,
        "ms" : 0.132605,
        "s" : 1.32605E-4
      }
    },
    "BehaviorAnalyzer.handleFeedback<Analyzer>" : {
      "count" : 9,
      "average" : {
        "ns" : 523142.55555555556,
        "us" : 523.1425555555555,
        "ms" : 0.5231425555555556,
        "s" : 5.231425555555555E-4
      },
      "min" : {
        "ns" : 388215,
        "us" : 388.215,
        "ms" : 0.388215,