{
  "stats" : {
    "nextFaultload" : {
      "count" : 10,
      "average" : {
        "ns" : 3987285.7,
        "us" : 3987.2857000000004,
        "ms" : 3.9872857,
        "s" : 0.0039872857
      },
      "min" : {
        "ns" : 2101833,
        "us" : 2101.833,
        "ms" : 2.101833,
        "s" : 0.002101833
      },
      "max" : {
        "ns" : 11364495,
        "us" : 11364.495,
        "ms" : 11.364495,
        "s" : 0.011364495
      }
    },
    "Per test" : {
      "count" : 9,
      "average" : {
        "ns" : 5.6416942666666664E7,
        "us" : 56416.94266666666,
        "ms" : 56.416942666666664,
        "s" : 0.056416942666666664
      },
      "min" : {
        "ns" : 27341728,
        "us" : 27341.728,
        "ms" : 27.341728,
        "s" : 0.027341728
      },
      "max" : {
        "ns" : 251730246,
        "us" : 251730.246,
        "ms" : 251.730246,
        "s" : 0.251730246
      }
    },
    "registerFaultload" : {
      "count" : 9,
      "average" : {
        "ns" : 1.9394825666666668E7,
        "us" : 19394.825666666668,
        "ms" : 19.39482566666667,
        "s" : 0.019394825666666667
      },
      "min" : {
        "ns" : 3471587,
        "us" : 3471.587,
        "ms" : 3.471587,
        "s" : 0.003471587
      },
      "max" : {
        "ns" : 121977037,
        "us" : 121977.037,
        "ms" : 121.977037,
        "s" : 0.121977037
      }
    },
    "testMethod" : {
      "count" : 9,
      "average" : {
        "ns" : 2.8233007777777776E7,
        "us" : 28233.007777777777,
        "ms" : 28.233007777777775,
        "s" : 0.028233007777777777
      },
      "min" : {
        "ns" : 16391124,
        "us" : 16391.124,
        "ms" : 16.391124,
        "s" : 0.016391124
      },
      "max" : {
        "ns" : 106550485,
        "us" : 106550.485,
        "ms" : 106.550485,
        "s" : 0.106550485
      }
    },
    "getTraceWithDelay" : {
      "count" : 9,
      "average" : {
        "ns" : 2.6674477888888888E7,
        "us" : 26674.477888888887,
        "ms" : 26.674477888888887,
        "s" : 0.026674477888888888
      },
      "min" : {
        "ns" : 14399443,
        "us" : 14399.443,
        "ms" : 14.399443,
        "s" : 0.014399443
      },
      "max" : {
        "ns" : 107345344,
        "us" : 107345.344,
        "ms" : 107.345344,
        "s" : 0.107345344
      }
    },
    "getTrace" : {
      "count" : 9,
      "average" : {
        "ns" : 1.7638573666666668E7,
        "us" : 17638.573666666667,
        "ms" : 17.63857366666667,
        "s" : 0.017638573666666667
      },
      "min" : {
        "ns" : 8434482,
        "us" : 8434.482,
        "ms" : 8.434482,
        "s" : 0.008434482
      },
      "max" : {
        "ns" : 83331229,
        "us" : 83331.229,
        "ms" : 83.331229,
        "s" : 0.083331229
      }
    },
    "handleResult" : {
      "count" : 9,
      "average" : {
        "ns" : 4520462.888888889,
        "us" : 4520.462888888889,
        "ms" : 4.520462888888889,
        "s" : 0.004520462888888889
      },
      "min" : {
        "ns" : 1532529,
        "us" : 1532.529,
        "ms" : 1.532529,
        "s" : 0.001532529
      },
      "max" : {
        "ns" : 18491076,
        "us" : 18491.076,
        "ms" : 18.491076,
        "s" : 0.018491076
      }
    },
    "StrategyRunner.analyze" : {
      "count" : 9,
      "average" : {
        "ns" : 4469215.0,
        "us" : 4469.215,
        "ms" : 4.469215,
        "s" : 0.004469215
      },
      "min" : {
        "ns" : 1524979,
        "us" : 1524.979,
        "ms" : 1.524979,
        "s" : 0.001524979
      },
      "max" : {
        "ns" : 18169528,
        "us" : 18169.528,
        "ms" : 18.169528,
        "s" : 0.018169528
      }
    },
    "DynamicExplorationGenerator.handleFeedback<Analyzer>" : {
      "count" : 9,
      "average" : {
        "ns" : 1140585.7777777778,
        "us" : 1140.5857777777778,
        "ms" : 1.1405857777777777,
        "s" : 0.0011405857777777777
      },
      "min" : {
        "ns" : 110993,
        "us" : 110.993,
        "ms" : 0.110993,
        "s" : 1.10993E-4
      },
      "max" : {
        "ns" : 7904705,
        "us" : 7904.705,
        "ms" : 7.904705,
        "s" : 0.007904705
      }
    },
    "HappyPathDetector.handleFeedback<Analyzer>" : {
      "count" : 9,
      "average" : {
        "ns" : 85375.0,
        "us" : 85.375,
        "ms" : 0.085375,
        "s" : 8.5375E-5
      },
      "min" : {
        "ns" : 3590,
        "us" : 3.59,
        "ms" : 0.00359,
        "s" : 3.59E-6
      },
      "max" : {
        "ns" : 735503,
        "us" : 735.503,
        "ms" : 0.735503,
        "s" : 7.35503E-4
      }
    },
    "ParentChildDetector.handleFeedback<Analyzer>" : {
      "count" : 9,
      "average" : {
        "ns" : 396452.44444444444,
        "us" : 396.45244444444444,
        "ms" : 0.39645244444444444,
        "s" : 3.9645244444444445E-4
      },
      "min" : {
        "ns" : 50582,
        "us" : 50.582,
        "ms" : 0.050582,
        "s" : 5.0582E-5
      },
      "max" : {
        "ns" : 2888583,
        "us" : 2888.583,
        "ms" : 2.888583,
        "s" : 0.002888583
      }
    },
    "HappensBeforeNeighbourDetector.handleFeedback<Analyzer>" : {
      "count" : 9,
      "average" : {
        "ns" : 793455.4444444445,
        "us" : 793.4554444444445,
        "ms" : 0.7934554444444445,
        "s" : 7.934554444444444E-4
      },
      "min" : {
        "ns" : 9920,
        "us" : 9.92,
        "ms" : 0.00992,
        "s" : 9.92E-6
      },
      "max" : {
        "ns" : 2406910,
        "us" : 2406.91,
        "ms" : 2.40691,
        "s" : 0.00240691
      }
    },
    "ErrorPropagationDetector.handleFeedback<Analyzer>" : {
      "count" : 9,
      "average" : {
        "ns" : 217894.33333333334,
        "us" : 217.89433333333335,
        "ms" : 0.21789433333333336,
        "s" : 2.1789433333333335E-4
      },
      "min" : {
        "ns" : 17141,
        "us" : 17.141,
        "ms" : 0.017141,
        "s" : 1.7141E-5
      },
      "max" : {
        "ns" : 526803,
        "us" : 526.803,
        "ms" : 0.526803,
        "s" : 5.26803E-4
      }
    },
    "ConditionalPointDetector.handleFeedback<Analyzer>" : {
      "count" : 9,
      "average" : {
        "ns" : 1161111.4444444445,
        "us" : 1161.1114444444445,
        "ms" : 1.1611114444444446,
        "s" : 0.0011611114444444444
      },
      "min" : {
        "ns" : 229596,
        "us" : 229.596,
        "ms" : 0.229596,
        "s" : 2.29596E-4
      },
      "max" : {
        "ns" : 4915253,
        "us" : 4915.253,
        "ms" : 4.915253,
        "s" : 0.004915253
      }
    },
    "RedundancyAnalyzer.handleFeedback<Analyzer>" : {
      "count" : 9,
      "average" : {
        "ns" : 42295.555555555555,
        "us" : 42.29555555555555,
        "ms" : 0.04229555555555555,
        "s" : 4.229555555555555E-5
      },
      "min" : {
        "ns" : 25861,
        "us" : 25.861,
        "ms" : 0.025861,
        "s" : 2.5861E-5
      },
      "max" : {
        "ns" : 105862,
        "us" : 105.862,
        "ms" : 0.105862,
        "s" : 1.05862E-4
      }
    },
    "StatusAnalyzer.handleFeedback<Analyzer>" : {
      "count" : 9,
      "average" : {
        "ns" : 38937.555555555555,
        "us" : 38.937555555555555,
        "ms" : 0.03893755555555555,
        "s" : 3.8937555555555556E-5
      },
      "min" : {
        "ns" : 5230,
        "us" : 5.23,
        "ms" : 0.00523,
        "s" : 5.23E-6
      },
      "max" : {
        "ns" : 302638,
        "us" : 302.638,
        "ms" : 0.302638,
        "s" : 3.02638E-4
      }
    },
    "BehaviorAnalyzer.handleFeedback<Analyzer>" : {
      "count" : 9,
      "average" : {
        "ns" : 316700.3333333333,
        "us" : 316.70033333333333,
        "ms" : 0.3167003333333333,
        "s" : 3.167003333333333E-4
      },
      "min" : {
        "ns" : 112993,
        "us" : 112.993,
        "ms" : 0.112993,