{
    "per_key": {
        "nextFaultload": {
            "n": 42,
            "mean": 1.6804690714285715,
            "median": 1.380443,
            "std": 1.53974287792029,
            "min": 0.749648,
            "max": 10.973775,
            "p25": 1.0763082499999999,
            "p50": 1.380443,
            "p75": 1.7608247499999998,
            "p90": 2.3461172999999995,
            "p95": 2.5092897499999993,
            "p99": 7.66600774999997
        },
        "Per test": {
            "n": 41,
            "mean": 41.16085268292683,
            "median": 35.675393,
            "std": 35.591182668266036,
            "min": 24.225941,
            "max": 261.064208,
            "p25": 31.729474999999997,
            "p50": 35.675393,
            "p75": 39.141528,
            "p90": 44.136674,
            "p95": 45.451785,
            "p99": 184.42027920000027
        },
        "registerFaultload": {
            "n": 41,
            "mean": 6.81388919512195,
            "median": 3.677076,
            "std": 17.191537065484674,
            "min": 2.727966,
            "max": 114.447249,
            "p25": 3.3055969999999997,
            "p50": 3.677076,
            "p75": 3.967476,
            "p90": 4.569484999999999,
            "p95": 6.830214,
            "p99": 76.22329660000014
        },
        "unregisterFautload": {
            "n": 41,
            "mean": 3.361465658536585,
            "median": 3.32056,
            "std": 0.4969038766807142,
            "min": 2.637295,
            "max": 4.578791,
            "p25": 2.9839919999999998,
            "p50": 3.32056,
            "p75": 3.6809,
            "p90": 4.006328,
            "p95": 4.293206,
            "p99": 4.511241
        },
        "testMethod": {
            "n": 41,
            "mean": 19.26233751219512,
            "median": 19.565151,
            "std": 4.992457602434643,
            "min": 12.813569999999999,
            "max": 39.80999,
            "p25": 14.725114999999999,
            "p50": 19.565151,
            "p75": 21.885998,
            "p90": 23.592589999999998,
            "p95": 24.585943,
            "p99": 34.733514000000014
        },
        "getTraceWithDelay": {
            "n": 41,
            "mean": 15.101343731707319,
            "median": 12.572094,
            "std": 15.050556358003911,
            "min": 8.006992,
            "max": 106.728166,
            "p25": 9.687933,
            "p50": 12.572094,
            "p75": 15.076602999999999,
            "p90": 17.245217,
            "p95": 25.428423,
            "p99": 74.43451720000012
        },
        "handleResult": {
            "n": 41,
            "mean": 3.087487658536585,
            "median": 2.1770519999999998,
            "std": 3.3237623639952947,
            "min": 1.117457,
            "max": 18.899285,
            "p25": 1.7411219999999998,
            "p50": 2.1770519999999998,
            "p75": 2.52834,
            "p90": 3.753091,
            "p95": 8.990238,
            "p99": 16.603166200000008
        },
        "Total test time": {
            "n": 1,
            "mean": 2096.3637439999998,
            "median": 2096.3637439999998,
            "std": 0.0,
            "min": 2096.3637439999998,
            "max": 2096.3637439999998,
            "p25": 2096.3637439999998,
            "p50": 2096.3637439999998,
            "p75": 2096.3637439999998,
            "p90": 2096.3637439999998,
            "p95": 2096.3637439999998,
            "p99": 2096.3637439999998
        },
        "getExpectedPoints": {
            "n": 144,
            "mean": 0.2935404861111111,
            "median": 0.21398,
            "std": 0.21457322149958072,
            "min": 0.097803,
            "max": 1.305262,
            "p25": 0.119488,
            "p50": 0.21398,
            "p75": 0.41946999999999995,
            "p90": 0.5461207000000001,
            "p95": 0.7115978499999996,
            "p99": 1.0114955199999984
        }
    }
}