{
    "per_key": {
        "nextFaultload": {
            "n": 1260,
            "mean": 1.007534684126984,
            "median": 0.8504484999999999,
            "std": 0.7211185983133944,
            "min": 0.024201,
            "max": 15.345443,
            "p25": 0.7538755,
            "p50": 0.8504484999999999,
            "p75": 1.0111940000000001,
            "p90": 1.4005440000000007,
            "p95": 1.873520049999999,
            "p99": 3.714831840000016
        },
        "Per test": {
            "n": 1250,
            "mean": 23.6932805656,
            "median": 19.925292,
            "std": 17.666429101685754,
            "min": 15.916184999999999,
            "max": 233.96093299999998,
            "p25": 18.421916,
            "p50": 19.925292,
            "p75": 22.93865,
            "p90": 30.418587,
            "p95": 37.37465889999999,
            "p99": 65.04024465999997
        },
        "registerFaultload": {
            "n": 1250,
            "mean": 3.9594793247999993,
            "median": 3.2648349999999997,
            "std": 3.7643586615139863,
            "min": 2.28232,
            "max": 44.685052999999996,
            "p25": 2.932414,
            "p50": 3.2648349999999997,
            "p75": 3.78600025,
            "p90": 4.579773700000001,
            "p95": 5.55171415,
            "p99": 22.360566149999993
        },
        "unregisterFautload": {
            "n": 1250,
            "mean": 3.1754021975999995,
            "median": 2.9501619999999997,
            "std": 0.9232378816828538,
            "min": 2.097025,
            "max": 11.61421,
            "p25": 2.68244675,
            "p50": 2.9501619999999997,
            "p75": 3.36188225,
            "p90": 3.994256600000001,
            "p95": 4.5007528,
            "p99": 8.109605579999997
        },
        "testMethod": {
            "n": 1250,
            "mean": 15.48925514,
            "median": 12.767111,
            "std": 12.60089457448838,
            "min": 10.264873,
            "max": 169.47470099999998,
            "p25": 11.768416,
            "p50": 12.767111,
            "p75": 14.757644749999999,
            "p90": 20.276744400000013,
            "p95": 24.673653899999998,
            "p99": 54.16958101999999
        },
        "getTraceWithDelay": {
            "n": 1250,
            "mean": 9.2751160464,
            "median": 7.460672,
            "std": 8.874659129058118,
            "min": 5.124296999999999,
            "max": 108.93346799999999,
            "p25": 6.5840365,
            "p50": 7.460672,
            "p75": 9.239868249999999,
            "p90": 12.785380900000003,
            "p95": 15.749325249999998,
            "p99": 25.29709948
        },
        "handleResult": {
            "n": 1250,
            "mean": 1.0476047287999999,
            "median": 0.7397994999999999,
            "std": 1.6900245754374785,
            "min": 0.466273,
            "max": 21.598779999999998,
            "p25": 0.615402,
            "p50": 0.7397994999999999,
            "p75": 0.9569979999999999,
            "p90": 1.3520719000000012,
            "p95": 1.8775905999999993,
            "p99": 7.983019429999999
        },
        "Total test time": {
            "n": 10,
            "mean": 3403.7060503000002,
            "median": 3379.0869875,
            "std": 86.4877286379949,
            "min": 3280.472437,
            "max": 3577.736505,
            "p25": 3346.93947,
            "p50": 3379.0869875,
            "p75": 3440.34362225,
            "p90": 3529.9900551,
            "p95": 3553.86328005,
            "p99": 3572.96186001
        },
        "getExpectedBehaviours": {
            "n": 2480,
            "mean": 0.07440709919354838,
            "median": 0.048236,
            "std": 0.20245364252294176,
            "min": 0.027940999999999997,
            "max": 9.128141,
            "p25": 0.039721,
            "p50": 0.048236,
            "p75": 0.06883675,
            "p90": 0.13640119999999997,
            "p95": 0.17883254999999998,
            "p99": 0.319966
        },
        "getExpectedPoints": {
            "n": 2480,
            "mean": 0.14080589838709676,
            "median": 0.1370075,
            "std": 0.19523839725668057,
            "min": 0.032461,
            "max": 8.401152,
            "p25": 0.05330675,
            "p50": 0.1370075,
            "p75": 0.18509749999999997,
            "p90": 0.23827549999999997,
            "p95": 0.2891290499999991,
            "p99": 0.44814398000000005
        }
    }
}