{
    "per_key": {
        "nextFaultload": {
            "n": 60,
            "mean": 2.284887733333333,
            "median": 2.2504324999999996,
            "std": 1.4586420463529295,
            "min": 0.021001,
            "max": 7.095632999999999,
            "p25": 2.104068,
            "p50": 2.2504324999999996,
            "p75": 2.6256342499999996,
            "p90": 3.2555742,
            "p95": 3.6534926499999907,
            "p99": 7.094866
        },
        "Per test": {
            "n": 50,
            "mean": 71.3208445,
            "median": 28.394336499999998,
            "std": 80.08576832139535,
            "min": 24.508283,
            "max": 242.484791,
            "p25": 26.1948105,
            "p50": 28.394336499999998,
            "p75": 46.36231725,
            "p90": 229.4734953,
            "p95": 232.86380219999998,
            "p99": 238.92999583999998
        },
        "registerFaultload": {
            "n": 50,
            "mean": 29.61105404,
            "median": 4.789643999999999,
            "std": 43.477881797497034,
            "min": 3.663322,
            "max": 118.671854,
            "p25": 4.065296249999999,
            "p50": 4.789643999999999,
            "p75": 19.8288625,
            "p90": 116.0895328,
            "p95": 116.9513202,
            "p99": 118.47884741
        },
        "unregisterFautload": {
            "n": 50,
            "mean": 3.989399459999999,
            "median": 3.8737234999999997,
            "std": 0.45614290403022645,
            "min": 3.2504869999999997,
            "max": 5.2929189999999995,
            "p25": 3.6656477499999998,
            "p50": 3.8737234999999997,
            "p75": 4.272036249999999,
            "p90": 4.570888399999999,
            "p95": 4.738819499999999,
            "p99": 5.26920447
        },
        "testMethod": {
            "n": 50,
            "mean": 32.58075904,
            "median": 17.373964,
            "std": 31.550307117656992,
            "min": 15.184527999999998,
            "max": 106.218423,
            "p25": 16.243477,
            "p50": 17.373964,
            "p75": 18.525882,
            "p90": 94.0673346,
            "p95": 95.55744695,
            "p99": 102.70157735999999
        },
        "getTraceWithDelay": {
            "n": 50,
            "mean": 32.6972001,
            "median": 16.828074,
            "std": 32.67042521350424,
            "min": 13.76873,
            "max": 107.892726,
            "p25": 15.07112025,
            "p50": 16.828074,
            "p75": 19.27858475,
            "p90": 95.6897355,
            "p95": 98.24604419999999,
            "p99": 104.57811119999998
        },
        "handleResult": {
            "n": 50,
            "mean": 5.09648534,
            "median": 2.511354,
            "std": 5.113926893876077,
            "min": 1.452683,
            "max": 16.357903999999998,
            "p25": 1.642024,
            "p50": 2.511354,
            "p75": 4.7189495,
            "p90": 14.8320867,
            "p95": 15.4254847,
            "p99": 16.006375059999996
        },
        "Total test time": {
            "n": 10,
            "mean": 597.1370746,
            "median": 593.023472,
            "std": 14.047340089243285,
            "min": 581.559594,
            "max": 631.18576,
            "p25": 588.2980057499999,
            "p50": 593.023472,
            "p75": 600.81960325,
            "p90": 613.7796457000001,
            "p95": 622.48270285,
            "p99": 629.44514857
        },
        "getExpectedBehaviours": {
            "n": 80,
            "mean": 0.2365103,
            "median": 0.2187635,
            "std": 0.1027534013043364,
            "min": 0.118307,
            "max": 0.55633,
            "p25": 0.13993325,
            "p50": 0.2187635,
            "p75": 0.28959124999999997,
            "p90": 0.3698620000000002,
            "p95": 0.470224,
            "p99": 0.5496971599999999
        },
        "getExpectedPoints": {
            "n": 80,
            "mean": 0.3296396375,
            "median": 0.3231195,
            "std": 0.09450480239559834,
            "min": 0.14820899999999998,
            "max": 0.6510389999999999,
            "p25": 0.25121499999999997,
            "p50": 0.3231195,
            "p75": 0.366797,
            "p90": 0.442427,
            "p95": 0.52315605,
            "p99": 0.5902058399999994
        }
    }
}