{
    "per_key": {
        "nextFaultload": {
            "n": 7300,
            "mean": 5.508178050136986,
            "median": 1.6797395,
            "std": 91.83488495439732,
            "min": 0.421902,
            "max": 2584.518661,
            "p25": 1.1963035,
            "p50": 1.6797395,
            "p75": 2.241481,
            "p90": 3.636933400000001,
            "p95": 4.737969649999992,
            "p99": 8.065525090000007
        },
        "Per test": {
            "n": 7290,
            "mean": 23.77977580740741,
            "median": 22.438631,
            "std": 8.235782862307882,
            "min": 17.854775999999998,
            "max": 212.75700999999998,
            "p25": 21.401252749999998,
            "p50": 22.438631,
            "p75": 24.0403915,
            "p90": 26.5810332,
            "p95": 29.658288349999975,
            "p99": 49.05640877999997
        },
        "registerFaultload": {
            "n": 7290,
            "mean": 2.7758998271604938,
            "median": 2.511303,
            "std": 1.826184336513189,
            "min": 1.7129729999999999,
            "max": 49.701499999999996,
            "p25": 2.2973055000000002,
            "p50": 2.511303,
            "p75": 2.864797,
            "p90": 3.4026619,
            "p95": 3.8002958499999995,
            "p99": 5.553518369999996
        },
        "unregisterFautload": {
            "n": 7290,
            "mean": 2.494759444855967,
            "median": 2.330533,
            "std": 0.673717507657506,
            "min": 1.6592829999999998,
            "max": 17.180118999999998,
            "p25": 2.1376192499999997,
            "p50": 2.330533,
            "p75": 2.6349405,
            "p90": 3.1095636,
            "p95": 3.565639949999998,
            "p99": 4.713161379999994
        },
        "testMethod": {
            "n": 7290,
            "mean": 17.155977063237312,
            "median": 16.247506,
            "std": 5.96943236644394,
            "min": 12.876158,
            "max": 149.379291,
            "p25": 15.412473,
            "p50": 16.247506,
            "p75": 17.386423,
            "p90": 18.9942462,
            "p95": 21.16131695,
            "p99": 37.607254279999836
        },
        "getTraceWithDelay": {
            "n": 7290,
            "mean": 6.397278476268861,
            "median": 5.665508,
            "std": 4.1018729407078585,
            "min": 4.285024,
            "max": 110.867611,
            "p25": 5.366115,
            "p50": 5.665508,
            "p75": 6.2385675,
            "p90": 7.9005293,
            "p95": 9.803097199999995,
            "p99": 16.22783590999998
        },
        "handleResult": {
            "n": 7290,
            "mean": 1.3371110286694101,
            "median": 1.221711,
            "std": 0.8948315327165902,
            "min": 0.570649,
            "max": 22.045607,
            "p25": 0.9148255,
            "p50": 1.221711,
            "p75": 1.5834030000000001,
            "p90": 1.8068707000000002,
            "p95": 1.9594371,
            "p99": 4.447077579999994
        },
        "Total test time": {
            "n": 10,
            "mean": 22449.906196699998,
            "median": 22406.302605999997,
            "std": 158.40860476703836,
            "min": 22227.223351999997,
            "max": 22782.025212999997,
            "p25": 22343.142152499997,
            "p50": 22406.302605999997,
            "p75": 22559.630756,
            "p90": 22630.9603966,
            "p95": 22706.492804799997,
            "p99": 22766.918731359998
        },
        "getExpectedBehaviours": {
            "n": 53440,
            "mean": 0.2190279814184132,
            "median": 0.218517,
            "std": 0.17721197817090875,
            "min": 0.053940999999999996,
            "max": 7.895728,
            "p25": 0.16018274999999998,
            "p50": 0.218517,
            "p75": 0.267536,
            "p90": 0.3060034,
            "p95": 0.32989699999999983,
            "p99": 0.41327753
        },
        "getExpectedPoints": {
            "n": 53440,
            "mean": 0.25816844156062874,
            "median": 0.247933,
            "std": 0.23953156495343217,
            "min": 0.057470999999999994,
            "max": 36.210054,
            "p25": 0.18553075,
            "p50": 0.247933,
            "p75": 0.2931725,
            "p90": 0.35664479999999993,
            "p95": 0.44650294999999945,
            "p99": 0.7027068700000002
        }
    }
}