{
  "stats" : {
    "nextFaultload" : {
      "count" : 9,
      "average" : {
        "ns" : 2345920.0,
        "us" : 2345.92,
        "ms" : 2.34592,
        "s" : 0.00234592
      },
      "min" : {
        "ns" : 19781,
        "us" : 19.781,
        "ms" : 0.019781,
        "s" : 1.9781E-5
      },
      "max" : {
        "ns" : 4230080,
        "us" : 4230.08,
        "ms" : 4.23008,
        "s" : 0.00423008
      }
    },
    "Per test" : {
      "count" : 8,
      "average" : {
        "ns" : 6.667995675E7,
        "us" : 66679.95675,
        "ms" : 66.67995675,
        "s" : 0.06667995675
      },
      "min" : {
        "ns" : 27841404,
        "us" : 27841.404,
        "ms" : 27.841404,
        "s" : 0.027841404
      },
      "max" : {
        "ns" : 258500583,
        "us" : 258500.583,
        "ms" : 258.500583,
        "s" : 0.258500583
      }
    },
    "registerFaultload" : {
      "count" : 8,
      "average" : {
        "ns" : 2.0580260375E7,
        "us" : 20580.260375,
        "ms" : 20.580260375,
        "s" : 0.020580260375
      },
      "min" : {
        "ns" : 3308320,
        "us" : 3308.32,
        "ms" : 3.30832,
        "s" : 0.00330832
      },
      "max" : {
        "ns" : 121386542,
        "us" : 121386.542,
        "ms" : 121.386542,
        "s" : 0.121386542
      }
    },
    "testMethod" : {
      "count" : 8,
      "average" : {
        "ns" : 1.69068875E7,
        "us" : 16906.8875,
        "ms" : 16.9068875,
        "s" : 0.0169068875
      },
      "min" : {
        "ns" : 10276326,
        "us" : 10276.326,
        "ms" : 10.276326,
        "s" : 0.010276326
      },
      "max" : {
        "ns" : 31917430,
        "us" : 31917.43,
        "ms" : 31.91743,
        "s" : 0.03191743
      }
    },
    "getTraceWithDelay" : {
      "count" : 8,
      "average" : {
        "ns" : 2.92001385E7,
        "us" : 29200.1385,
        "ms" : 29.2001385,
        "s" : 0.0292001385
      },
      "min" : {
        "ns" : 12741533,
        "us" : 12741.533,
        "ms" : 12.741533,
        "s" : 0.012741533
      },
      "max" : {
        "ns" : 105118616,
        "us" : 105118.616,
        "ms" : 105.118616,
        "s" : 0.105118616
      }
    },
    "getTrace" : {
      "count" : 8,
      "average" : {
        "ns" : 1.9197872125E7,
        "us" : 19197.872125,
        "ms" : 19.197872125,
        "s" : 0.019197872125
      },
      "min" : {
        "ns" : 7586581,
        "us" : 7586.581,
        "ms" : 7.586581,
        "s" : 0.007586581
      },
      "max" : {
        "ns" : 83297078,
        "us" : 83297.078,
        "ms" : 83.297078,
        "s" : 0.083297078
      }
    },
    "handleResult" : {
      "count" : 8,
      "average" : {
        "ns" : 6678157.75,
        "us" : 6678.15775,
        "ms" : 6.67815775,
        "s" : 0.00667815775
      },
      "min" : {
        "ns" : 1684147,
        "us" : 1684.147,
        "ms" : 1.684147,
        "s" : 0.001684147
      },
      "max" : {
        "ns" : 18028175,
        "us" : 18028.175,
        "ms" : 18.028175,
        "s" : 0.018028175
      }
    },
    "StrategyRunner.analyze" : {
      "count" : 8,
      "average" : {
        "ns" : 6627067.25,
        "us" : 6627.06725,
        "ms" : 6.62706725,
        "s" : 0.00662706725
      },
      "min" : {
        "ns" : 1672276,
        "us" : 1672.276,
        "ms" : 1.672276,
        "s" : 0.001672276
      },
      "max" : {
        "ns" : 17721127,
        "us" : 17721.127,
        "ms" : 17.721127,
        "s" : 0.017721127
      }
    },
    "DynamicExplorationGenerator.handleFeedback<Analyzer>" : {
      "count" : 8,
      "average" : {
        "ns" : 1260426.875,
        "us" : 1260.426875,
        "ms" : 1.260426875,
        "s" : 0.001260426875
      },
      "min" : {
        "ns" : 78575,
        "us" : 78.575,
        "ms" : 0.078575,
        "s" : 7.8575E-5
      },
      "max" : {
        "ns" : 7258658,
        "us" : 7258.658,
        "ms" : 7.258658,
        "s" : 0.007258658
      }
    },
    "HappyPathDetector.handleFeedback<Analyzer>" : {
      "count" : 8,
      "average" : {
        "ns" : 78668.375,
        "us" : 78.668375,
        "ms" : 0.078668375,
        "s" : 7.8668375E-5
      },
      "min" : {
        "ns" : 2940,
        "us" : 2.94,
        "ms" : 0.00294,
        "s" : 2.94E-6
      },
      "max" : {
        "ns" : 598645,
        "us" : 598.645,
        "ms" : 0.598645,
        "s" : 5.98645E-4
      }
    },
    "ParentChildDetector.handleFeedback<Analyzer>" : {
      "count" : 8,
      "average" : {
        "ns" : 428759.0,
        "us" : 428.759,
        "ms" : 0.428759,
        "s" : 4.28759E-4
      },
      "min" : {
        "ns" : 40783,
        "us" : 40.783,
        "ms" : 0.040783,
        "s" : 4.0783E-5
      },
      "max" : {
        "ns" : 2692809,
        "us" : 2692.809,
        "ms" : 2.692809,
        "s" : 0.002692809
      }
    },
    "HappensBeforeNeighbourDetector.handleFeedback<Analyzer>" : {
      "count" : 8,
      "average" : {
        "ns" : 522814.75,
        "us" : 522.81475,
        "ms" : 0.52281475,
        "s" : 5.2281475E-4
      },
      "min" : {
        "ns" : 11090,
        "us" : 11.09,
        "ms" : 0.01109,
        "s" : 1.109E-5
      },
      "max" : {
        "ns" : 1638887,
        "us" : 1638.887,
        "ms" : 1.638887,
        "s" : 0.001638887
      }
    },
    "ErrorPropagationDetector.handleFeedback<Analyzer>" : {
      "count" : 8,
      "average" : {
        "ns" : 280915.375,
        "us" : 280.915375,
        "ms" : 0.280915375,
        "s" : 2.80915375E-4
      },
      "min" : {
        "ns" : 17211,
        "us" : 17.211,
        "ms" : 0.017211,
        "s" : 1.7211E-5
      },
      "max" : {
        "ns" : 775936,
        "us" : 775.936,
        "ms" : 0.775936,
        "s" : 7.75936E-4
      }
    },
    "ConditionalPointDetector.handleFeedback<Analyzer>" : {
      "count" : 8,
      "average" : {
        "ns" : 1104391.625,
        "us" : 1104.391625,
        "ms" : 1.104391625,
        "s" : 0.001104391625
      },
      "min" : {
        "ns" : 202342,
        "us" : 202.342,
        "ms" : 0.202342,
        "s" : 2.02342E-4
      },
      "max" : {
        "ns" : 5358646,
        "us" : 5358.646,
        "ms" : 5.358646,
        "s" : 0.005358646
      }
    },
    "RedundancyAnalyzer.handleFeedback<Analyzer>" : {
      "count" : 8,
      "average" : {
        "ns" : 58659.5,
        "us" : 58.6595,
        "ms" : 0.0586595,
        "s" : 5.86595E-5
      },
      "min" : {
        "ns" : 26761,
        "us" : 26.761,
        "ms" : 0.026761,
        "s" : 2.6761E-5
      },
      "max" : {
        "ns" : 123217,
        "us" : 123.217,
        "ms" : 0.123217,
        "s" : 1.23217E-4
      }
    },
    "StatusAnalyzer.handleFeedback<Analyzer>" : {
      "count" : 8,
      "average" : {
        "ns" : 37389.625,
        "us" : 37.389625,
        "ms" : 0.037389625,
        "s" : 3.7389625E-5
      },
      "min" : {
        "ns" : 5420,
        "us" : 5.42,
        "ms" : 0.00542,
        "s" : 5.42E-6
      },
      "max" : {
        "ns" : 253905,
        "us" : 253.905,
        "ms" : 0.253905,
        "s" : 2.53905E-4
      }
    },
    "BehaviorAnalyzer.handleFeedback<Analyzer>" : {
      "count" : 8,
      "average" : {
        "ns" : 350196.75,
        "us" : 350.19675,
        "ms" : 0.35019675,
        "s" : 3.5019675E-4
      },
      "min" : {
        "ns" : 88006,
        "us" : 88.006,
        "ms" : 0.088006,
        "s" : 8.8006E-5
      },
      "max" : {
        "ns" : 995569,
        "us" : 995.569,
        "ms" : 0.995569,
        "s" : 9.95569E-4
      }
    },
    "TimingAnalyzer.handleFeedback<Analyzer>" : {
      "count" : 8,
      "average" : {
        "ns" : 216944.875,
        "us" : 216.944875,
        "ms" : 0.216944875,
        "s" : 2.16944875E-4
      },
      "min" : {
        "ns" : 63693,
        "us" : 63.693,
        "ms" : 0.063693,