{
  "stats" : {
    "nextFaultload" : {
      "count" : 9,
      "average" : {
        "ns" : 2238799.888888889,
        "us" : 2238.799888888889,
        "ms" : 2.238799888888889,
        "s" : 0.002238799888888889
      },
      "min" : {
        "ns" : 478230,
        "us" : 478.23,
        "ms" : 0.47823,
        "s" : 4.7823E-4
      },
      "max" : {
        "ns" : 4165468,
        "us" : 4165.468,
        "ms" : 4.165468,
        "s" : 0.004165468
      }
    },
    "Per test" : {
      "count" : 8,
      "average" : {
        "ns" : 1.3330980825E8,
        "us" : 133309.80825,
        "ms" : 133.30980825,
        "s" : 0.13330980825
      },
      "min" : {
        "ns" : 33272642,
        "us" : 33272.642,
        "ms" : 33.272642,
        "s" : 0.033272642
      },
      "max" : {
        "ns" : 465083145,
        "us" : 465083.145,
        "ms" : 465.083145,
        "s" : 0.465083145
      }
    },
    "registerFaultload" : {
      "count" : 8,
      "average" : {
        "ns" : 1.93596215E7,
        "us" : 19359.6215,
        "ms" : 19.3596215,
        "s" : 0.0193596215
      },
      "min" : {
        "ns" : 2710075,
        "us" : 2710.075,
        "ms" : 2.710075,
        "s" : 0.002710075
      },
      "max" : {
        "ns" : 114463470,
        "us" : 114463.47,
        "ms" : 114.46347,
        "s" : 0.11446347
      }
    },
    "testMethod" : {
      "count" : 8,
      "average" : {
        "ns" : 8.74113655E7,
        "us" : 87411.3655,
        "ms" : 87.4113655,
        "s" : 0.0874113655
      },
      "min" : {
        "ns" : 18558094,
        "us" : 18558.094,
        "ms" : 18.558094,
        "s" : 0.018558094
      },
      "max" : {
        "ns" : 240099759,
        "us" : 240099.759,
        "ms" : 240.099759,
        "s" : 0.240099759
      }
    },
    "getTraceWithDelay" : {
      "count" : 8,
      "average" : {
        "ns" : 2.6295855625E7,
        "us" : 26295.855625,
        "ms" : 26.295855625,
        "s" : 0.026295855625
      },
      "min" : {
        "ns" : 10757892,
        "us" : 10757.892,
        "ms" : 10.757892,
        "s" : 0.010757892
      },
      "max" : {
        "ns" : 110118291,
        "us" : 110118.291,
        "ms" : 110.118291,
        "s" : 0.110118291
      }
    },
    "getTrace" : {
      "count" : 8,
      "average" : {
        "ns" : 1.6794443875E7,
        "us" : 16794.443875,
        "ms" : 16.794443875,
        "s" : 0.016794443875
      },
      "min" : {
        "ns" : 6208600,
        "us" : 6208.6,
        "ms" : 6.2086,
        "s" : 0.0062086
      },
      "max" : {
        "ns" : 79578923,
        "us" : 79578.923,
        "ms" : 79.578923,
        "s" : 0.079578923
      }
    },
    "handleResult" : {
      "count" : 8,
      "average" : {
        "ns" : 5740957.125,
        "us" : 5740.957125,
        "ms" : 5.740957125,
        "s" : 0.005740957125
      },
      "min" : {
        "ns" : 1719311,
        "us" : 1719.311,
        "ms" : 1.719311,
        "s" : 0.001719311
      },
      "max" : {
        "ns" : 21501384,
        "us" : 21501.384,
        "ms" : 21.501384,
        "s" : 0.021501384
      }
    },
    "StrategyRunner.analyze" : {
      "count" : 8,
      "average" : {
        "ns" : 5565508.375,
        "us" : 5565.508375,
        "ms" : 5.565508375,
        "s" : 0.005565508375
      },
      "min" : {
        "ns" : 1631705,
        "us" : 1631.705,
        "ms" : 1.631705,
        "s" : 0.001631705
      },
      "max" : {
        "ns" : 20948749,
        "us" : 20948.749,
        "ms" : 20.948749,
        "s" : 0.020948749
      }
    },
    "DynamicExplorationGenerator.handleFeedback<Analyzer>" : {
      "count" : 8,
      "average" : {
        "ns" : 1144386.375,
        "us" : 1144.386375,
        "ms" : 1.144386375,
        "s" : 0.001144386375
      },
      "min" : {
        "ns" : 81105,
        "us" : 81.105,
        "ms" : 0.081105,
        "s" : 8.1105E-5
      },
      "max" : {
        "ns" : 6885544,
        "us" : 6885.544,
        "ms" : 6.885544,
        "s" : 0.006885544
      }
    },
    "HappyPathDetector.handleFeedback<Analyzer>" : {
      "count" : 8,
      "average" : {
        "ns" : 65967.0,
        "us" : 65.967,
        "ms" : 0.065967,
        "s" : 6.5967E-5
      },
      "min" : {
        "ns" : 3101,
        "us" : 3.101,
        "ms" : 0.003101,
        "s" : 3.101E-6
      },
      "max" : {
        "ns" : 498733,
        "us" : 498.733,
        "ms" : 0.498733,
        "s" : 4.98733E-4
      }
    },
    "ParentChildDetector.handleFeedback<Analyzer>" : {
      "count" : 8,
      "average" : {
        "ns" : 1039379.5,
        "us" : 1039.3795,
        "ms" : 1.0393795,
        "s" : 0.0010393795
      },
      "min" : {
        "ns" : 43502,
        "us" : 43.502,
        "ms" : 0.043502,
        "s" : 4.3502E-5
      },
      "max" : {
        "ns" : 7801302,
        "us" : 7801.302,
        "ms" : 7.801302,
        "s" : 0.007801302
      }
    },
    "HappensBeforeNeighbourDetector.handleFeedback<Analyzer>" : {
      "count" : 8,
      "average" : {
        "ns" : 364548.375,
        "us" : 364.548375,
        "ms" : 0.364548375,
        "s" : 3.64548375E-4
      },
      "min" : {
        "ns" : 10301,
        "us" : 10.301,
        "ms" : 0.010301,
        "s" : 1.0301E-5
      },
      "max" : {
        "ns" : 1247180,
        "us" : 1247.18,
        "ms" : 1.24718,
        "s" : 0.00124718
      }
    },
    "ErrorPropagationDetector.handleFeedback<Analyzer>" : {
      "count" : 8,
      "average" : {
        "ns" : 781787.875,
        "us" : 781.787875,
        "ms" : 0.781787875,
        "s" : 7.81787875E-4
      },
      "min" : {
        "ns" : 12601,
        "us" : 12.601,
        "ms" : 0.012601,
        "s" : 1.2601E-5
      },
      "max" : {
        "ns" : 2754077,
        "us" : 2754.077,
        "ms" : 2.754077,
        "s" : 0.002754077
      }
    },
    "ConditionalPointDetector.handleFeedback<Analyzer>" : {
      "count" : 8,
      "average" : {
        "ns" : 775637.5,
        "us" : 775.6375,
        "ms" : 0.7756375,
        "s" : 7.756375E-4
      },
      "min" : {
        "ns" : 112107,
        "us" : 112.107,
        "ms" : 0.112107,
        "s" : 1.12107E-4
      },
      "max" : {
        "ns" : 4509690,
        "us" : 4509.69,
        "ms" : 4.50969,
        "s" : 0.00450969
      }
    },
    "RedundancyAnalyzer.handleFeedback<Analyzer>" : {
      "count" : 8,
      "average" : {
        "ns" : 34464.875,
        "us" : 34.464875,
        "ms" : 0.034464875,
        "s" : 3.4464875E-5
      },
      "min" : {
        "ns" : 20801,
        "us" : 20.801,
        "ms" : 0.020801,
        "s" : 2.0801E-5
      },
      "max" : {
        "ns" : 66505,
        "us" : 66.505,
        "ms" : 0.066505,
        "s" : 6.6505E-5
      }
    },
    "StatusAnalyzer.handleFeedback<Analyzer>" : {
      "count" : 8,
      "average" : {
        "ns" : 22238.75,
        "us" : 22.23875,
        "ms" : 0.02223875,
        "s" : 2.223875E-5
      },
      "min" : {
        "ns" : 4400,
        "us" : 4.4,
        "ms" : 0.0044,
        "s" : 4.4E-6
      },
      "max" : {
        "ns" : 141809,
        "us" : 141.809,
        "ms" : 0.141809,
        "s" : 1.41809E-4
      }
    },
    "BehaviorAnalyzer.handleFeedback<Analyzer>" : {
      "count" : 8,
      "average" : {
        "ns" : 533296.5,
        "us" : 533.2965,
        "ms" : 0.5332965,
        "s" : 5.332965E-4
      },
      "min" : {
        "ns" : 256416,
        "us" : 256.416,
        "ms" : 0.256416,
        "s" : 2.56416E-4
      },
      "max" : {
        "ns" : 1461194,
        "us" : 1461.194,
        "ms" : 1.461194,
        "s" : 0.001461194
      }
    },
    "TimingAnalyzer.handleFeedback<Analyzer>" : {
      "count" : 8,
      "average" : {
        "ns" : 164785.625,
        "us" : 164.785625,
        "ms" : 0.164785625,
        "s" : 1.64785625E-4
      },
      "min" : {
        "ns" : 50903,
        "us" : 50.903,