{
  "stats" : {
    "nextFaultload" : {
      "count" : 9,
      "average" : {
        "ns" : 2425753.5555555555,
        "us" : 2425.7535555555555,
        "ms" : 2.4257535555555556,
        "s" : 0.0024257535555555557
      },
      "min" : {
        "ns" : 829634,
        "us" : 829.634,
        "ms" : 0.829634,
        "s" : 8.29634E-4
      },
      "max" : {
        "ns" : 4684189,
        "us" : 4684.189,
        "ms" : 4.684189,
        "s" : 0.004684189
      }
    },
    "Per test" : {
      "count" : 8,
      "average" : {
        "ns" : 6.0120514E7,
        "us" : 60120.514,
        "ms" : 60.120514,
        "s" : 0.060120514
      },
      "min" : {
        "ns" : 24568092,
        "us" : 24568.092,
        "ms" : 24.568092,
        "s" : 0.024568092
      },
      "max" : {
        "ns" : 240543008,
        "us" : 240543.008,
        "ms" : 240.543008,
        "s" : 0.240543008
      }
    },
    "registerFaultload" : {
      "count" : 8,
      "average" : {
        "ns" : 1.82512115E7,
        "us" : 18251.2115,
        "ms" : 18.2512115,
        "s" : 0.0182512115
      },
      "min" : {
        "ns" : 2571304,
        "us" : 2571.304,
        "ms" : 2.571304,
        "s" : 0.002571304
      },
      "max" : {
        "ns" : 106917315,
        "us" : 106917.315,
        "ms" : 106.917315,
        "s" : 0.106917315
      }
    },
    "testMethod" : {
      "count" : 8,
      "average" : {
        "ns" : 1.4786421875E7,
        "us" : 14786.421875,
        "ms" : 14.786421875,
        "s" : 0.014786421875
      },
      "min" : {
        "ns" : 9037365,
        "us" : 9037.365,
        "ms" : 9.037365,
        "s" : 0.009037365
      },
      "max" : {
        "ns" : 27557613,
        "us" : 27557.613,
        "ms" : 27.557613,
        "s" : 0.027557613
      }
    },
    "getTraceWithDelay" : {
      "count" : 8,
      "average" : {
        "ns" : 2.6830495625E7,
        "us" : 26830.495625,
        "ms" : 26.830495625,
        "s" : 0.026830495625
      },
      "min" : {
        "ns" : 12279096,
        "us" : 12279.096,
        "ms" : 12.279096,
        "s" : 0.012279096
      },
      "max" : {
        "ns" : 105746568,
        "us" : 105746.568,
        "ms" : 105.746568,
        "s" : 0.105746568
      }
    },
    "getTrace" : {
      "count" : 8,
      "average" : {
        "ns" : 1.7054813375E7,
        "us" : 17054.813375,
        "ms" : 17.054813375,
        "s" : 0.017054813375
      },
      "min" : {
        "ns" : 7268493,
        "us" : 7268.493,
        "ms" : 7.268493,
        "s" : 0.007268493
      },
      "max" : {
        "ns" : 75131332,
        "us" : 75131.332,
        "ms" : 75.131332,
        "s" : 0.075131332
      }
    },
    "handleResult" : {
      "count" : 8,
      "average" : {
        "ns" : 6044881.625,
        "us" : 6044.881625,
        "ms" : 6.044881625,
        "s" : 0.006044881625
      },
      "min" : {
        "ns" : 1950779,
        "us" : 1950.779,
        "ms" : 1.950779,
        "s" : 0.001950779
      },
      "max" : {
        "ns" : 22034089,
        "us" : 22034.089,
        "ms" : 22.034089,
        "s" : 0.022034089
      }
    },
    "StrategyRunner.analyze" : {
      "count" : 8,
      "average" : {
        "ns" : 5876012.125,
        "us" : 5876.012125,
        "ms" : 5.876012125,
        "s" : 0.005876012125
      },
      "min" : {
        "ns" : 1857075,
        "us" : 1857.075,
        "ms" : 1.857075,
        "s" : 0.001857075
      },
      "max" : {
        "ns" : 21411964,
        "us" : 21411.964,
        "ms" : 21.411964,
        "s" : 0.021411964
      }
    },
    "DynamicExplorationGenerator.handleFeedback<Analyzer>" : {
      "count" : 8,
      "average" : {
        "ns" : 1136158.375,
        "us" : 1136.158375,
        "ms" : 1.136158375,
        "s" : 0.001136158375
      },
      "min" : {
        "ns" : 75603,
        "us" : 75.603,
        "ms" : 0.075603,
        "s" : 7.5603E-5
      },
      "max" : {
        "ns" : 6711771,
        "us" : 6711.771,
        "ms" : 6.711771,
        "s" : 0.006711771
      }
    },
    "HappyPathDetector.handleFeedback<Analyzer>" : {
      "count" : 8,
      "average" : {
        "ns" : 73078.0,
        "us" : 73.078,
        "ms" : 0.073078,
        "s" : 7.3078E-5
      },
      "min" : {
        "ns" : 3100,
        "us" : 3.1,
        "ms" : 0.0031,
        "s" : 3.1E-6
      },
      "max" : {
        "ns" : 556223,
        "us" : 556.223,
        "ms" : 0.556223,
        "s" : 5.56223E-4
      }
    },
    "ParentChildDetector.handleFeedback<Analyzer>" : {
      "count" : 8,
      "average" : {
        "ns" : 1088931.5,
        "us" : 1088.9315,
        "ms" : 1.0889315,
        "s" : 0.0010889315
      },
      "min" : {
        "ns" : 39902,
        "us" : 39.902,
        "ms" : 0.039902,
        "s" : 3.9902E-5
      },
      "max" : {
        "ns" : 8149829,
        "us" : 8149.829,
        "ms" : 8.149829,
        "s" : 0.008149829
      }
    },
    "HappensBeforeNeighbourDetector.handleFeedback<Analyzer>" : {
      "count" : 8,
      "average" : {
        "ns" : 382540.5,
        "us" : 382.5405,
        "ms" : 0.3825405,
        "s" : 3.825405E-4
      },
      "min" : {
        "ns" : 11800,
        "us" : 11.8,
        "ms" : 0.0118,
        "s" : 1.18E-5
      },
      "max" : {
        "ns" : 1333654,
        "us" : 1333.654,
        "ms" : 1.333654,
        "s" : 0.001333654
      }
    },
    "ErrorPropagationDetector.handleFeedback<Analyzer>" : {
      "count" : 8,
      "average" : {
        "ns" : 824233.25,
        "us" : 824.23325,
        "ms" : 0.82423325,
        "s" : 8.2423325E-4
      },
      "min" : {
        "ns" : 21201,
        "us" : 21.201,
        "ms" : 0.021201,
        "s" : 2.1201E-5
      },
      "max" : {
        "ns" : 2645107,
        "us" : 2645.107,
        "ms" : 2.645107,
        "s" : 0.002645107
      }
    },
    "ConditionalPointDetector.handleFeedback<Analyzer>" : {
      "count" : 8,
      "average" : {
        "ns" : 823033.5,
        "us" : 823.0335,
        "ms" : 0.8230335,
        "s" : 8.230335E-4
      },
      "min" : {
        "ns" : 114305,
        "us" : 114.305,
        "ms" : 0.114305,
        "s" : 1.14305E-4
      },
      "max" : {
        "ns" : 4764993,
        "us" : 4764.993,
        "ms" : 4.764993,
        "s" : 0.004764993
      }
    },
    "RedundancyAnalyzer.handleFeedback<Analyzer>" : {
      "count" : 8,
      "average" : {
        "ns" : 34576.25,
        "us" : 34.57625,
        "ms" : 0.03457625,
        "s" : 3.457625E-5
      },
      "min" : {
        "ns" : 21501,
        "us" : 21.501,
        "ms" : 0.021501,
        "s" : 2.1501E-5
      },
      "max" : {
        "ns" : 64302,
        "us" : 64.302,
        "ms" : 0.064302,
        "s" : 6.4302E-5
      }
    },
    "StatusAnalyzer.handleFeedback<Analyzer>" : {
      "count" : 8,
      "average" : {
        "ns" : 21388.25,
        "us" : 21.38825,
        "ms" : 0.02138825,
        "s" : 2.138825E-5
      },
      "min" : {
        "ns" : 4600,
        "us" : 4.6,
        "ms" : 0.0046,
        "s" : 4.6E-6
      },
      "max" : {
        "ns" : 134605,
        "us" : 134.605,
        "ms" : 0.134605,
        "s" : 1.34605E-4
      }
    },
    "BehaviorAnalyzer.handleFeedback<Analyzer>" : {
      "count" : 8,
      "average" : {
        "ns" : 569360.625,
        "us" : 569.360625,
        "ms" : 0.569360625,
        "s" : 5.69360625E-4
      },
      "min" : {
        "ns" : 259311,
        "us" : 259.311,
        "ms" : 0.259311,
        "s" : 2.59311E-4
      },
      "max" : {
        "ns" : 1523861,
        "us" : 1523.861,
        "ms" : 1.523861,
        "s" : 0.001523861
      }
    },
    "TimingAnalyzer.handleFeedback<Analyzer>" : {
      "count" : 8,
      "average" : {
        "ns" : 189032.75,
        "us" : 189.03275,
        "ms" : 0.18903275,
        "s" : 1.8903275E-4
      },
      "min" : {
        "ns" : 46002,
        "us" : 46.002,