{
  "stats" : {
    "nextFaultload" : {
      "count" : 10,
      "average" : {
        "ns" : 3670018.6,
        "us" : 3670.0186,
        "ms" : 3.6700186,
        "s" : 0.0036700186
      },
      "min" : {
        "ns" : 1826199,
        "us" : 1826.199,
        "ms" : 1.826199,
        "s" : 0.001826199
      },
      "max" : {
        "ns" : 10041744,
        "us" : 10041.744,
        "ms" : 10.041744,
        "s" : 0.010041744
      }
    },
    "Per test" : {
      "count" : 9,
      "average" : {
        "ns" : 5.7673558222222224E7,
        "us" : 57673.55822222222,
        "ms" : 57.673558222222226,
        "s" : 0.057673558222222226
      },
      "min" : {
        "ns" : 28807561,
        "us" : 28807.561,
        "ms" : 28.807561,
        "s" : 0.028807561
      },
      "max" : {
        "ns" : 235700871,
        "us" : 235700.871,
        "ms" : 235.700871,
        "s" : 0.235700871
      }
    },
    "registerFaultload" : {
      "count" : 9,
      "average" : {
        "ns" : 1.7133906111111112E7,
        "us" : 17133.90611111111,
        "ms" : 17.133906111111113,
        "s" : 0.01713390611111111
      },
      "min" : {
        "ns" : 2805452,
        "us" : 2805.452,
        "ms" : 2.805452,
        "s" : 0.002805452
      },
      "max" : {
        "ns" : 113051326,
        "us" : 113051.326,
        "ms" : 113.051326,
        "s" : 0.113051326
      }
    },
    "testMethod" : {
      "count" : 9,
      "average" : {
        "ns" : 1.4263884E7,
        "us" : 14263.884,
        "ms" : 14.263884,
        "s" : 0.014263884
      },
      "min" : {
        "ns" : 11595228,
        "us" : 11595.228,
        "ms" : 11.595228,
        "s" : 0.011595228
      },
      "max" : {
        "ns" : 20844029,
        "us" : 20844.029,
        "ms" : 20.844029,
        "s" : 0.020844029
      }
    },
    "getTraceWithDelay" : {
      "count" : 9,
      "average" : {
        "ns" : 2.6025944E7,
        "us" : 26025.944,
        "ms" : 26.025944,
        "s" : 0.026025944
      },
      "min" : {
        "ns" : 13091810,
        "us" : 13091.81,
        "ms" : 13.09181,
        "s" : 0.01309181
      },
      "max" : {
        "ns" : 101435596,
        "us" : 101435.596,
        "ms" : 101.435596,
        "s" : 0.101435596
      }
    },
    "getTrace" : {
      "count" : 9,
      "average" : {
        "ns" : 1.5995289111111112E7,
        "us" : 15995.289111111111,
        "ms" : 15.995289111111111,
        "s" : 0.015995289111111113
      },
      "min" : {
        "ns" : 7413602,
        "us" : 7413.602,
        "ms" : 7.413602,
        "s" : 0.007413602
      },
      "max" : {
        "ns" : 72826646,
        "us" : 72826.646,
        "ms" : 72.826646,
        "s" : 0.072826646
      }
    },
    "handleResult" : {
      "count" : 9,
      "average" : {
        "ns" : 6460128.0,
        "us" : 6460.128,
        "ms" : 6.460128,
        "s" : 0.006460128
      },
      "min" : {
        "ns" : 2532137,
        "us" : 2532.137,
        "ms" : 2.532137,
        "s" : 0.002532137
      },
      "max" : {
        "ns" : 20023885,
        "us" : 20023.885,
        "ms" : 20.023885,
        "s" : 0.020023885
      }
    },
    "StrategyRunner.analyze" : {
      "count" : 9,
      "average" : {
        "ns" : 6304230.666666667,
        "us" : 6304.230666666667,
        "ms" : 6.304230666666667,
        "s" : 0.006304230666666667
      },
      "min" : {
        "ns" : 2449433,
        "us" : 2449.433,
        "ms" : 2.449433,
        "s" : 0.002449433
      },
      "max" : {
        "ns" : 19674966,
        "us" : 19674.966,
        "ms" : 19.674966,
        "s" : 0.019674966
      }
    },
    "DynamicExplorationGenerator.handleFeedback<Analyzer>" : {
      "count" : 9,
      "average" : {
        "ns" : 1051634.888888889,
        "us" : 1051.634888888889,
        "ms" : 1.051634888888889,
        "s" : 0.001051634888888889
      },
      "min" : {
        "ns" : 95305,
        "us" : 95.305,
        "ms" : 0.095305,
        "s" : 9.5305E-5
      },
      "max" : {
        "ns" : 5815115,
        "us" : 5815.115,
        "ms" : 5.815115,
        "s" : 0.005815115
      }
    },
    "HappyPathDetector.handleFeedback<Analyzer>" : {
      "count" : 9,
      "average" : {
        "ns" : 62569.88888888889,
        "us" : 62.56988888888889,
        "ms" : 0.0625698888888889,
        "s" : 6.256988888888889E-5
      },
      "min" : {
        "ns" : 3200,
        "us" : 3.2,
        "ms" : 0.0032,
        "s" : 3.2E-6
      },
      "max" : {
        "ns" : 529629,
        "us" : 529.629,
        "ms" : 0.529629,
        "s" : 5.29629E-4
      }
    },
    "ParentChildDetector.handleFeedback<Analyzer>" : {
      "count" : 9,
      "average" : {
        "ns" : 891714.8888888889,
        "us" : 891.7148888888888,
        "ms" : 0.8917148888888888,
        "s" : 8.917148888888889E-4
      },
      "min" : {
        "ns" : 48903,
        "us" : 48.903,
        "ms" : 0.048903,
        "s" : 4.8903E-5
      },
      "max" : {
        "ns" : 7458004,
        "us" : 7458.004,
        "ms" : 7.458004,
        "s" : 0.007458004
      }
    },
    "HappensBeforeNeighbourDetector.handleFeedback<Analyzer>" : {
      "count" : 9,
      "average" : {
        "ns" : 504004.8888888889,
        "us" : 504.0048888888889,
        "ms" : 0.5040048888888888,
        "s" : 5.040048888888889E-4
      },
      "min" : {
        "ns" : 11901,
        "us" : 11.901,
        "ms" : 0.011901,
        "s" : 1.1901E-5
      },
      "max" : {
        "ns" : 1137561,
        "us" : 1137.561,
        "ms" : 1.137561,
        "s" : 0.001137561
      }
    },
    "ErrorPropagationDetector.handleFeedback<Analyzer>" : {
      "count" : 9,
      "average" : {
        "ns" : 336884.8888888889,
        "us" : 336.8848888888889,
        "ms" : 0.3368848888888889,
        "s" : 3.368848888888889E-4
      },
      "min" : {
        "ns" : 3800,
        "us" : 3.8,
        "ms" : 0.0038,
        "s" : 3.8E-6
      },
      "max" : {
        "ns" : 1667191,
        "us" : 1667.191,
        "ms" : 1.667191,
        "s" : 0.001667191
      }
    },
    "ConditionalPointDetector.handleFeedback<Analyzer>" : {
      "count" : 9,
      "average" : {
        "ns" : 2215353.3333333335,
        "us" : 2215.3533333333335,
        "ms" : 2.2153533333333333,
        "s" : 0.0022153533333333334
      },
      "min" : {
        "ns" : 302317,
        "us" : 302.317,
        "ms" : 0.302317,
        "s" : 3.02317E-4
      },
      "max" : {
        "ns" : 7810023,
        "us" : 7810.023,
        "ms" : 7.810023,
        "s" : 0.007810023
      }
    },
    "RedundancyAnalyzer.handleFeedback<Analyzer>" : {
      "count" : 9,
      "average" : {
        "ns" : 37746.333333333336,
        "us" : 37.74633333333333,
        "ms" : 0.03774633333333333,
        "s" : 3.7746333333333335E-5
      },
      "min" : {
        "ns" : 20201,
        "us" : 20.201,
        "ms" : 0.020201,
        "s" : 2.0201E-5
      },
      "max" : {
        "ns" : 98505,
        "us" : 98.505,
        "ms" : 0.098505,
        "s" : 9.8505E-5
      }
    },
    "StatusAnalyzer.handleFeedback<Analyzer>" : {
      "count" : 9,
      "average" : {
        "ns" : 20190.0,
        "us" : 20.19,
        "ms" : 0.02019,
        "s" : 2.019E-5
      },
      "min" : {
        "ns" : 4701,
        "us" : 4.701,
        "ms" : 0.004701,
        "s" : 4.701E-6
      },
      "max" : {
        "ns" : 135507,
        "us" : 135.507,
        "ms" : 0.135507,
        "s" : 1.35507E-4
      }
    },
    "BehaviorAnalyzer.handleFeedback<Analyzer>" : {
      "count" : 9,
      "average" : {
        "ns" : 621100.3333333334,
        "us" : 621.1003333333334,
        "ms" : 0.6211003333333334,
        "s" : 6.211003333333333E-4
      },
      "min" : {
        "ns" : 265114,
        "us" : 265.114,
        "ms" : 0.265114,
        "s" : 2.65114E-4
      },
      "max" : {
        "ns" : 1699492,
        "us" : 1699.492,
        "ms" : 1.699492,