{
  "stats" : {
    "nextFaultload" : {
      "count" : 10,
      "average" : {
        "ns" : 3882850.9,
        "us" : 3882.8509,
        "ms" : 3.8828508999999998,
        "s" : 0.0038828509
      },
      "min" : {
        "ns" : 1865497,
        "us" : 1865.497,
        "ms" : 1.865497,
        "s" : 0.001865497
      },
      "max" : {
        "ns" : 10546846,
        "us" : 10546.846,
        "ms" : 10.546846,
        "s" : 0.010546846
      }
    },
    "Per test" : {
      "count" : 9,
      "average" : {
        "ns" : 6.028911811111111E7,
        "us" : 60289.118111111115,
        "ms" : 60.289118111111115,
        "s" : 0.06028911811111111
      },
      "min" : {
        "ns" : 29138407,
        "us" : 29138.407,
        "ms" : 29.138407,
        "s" : 0.029138407
      },
      "max" : {
        "ns" : 235758094,
        "us" : 235758.094,
        "ms" : 235.758094,
        "s" : 0.235758094
      }
    },
    "registerFaultload" : {
      "count" : 9,
      "average" : {
        "ns" : 1.7705338E7,
        "us" : 17705.338,
        "ms" : 17.705338,
        "s" : 0.017705338
      },
      "min" : {
        "ns" : 2775643,
        "us" : 2775.643,
        "ms" : 2.775643,
        "s" : 0.002775643
      },
      "max" : {
        "ns" : 111126748,
        "us" : 111126.748,
        "ms" : 111.126748,
        "s" : 0.111126748
      }
    },
    "testMethod" : {
      "count" : 9,
      "average" : {
        "ns" : 1.5166484444444444E7,
        "us" : 15166.484444444444,
        "ms" : 15.166484444444444,
        "s" : 0.015166484444444444
      },
      "min" : {
        "ns" : 11598500,
        "us" : 11598.5,
        "ms" : 11.5985,
        "s" : 0.0115985
      },
      "max" : {
        "ns" : 20098139,
        "us" : 20098.139,
        "ms" : 20.098139,
        "s" : 0.020098139
      }
    },
    "getTraceWithDelay" : {
      "count" : 9,
      "average" : {
        "ns" : 2.7141026E7,
        "us" : 27141.026,
        "ms" : 27.141026,
        "s" : 0.027141026
      },
      "min" : {
        "ns" : 13170382,
        "us" : 13170.382,
        "ms" : 13.170382,
        "s" : 0.013170382
      },
      "max" : {
        "ns" : 104260493,
        "us" : 104260.493,
        "ms" : 104.260493,
        "s" : 0.104260493
      }
    },
    "getTrace" : {
      "count" : 9,
      "average" : {
        "ns" : 1.6387247333333334E7,
        "us" : 16387.247333333333,
        "ms" : 16.387247333333335,
        "s" : 0.016387247333333334
      },
      "min" : {
        "ns" : 7378182,
        "us" : 7378.182,
        "ms" : 7.378182,
        "s" : 0.007378182
      },
      "max" : {
        "ns" : 74096332,
        "us" : 74096.332,
        "ms" : 74.096332,
        "s" : 0.074096332
      }
    },
    "handleResult" : {
      "count" : 9,
      "average" : {
        "ns" : 7082188.444444444,
        "us" : 7082.188444444444,
        "ms" : 7.082188444444444,
        "s" : 0.007082188444444444
      },
      "min" : {
        "ns" : 2771943,
        "us" : 2771.943,
        "ms" : 2.771943,
        "s" : 0.002771943
      },
      "max" : {
        "ns" : 21558215,
        "us" : 21558.215,
        "ms" : 21.558215,
        "s" : 0.021558215
      }
    },
    "StrategyRunner.analyze" : {
      "count" : 9,
      "average" : {
        "ns" : 6918746.777777778,
        "us" : 6918.746777777778,
        "ms" : 6.918746777777778,
        "s" : 0.006918746777777778
      },
      "min" : {
        "ns" : 2688839,
        "us" : 2688.839,
        "ms" : 2.688839,
        "s" : 0.002688839
      },
      "max" : {
        "ns" : 21064890,
        "us" : 21064.89,
        "ms" : 21.06489,
        "s" : 0.02106489
      }
    },
    "DynamicExplorationGenerator.handleFeedback<Analyzer>" : {
      "count" : 9,
      "average" : {
        "ns" : 1227596.888888889,
        "us" : 1227.596888888889,
        "ms" : 1.227596888888889,
        "s" : 0.001227596888888889
      },
      "min" : {
        "ns" : 89705,
        "us" : 89.705,
        "ms" : 0.089705,
        "s" : 8.9705E-5
      },
      "max" : {
        "ns" : 6849354,
        "us" : 6849.354,
        "ms" : 6.849354,
        "s" : 0.006849354
      }
    },
    "HappyPathDetector.handleFeedback<Analyzer>" : {
      "count" : 9,
      "average" : {
        "ns" : 69470.33333333333,
        "us" : 69.47033333333333,
        "ms" : 0.06947033333333333,
        "s" : 6.947033333333333E-5
      },
      "min" : {
        "ns" : 3200,
        "us" : 3.2,
        "ms" : 0.0032,
        "s" : 3.2E-6
      },
      "max" : {
        "ns" : 591931,
        "us" : 591.931,
        "ms" : 0.591931,
        "s" : 5.91931E-4
      }
    },
    "ParentChildDetector.handleFeedback<Analyzer>" : {
      "count" : 9,
      "average" : {
        "ns" : 935526.2222222222,
        "us" : 935.5262222222223,
        "ms" : 0.9355262222222223,
        "s" : 9.355262222222223E-4
      },
      "min" : {
        "ns" : 45503,
        "us" : 45.503,
        "ms" : 0.045503,
        "s" : 4.5503E-5
      },
      "max" : {
        "ns" : 7762702,
        "us" : 7762.702,
        "ms" : 7.762702,
        "s" : 0.007762702
      }
    },
    "HappensBeforeNeighbourDetector.handleFeedback<Analyzer>" : {
      "count" : 9,
      "average" : {
        "ns" : 567496.1111111111,
        "us" : 567.4961111111111,
        "ms" : 0.5674961111111111,
        "s" : 5.674961111111111E-4
      },
      "min" : {
        "ns" : 17901,
        "us" : 17.901,
        "ms" : 0.017901,
        "s" : 1.7901E-5
      },
      "max" : {
        "ns" : 1316069,
        "us" : 1316.069,
        "ms" : 1.316069,
        "s" : 0.001316069
      }
    },
    "ErrorPropagationDetector.handleFeedback<Analyzer>" : {
      "count" : 9,
      "average" : {
        "ns" : 338006.3333333333,
        "us" : 338.0063333333333,
        "ms" : 0.3380063333333333,
        "s" : 3.3800633333333334E-4
      },
      "min" : {
        "ns" : 4300,
        "us" : 4.3,
        "ms" : 0.0043,
        "s" : 4.3E-6
      },
      "max" : {
        "ns" : 1610683,
        "us" : 1610.683,
        "ms" : 1.610683,
        "s" : 0.001610683
      }
    },
    "ConditionalPointDetector.handleFeedback<Analyzer>" : {
      "count" : 9,
      "average" : {
        "ns" : 2563132.6666666665,
        "us" : 2563.1326666666664,
        "ms" : 2.5631326666666667,
        "s" : 0.0025631326666666664
      },
      "min" : {
        "ns" : 339217,
        "us" : 339.217,
        "ms" : 0.339217,
        "s" : 3.39217E-4
      },
      "max" : {
        "ns" : 10250931,
        "us" : 10250.931,
        "ms" : 10.250931,
        "s" : 0.010250931
      }
    },
    "RedundancyAnalyzer.handleFeedback<Analyzer>" : {
      "count" : 9,
      "average" : {
        "ns" : 43180.22222222222,
        "us" : 43.18022222222222,
        "ms" : 0.04318022222222222,
        "s" : 4.318022222222222E-5
      },
      "min" : {
        "ns" : 16601,
        "us" : 16.601,
        "ms" : 0.016601,
        "s" : 1.6601E-5
      },
      "max" : {
        "ns" : 127607,
        "us" : 127.607,
        "ms" : 0.127607,
        "s" : 1.27607E-4
      }
    },
    "StatusAnalyzer.handleFeedback<Analyzer>" : {
      "count" : 9,
      "average" : {
        "ns" : 20601.11111111111,
        "us" : 20.60111111111111,
        "ms" : 0.020601111111111108,
        "s" : 2.060111111111111E-5
      },
      "min" : {
        "ns" : 4100,
        "us" : 4.1,
        "ms" : 0.0041,
        "s" : 4.1E-6
      },
      "max" : {
        "ns" : 128407,
        "us" : 128.407,
        "ms" : 0.128407,
        "s" : 1.28407E-4
      }
    },
    "BehaviorAnalyzer.handleFeedback<Analyzer>" : {
      "count" : 9,
      "average" : {
        "ns" : 606642.5555555555,
        "us" : 606.6425555555555,
        "ms" : 0.6066425555555555,
        "s" : 6.066425555555555E-4
      },
      "min" : {
        "ns" : 325717,
        "us" : 325.717,
        "ms" : 0.325717,
        "s" : 3.25717E-4
      },