{
  "stats" : {
    "nextFaultload" : {
      "count" : 9,
      "average" : {
        "ns" : 2233293.222222222,
        "us" : 2233.293222222222,
        "ms" : 2.233293222222222,
        "s" : 0.002233293222222222
      },
      "min" : {
        "ns" : 648436,
        "us" : 648.436,
        "ms" : 0.648436,
        "s" : 6.48436E-4
      },
      "max" : {
        "ns" : 3588704,
        "us" : 3588.704,
        "ms" : 3.588704,
        "s" : 0.003588704
      }
    },
    "Per test" : {
      "count" : 8,
      "average" : {
        "ns" : 1.30731121125E8,
        "us" : 130731.121125,
        "ms" : 130.731121125,
        "s" : 0.130731121125
      },
      "min" : {
        "ns" : 55193928,
        "us" : 55193.928,
        "ms" : 55.193928,
        "s" : 0.055193928
      },
      "max" : {
        "ns" : 435083557,
        "us" : 435083.557,
        "ms" : 435.083557,
        "s" : 0.435083557
      }
    },
    "registerFaultload" : {
      "count" : 8,
      "average" : {
        "ns" : 1.84578085E7,
        "us" : 18457.8085,
        "ms" : 18.4578085,
        "s" : 0.0184578085
      },
      "min" : {
        "ns" : 2720054,
        "us" : 2720.054,
        "ms" : 2.720054,
        "s" : 0.002720054
      },
      "max" : {
        "ns" : 111435715,
        "us" : 111435.715,
        "ms" : 111.435715,
        "s" : 0.111435715
      }
    },
    "testMethod" : {
      "count" : 8,
      "average" : {
        "ns" : 8.59799225E7,
        "us" : 85979.9225,
        "ms" : 85.9799225,
        "s" : 0.0859799225
      },
      "min" : {
        "ns" : 39583643,
        "us" : 39583.643,
        "ms" : 39.583643,
        "s" : 0.039583643
      },
      "max" : {
        "ns" : 225810097,
        "us" : 225810.097,
        "ms" : 225.810097,
        "s" : 0.225810097
      }
    },
    "getTraceWithDelay" : {
      "count" : 8,
      "average" : {
        "ns" : 2.60492515E7,
        "us" : 26049.2515,
        "ms" : 26.0492515,
        "s" : 0.0260492515
      },
      "min" : {
        "ns" : 12172290,
        "us" : 12172.29,
        "ms" : 12.17229,
        "s" : 0.01217229
      },
      "max" : {
        "ns" : 97498826,
        "us" : 97498.826,
        "ms" : 97.498826,
        "s" : 0.097498826
      }
    },
    "getTrace" : {
      "count" : 8,
      "average" : {
        "ns" : 1.6380165875E7,
        "us" : 16380.165875,
        "ms" : 16.380165875,
        "s" : 0.016380165875
      },
      "min" : {
        "ns" : 6599574,
        "us" : 6599.574,
        "ms" : 6.599574,
        "s" : 0.006599574
      },
      "max" : {
        "ns" : 70672205,
        "us" : 70672.205,
        "ms" : 70.672205,
        "s" : 0.070672205
      }
    },
    "handleResult" : {
      "count" : 8,
      "average" : {
        "ns" : 5701710.625,
        "us" : 5701.710625,
        "ms" : 5.701710625,
        "s" : 0.005701710625
      },
      "min" : {
        "ns" : 2057717,
        "us" : 2057.717,
        "ms" : 2.057717,
        "s" : 0.002057717
      },
      "max" : {
        "ns" : 18712260,
        "us" : 18712.26,
        "ms" : 18.71226,
        "s" : 0.01871226
      }
    },
    "StrategyRunner.analyze" : {
      "count" : 8,
      "average" : {
        "ns" : 5543239.0,
        "us" : 5543.239,
        "ms" : 5.543239,
        "s" : 0.005543239
      },
      "min" : {
        "ns" : 1960311,
        "us" : 1960.311,
        "ms" : 1.960311,
        "s" : 0.001960311
      },
      "max" : {
        "ns" : 18352140,
        "us" : 18352.14,
        "ms" : 18.35214,
        "s" : 0.01835214
      }
    },
    "DynamicExplorationGenerator.handleFeedback<Analyzer>" : {
      "count" : 8,
      "average" : {
        "ns" : 1000006.75,
        "us" : 1000.00675,
        "ms" : 1.00000675,
        "s" : 0.00100000675
      },
      "min" : {
        "ns" : 73704,
        "us" : 73.704,
        "ms" : 0.073704,
        "s" : 7.3704E-5
      },
      "max" : {
        "ns" : 5643520,
        "us" : 5643.52,
        "ms" : 5.64352,
        "s" : 0.00564352
      }
    },
    "HappyPathDetector.handleFeedback<Analyzer>" : {
      "count" : 8,
      "average" : {
        "ns" : 53090.625,
        "us" : 53.090625,
        "ms" : 0.053090625,
        "s" : 5.3090625E-5
      },
      "min" : {
        "ns" : 3001,
        "us" : 3.001,
        "ms" : 0.003001,
        "s" : 3.001E-6
      },
      "max" : {
        "ns" : 395122,
        "us" : 395.122,
        "ms" : 0.395122,
        "s" : 3.95122E-4
      }
    },
    "ParentChildDetector.handleFeedback<Analyzer>" : {
      "count" : 8,
      "average" : {
        "ns" : 946878.5,
        "us" : 946.8785,
        "ms" : 0.9468785,
        "s" : 9.468785E-4
      },
      "min" : {
        "ns" : 39002,
        "us" : 39.002,
        "ms" : 0.039002,
        "s" : 3.9002E-5
      },
      "max" : {
        "ns" : 7044199,
        "us" : 7044.199,
        "ms" : 7.044199,
        "s" : 0.007044199
      }
    },
    "HappensBeforeNeighbourDetector.handleFeedback<Analyzer>" : {
      "count" : 8,
      "average" : {
        "ns" : 415211.125,
        "us" : 415.211125,
        "ms" : 0.415211125,
        "s" : 4.15211125E-4
      },
      "min" : {
        "ns" : 11401,
        "us" : 11.401,
        "ms" : 0.011401,
        "s" : 1.1401E-5
      },
      "max" : {
        "ns" : 1391379,
        "us" : 1391.379,
        "ms" : 1.391379,
        "s" : 0.001391379
      }
    },
    "ErrorPropagationDetector.handleFeedback<Analyzer>" : {
      "count" : 8,
      "average" : {
        "ns" : 802157.875,
        "us" : 802.157875,
        "ms" : 0.802157875,
        "s" : 8.02157875E-4
      },
      "min" : {
        "ns" : 14601,
        "us" : 14.601,
        "ms" : 0.014601,
        "s" : 1.4601E-5
      },
      "max" : {
        "ns" : 2743156,
        "us" : 2743.156,
        "ms" : 2.743156,
        "s" : 0.002743156
      }
    },
    "ConditionalPointDetector.handleFeedback<Analyzer>" : {
      "count" : 8,
      "average" : {
        "ns" : 770456.25,
        "us" : 770.45625,
        "ms" : 0.77045625,
        "s" : 7.7045625E-4
      },
      "min" : {
        "ns" : 155709,
        "us" : 155.709,
        "ms" : 0.155709,
        "s" : 1.55709E-4
      },
      "max" : {
        "ns" : 4121133,
        "us" : 4121.133,
        "ms" : 4.121133,
        "s" : 0.004121133
      }
    },
    "RedundancyAnalyzer.handleFeedback<Analyzer>" : {
      "count" : 8,
      "average" : {
        "ns" : 38877.125,
        "us" : 38.877125,
        "ms" : 0.038877125,
        "s" : 3.8877125E-5
      },
      "min" : {
        "ns" : 20401,
        "us" : 20.401,
        "ms" : 0.020401,
        "s" : 2.0401E-5
      },
      "max" : {
        "ns" : 99905,
        "us" : 99.905,
        "ms" : 0.099905,
        "s" : 9.9905E-5
      }
    },
    "StatusAnalyzer.handleFeedback<Analyzer>" : {
      "count" : 8,
      "average" : {
        "ns" : 22101.25,
        "us" : 22.10125,
        "ms" : 0.02210125,
        "s" : 2.210125E-5
      },
      "min" : {
        "ns" : 4301,
        "us" : 4.301,
        "ms" : 0.004301,
        "s" : 4.301E-6
      },
      "max" : {
        "ns" : 134507,
        "us" : 134.507,
        "ms" : 0.134507,
        "s" : 1.34507E-4
      }
    },
    "BehaviorAnalyzer.handleFeedback<Analyzer>" : {
      "count" : 8,
      "average" : {
        "ns" : 558243.875,
        "us" : 558.243875,
        "ms" : 0.558243875,
        "s" : 5.58243875E-4
      },
      "min" : {
        "ns" : 303117,
        "us" : 303.117,
        "ms" : 0.303117,
        "s" : 3.03117E-4
      },
      "max" : {
        "ns" : 1435282,
        "us" : 1435.282,
        "ms" : 1.435282,
        "s" : 0.001435282
      }
    },
    "TimingAnalyzer.handleFeedback<Analyzer>" : {
      "count" : 8,
      "average" : {
        "ns" : 178310.375,
        "us" : 178.310375,
        "ms" : 0.178310375,
        "s" : 1.78310375E-4
      },
      "min" : {
        "ns" : 54603,