{
  "stats" : {
    "nextFaultload" : {
      "count" : 10,
      "average" : {
        "ns" : 2376646.0,
        "us" : 2376.646,
        "ms" : 2.376646,
        "s" : 0.002376646
      },
      "min" : {
        "ns" : 1387633,
        "us" : 1387.633,
        "ms" : 1.387633,
        "s" : 0.001387633
      },
      "max" : {
        "ns" : 5665061,
        "us" : 5665.061,
        "ms" : 5.665061,
        "s" : 0.005665061
      }
    },
    "Per test" : {
      "count" : 9,
      "average" : {
        "ns" : 6.077644911111111E7,
        "us" : 60776.44911111111,
        "ms" : 60.77644911111111,
        "s" : 0.06077644911111111
      },
      "min" : {
        "ns" : 26907026,
        "us" : 26907.026,
        "ms" : 26.907026,
        "s" : 0.026907026
      },
      "max" : {
        "ns" : 295938368,
        "us" : 295938.368,
        "ms" : 295.938368,
        "s" : 0.295938368
      }
    },
    "registerFaultload" : {
      "count" : 9,
      "average" : {
        "ns" : 2.1410929222222224E7,
        "us" : 21410.929222222225,
        "ms" : 21.410929222222222,
        "s" : 0.021410929222222225
      },
      "min" : {
        "ns" : 3853315,
        "us" : 3853.315,
        "ms" : 3.853315,
        "s" : 0.003853315
      },
      "max" : {
        "ns" : 142167779,
        "us" : 142167.779,
        "ms" : 142.167779,
        "s" : 0.142167779
      }
    },
    "testMethod" : {
      "count" : 9,
      "average" : {
        "ns" : 3.0692097666666668E7,
        "us" : 30692.09766666667,
        "ms" : 30.69209766666667,
        "s" : 0.030692097666666668
      },
      "min" : {
        "ns" : 16301769,
        "us" : 16301.769,
        "ms" : 16.301769,
        "s" : 0.016301769
      },
      "max" : {
        "ns" : 131979471,
        "us" : 131979.471,
        "ms" : 131.979471,
        "s" : 0.131979471
      }
    },
    "getTraceWithDelay" : {
      "count" : 9,
      "average" : {
        "ns" : 2.7567814333333332E7,
        "us" : 27567.814333333332,
        "ms" : 27.56781433333333,
        "s" : 0.027567814333333333
      },
      "min" : {
        "ns" : 13754725,
        "us" : 13754.725,
        "ms" : 13.754725,
        "s" : 0.013754725
      },
      "max" : {
        "ns" : 118258669,
        "us" : 118258.669,
        "ms" : 118.258669,
        "s" : 0.118258669
      }
    },
    "getTrace" : {
      "count" : 9,
      "average" : {
        "ns" : 1.8622632E7,
        "us" : 18622.632,
        "ms" : 18.622632,
        "s" : 0.018622632
      },
      "min" : {
        "ns" : 7127001,
        "us" : 7127.001,
        "ms" : 7.127001,
        "s" : 0.007127001
      },
      "max" : {
        "ns" : 95740289,
        "us" : 95740.289,
        "ms" : 95.740289,
        "s" : 0.095740289
      }
    },
    "handleResult" : {
      "count" : 9,
      "average" : {
        "ns" : 4577279.222222222,
        "us" : 4577.279222222222,
        "ms" : 4.577279222222222,
        "s" : 0.004577279222222222
      },
      "min" : {
        "ns" : 1831011,
        "us" : 1831.011,
        "ms" : 1.831011,
        "s" : 0.001831011
      },
      "max" : {
        "ns" : 17449812,
        "us" : 17449.812,
        "ms" : 17.449812,
        "s" : 0.017449812
      }
    },
    "StrategyRunner.analyze" : {
      "count" : 9,
      "average" : {
        "ns" : 4527176.333333333,
        "us" : 4527.176333333333,
        "ms" : 4.527176333333333,
        "s" : 0.004527176333333333
      },
      "min" : {
        "ns" : 1823495,
        "us" : 1823.495,
        "ms" : 1.823495,
        "s" : 0.001823495
      },
      "max" : {
        "ns" : 17146345,
        "us" : 17146.345,
        "ms" : 17.146345,
        "s" : 0.017146345
      }
    },
    "DynamicExplorationGenerator.handleFeedback<Analyzer>" : {
      "count" : 9,
      "average" : {
        "ns" : 1063358.6666666667,
        "us" : 1063.3586666666667,
        "ms" : 1.0633586666666668,
        "s" : 0.0010633586666666667
      },
      "min" : {
        "ns" : 86654,
        "us" : 86.654,
        "ms" : 0.086654,
        "s" : 8.6654E-5
      },
      "max" : {
        "ns" : 6773901,
        "us" : 6773.901,
        "ms" : 6.773901,
        "s" : 0.006773901
      }
    },
    "HappyPathDetector.handleFeedback<Analyzer>" : {
      "count" : 9,
      "average" : {
        "ns" : 58028.333333333336,
        "us" : 58.028333333333336,
        "ms" : 0.058028333333333335,
        "s" : 5.8028333333333335E-5
      },
      "min" : {
        "ns" : 3543,
        "us" : 3.543,
        "ms" : 0.003543,
        "s" : 3.543E-6
      },
      "max" : {
        "ns" : 488880,
        "us" : 488.88,
        "ms" : 0.48888,
        "s" : 4.8888E-4
      }
    },
    "ParentChildDetector.handleFeedback<Analyzer>" : {
      "count" : 9,
      "average" : {
        "ns" : 426830.77777777775,
        "us" : 426.83077777777777,
        "ms" : 0.4268307777777777,
        "s" : 4.2683077777777773E-4
      },
      "min" : {
        "ns" : 50533,
        "us" : 50.533,
        "ms" : 0.050533,
        "s" : 5.0533E-5
      },
      "max" : {
        "ns" : 2842727,
        "us" : 2842.727,
        "ms" : 2.842727,
        "s" : 0.002842727
      }
    },
    "HappensBeforeNeighbourDetector.handleFeedback<Analyzer>" : {
      "count" : 9,
      "average" : {
        "ns" : 863518.3333333334,
        "us" : 863.5183333333333,
        "ms" : 0.8635183333333334,
        "s" : 8.635183333333333E-4
      },
      "min" : {
        "ns" : 12237,
        "us" : 12.237,
        "ms" : 0.012237,
        "s" : 1.2237E-5
      },
      "max" : {
        "ns" : 2536076,
        "us" : 2536.076,
        "ms" : 2.536076,
        "s" : 0.002536076
      }
    },
    "ErrorPropagationDetector.handleFeedback<Analyzer>" : {
      "count" : 9,
      "average" : {
        "ns" : 238580.22222222222,
        "us" : 238.58022222222223,
        "ms" : 0.23858022222222222,
        "s" : 2.3858022222222221E-4
      },
      "min" : {
        "ns" : 14493,
        "us" : 14.493,
        "ms" : 0.014493,
        "s" : 1.4493E-5
      },
      "max" : {
        "ns" : 620797,
        "us" : 620.797,
        "ms" : 0.620797,
        "s" : 6.20797E-4
      }
    },
    "ConditionalPointDetector.handleFeedback<Analyzer>" : {
      "count" : 9,
      "average" : {
        "ns" : 1174579.4444444445,
        "us" : 1174.5794444444446,
        "ms" : 1.1745794444444444,
        "s" : 0.0011745794444444446
      },
      "min" : {
        "ns" : 325385,
        "us" : 325.385,
        "ms" : 0.325385,
        "s" : 3.25385E-4
      },
      "max" : {
        "ns" : 5080136,
        "us" : 5080.136,
        "ms" : 5.080136,
        "s" : 0.005080136
      }
    },
    "RedundancyAnalyzer.handleFeedback<Analyzer>" : {
      "count" : 9,
      "average" : {
        "ns" : 43136.0,
        "us" : 43.136,
        "ms" : 0.043136,
        "s" : 4.3136E-5
      },
      "min" : {
        "ns" : 21808,
        "us" : 21.808,
        "ms" : 0.021808,
        "s" : 2.1808E-5
      },
      "max" : {
        "ns" : 101894,
        "us" : 101.894,
        "ms" : 0.101894,
        "s" : 1.01894E-4
      }
    },
    "StatusAnalyzer.handleFeedback<Analyzer>" : {
      "count" : 9,
      "average" : {
        "ns" : 50277.666666666664,
        "us" : 50.27766666666666,
        "ms" : 0.050277666666666665,
        "s" : 5.027766666666666E-5
      },
      "min" : {
        "ns" : 5229,
        "us" : 5.229,
        "ms" : 0.005229,
        "s" : 5.229E-6
      },
      "max" : {
        "ns" : 406049,
        "us" : 406.049,
        "ms" : 0.406049,
        "s" : 4.06049E-4
      }
    },
    "BehaviorAnalyzer.handleFeedback<Analyzer>" : {
      "count" : 9,
      "average" : {
        "ns" : 311229.55555555556,
        "us" : 311.2295555555556,
        "ms" : 0.31122955555555554,
        "s" : 3.1122955555555555E-4
      },
      "min" : {
        "ns" : 117174,
        "us" : 117.174,
        "ms" : 0.117174,