{
  "stats" : {
    "nextFaultload" : {
      "count" : 10,
      "average" : {
        "ns" : 4062048.9,
        "us" : 4062.0489,
        "ms" : 4.0620489,
        "s" : 0.0040620489
      },
      "min" : {
        "ns" : 2392094,
        "us" : 2392.094,
        "ms" : 2.392094,
        "s" : 0.002392094
      },
      "max" : {
        "ns" : 9717280,
        "us" : 9717.28,
        "ms" : 9.71728,
        "s" : 0.00971728
      }
    },
    "Per test" : {
      "count" : 9,
      "average" : {
        "ns" : 5.8216576E7,
        "us" : 58216.576,
        "ms" : 58.216576,
        "s" : 0.058216576
      },
      "min" : {
        "ns" : 26640942,
        "us" : 26640.942,
        "ms" : 26.640942,
        "s" : 0.026640942
      },
      "max" : {
        "ns" : 262363757,
        "us" : 262363.757,
        "ms" : 262.363757,
        "s" : 0.262363757
      }
    },
    "registerFaultload" : {
      "count" : 9,
      "average" : {
        "ns" : 1.8313704888888888E7,
        "us" : 18313.70488888889,
        "ms" : 18.31370488888889,
        "s" : 0.01831370488888889
      },
      "min" : {
        "ns" : 2819910,
        "us" : 2819.91,
        "ms" : 2.81991,
        "s" : 0.00281991
      },
      "max" : {
        "ns" : 123353422,
        "us" : 123353.422,
        "ms" : 123.353422,
        "s" : 0.123353422
      }
    },
    "testMethod" : {
      "count" : 9,
      "average" : {
        "ns" : 3.0318318444444444E7,
        "us" : 30318.318444444445,
        "ms" : 30.318318444444444,
        "s" : 0.030318318444444443
      },
      "min" : {
        "ns" : 17616289,
        "us" : 17616.289,
        "ms" : 17.616289,
        "s" : 0.017616289
      },
      "max" : {
        "ns" : 108378537,
        "us" : 108378.537,
        "ms" : 108.378537,
        "s" : 0.108378537
      }
    },
    "getTraceWithDelay" : {
      "count" : 9,
      "average" : {
        "ns" : 2.6042529222222224E7,
        "us" : 26042.529222222223,
        "ms" : 26.042529222222225,
        "s" : 0.026042529222222225
      },
      "min" : {
        "ns" : 13601332,
        "us" : 13601.332,
        "ms" : 13.601332,
        "s" : 0.013601332
      },
      "max" : {
        "ns" : 110214009,
        "us" : 110214.009,
        "ms" : 110.214009,
        "s" : 0.110214009
      }
    },
    "getTrace" : {
      "count" : 9,
      "average" : {
        "ns" : 1.6218789666666666E7,
        "us" : 16218.789666666666,
        "ms" : 16.218789666666666,
        "s" : 0.016218789666666667
      },
      "min" : {
        "ns" : 7224282,
        "us" : 7224.282,
        "ms" : 7.224282,
        "s" : 0.007224282
      },
      "max" : {
        "ns" : 78848383,
        "us" : 78848.383,
        "ms" : 78.848383,
        "s" : 0.078848383
      }
    },
    "handleResult" : {
      "count" : 9,
      "average" : {
        "ns" : 5806760.444444444,
        "us" : 5806.760444444444,
        "ms" : 5.806760444444444,
        "s" : 0.005806760444444444
      },
      "min" : {
        "ns" : 2834711,
        "us" : 2834.711,
        "ms" : 2.834711,
        "s" : 0.002834711
      },
      "max" : {
        "ns" : 21528242,
        "us" : 21528.242,
        "ms" : 21.528242,
        "s" : 0.021528242
      }
    },
    "StrategyRunner.analyze" : {
      "count" : 9,
      "average" : {
        "ns" : 5620041.888888889,
        "us" : 5620.041888888889,
        "ms" : 5.620041888888889,
        "s" : 0.005620041888888889
      },
      "min" : {
        "ns" : 2667404,
        "us" : 2667.404,
        "ms" : 2.667404,
        "s" : 0.002667404
      },
      "max" : {
        "ns" : 21206829,
        "us" : 21206.829,
        "ms" : 21.206829,
        "s" : 0.021206829
      }
    },
    "DynamicExplorationGenerator.handleFeedback<Analyzer>" : {
      "count" : 9,
      "average" : {
        "ns" : 1033496.1111111111,
        "us" : 1033.496111111111,
        "ms" : 1.0334961111111112,
        "s" : 0.001033496111111111
      },
      "min" : {
        "ns" : 102504,
        "us" : 102.504,
        "ms" : 0.102504,
        "s" : 1.02504E-4
      },
      "max" : {
        "ns" : 7029475,
        "us" : 7029.475,
        "ms" : 7.029475,
        "s" : 0.007029475
      }
    },
    "HappyPathDetector.handleFeedback<Analyzer>" : {
      "count" : 9,
      "average" : {
        "ns" : 55602.11111111111,
        "us" : 55.60211111111111,
        "ms" : 0.05560211111111111,
        "s" : 5.560211111111111E-5
      },
      "min" : {
        "ns" : 3800,
        "us" : 3.8,
        "ms" : 0.0038,
        "s" : 3.8E-6
      },
      "max" : {
        "ns" : 465618,
        "us" : 465.618,
        "ms" : 0.465618,
        "s" : 4.65618E-4
      }
    },
    "ParentChildDetector.handleFeedback<Analyzer>" : {
      "count" : 9,
      "average" : {
        "ns" : 918235.8888888889,
        "us" : 918.2358888888889,
        "ms" : 0.9182358888888889,
        "s" : 9.182358888888889E-4
      },
      "min" : {
        "ns" : 46702,
        "us" : 46.702,
        "ms" : 0.046702,
        "s" : 4.6702E-5
      },
      "max" : {
        "ns" : 7696101,
        "us" : 7696.101,
        "ms" : 7.696101,
        "s" : 0.007696101
      }
    },
    "HappensBeforeNeighbourDetector.handleFeedback<Analyzer>" : {
      "count" : 9,
      "average" : {
        "ns" : 912180.3333333334,
        "us" : 912.1803333333334,
        "ms" : 0.9121803333333334,
        "s" : 9.121803333333333E-4
      },
      "min" : {
        "ns" : 17301,
        "us" : 17.301,
        "ms" : 0.017301,
        "s" : 1.7301E-5
      },
      "max" : {
        "ns" : 3527238,
        "us" : 3527.238,
        "ms" : 3.527238,
        "s" : 0.003527238
      }
    },
    "ErrorPropagationDetector.handleFeedback<Analyzer>" : {
      "count" : 9,
      "average" : {
        "ns" : 462995.8888888889,
        "us" : 462.9958888888889,
        "ms" : 0.4629958888888889,
        "s" : 4.629958888888889E-4
      },
      "min" : {
        "ns" : 16601,
        "us" : 16.601,
        "ms" : 0.016601,
        "s" : 1.6601E-5
      },
      "max" : {
        "ns" : 947037,
        "us" : 947.037,
        "ms" : 0.947037,
        "s" : 9.47037E-4
      }
    },
    "ConditionalPointDetector.handleFeedback<Analyzer>" : {
      "count" : 9,
      "average" : {
        "ns" : 976538.0,
        "us" : 976.538,
        "ms" : 0.976538,
        "s" : 9.76538E-4
      },
      "min" : {
        "ns" : 214508,
        "us" : 214.508,
        "ms" : 0.214508,
        "s" : 2.14508E-4
      },
      "max" : {
        "ns" : 4528577,
        "us" : 4528.577,
        "ms" : 4.528577,
        "s" : 0.004528577
      }
    },
    "RedundancyAnalyzer.handleFeedback<Analyzer>" : {
      "count" : 9,
      "average" : {
        "ns" : 44290.555555555555,
        "us" : 44.29055555555556,
        "ms" : 0.044290555555555555,
        "s" : 4.429055555555556E-5
      },
      "min" : {
        "ns" : 21701,
        "us" : 21.701,
        "ms" : 0.021701,
        "s" : 2.1701E-5
      },
      "max" : {
        "ns" : 130005,
        "us" : 130.005,
        "ms" : 0.130005,
        "s" : 1.30005E-4
      }
    },
    "StatusAnalyzer.handleFeedback<Analyzer>" : {
      "count" : 9,
      "average" : {
        "ns" : 19656.333333333332,
        "us" : 19.656333333333333,
        "ms" : 0.01965633333333333,
        "s" : 1.9656333333333334E-5
      },
      "min" : {
        "ns" : 4400,
        "us" : 4.4,
        "ms" : 0.0044,
        "s" : 4.4E-6
      },
      "max" : {
        "ns" : 132505,
        "us" : 132.505,
        "ms" : 0.132505,
        "s" : 1.32505E-4
      }
    },
    "BehaviorAnalyzer.handleFeedback<Analyzer>" : {
      "count" : 9,
      "average" : {
        "ns" : 542521.4444444445,
        "us" : 542.5214444444445,
        "ms" : 0.5425214444444445,
        "s" : 5.425214444444445E-4
      },
      "min" : {
        "ns" : 380015,
        "us" : 380.015,
        "ms" : 0.380015,
        "s" : 3.80015E-4
      },