{
  "stats" : {
    "nextFaultload" : {
      "count" : 22,
      "average" : {
        "ns" : 2580243.1818181816,
        "us" : 2580.2431818181817,
        "ms" : 2.5802431818181817,
        "s" : 0.0025802431818181815
      },
      "min" : {
        "ns" : 449523,
        "us" : 449.523,
        "ms" : 0.449523,
        "s" : 4.49523E-4
      },
      "max" : {
        "ns" : 5149367,
        "us" : 5149.367,
        "ms" : 5.149367,
        "s" : 0.005149367
      }
    },
    "Per test" : {
      "count" : 21,
      "average" : {
        "ns" : 4.1890045333333336E7,
        "us" : 41890.045333333335,
        "ms" : 41.89004533333333,
        "s" : 0.041890045333333334
      },
      "min" : {
        "ns" : 24352567,
        "us" : 24352.567,
        "ms" : 24.352567,
        "s" : 0.024352567
      },
      "max" : {
        "ns" : 232608497,
        "us" : 232608.497,
        "ms" : 232.608497,
        "s" : 0.232608497
      }
    },
    "registerFaultload" : {
      "count" : 21,
      "average" : {
        "ns" : 9112212.095238095,
        "us" : 9112.212095238096,
        "ms" : 9.112212095238094,
        "s" : 0.009112212095238095
      },
      "min" : {
        "ns" : 2816246,
        "us" : 2816.246,
        "ms" : 2.816246,
        "s" : 0.002816246
      },
      "max" : {
        "ns" : 110162629,
        "us" : 110162.629,
        "ms" : 110.162629,
        "s" : 0.110162629
      }
    },
    "testMethod" : {
      "count" : 21,
      "average" : {
        "ns" : 1.4675772761904761E7,
        "us" : 14675.772761904762,
        "ms" : 14.675772761904762,
        "s" : 0.014675772761904762
      },
      "min" : {
        "ns" : 11265486,
        "us" : 11265.486,
        "ms" : 11.265486,
        "s" : 0.011265486
      },
      "max" : {
        "ns" : 25055003,
        "us" : 25055.003,
        "ms" : 25.055003,
        "s" : 0.025055003
      }
    },
    "getTraceWithDelay" : {
      "count" : 21,
      "average" : {
        "ns" : 1.788197742857143E7,
        "us" : 17881.97742857143,
        "ms" : 17.881977428571428,
        "s" : 0.01788197742857143
      },
      "min" : {
        "ns" : 10090124,
        "us" : 10090.124,
        "ms" : 10.090124,
        "s" : 0.010090124
      },
      "max" : {
        "ns" : 101846896,
        "us" : 101846.896,
        "ms" : 101.846896,
        "s" : 0.101846896
      }
    },
    "getTrace" : {
      "count" : 21,
      "average" : {
        "ns" : 1.069288942857143E7,
        "us" : 10692.889428571429,
        "ms" : 10.69288942857143,
        "s" : 0.010692889428571429
      },
      "min" : {
        "ns" : 5583990,
        "us" : 5583.99,
        "ms" : 5.58399,
        "s" : 0.00558399
      },
      "max" : {
        "ns" : 73078201,
        "us" : 73078.201,
        "ms" : 73.078201,
        "s" : 0.073078201
      }
    },
    "handleResult" : {
      "count" : 21,
      "average" : {
        "ns" : 3825580.0,
        "us" : 3825.58,
        "ms" : 3.82558,
        "s" : 0.00382558
      },
      "min" : {
        "ns" : 1839696,
        "us" : 1839.696,
        "ms" : 1.839696,
        "s" : 0.001839696
      },
      "max" : {
        "ns" : 20061844,
        "us" : 20061.844,
        "ms" : 20.061844,
        "s" : 0.020061844
      }
    },
    "StrategyRunner.analyze" : {
      "count" : 21,
      "average" : {
        "ns" : 3711740.5714285714,
        "us" : 3711.7405714285715,
        "ms" : 3.7117405714285714,
        "s" : 0.0037117405714285714
      },
      "min" : {
        "ns" : 1693388,
        "us" : 1693.388,
        "ms" : 1.693388,
        "s" : 0.001693388
      },
      "max" : {
        "ns" : 19681124,
        "us" : 19681.124,
        "ms" : 19.681124,
        "s" : 0.019681124
      }
    },
    "DynamicExplorationGenerator.handleFeedback<Analyzer>" : {
      "count" : 21,
      "average" : {
        "ns" : 498549.71428571426,
        "us" : 498.5497142857143,
        "ms" : 0.49854971428571426,
        "s" : 4.985497142857143E-4
      },
      "min" : {
        "ns" : 73704,
        "us" : 73.704,
        "ms" : 0.073704,
        "s" : 7.3704E-5
      },
      "max" : {
        "ns" : 5700696,
        "us" : 5700.696,
        "ms" : 5.700696,
        "s" : 0.005700696
      }
    },
    "HappyPathDetector.handleFeedback<Analyzer>" : {
      "count" : 21,
      "average" : {
        "ns" : 26544.238095238095,
        "us" : 26.544238095238097,
        "ms" : 0.026544238095238096,
        "s" : 2.6544238095238094E-5
      },
      "min" : {
        "ns" : 2700,
        "us" : 2.7,
        "ms" : 0.0027,
        "s" : 2.7E-6
      },
      "max" : {
        "ns" : 477724,
        "us" : 477.724,
        "ms" : 0.477724,
        "s" : 4.77724E-4
      }
    },
    "ParentChildDetector.handleFeedback<Analyzer>" : {
      "count" : 21,
      "average" : {
        "ns" : 444585.0,
        "us" : 444.585,
        "ms" : 0.444585,
        "s" : 4.44585E-4
      },
      "min" : {
        "ns" : 34202,
        "us" : 34.202,
        "ms" : 0.034202,
        "s" : 3.4202E-5
      },
      "max" : {
        "ns" : 7890810,
        "us" : 7890.81,
        "ms" : 7.89081,
        "s" : 0.00789081
      }
    },
    "HappensBeforeNeighbourDetector.handleFeedback<Analyzer>" : {
      "count" : 21,
      "average" : {
        "ns" : 433913.04761904763,
        "us" : 433.91304761904763,
        "ms" : 0.43391304761904764,
        "s" : 4.339130476190476E-4
      },
      "min" : {
        "ns" : 11101,
        "us" : 11.101,
        "ms" : 0.011101,
        "s" : 1.1101E-5
      },
      "max" : {
        "ns" : 1125959,
        "us" : 1125.959,
        "ms" : 1.125959,
        "s" : 0.001125959
      }
    },
    "ErrorPropagationDetector.handleFeedback<Analyzer>" : {
      "count" : 21,
      "average" : {
        "ns" : 405025.90476190473,
        "us" : 405.0259047619047,
        "ms" : 0.40502590476190475,
        "s" : 4.050259047619047E-4
      },
      "min" : {
        "ns" : 4100,
        "us" : 4.1,
        "ms" : 0.0041,
        "s" : 4.1E-6
      },
      "max" : {
        "ns" : 1406373,
        "us" : 1406.373,
        "ms" : 1.406373,
        "s" : 0.001406373
      }
    },
    "ConditionalPointDetector.handleFeedback<Analyzer>" : {
      "count" : 21,
      "average" : {
        "ns" : 747486.4285714285,
        "us" : 747.4864285714285,
        "ms" : 0.7474864285714286,
        "s" : 7.474864285714286E-4
      },
      "min" : {
        "ns" : 167208,
        "us" : 167.208,
        "ms" : 0.167208,
        "s" : 1.67208E-4
      },
      "max" : {
        "ns" : 4328825,
        "us" : 4328.825,
        "ms" : 4.328825,
        "s" : 0.004328825
      }
    },
    "RedundancyAnalyzer.handleFeedback<Analyzer>" : {
      "count" : 21,
      "average" : {
        "ns" : 50154.90476190476,
        "us" : 50.15490476190476,
        "ms" : 0.05015490476190476,
        "s" : 5.015490476190476E-5
      },
      "min" : {
        "ns" : 19001,
        "us" : 19.001,
        "ms" : 0.019001,
        "s" : 1.9001E-5
      },
      "max" : {
        "ns" : 179109,
        "us" : 179.109,
        "ms" : 0.179109,
        "s" : 1.79109E-4
      }
    },
    "StatusAnalyzer.handleFeedback<Analyzer>" : {
      "count" : 21,
      "average" : {
        "ns" : 19034.238095238095,
        "us" : 19.034238095238095,
        "ms" : 0.019034238095238097,
        "s" : 1.9034238095238096E-5
      },
      "min" : {
        "ns" : 3900,
        "us" : 3.9,
        "ms" : 0.0039,
        "s" : 3.9E-6
      },
      "max" : {
        "ns" : 138108,
        "us" : 138.108,
        "ms" : 0.138108,
        "s" : 1.38108E-4
      }
    },
    "BehaviorAnalyzer.handleFeedback<Analyzer>" : {
      "count" : 21,
      "average" : {
        "ns" : 529113.3333333334,
        "us" : 529.1133333333333,
        "ms" : 0.5291133333333333,
        "s" : 5.291133333333334E-4
      },
      "min" : {
        "ns" : 286215,
        "us" : 286.215,
        "ms" : 0.286215,