{
  "stats" : {
    "nextFaultload" : {
      "count" : 6,
      "average" : {
        "ns" : 1937682.3333333333,
        "us" : 1937.6823333333332,
        "ms" : 1.9376823333333333,
        "s" : 0.0019376823333333332
      },
      "min" : {
        "ns" : 24891,
        "us" : 24.891,
        "ms" : 0.024891,
        "s" : 2.4891E-5
      },
      "max" : {
        "ns" : 3156211,
        "us" : 3156.211,
        "ms" : 3.156211,
        "s" : 0.003156211
      }
    },
    "Per test" : {
      "count" : 5,
      "average" : {
        "ns" : 7.42070008E7,
        "us" : 74207.0008,
        "ms" : 74.2070008,
        "s" : 0.07420700079999999
      },
      "min" : {
        "ns" : 27116107,
        "us" : 27116.107,
        "ms" : 27.116107,
        "s" : 0.027116107
      },
      "max" : {
        "ns" : 237265187,
        "us" : 237265.187,
        "ms" : 237.265187,
        "s" : 0.237265187
      }
    },
    "registerFaultload" : {
      "count" : 5,
      "average" : {
        "ns" : 2.97594348E7,
        "us" : 29759.4348,
        "ms" : 29.7594348,
        "s" : 0.0297594348
      },
      "min" : {
        "ns" : 3886601,
        "us" : 3886.601,
        "ms" : 3.886601,
        "s" : 0.003886601
      },
      "max" : {
        "ns" : 117730484,
        "us" : 117730.484,
        "ms" : 117.730484,
        "s" : 0.117730484
      }
    },
    "testMethod" : {
      "count" : 5,
      "average" : {
        "ns" : 3.49414172E7,
        "us" : 34941.4172,
        "ms" : 34.941417200000004,
        "s" : 0.034941417200000005
      },
      "min" : {
        "ns" : 17631982,
        "us" : 17631.982,
        "ms" : 17.631982,
        "s" : 0.017631982
      },
      "max" : {
        "ns" : 99018264,
        "us" : 99018.264,
        "ms" : 99.018264,
        "s" : 0.099018264
      }
    },
    "getTraceWithDelay" : {
      "count" : 5,
      "average" : {
        "ns" : 3.47587598E7,
        "us" : 34758.7598,
        "ms" : 34.7587598,
        "s" : 0.0347587598
      },
      "min" : {
        "ns" : 16075394,
        "us" : 16075.394,
        "ms" : 16.075394,
        "s" : 0.016075394
      },
      "max" : {
        "ns" : 101525091,
        "us" : 101525.091,
        "ms" : 101.525091,
        "s" : 0.101525091
      }
    },
    "getTrace" : {
      "count" : 5,
      "average" : {
        "ns" : 2.49365008E7,
        "us" : 24936.5008,
        "ms" : 24.9365008,
        "s" : 0.0249365008
      },
      "min" : {
        "ns" : 10317515,
        "us" : 10317.515,
        "ms" : 10.317515,
        "s" : 0.010317515
      },
      "max" : {
        "ns" : 80194741,
        "us" : 80194.741,
        "ms" : 80.194741,
        "s" : 0.080194741
      }
    },
    "handleResult" : {
      "count" : 5,
      "average" : {
        "ns" : 5501989.6,
        "us" : 5501.9896,
        "ms" : 5.5019896,
        "s" : 0.0055019896
      },
      "min" : {
        "ns" : 1679463,
        "us" : 1679.463,
        "ms" : 1.679463,
        "s" : 0.001679463
      },
      "max" : {
        "ns" : 15975921,
        "us" : 15975.921,
        "ms" : 15.975921,
        "s" : 0.015975921
      }
    },
    "StrategyRunner.analyze" : {
      "count" : 5,
      "average" : {
        "ns" : 5436517.6,
        "us" : 5436.517599999999,
        "ms" : 5.436517599999999,
        "s" : 0.005436517599999999
      },
      "min" : {
        "ns" : 1672053,
        "us" : 1672.053,
        "ms" : 1.672053,
        "s" : 0.001672053
      },
      "max" : {
        "ns" : 15681132,
        "us" : 15681.132,
        "ms" : 15.681132,
        "s" : 0.015681132
      }
    },
    "DynamicExplorationGenerator.handleFeedback<Analyzer>" : {
      "count" : 5,
      "average" : {
        "ns" : 1402372.2,
        "us" : 1402.3722,
        "ms" : 1.4023721999999998,
        "s" : 0.0014023721999999999
      },
      "min" : {
        "ns" : 101243,
        "us" : 101.243,
        "ms" : 0.101243,
        "s" : 1.01243E-4
      },
      "max" : {
        "ns" : 6179129,
        "us" : 6179.129,
        "ms" : 6.179129,
        "s" : 0.006179129
      }
    },
    "HappyPathDetector.handleFeedback<Analyzer>" : {
      "count" : 5,
      "average" : {
        "ns" : 148539.8,
        "us" : 148.53979999999999,
        "ms" : 0.1485398,
        "s" : 1.485398E-4
      },
      "min" : {
        "ns" : 3530,
        "us" : 3.53,
        "ms" : 0.00353,
        "s" : 3.53E-6
      },
      "max" : {
        "ns" : 724999,
        "us" : 724.999,
        "ms" : 0.724999,
        "s" : 7.24999E-4
      }
    },
    "ParentChildDetector.handleFeedback<Analyzer>" : {
      "count" : 5,
      "average" : {
        "ns" : 563500.6,
        "us" : 563.5006,
        "ms" : 0.5635006,
        "s" : 5.635006E-4
      },
      "min" : {
        "ns" : 57041,
        "us" : 57.041,
        "ms" : 0.057041,
        "s" : 5.7041E-5
      },
      "max" : {
        "ns" : 2058183,
        "us" : 2058.183,
        "ms" : 2.058183,
        "s" : 0.002058183
      }
    },
    "HappensBeforeNeighbourDetector.handleFeedback<Analyzer>" : {
      "count" : 5,
      "average" : {
        "ns" : 514661.0,
        "us" : 514.661,
        "ms" : 0.514661,
        "s" : 5.14661E-4
      },
      "min" : {
        "ns" : 9760,
        "us" : 9.76,
        "ms" : 0.00976,
        "s" : 9.76E-6
      },
      "max" : {
        "ns" : 1549790,
        "us" : 1549.79,
        "ms" : 1.54979,
        "s" : 0.00154979
      }
    },
    "ErrorPropagationDetector.handleFeedback<Analyzer>" : {
      "count" : 5,
      "average" : {
        "ns" : 362723.2,
        "us" : 362.7232,
        "ms" : 0.3627232,
        "s" : 3.6272320000000003E-4
      },
      "min" : {
        "ns" : 11330,
        "us" : 11.33,
        "ms" : 0.01133,
        "s" : 1.133E-5
      },
      "max" : {
        "ns" : 1037137,
        "us" : 1037.137,
        "ms" : 1.037137,
        "s" : 0.001037137
      }
    },
    "ConditionalPointDetector.handleFeedback<Analyzer>" : {
      "count" : 5,
      "average" : {
        "ns" : 1305469.4,
        "us" : 1305.4694,
        "ms" : 1.3054694,
        "s" : 0.0013054694
      },
      "min" : {
        "ns" : 189624,
        "us" : 189.624,
        "ms" : 0.189624,
        "s" : 1.89624E-4
      },
      "max" : {
        "ns" : 4917117,
        "us" : 4917.117,
        "ms" : 4.917117,
        "s" : 0.004917117
      }
    },
    "RedundancyAnalyzer.handleFeedback<Analyzer>" : {
      "count" : 5,
      "average" : {
        "ns" : 66003.6,
        "us" : 66.0036,
        "ms" : 0.06600360000000001,
        "s" : 6.60036E-5
      },
      "min" : {
        "ns" : 30591,
        "us" : 30.591,
        "ms" : 0.030591,
        "s" : 3.0591E-5
      },
      "max" : {
        "ns" : 121933,
        "us" : 121.933,
        "ms" : 0.121933,
        "s" : 1.21933E-4
      }
    },
    "StatusAnalyzer.handleFeedback<Analyzer>" : {
      "count" : 5,
      "average" : {
        "ns" : 64163.6,
        "us" : 64.1636,
        "ms" : 0.0641636,
        "s" : 6.41636E-5
      },
      "min" : {
        "ns" : 5080,
        "us" : 5.08,
        "ms" : 0.00508,
        "s" : 5.08E-6
      },
      "max" : {
        "ns" : 281397,
        "us" : 281.397,
        "ms" : 0.281397,
        "s" : 2.81397E-4
      }
    },
    "BehaviorAnalyzer.handleFeedback<Analyzer>" : {
      "count" : 5,
      "average" : {
        "ns" : 481268.4,
        "us" : 481.26840000000004,
        "ms" : 0.48126840000000004,
        "s" : 4.812684E-4
      },
      "min" : {
        "ns" : 142093,
        "us" : 142.093,
        "ms" : 0.142093,
        "s" : 1.42093E-4
      },
      "max" : {
        "ns" : 1002276,
        "us" : 1002.276,
        "ms" : 1.002276,
        "s" : 0.001002276
      }
    },
    "TimingAnalyzer.handleFeedback<Analyzer>" : {
      "count" : 5,
      "average" : {
        "ns" : 343745.0,
        "us" : 343.745,
        "ms" : 0.343745,
        "s" : 3.43745E-4
      },