{
  "stats" : {
    "nextFaultload" : {
      "count" : 10,
      "average" : {
        "ns" : 4080577.4,
        "us" : 4080.5774,
        "ms" : 4.0805774,
        "s" : 0.0040805774
      },
      "min" : {
        "ns" : 2044242,
        "us" : 2044.242,
        "ms" : 2.044242,
        "s" : 0.002044242
      },
      "max" : {
        "ns" : 11787808,
        "us" : 11787.808,
        "ms" : 11.787808,
        "s" : 0.011787808
      }
    },
    "Per test" : {
      "count" : 9,
      "average" : {
        "ns" : 5.8190435222222224E7,
        "us" : 58190.43522222222,
        "ms" : 58.19043522222223,
        "s" : 0.058190435222222225
      },
      "min" : {
        "ns" : 27879530,
        "us" : 27879.53,
        "ms" : 27.87953,
        "s" : 0.02787953
      },
      "max" : {
        "ns" : 247894461,
        "us" : 247894.461,
        "ms" : 247.894461,
        "s" : 0.247894461
      }
    },
    "registerFaultload" : {
      "count" : 9,
      "average" : {
        "ns" : 1.9566050888888888E7,
        "us" : 19566.050888888887,
        "ms" : 19.56605088888889,
        "s" : 0.019566050888888888
      },
      "min" : {
        "ns" : 3795887,
        "us" : 3795.887,
        "ms" : 3.795887,
        "s" : 0.003795887
      },
      "max" : {
        "ns" : 118377105,
        "us" : 118377.105,
        "ms" : 118.377105,
        "s" : 0.118377105
      }
    },
    "testMethod" : {
      "count" : 9,
      "average" : {
        "ns" : 2.9650892666666668E7,
        "us" : 29650.892666666667,
        "ms" : 29.650892666666667,
        "s" : 0.029650892666666668
      },
      "min" : {
        "ns" : 16615933,
        "us" : 16615.933,
        "ms" : 16.615933,
        "s" : 0.016615933
      },
      "max" : {
        "ns" : 106420985,
        "us" : 106420.985,
        "ms" : 106.420985,
        "s" : 0.106420985
      }
    },
    "getTraceWithDelay" : {
      "count" : 9,
      "average" : {
        "ns" : 2.7125810555555556E7,
        "us" : 27125.810555555556,
        "ms" : 27.125810555555557,
        "s" : 0.027125810555555557
      },
      "min" : {
        "ns" : 14314012,
        "us" : 14314.012,
        "ms" : 14.314012,
        "s" : 0.014314012
      },
      "max" : {
        "ns" : 105900398,
        "us" : 105900.398,
        "ms" : 105.900398,
        "s" : 0.105900398
      }
    },
    "getTrace" : {
      "count" : 9,
      "average" : {
        "ns" : 1.7914954222222224E7,
        "us" : 17914.954222222223,
        "ms" : 17.914954222222224,
        "s" : 0.017914954222222224
      },
      "min" : {
        "ns" : 8218262,
        "us" : 8218.262,
        "ms" : 8.218262,
        "s" : 0.008218262
      },
      "max" : {
        "ns" : 82074031,
        "us" : 82074.031,
        "ms" : 82.074031,
        "s" : 0.082074031
      }
    },
    "handleResult" : {
      "count" : 9,
      "average" : {
        "ns" : 4537233.777777778,
        "us" : 4537.233777777778,
        "ms" : 4.537233777777778,
        "s" : 0.004537233777777778
      },
      "min" : {
        "ns" : 1505493,
        "us" : 1505.493,
        "ms" : 1.505493,
        "s" : 0.001505493
      },
      "max" : {
        "ns" : 17353489,
        "us" : 17353.489,
        "ms" : 17.353489,
        "s" : 0.017353489
      }
    },
    "StrategyRunner.analyze" : {
      "count" : 9,
      "average" : {
        "ns" : 4496849.0,
        "us" : 4496.849,
        "ms" : 4.496849,
        "s" : 0.004496849
      },
      "min" : {
        "ns" : 1496872,
        "us" : 1496.872,
        "ms" : 1.496872,
        "s" : 0.001496872
      },
      "max" : {
        "ns" : 17058009,
        "us" : 17058.009,
        "ms" : 17.058009,
        "s" : 0.017058009
      }
    },
    "DynamicExplorationGenerator.handleFeedback<Analyzer>" : {
      "count" : 9,
      "average" : {
        "ns" : 1079695.7777777778,
        "us" : 1079.6957777777777,
        "ms" : 1.0796957777777778,
        "s" : 0.0010796957777777778
      },
      "min" : {
        "ns" : 87593,
        "us" : 87.593,
        "ms" : 0.087593,
        "s" : 8.7593E-5
      },
      "max" : {
        "ns" : 7403100,
        "us" : 7403.1,
        "ms" : 7.4031,
        "s" : 0.0074031
      }
    },
    "HappyPathDetector.handleFeedback<Analyzer>" : {
      "count" : 9,
      "average" : {
        "ns" : 43650.333333333336,
        "us" : 43.650333333333336,
        "ms" : 0.04365033333333333,
        "s" : 4.365033333333334E-5
      },
      "min" : {
        "ns" : 3410,
        "us" : 3.41,
        "ms" : 0.00341,
        "s" : 3.41E-6
      },
      "max" : {
        "ns" : 354122,
        "us" : 354.122,
        "ms" : 0.354122,
        "s" : 3.54122E-4
      }
    },
    "ParentChildDetector.handleFeedback<Analyzer>" : {
      "count" : 9,
      "average" : {
        "ns" : 376577.6666666667,
        "us" : 376.5776666666667,
        "ms" : 0.3765776666666667,
        "s" : 3.765776666666667E-4
      },
      "min" : {
        "ns" : 46162,
        "us" : 46.162,
        "ms" : 0.046162,
        "s" : 4.6162E-5
      },
      "max" : {
        "ns" : 2698464,
        "us" : 2698.464,
        "ms" : 2.698464,
        "s" : 0.002698464
      }
    },
    "HappensBeforeNeighbourDetector.handleFeedback<Analyzer>" : {
      "count" : 9,
      "average" : {
        "ns" : 894521.4444444445,
        "us" : 894.5214444444445,
        "ms" : 0.8945214444444445,
        "s" : 8.945214444444445E-4
      },
      "min" : {
        "ns" : 16521,
        "us" : 16.521,
        "ms" : 0.016521,
        "s" : 1.6521E-5
      },
      "max" : {
        "ns" : 2958193,
        "us" : 2958.193,
        "ms" : 2.958193,
        "s" : 0.002958193
      }
    },
    "ErrorPropagationDetector.handleFeedback<Analyzer>" : {
      "count" : 9,
      "average" : {
        "ns" : 215594.11111111112,
        "us" : 215.59411111111112,
        "ms" : 0.21559411111111113,
        "s" : 2.155941111111111E-4
      },
      "min" : {
        "ns" : 13100,
        "us" : 13.1,
        "ms" : 0.0131,
        "s" : 1.31E-5
      },
      "max" : {
        "ns" : 567990,
        "us" : 567.99,
        "ms" : 0.56799,
        "s" : 5.6799E-4
      }
    },
    "ConditionalPointDetector.handleFeedback<Analyzer>" : {
      "count" : 9,
      "average" : {
        "ns" : 1152612.6666666667,
        "us" : 1152.6126666666667,
        "ms" : 1.1526126666666667,
        "s" : 0.0011526126666666667
      },
      "min" : {
        "ns" : 277249,
        "us" : 277.249,
        "ms" : 0.277249,
        "s" : 2.77249E-4
      },
      "max" : {
        "ns" : 4795228,
        "us" : 4795.228,
        "ms" : 4.795228,
        "s" : 0.004795228
      }
    },
    "RedundancyAnalyzer.handleFeedback<Analyzer>" : {
      "count" : 9,
      "average" : {
        "ns" : 59995.555555555555,
        "us" : 59.995555555555555,
        "ms" : 0.05999555555555555,
        "s" : 5.9995555555555556E-5
      },
      "min" : {
        "ns" : 19641,
        "us" : 19.641,
        "ms" : 0.019641,
        "s" : 1.9641E-5
      },
      "max" : {
        "ns" : 174816,
        "us" : 174.816,
        "ms" : 0.174816,
        "s" : 1.74816E-4
      }
    },
    "StatusAnalyzer.handleFeedback<Analyzer>" : {
      "count" : 9,
      "average" : {
        "ns" : 31233.222222222223,
        "us" : 31.233222222222224,
        "ms" : 0.03123322222222222,
        "s" : 3.123322222222222E-5
      },
      "min" : {
        "ns" : 4620,
        "us" : 4.62,
        "ms" : 0.00462,
        "s" : 4.62E-6
      },
      "max" : {
        "ns" : 233898,
        "us" : 233.898,
        "ms" : 0.233898,
        "s" : 2.33898E-4
      }
    },
    "BehaviorAnalyzer.handleFeedback<Analyzer>" : {
      "count" : 9,
      "average" : {
        "ns" : 354711.44444444444,
        "us" : 354.71144444444445,
        "ms" : 0.3547114444444444,
        "s" : 3.547114444444444E-4
      },
      "min" : {
        "ns" : 103733,
        "us" : 103.733,
        "ms" : 0.103733,