{
  "stats" : {
    "nextFaultload" : {
      "count" : 10,
      "average" : {
        "ns" : 4338213.8,
        "us" : 4338.2137999999995,
        "ms" : 4.3382138,
        "s" : 0.0043382138
      },
      "min" : {
        "ns" : 2325642,
        "us" : 2325.642,
        "ms" : 2.325642,
        "s" : 0.002325642
      },
      "max" : {
        "ns" : 11054972,
        "us" : 11054.972,
        "ms" : 11.054972,
        "s" : 0.011054972
      }
    },
    "Per test" : {
      "count" : 9,
      "average" : {
        "ns" : 5.335505555555555E7,
        "us" : 53355.055555555555,
        "ms" : 53.35505555555555,
        "s" : 0.05335505555555555
      },
      "min" : {
        "ns" : 26424707,
        "us" : 26424.707,
        "ms" : 26.424707,
        "s" : 0.026424707
      },
      "max" : {
        "ns" : 239343055,
        "us" : 239343.055,
        "ms" : 239.343055,
        "s" : 0.239343055
      }
    },
    "registerFaultload" : {
      "count" : 9,
      "average" : {
        "ns" : 1.8396741111111112E7,
        "us" : 18396.74111111111,
        "ms" : 18.396741111111112,
        "s" : 0.01839674111111111
      },
      "min" : {
        "ns" : 3456110,
        "us" : 3456.11,
        "ms" : 3.45611,
        "s" : 0.00345611
      },
      "max" : {
        "ns" : 116589090,
        "us" : 116589.09,
        "ms" : 116.58909,
        "s" : 0.11658909
      }
    },
    "testMethod" : {
      "count" : 9,
      "average" : {
        "ns" : 2.6940660555555556E7,
        "us" : 26940.660555555554,
        "ms" : 26.940660555555556,
        "s" : 0.026940660555555555
      },
      "min" : {
        "ns" : 16199285,
        "us" : 16199.285,
        "ms" : 16.199285,
        "s" : 0.016199285
      },
      "max" : {
        "ns" : 102182314,
        "us" : 102182.314,
        "ms" : 102.182314,
        "s" : 0.102182314
      }
    },
    "getTraceWithDelay" : {
      "count" : 9,
      "average" : {
        "ns" : 2.4847333222222224E7,
        "us" : 24847.333222222223,
        "ms" : 24.847333222222225,
        "s" : 0.024847333222222222
      },
      "min" : {
        "ns" : 13146300,
        "us" : 13146.3,
        "ms" : 13.1463,
        "s" : 0.0131463
      },
      "max" : {
        "ns" : 101282859,
        "us" : 101282.859,
        "ms" : 101.282859,
        "s" : 0.101282859
      }
    },
    "getTrace" : {
      "count" : 9,
      "average" : {
        "ns" : 1.6598887E7,
        "us" : 16598.887,
        "ms" : 16.598887,
        "s" : 0.016598887
      },
      "min" : {
        "ns" : 7714669,
        "us" : 7714.669,
        "ms" : 7.714669,
        "s" : 0.007714669
      },
      "max" : {
        "ns" : 79979163,
        "us" : 79979.163,
        "ms" : 79.979163,
        "s" : 0.079979163
      }
    },
    "handleResult" : {
      "count" : 9,
      "average" : {
        "ns" : 4132240.222222222,
        "us" : 4132.240222222222,
        "ms" : 4.132240222222222,
        "s" : 0.004132240222222222
      },
      "min" : {
        "ns" : 1502191,
        "us" : 1502.191,
        "ms" : 1.502191,
        "s" : 0.001502191
      },
      "max" : {
        "ns" : 16046076,
        "us" : 16046.076,
        "ms" : 16.046076,
        "s" : 0.016046076
      }
    },
    "StrategyRunner.analyze" : {
      "count" : 9,
      "average" : {
        "ns" : 4099004.777777778,
        "us" : 4099.004777777778,
        "ms" : 4.099004777777778,
        "s" : 0.004099004777777778
      },
      "min" : {
        "ns" : 1454088,
        "us" : 1454.088,
        "ms" : 1.454088,
        "s" : 0.001454088
      },
      "max" : {
        "ns" : 15848864,
        "us" : 15848.864,
        "ms" : 15.848864,
        "s" : 0.015848864
      }
    },
    "DynamicExplorationGenerator.handleFeedback<Analyzer>" : {
      "count" : 9,
      "average" : {
        "ns" : 974237.0,
        "us" : 974.237,
        "ms" : 0.974237,
        "s" : 9.74237E-4
      },
      "min" : {
        "ns" : 94305,
        "us" : 94.305,
        "ms" : 0.094305,
        "s" : 9.4305E-5
      },
      "max" : {
        "ns" : 6774812,
        "us" : 6774.812,
        "ms" : 6.774812,
        "s" : 0.006774812
      }
    },
    "HappyPathDetector.handleFeedback<Analyzer>" : {
      "count" : 9,
      "average" : {
        "ns" : 56359.333333333336,
        "us" : 56.35933333333334,
        "ms" : 0.05635933333333334,
        "s" : 5.6359333333333334E-5
      },
      "min" : {
        "ns" : 3400,
        "us" : 3.4,
        "ms" : 0.0034,
        "s" : 3.4E-6
      },
      "max" : {
        "ns" : 476529,
        "us" : 476.529,
        "ms" : 0.476529,
        "s" : 4.76529E-4
      }
    },
    "ParentChildDetector.handleFeedback<Analyzer>" : {
      "count" : 9,
      "average" : {
        "ns" : 350376.77777777775,
        "us" : 350.37677777777776,
        "ms" : 0.35037677777777776,
        "s" : 3.5037677777777774E-4
      },
      "min" : {
        "ns" : 47403,
        "us" : 47.403,
        "ms" : 0.047403,
        "s" : 4.7403E-5
      },
      "max" : {
        "ns" : 2560856,
        "us" : 2560.856,
        "ms" : 2.560856,
        "s" : 0.002560856
      }
    },
    "HappensBeforeNeighbourDetector.handleFeedback<Analyzer>" : {
      "count" : 9,
      "average" : {
        "ns" : 818705.3333333334,
        "us" : 818.7053333333333,
        "ms" : 0.8187053333333334,
        "s" : 8.187053333333334E-4
      },
      "min" : {
        "ns" : 14001,
        "us" : 14.001,
        "ms" : 0.014001,
        "s" : 1.4001E-5
      },
      "max" : {
        "ns" : 2371644,
        "us" : 2371.644,
        "ms" : 2.371644,
        "s" : 0.002371644
      }
    },
    "ErrorPropagationDetector.handleFeedback<Analyzer>" : {
      "count" : 9,
      "average" : {
        "ns" : 183877.77777777778,
        "us" : 183.8777777777778,
        "ms" : 0.18387777777777778,
        "s" : 1.8387777777777777E-4
      },
      "min" : {
        "ns" : 12101,
        "us" : 12.101,
        "ms" : 0.012101,
        "s" : 1.2101E-5
      },
      "max" : {
        "ns" : 503430,
        "us" : 503.43,
        "ms" : 0.50343,
        "s" : 5.0343E-4
      }
    },
    "ConditionalPointDetector.handleFeedback<Analyzer>" : {
      "count" : 9,
      "average" : {
        "ns" : 1074687.5555555555,
        "us" : 1074.6875555555555,
        "ms" : 1.0746875555555555,
        "s" : 0.0010746875555555555
      },
      "min" : {
        "ns" : 226114,
        "us" : 226.114,
        "ms" : 0.226114,
        "s" : 2.26114E-4
      },
      "max" : {
        "ns" : 4541476,
        "us" : 4541.476,
        "ms" : 4.541476,
        "s" : 0.004541476
      }
    },
    "RedundancyAnalyzer.handleFeedback<Analyzer>" : {
      "count" : 9,
      "average" : {
        "ns" : 49758.555555555555,
        "us" : 49.75855555555555,
        "ms" : 0.049758555555555556,
        "s" : 4.975855555555555E-5
      },
      "min" : {
        "ns" : 19101,
        "us" : 19.101,
        "ms" : 0.019101,
        "s" : 1.9101E-5
      },
      "max" : {
        "ns" : 153109,
        "us" : 153.109,
        "ms" : 0.153109,
        "s" : 1.53109E-4
      }
    },
    "StatusAnalyzer.handleFeedback<Analyzer>" : {
      "count" : 9,
      "average" : {
        "ns" : 28224.11111111111,
        "us" : 28.22411111111111,
        "ms" : 0.02822411111111111,
        "s" : 2.822411111111111E-5
      },
      "min" : {
        "ns" : 4800,
        "us" : 4.8,
        "ms" : 0.0048,
        "s" : 4.8E-6
      },
      "max" : {
        "ns" : 210813,
        "us" : 210.813,
        "ms" : 0.210813,
        "s" : 2.10813E-4
      }
    },
    "BehaviorAnalyzer.handleFeedback<Analyzer>" : {
      "count" : 9,
      "average" : {
        "ns" : 299662.6666666667,
        "us" : 299.66266666666667,
        "ms" : 0.2996626666666667,
        "s" : 2.9966266666666666E-4
      },
      "min" : {
        "ns" : 95206,
        "us" : 95.206,
        "ms" : 0.095206,
        "s" : 9.5206E-5
      },