{
  "stats" : {
    "nextFaultload" : {
      "count" : 10,
      "average" : {
        "ns" : 3912188.7,
        "us" : 3912.1887,
        "ms" : 3.9121887,
        "s" : 0.0039121887
      },
      "min" : {
        "ns" : 2249716,
        "us" : 2249.716,
        "ms" : 2.249716,
        "s" : 0.002249716
      },
      "max" : {
        "ns" : 10965783,
        "us" : 10965.783,
        "ms" : 10.965783,
        "s" : 0.010965783
      }
    },
    "Per test" : {
      "count" : 9,
      "average" : {
        "ns" : 5.9504126222222224E7,
        "us" : 59504.12622222222,
        "ms" : 59.504126222222226,
        "s" : 0.059504126222222224
      },
      "min" : {
        "ns" : 27361352,
        "us" : 27361.352,
        "ms" : 27.361352,
        "s" : 0.027361352
      },
      "max" : {
        "ns" : 273287276,
        "us" : 273287.276,
        "ms" : 273.287276,
        "s" : 0.273287276
      }
    },
    "registerFaultload" : {
      "count" : 9,
      "average" : {
        "ns" : 2.2314487E7,
        "us" : 22314.487,
        "ms" : 22.314487,
        "s" : 0.022314487
      },
      "min" : {
        "ns" : 4035251,
        "us" : 4035.251,
        "ms" : 4.035251,
        "s" : 0.004035251
      },
      "max" : {
        "ns" : 147342975,
        "us" : 147342.975,
        "ms" : 147.342975,
        "s" : 0.147342975
      }
    },
    "testMethod" : {
      "count" : 9,
      "average" : {
        "ns" : 2.8421037777777776E7,
        "us" : 28421.037777777776,
        "ms" : 28.421037777777777,
        "s" : 0.028421037777777776
      },
      "min" : {
        "ns" : 16152880,
        "us" : 16152.88,
        "ms" : 16.15288,
        "s" : 0.01615288
      },
      "max" : {
        "ns" : 104170738,
        "us" : 104170.738,
        "ms" : 104.170738,
        "s" : 0.104170738
      }
    },
    "getTraceWithDelay" : {
      "count" : 9,
      "average" : {
        "ns" : 2.6675730888888888E7,
        "us" : 26675.730888888887,
        "ms" : 26.67573088888889,
        "s" : 0.026675730888888888
      },
      "min" : {
        "ns" : 14287346,
        "us" : 14287.346,
        "ms" : 14.287346,
        "s" : 0.014287346
      },
      "max" : {
        "ns" : 103783529,
        "us" : 103783.529,
        "ms" : 103.783529,
        "s" : 0.103783529
      }
    },
    "getTrace" : {
      "count" : 9,
      "average" : {
        "ns" : 1.766655E7,
        "us" : 17666.55,
        "ms" : 17.66655,
        "s" : 0.01766655
      },
      "min" : {
        "ns" : 8394829,
        "us" : 8394.829,
        "ms" : 8.394829,
        "s" : 0.008394829
      },
      "max" : {
        "ns" : 81235356,
        "us" : 81235.356,
        "ms" : 81.235356,
        "s" : 0.081235356
      }
    },
    "handleResult" : {
      "count" : 9,
      "average" : {
        "ns" : 4487677.888888889,
        "us" : 4487.677888888889,
        "ms" : 4.487677888888889,
        "s" : 0.004487677888888889
      },
      "min" : {
        "ns" : 1570779,
        "us" : 1570.779,
        "ms" : 1.570779,
        "s" : 0.001570779
      },
      "max" : {
        "ns" : 17508197,
        "us" : 17508.197,
        "ms" : 17.508197,
        "s" : 0.017508197
      }
    },
    "StrategyRunner.analyze" : {
      "count" : 9,
      "average" : {
        "ns" : 4424166.333333333,
        "us" : 4424.166333333333,
        "ms" : 4.424166333333333,
        "s" : 0.004424166333333333
      },
      "min" : {
        "ns" : 1545478,
        "us" : 1545.478,
        "ms" : 1.545478,
        "s" : 0.001545478
      },
      "max" : {
        "ns" : 17118517,
        "us" : 17118.517,
        "ms" : 17.118517,
        "s" : 0.017118517
      }
    },
    "DynamicExplorationGenerator.handleFeedback<Analyzer>" : {
      "count" : 9,
      "average" : {
        "ns" : 1088168.7777777778,
        "us" : 1088.1687777777777,
        "ms" : 1.0881687777777778,
        "s" : 0.0010881687777777778
      },
      "min" : {
        "ns" : 97573,
        "us" : 97.573,
        "ms" : 0.097573,
        "s" : 9.7573E-5
      },
      "max" : {
        "ns" : 7541238,
        "us" : 7541.238,
        "ms" : 7.541238,
        "s" : 0.007541238
      }
    },
    "HappyPathDetector.handleFeedback<Analyzer>" : {
      "count" : 9,
      "average" : {
        "ns" : 49167.77777777778,
        "us" : 49.16777777777778,
        "ms" : 0.04916777777777778,
        "s" : 4.916777777777778E-5
      },
      "min" : {
        "ns" : 3610,
        "us" : 3.61,
        "ms" : 0.00361,
        "s" : 3.61E-6
      },
      "max" : {
        "ns" : 409660,
        "us" : 409.66,
        "ms" : 0.40966,
        "s" : 4.0966E-4
      }
    },
    "ParentChildDetector.handleFeedback<Analyzer>" : {
      "count" : 9,
      "average" : {
        "ns" : 352661.1111111111,
        "us" : 352.6611111111111,
        "ms" : 0.35266111111111115,
        "s" : 3.5266111111111113E-4
      },
      "min" : {
        "ns" : 44802,
        "us" : 44.802,
        "ms" : 0.044802,
        "s" : 4.4802E-5
      },
      "max" : {
        "ns" : 2507203,
        "us" : 2507.203,
        "ms" : 2.507203,
        "s" : 0.002507203
      }
    },
    "HappensBeforeNeighbourDetector.handleFeedback<Analyzer>" : {
      "count" : 9,
      "average" : {
        "ns" : 876741.7777777778,
        "us" : 876.7417777777778,
        "ms" : 0.8767417777777777,
        "s" : 8.767417777777777E-4
      },
      "min" : {
        "ns" : 8410,
        "us" : 8.41,
        "ms" : 0.00841,
        "s" : 8.41E-6
      },
      "max" : {
        "ns" : 2285077,
        "us" : 2285.077,
        "ms" : 2.285077,
        "s" : 0.002285077
      }
    },
    "ErrorPropagationDetector.handleFeedback<Analyzer>" : {
      "count" : 9,
      "average" : {
        "ns" : 242421.33333333334,
        "us" : 242.42133333333334,
        "ms" : 0.24242133333333335,
        "s" : 2.4242133333333334E-4
      },
      "min" : {
        "ns" : 11450,
        "us" : 11.45,
        "ms" : 0.01145,
        "s" : 1.145E-5
      },
      "max" : {
        "ns" : 542223,
        "us" : 542.223,
        "ms" : 0.542223,
        "s" : 5.42223E-4
      }
    },
    "ConditionalPointDetector.handleFeedback<Analyzer>" : {
      "count" : 9,
      "average" : {
        "ns" : 1131496.6666666667,
        "us" : 1131.4966666666667,
        "ms" : 1.1314966666666668,
        "s" : 0.0011314966666666668
      },
      "min" : {
        "ns" : 223466,
        "us" : 223.466,
        "ms" : 0.223466,
        "s" : 2.23466E-4
      },
      "max" : {
        "ns" : 4831121,
        "us" : 4831.121,
        "ms" : 4.831121,
        "s" : 0.004831121
      }
    },
    "RedundancyAnalyzer.handleFeedback<Analyzer>" : {
      "count" : 9,
      "average" : {
        "ns" : 55473.666666666664,
        "us" : 55.47366666666667,
        "ms" : 0.055473666666666664,
        "s" : 5.5473666666666664E-5
      },
      "min" : {
        "ns" : 26330,
        "us" : 26.33,
        "ms" : 0.02633,
        "s" : 2.633E-5
      },
      "max" : {
        "ns" : 172374,
        "us" : 172.374,
        "ms" : 0.172374,
        "s" : 1.72374E-4
      }
    },
    "StatusAnalyzer.handleFeedback<Analyzer>" : {
      "count" : 9,
      "average" : {
        "ns" : 31060.555555555555,
        "us" : 31.060555555555556,
        "ms" : 0.031060555555555553,
        "s" : 3.1060555555555556E-5
      },
      "min" : {
        "ns" : 4520,
        "us" : 4.52,
        "ms" : 0.00452,
        "s" : 4.52E-6
      },
      "max" : {
        "ns" : 220675,
        "us" : 220.675,
        "ms" : 0.220675,
        "s" : 2.20675E-4
      }
    },
    "BehaviorAnalyzer.handleFeedback<Analyzer>" : {
      "count" : 9,
      "average" : {
        "ns" : 326296.8888888889,
        "us" : 326.2968888888889,
        "ms" : 0.32629688888888886,
        "s" : 3.262968888888889E-4
      },
      "min" : {
        "ns" : 115443,
        "us" : 115.443,
        "ms" : 0.115443,
        "s" : 1.15443E-4
      },