{
    "per_key": {
        "nextFaultload": {
            "n": 660,
            "mean": 28.556873736363638,
            "median": 3.4305944999999998,
            "std": 132.4543613343721,
            "min": 0.389986,
            "max": 952.01605,
            "p25": 2.86310325,
            "p50": 3.4305944999999998,
            "p75": 4.985916,
            "p90": 9.387637300000002,
            "p95": 39.94408879999999,
            "p99": 898.9454867199996
        },
        "Per test": {
            "n": 650,
            "mean": 81.96795967230769,
            "median": 80.00487,
            "std": 50.13353167019117,
            "min": 31.931834,
            "max": 987.593448,
            "p25": 65.41909125000001,
            "p50": 80.00487,
            "p75": 86.905537,
            "p90": 94.1097751,
            "p95": 103.80397999999998,
            "p99": 284.12450977
        },
        "registerFaultload": {
            "n": 650,
            "mean": 6.403800656923077,
            "median": 4.6151265,
            "std": 8.490505704965253,
            "min": 3.389491,
            "max": 72.298087,
            "p25": 4.150501,
            "p50": 4.6151265,
            "p75": 5.401217,
            "p90": 6.766698900000001,
            "p95": 11.863917799999973,
            "p99": 65.96656870999999
        },
        "unregisterFautload": {
            "n": 650,
            "mean": 4.7657752,
            "median": 4.1516745,
            "std": 3.223958310925967,
            "min": 3.123658,
            "max": 41.006884,
            "p25": 3.8005095,
            "p50": 4.1516745,
            "p75": 4.674001,
            "p90": 5.4814551,
            "p95": 6.365664949999997,
            "p99": 23.571605129999924
        },
        "testMethod": {
            "n": 650,
            "mean": 66.97945948153846,
            "median": 64.420452,
            "std": 41.048159619249894,
            "min": 23.558605999999997,
            "max": 884.078544,
            "p25": 50.70455525,
            "p50": 64.420452,
            "p75": 74.70975074999998,
            "p90": 80.392298,
            "p95": 89.45273759999996,
            "p99": 188.42775349
        },
        "getTraceWithDelay": {
            "n": 650,
            "mean": 15.717591092307691,
            "median": 12.339855,
            "std": 15.654232507643393,
            "min": 6.919347999999999,
            "max": 144.557233,
            "p25": 10.782320499999999,
            "p50": 12.339855,
            "p75": 15.021146,
            "p90": 19.8293286,
            "p95": 25.34677364999998,
            "p99": 126.66174271
        },
        "handleResult": {
            "n": 650,
            "mean": 3.7982416415384614,
            "median": 2.9477914999999997,
            "std": 3.828988211973843,
            "min": 0.418379,
            "max": 28.282175,
            "p25": 2.558232,
            "p50": 2.9477914999999997,
            "p75": 3.6928322499999995,
            "p90": 5.1685695,
            "p95": 7.4101215499999995,
            "p99": 24.66758195
        },
        "Total test time": {
            "n": 10,
            "mean": 7627.3518409,
            "median": 7345.5428665,
            "std": 866.4853602787312,
            "min": 7243.308234,
            "max": 10220.112457,
            "p25": 7289.31722225,
            "p50": 7345.5428665,
            "p75": 7412.0856005,
            "p90": 7725.069190599998,
            "p95": 8972.590823799997,
            "p99": 9970.60813036
        },
        "getExpectedBehaviours": {
            "n": 15600,
            "mean": 0.5577182353846153,
            "median": 0.4709695,
            "std": 0.3554241063572308,
            "min": 0.00505,
            "max": 13.204849,
            "p25": 0.42308324999999997,
            "p50": 0.4709695,
            "p75": 0.5380965,
            "p90": 1.0195247,
            "p95": 1.1576800499999997,
            "p99": 1.5380886000000007
        },
        "getExpectedPoints": {
            "n": 15600,
            "mean": 0.5696757579487179,
            "median": 0.478244,
            "std": 0.34368853999716736,
            "min": 0.007719999999999999,
            "max": 9.169925,
            "p25": 0.43003325,
            "p50": 0.478244,
            "p75": 0.545986,
            "p90": 1.0359858,
            "p95": 1.1825390499999995,
            "p99": 1.8031234100000095
        }
    }
}