{
    "per_key": {
        "nextFaultload": {
            "n": 200,
            "mean": 4.015067025,
            "median": 2.770086,
            "std": 4.409386265938686,
            "min": 1.137932,
            "max": 24.562666,
            "p25": 2.01329725,
            "p50": 2.770086,
            "p75": 3.88163925,
            "p90": 6.678052899999996,
            "p95": 11.413893549999845,
            "p99": 23.37874995
        },
        "Per test": {
            "n": 190,
            "mean": 53.665831863157905,
            "median": 42.1047025,
            "std": 47.42633035656012,
            "min": 24.835178,
            "max": 259.878556,
            "p25": 34.73020325,
            "p50": 42.1047025,
            "p75": 48.1900315,
            "p90": 85.2248214,
            "p95": 174.90881684999772,
            "p99": 252.37866501999997
        },
        "registerFaultload": {
            "n": 190,
            "mean": 10.390689110526313,
            "median": 3.6214399999999998,
            "std": 25.578070678168643,
            "min": 2.636516,
            "max": 126.266347,
            "p25": 3.31163125,
            "p50": 3.6214399999999998,
            "p75": 4.030441,
            "p90": 17.1106774,
            "p95": 70.53018289999847,
            "p99": 120.48837729999994
        },
        "unregisterFautload": {
            "n": 190,
            "mean": 3.1420624157894737,
            "median": 3.078108,
            "std": 0.41212423749887894,
            "min": 2.317557,
            "max": 4.510037,
            "p25": 2.8565527499999996,
            "p50": 3.078108,
            "p75": 3.32209875,
            "p90": 3.6567863999999997,
            "p95": 3.903402649999999,
            "p99": 4.48122743
        },
        "testMethod": {
            "n": 190,
            "mean": 35.36090081052631,
            "median": 32.075615,
            "std": 18.399083224666033,
            "min": 18.140387999999998,
            "max": 116.692191,
            "p25": 26.018575499999997,
            "p50": 32.075615,
            "p75": 37.651123999999996,
            "p90": 42.8642012,
            "p95": 78.90836094999906,
            "p99": 109.9590145
        },
        "getTraceWithDelay": {
            "n": 190,
            "mean": 20.379820978947368,
            "median": 14.344394999999999,
            "std": 20.23605118419431,
            "min": 9.596013,
            "max": 113.383596,
            "p25": 12.678263249999999,
            "p50": 14.344394999999999,
            "p75": 17.0068555,
            "p90": 39.3559792,
            "p95": 75.6802480499992,
            "p99": 101.34464195999998
        },
        "handleResult": {
            "n": 190,
            "mean": 4.744081731578947,
            "median": 2.809819,
            "std": 5.889157379653175,
            "min": 1.380817,
            "max": 30.302145,
            "p25": 2.0561305,
            "p50": 2.809819,
            "p75": 3.8862802499999995,
            "p90": 16.1612044,
            "p95": 21.22934634999995,
            "p99": 28.138115579999965
        },
        "Total test time": {
            "n": 10,
            "mean": 1377.5791641,
            "median": 1378.5723065,
            "std": 30.50592050192159,
            "min": 1334.5655359999998,
            "max": 1435.899805,
            "p25": 1351.9118027499999,
            "p50": 1378.5723065,
            "p75": 1391.7298537499998,
            "p90": 1412.2396645000001,
            "p95": 1424.06973475,
            "p99": 1433.53379095
        },
        "getExpectedBehaviours": {
            "n": 1140,
            "mean": 0.19557672280701752,
            "median": 0.139703,
            "std": 0.2710565466039415,
            "min": 0.032782,
            "max": 5.9630529999999995,
            "p25": 0.07777999999999999,
            "p50": 0.139703,
            "p75": 0.24888,
            "p90": 0.3817202,
            "p95": 0.5067323,
            "p99": 0.7683717699999941
        },
        "getExpectedPoints": {
            "n": 1140,
            "mean": 0.21710039385964913,
            "median": 0.1511345,
            "std": 0.1981001698735825,
            "min": 0.038173,
            "max": 1.548675,
            "p25": 0.09132775,
            "p50": 0.1511345,
            "p75": 0.28219025,
            "p90": 0.46117300000000055,
            "p95": 0.5965976499999999,
            "p99": 0.9405311999999949
        }
    }
}