{
    "per_key": {
        "nextFaultload": {
            "n": 920,
            "mean": 2.71550730326087,
            "median": 1.8988204999999998,
            "std": 3.7781348605986054,
            "min": 1.041957,
            "max": 33.680423999999995,
            "p25": 1.44624,
            "p50": 1.8988204999999998,
            "p75": 2.6627432499999997,
            "p90": 3.7864481000000003,
            "p95": 4.3955337,
            "p99": 26.215337999999996
        },
        "Per test": {
            "n": 900,
            "mean": 36.28567605,
            "median": 30.375597499999998,
            "std": 33.56728698204557,
            "min": 21.158341999999998,
            "max": 284.772475,
            "p25": 27.211134,
            "p50": 30.375597499999998,
            "p75": 33.275566,
            "p90": 40.5538344,
            "p95": 47.33829649999982,
            "p99": 249.87226121999998
        },
        "registerFaultload": {
            "n": 900,
            "mean": 6.0352912777777785,
            "median": 3.1871244999999995,
            "std": 16.10083289140715,
            "min": 2.317945,
            "max": 123.78073499999999,
            "p25": 2.9707135,
            "p50": 3.1871244999999995,
            "p75": 3.58811825,
            "p90": 4.1266221,
            "p95": 5.314726199999996,
            "p99": 111.62524074999999
        },
        "unregisterFautload": {
            "n": 900,
            "mean": 2.9582643344444435,
            "median": 2.8288944999999996,
            "std": 0.6026626079351737,
            "min": 2.0937129999999997,
            "max": 8.613576,
            "p25": 2.6123399999999997,
            "p50": 2.8288944999999996,
            "p75": 3.12008875,
            "p90": 3.5416026,
            "p95": 3.9515067,
            "p99": 5.396401339999996
        },
        "testMethod": {
            "n": 900,
            "mean": 16.73293716111111,
            "median": 17.0176795,
            "std": 4.506007981064629,
            "min": 10.750328999999999,
            "max": 43.659648999999995,
            "p25": 12.698471999999999,
            "p50": 17.0176795,
            "p75": 19.223678749999998,
            "p90": 21.3155866,
            "p95": 23.3557547,
            "p99": 31.307430709999995
        },
        "getTraceWithDelay": {
            "n": 900,
            "mean": 13.326931242222223,
            "median": 10.278680999999999,
            "std": 14.824631895822783,
            "min": 6.993288,
            "max": 124.330264,
            "p25": 8.52157725,
            "p50": 10.278680999999999,
            "p75": 13.103540249999998,
            "p90": 16.3585464,
            "p95": 19.50086019999999,
            "p99": 106.98428392999999
        },
        "handleResult": {
            "n": 900,
            "mean": 2.8750464533333333,
            "median": 1.9160149999999998,
            "std": 3.4197096003233782,
            "min": 1.090959,
            "max": 26.783770999999998,
            "p25": 1.55495875,
            "p50": 1.9160149999999998,
            "p75": 2.8330435,
            "p90": 4.046323800000001,
            "p95": 6.78344114999999,
            "p99": 22.67184412
        },
        "Total test time": {
            "n": 20,
            "mean": 2058.8356363499997,
            "median": 2047.513194,
            "std": 59.69793868294442,
            "min": 1987.7768669999998,
            "max": 2291.106962,
            "p25": 2024.70009075,
            "p50": 2047.513194,
            "p75": 2065.83078375,
            "p90": 2089.4441898,
            "p95": 2112.9694486,
            "p99": 2255.4794593199995
        },
        "getExpectedBehaviours": {
            "n": 3680,
            "mean": 0.176398575,
            "median": 0.1092065,
            "std": 0.2757261456838862,
            "min": 0.067204,
            "max": 5.673711,
            "p25": 0.076804,
            "p50": 0.1092065,
            "p75": 0.19125999999999999,
            "p90": 0.330348,
            "p95": 0.44242904999999993,
            "p99": 0.7719523700000002
        },
        "getExpectedPoints": {
            "n": 3680,
            "mean": 0.20715711983695653,
            "median": 0.1308065,
            "std": 0.2332933277943953,
            "min": 0.07170399999999999,
            "max": 5.546005999999999,
            "p25": 0.084004,
            "p50": 0.1308065,
            "p75": 0.26641499999999996,
            "p90": 0.3970892999999998,
            "p95": 0.49915289999999984,
            "p99": 0.8283157900000003
        }
    }
}