{
    "per_key": {
        "nextFaultload": {
            "n": 48820,
            "mean": 61.10250991544448,
            "median": 15.832125,
            "std": 1074.0895167846847,
            "min": 0.8307249999999999,
            "max": 55497.207227,
            "p25": 11.14875625,
            "p50": 15.832125,
            "p75": 24.496547749999998,
            "p90": 65.31556919999998,
            "p95": 78.8803757999999,
            "p99": 316.66311229999945
        },
        "Per test": {
            "n": 48800,
            "mean": 127.91525772440572,
            "median": 126.29685899999998,
            "std": 41.33274417166402,
            "min": 22.705638999999998,
            "max": 393.467207,
            "p25": 94.203412,
            "p50": 126.29685899999998,
            "p75": 161.42499875,
            "p90": 185.4660207,
            "p95": 193.94783794999998,
            "p99": 206.14323072000002
        },
        "registerFaultload": {
            "n": 48800,
            "mean": 3.278932347028688,
            "median": 3.1285049999999996,
            "std": 2.4536982477591702,
            "min": 2.2326669999999997,
            "max": 136.177559,
            "p25": 2.960994,
            "p50": 3.1285049999999996,
            "p75": 3.34701725,
            "p90": 3.6567108999999993,
            "p95": 3.951358449999999,
            "p99": 5.221136080000003
        },
        "unregisterFautload": {
            "n": 48800,
            "mean": 2.862847853032787,
            "median": 2.7715205000000003,
            "std": 0.4697167025861621,
            "min": 2.05875,
            "max": 17.946073,
            "p25": 2.62579925,
            "p50": 2.7715205000000003,
            "p75": 2.9717795,
            "p90": 3.2709356,
            "p95": 3.5316170499999995,
            "p99": 4.48320347
        },
        "testMethod": {
            "n": 48800,
            "mean": 112.18581373327868,
            "median": 111.1751285,
            "std": 40.20969914659681,
            "min": 13.579201,
            "max": 224.54969,
            "p25": 79.0205975,
            "p50": 111.1751285,
            "p75": 144.925885,
            "p90": 167.9287707,
            "p95": 178.2796110999999,
            "p99": 185.9402096
        },
        "getTraceWithDelay": {
            "n": 48800,
            "mean": 14.29374846534836,
            "median": 13.177589,
            "std": 5.1425223914890426,
            "min": 7.582127,
            "max": 138.07808,
            "p25": 10.685628,
            "p50": 13.177589,
            "p75": 16.797769249999998,
            "p90": 21.385152299999998,
            "p95": 23.327671799999997,
            "p99": 27.362315210000006
        },
        "handleResult": {
            "n": 48800,
            "mean": 9.53835130809426,
            "median": 8.6953235,
            "std": 4.894172136000684,
            "min": 0.650229,
            "max": 38.026204,
            "p25": 5.92772775,
            "p50": 8.6953235,
            "p75": 12.2514845,
            "p90": 16.953224999999996,
            "p95": 18.896370949999994,
            "p99": 22.51507320000001
        },
        "Total test time": {
            "n": 20,
            "mean": 463912.81655750005,
            "median": 461132.7959175,
            "std": 92269.39104490653,
            "min": 310878.165076,
            "max": 614224.829619,
            "p25": 390696.5831415,
            "p50": 461132.7959175,
            "p75": 544569.9509729999,
            "p90": 587271.3834609999,
            "p95": 600914.8072377499,
            "p99": 611562.8251427499
        },
        "getExpectedBehaviours": {
            "n": 671660,
            "mean": 1.976698262032874,
            "median": 1.8613799999999998,
            "std": 0.5280800938135061,
            "min": 0.016600999999999998,
            "max": 42.643679,
            "p25": 1.787883,
            "p50": 1.8613799999999998,
            "p75": 1.9628709999999998,
            "p90": 2.3925912,
            "p95": 2.961988549999999,
            "p99": 4.15682651
        },
        "getExpectedPoints": {
            "n": 671660,
            "mean": 2.093571228986391,
            "median": 1.879182,
            "std": 0.7647579030216002,
            "min": 0.0242,
            "max": 15.251748999999998,
            "p25": 1.800808,
            "p50": 1.879182,
            "p75": 1.994054,
            "p90": 2.7504101,
            "p95": 3.914427249999998,
            "p99": 5.51338551
        }
    }
}