{
    "per_key": {
        "nextFaultload": {
            "n": 100,
            "mean": 3.7033865399999994,
            "median": 3.054189,
            "std": 2.391233025200946,
            "min": 1.419738,
            "max": 11.795556999999999,
            "p25": 2.5197107499999998,
            "p50": 3.054189,
            "p75": 3.7336622499999996,
            "p90": 4.798251000000047,
            "p95": 10.3442895,
            "p99": 11.330890600000002
        },
        "Per test": {
            "n": 90,
            "mean": 61.095256533333334,
            "median": 35.001161999999994,
            "std": 63.84433729304711,
            "min": 28.553307,
            "max": 258.950696,
            "p25": 31.72708325,
            "p50": 35.001161999999994,
            "p75": 53.43352125,
            "p90": 229.399668,
            "p95": 235.70887354999996,
            "p99": 250.01289502999998
        },
        "registerFaultload": {
            "n": 90,
            "mean": 18.10652692222222,
            "median": 3.4486644999999996,
            "std": 36.483835485224176,
            "min": 2.890656,
            "max": 131.603002,
            "p25": 3.12789975,
            "p50": 3.4486644999999996,
            "p75": 4.428066749999999,
            "p90": 109.98538890000002,
            "p95": 117.13017665,
            "p99": 130.29314717
        },
        "unregisterFautload": {
            "n": 90,
            "mean": 3.0652158777777774,
            "median": 3.0280745,
            "std": 0.2650418668322182,
            "min": 2.410789,
            "max": 3.7247519999999996,
            "p25": 2.88904125,
            "p50": 3.0280745,
            "p75": 3.2009422499999998,
            "p90": 3.41474,
            "p95": 3.58620555,
            "p99": 3.72081019
        },
        "testMethod": {
            "n": 90,
            "mean": 16.09772951111111,
            "median": 15.821503,
            "std": 2.9589846306348218,
            "min": 12.151164999999999,
            "max": 24.582656,
            "p25": 13.842099,
            "p50": 15.821503,
            "p75": 17.021839749999998,
            "p90": 21.0938705,
            "p95": 22.80907805,
            "p99": 24.42130434
        },
        "getTraceWithDelay": {
            "n": 90,
            "mean": 26.891616266666663,
            "median": 15.411544,
            "std": 25.35699425035875,
            "min": 11.693508,
            "max": 107.124095,
            "p25": 14.2618715,
            "p50": 15.411544,
            "p75": 24.7624115,
            "p90": 92.5920569,
            "p95": 94.71825175,
            "p99": 101.32625141
        },
        "handleResult": {
            "n": 90,
            "mean": 6.4566027,
            "median": 2.9393345,
            "std": 5.747084220643927,
            "min": 1.917309,
            "max": 22.042941,
            "p25": 2.5953465,
            "p50": 2.9393345,
            "p75": 9.514989499999999,
            "p90": 15.9703413,
            "p95": 17.084124199999998,
            "p99": 19.075849209999998
        },
        "Total test time": {
            "n": 10,
            "mean": 842.6828562000001,
            "median": 837.995838,
            "std": 31.50728246208932,
            "min": 810.755486,
            "max": 927.093077,
            "p25": 824.670082,
            "p50": 837.995838,
            "p75": 845.31609825,
            "p90": 865.0210147999999,
            "p95": 896.0570458999999,
            "p99": 920.88587078
        },
        "getExpectedBehaviours": {
            "n": 320,
            "mean": 0.30271875625,
            "median": 0.2760405,
            "std": 0.14055708997826946,
            "min": 0.120323,
            "max": 0.919887,
            "p25": 0.19558399999999998,
            "p50": 0.2760405,
            "p75": 0.371677,
            "p90": 0.5023579,
            "p95": 0.5996089,
            "p99": 0.7166230100000001
        },
        "getExpectedPoints": {
            "n": 320,
            "mean": 0.36812074687499996,
            "median": 0.33749149999999994,
            "std": 0.18018170597821606,
            "min": 0.130392,
            "max": 1.225164,
            "p25": 0.251425,
            "p50": 0.33749149999999994,
            "p75": 0.43721875,
            "p90": 0.5821824000000002,
            "p95": 0.69452855,
            "p99": 1.02460171
        }
    }
}