{
  "stats" : {
    "nextFaultload" : {
      "count" : 10,
      "average" : {
        "ns" : 3856312.4,
        "us" : 3856.3124,
        "ms" : 3.8563123999999998,
        "s" : 0.0038563124
      },
      "min" : {
        "ns" : 2076115,
        "us" : 2076.115,
        "ms" : 2.076115,
        "s" : 0.002076115
      },
      "max" : {
        "ns" : 10823096,
        "us" : 10823.096,
        "ms" : 10.823096,
        "s" : 0.010823096
      }
    },
    "Per test" : {
      "count" : 9,
      "average" : {
        "ns" : 5.3227520666666664E7,
        "us" : 53227.52066666666,
        "ms" : 53.22752066666666,
        "s" : 0.05322752066666667
      },
      "min" : {
        "ns" : 24924072,
        "us" : 24924.072,
        "ms" : 24.924072,
        "s" : 0.024924072
      },
      "max" : {
        "ns" : 234781831,
        "us" : 234781.831,
        "ms" : 234.781831,
        "s" : 0.234781831
      }
    },
    "registerFaultload" : {
      "count" : 9,
      "average" : {
        "ns" : 1.8556133E7,
        "us" : 18556.133,
        "ms" : 18.556133,
        "s" : 0.018556133
      },
      "min" : {
        "ns" : 4033022,
        "us" : 4033.022,
        "ms" : 4.033022,
        "s" : 0.004033022
      },
      "max" : {
        "ns" : 116155498,
        "us" : 116155.498,
        "ms" : 116.155498,
        "s" : 0.116155498
      }
    },
    "testMethod" : {
      "count" : 9,
      "average" : {
        "ns" : 2.6496514888888888E7,
        "us" : 26496.514888888887,
        "ms" : 26.49651488888889,
        "s" : 0.02649651488888889
      },
      "min" : {
        "ns" : 15827272,
        "us" : 15827.272,
        "ms" : 15.827272,
        "s" : 0.015827272
      },
      "max" : {
        "ns" : 97272157,
        "us" : 97272.157,
        "ms" : 97.272157,
        "s" : 0.097272157
      }
    },
    "getTraceWithDelay" : {
      "count" : 9,
      "average" : {
        "ns" : 2.4793576555555556E7,
        "us" : 24793.576555555555,
        "ms" : 24.793576555555557,
        "s" : 0.024793576555555558
      },
      "min" : {
        "ns" : 12984615,
        "us" : 12984.615,
        "ms" : 12.984615,
        "s" : 0.012984615
      },
      "max" : {
        "ns" : 98084902,
        "us" : 98084.902,
        "ms" : 98.084902,
        "s" : 0.098084902
      }
    },
    "getTrace" : {
      "count" : 9,
      "average" : {
        "ns" : 1.6392525222222222E7,
        "us" : 16392.525222222223,
        "ms" : 16.392525222222222,
        "s" : 0.01639252522222222
      },
      "min" : {
        "ns" : 7350905,
        "us" : 7350.905,
        "ms" : 7.350905,
        "s" : 0.007350905
      },
      "max" : {
        "ns" : 76029588,
        "us" : 76029.588,
        "ms" : 76.029588,
        "s" : 0.076029588
      }
    },
    "handleResult" : {
      "count" : 9,
      "average" : {
        "ns" : 4247433.888888889,
        "us" : 4247.433888888889,
        "ms" : 4.247433888888889,
        "s" : 0.004247433888888889
      },
      "min" : {
        "ns" : 1474781,
        "us" : 1474.781,
        "ms" : 1.474781,
        "s" : 0.001474781
      },
      "max" : {
        "ns" : 17169446,
        "us" : 17169.446,
        "ms" : 17.169446,
        "s" : 0.017169446
      }
    },
    "StrategyRunner.analyze" : {
      "count" : 9,
      "average" : {
        "ns" : 4215398.777777778,
        "us" : 4215.398777777778,
        "ms" : 4.215398777777778,
        "s" : 0.004215398777777778
      },
      "min" : {
        "ns" : 1467281,
        "us" : 1467.281,
        "ms" : 1.467281,
        "s" : 0.001467281
      },
      "max" : {
        "ns" : 16986636,
        "us" : 16986.636,
        "ms" : 16.986636,
        "s" : 0.016986636
      }
    },
    "DynamicExplorationGenerator.handleFeedback<Analyzer>" : {
      "count" : 9,
      "average" : {
        "ns" : 1039479.5555555555,
        "us" : 1039.4795555555554,
        "ms" : 1.0394795555555556,
        "s" : 0.0010394795555555556
      },
      "min" : {
        "ns" : 110806,
        "us" : 110.806,
        "ms" : 0.110806,
        "s" : 1.10806E-4
      },
      "max" : {
        "ns" : 7180695,
        "us" : 7180.695,
        "ms" : 7.180695,
        "s" : 0.007180695
      }
    },
    "HappyPathDetector.handleFeedback<Analyzer>" : {
      "count" : 9,
      "average" : {
        "ns" : 87616.0,
        "us" : 87.616,
        "ms" : 0.087616,
        "s" : 8.7616E-5
      },
      "min" : {
        "ns" : 3600,
        "us" : 3.6,
        "ms" : 0.0036,
        "s" : 3.6E-6
      },
      "max" : {
        "ns" : 758242,
        "us" : 758.242,
        "ms" : 0.758242,
        "s" : 7.58242E-4
      }
    },
    "ParentChildDetector.handleFeedback<Analyzer>" : {
      "count" : 9,
      "average" : {
        "ns" : 376676.3333333333,
        "us" : 376.67633333333333,
        "ms" : 0.37667633333333334,
        "s" : 3.766763333333333E-4
      },
      "min" : {
        "ns" : 48602,
        "us" : 48.602,
        "ms" : 0.048602,
        "s" : 4.8602E-5
      },
      "max" : {
        "ns" : 2762252,
        "us" : 2762.252,
        "ms" : 2.762252,
        "s" : 0.002762252
      }
    },
    "HappensBeforeNeighbourDetector.handleFeedback<Analyzer>" : {
      "count" : 9,
      "average" : {
        "ns" : 791365.8888888889,
        "us" : 791.3658888888889,
        "ms" : 0.7913658888888889,
        "s" : 7.913658888888889E-4
      },
      "min" : {
        "ns" : 11101,
        "us" : 11.101,
        "ms" : 0.011101,
        "s" : 1.1101E-5
      },
      "max" : {
        "ns" : 2300227,
        "us" : 2300.227,
        "ms" : 2.300227,
        "s" : 0.002300227
      }
    },
    "ErrorPropagationDetector.handleFeedback<Analyzer>" : {
      "count" : 9,
      "average" : {
        "ns" : 187988.44444444444,
        "us" : 187.98844444444444,
        "ms" : 0.18798844444444443,
        "s" : 1.8798844444444443E-4
      },
      "min" : {
        "ns" : 13001,
        "us" : 13.001,
        "ms" : 0.013001,
        "s" : 1.3001E-5
      },
      "max" : {
        "ns" : 487527,
        "us" : 487.527,
        "ms" : 0.487527,
        "s" : 4.87527E-4
      }
    },
    "ConditionalPointDetector.handleFeedback<Analyzer>" : {
      "count" : 9,
      "average" : {
        "ns" : 1112694.6666666667,
        "us" : 1112.6946666666668,
        "ms" : 1.1126946666666668,
        "s" : 0.0011126946666666668
      },
      "min" : {
        "ns" : 225412,
        "us" : 225.412,
        "ms" : 0.225412,
        "s" : 2.25412E-4
      },
      "max" : {
        "ns" : 4843367,
        "us" : 4843.367,
        "ms" : 4.843367,
        "s" : 0.004843367
      }
    },
    "RedundancyAnalyzer.handleFeedback<Analyzer>" : {
      "count" : 9,
      "average" : {
        "ns" : 39235.555555555555,
        "us" : 39.23555555555556,
        "ms" : 0.03923555555555555,
        "s" : 3.923555555555555E-5
      },
      "min" : {
        "ns" : 18601,
        "us" : 18.601,
        "ms" : 0.018601,
        "s" : 1.8601E-5
      },
      "max" : {
        "ns" : 96306,
        "us" : 96.306,
        "ms" : 0.096306,
        "s" : 9.6306E-5
      }
    },
    "StatusAnalyzer.handleFeedback<Analyzer>" : {
      "count" : 9,
      "average" : {
        "ns" : 27546.0,
        "us" : 27.546,
        "ms" : 0.027546,
        "s" : 2.7546E-5
      },
      "min" : {
        "ns" : 4901,
        "us" : 4.901,
        "ms" : 0.004901,
        "s" : 4.901E-6
      },
      "max" : {
        "ns" : 200511,
        "us" : 200.511,
        "ms" : 0.200511,
        "s" : 2.00511E-4
      }
    },
    "BehaviorAnalyzer.handleFeedback<Analyzer>" : {
      "count" : 9,
      "average" : {
        "ns" : 300694.44444444444,
        "us" : 300.69444444444446,
        "ms" : 0.30069444444444443,
        "s" : 3.006944444444444E-4
      },
      "min" : {
        "ns" : 98006,
        "us" : 98.006,
        "ms" : 0.098006,
        "s" : 9.8006E-5
      },
      "max" : {
        "ns" : 880548,