{
  "stats" : {
    "nextFaultload" : {
      "count" : 10,
      "average" : {
        "ns" : 3774868.5,
        "us" : 3774.8685,
        "ms" : 3.7748685,
        "s" : 0.0037748685
      },
      "min" : {
        "ns" : 1468640,
        "us" : 1468.64,
        "ms" : 1.46864,
        "s" : 0.00146864
      },
      "max" : {
        "ns" : 11326197,
        "us" : 11326.197,
        "ms" : 11.326197,
        "s" : 0.011326197
      }
    },
    "Per test" : {
      "count" : 9,
      "average" : {
        "ns" : 6.287187955555555E7,
        "us" : 62871.879555555555,
        "ms" : 62.87187955555555,
        "s" : 0.06287187955555555
      },
      "min" : {
        "ns" : 32741208,
        "us" : 32741.208,
        "ms" : 32.741208,
        "s" : 0.032741208
      },
      "max" : {
        "ns" : 231473055,
        "us" : 231473.055,
        "ms" : 231.473055,
        "s" : 0.231473055
      }
    },
    "registerFaultload" : {
      "count" : 9,
      "average" : {
        "ns" : 1.7600894555555556E7,
        "us" : 17600.894555555555,
        "ms" : 17.600894555555556,
        "s" : 0.017600894555555555
      },
      "min" : {
        "ns" : 2982760,
        "us" : 2982.76,
        "ms" : 2.98276,
        "s" : 0.00298276
      },
      "max" : {
        "ns" : 112385130,
        "us" : 112385.13,
        "ms" : 112.38513,
        "s" : 0.11238513
      }
    },
    "testMethod" : {
      "count" : 9,
      "average" : {
        "ns" : 1.6910145E7,
        "us" : 16910.145,
        "ms" : 16.910145,
        "s" : 0.016910145
      },
      "min" : {
        "ns" : 14210585,
        "us" : 14210.585,
        "ms" : 14.210585,
        "s" : 0.014210585
      },
      "max" : {
        "ns" : 21917671,
        "us" : 21917.671,
        "ms" : 21.917671,
        "s" : 0.021917671
      }
    },
    "getTraceWithDelay" : {
      "count" : 9,
      "average" : {
        "ns" : 2.8363323444444444E7,
        "us" : 28363.323444444442,
        "ms" : 28.363323444444443,
        "s" : 0.028363323444444442
      },
      "min" : {
        "ns" : 14006742,
        "us" : 14006.742,
        "ms" : 14.006742,
        "s" : 0.014006742
      },
      "max" : {
        "ns" : 97094953,
        "us" : 97094.953,
        "ms" : 97.094953,
        "s" : 0.097094953
      }
    },
    "getTrace" : {
      "count" : 9,
      "average" : {
        "ns" : 1.7791500222222224E7,
        "us" : 17791.500222222225,
        "ms" : 17.791500222222226,
        "s" : 0.017791500222222225
      },
      "min" : {
        "ns" : 8176444,
        "us" : 8176.444,
        "ms" : 8.176444,
        "s" : 0.008176444
      },
      "max" : {
        "ns" : 76427407,
        "us" : 76427.407,
        "ms" : 76.427407,
        "s" : 0.076427407
      }
    },
    "handleResult" : {
      "count" : 9,
      "average" : {
        "ns" : 7286315.0,
        "us" : 7286.315,
        "ms" : 7.286315,
        "s" : 0.007286315
      },
      "min" : {
        "ns" : 2225254,
        "us" : 2225.254,
        "ms" : 2.225254,
        "s" : 0.002225254
      },
      "max" : {
        "ns" : 22042941,
        "us" : 22042.941,
        "ms" : 22.042941,
        "s" : 0.022042941
      }
    },
    "StrategyRunner.analyze" : {
      "count" : 9,
      "average" : {
        "ns" : 7231415.888888889,
        "us" : 7231.415888888889,
        "ms" : 7.231415888888889,
        "s" : 0.007231415888888889
      },
      "min" : {
        "ns" : 2214814,
        "us" : 2214.814,
        "ms" : 2.214814,
        "s" : 0.002214814
      },
      "max" : {
        "ns" : 22029390,
        "us" : 22029.39,
        "ms" : 22.02939,
        "s" : 0.02202939
      }
    },
    "DynamicExplorationGenerator.handleFeedback<Analyzer>" : {
      "count" : 9,
      "average" : {
        "ns" : 1154835.0,
        "us" : 1154.835,
        "ms" : 1.154835,
        "s" : 0.001154835
      },
      "min" : {
        "ns" : 99062,
        "us" : 99.062,
        "ms" : 0.099062,
        "s" : 9.9062E-5
      },
      "max" : {
        "ns" : 6299127,
        "us" : 6299.127,
        "ms" : 6.299127,
        "s" : 0.006299127
      }
    },
    "HappyPathDetector.handleFeedback<Analyzer>" : {
      "count" : 9,
      "average" : {
        "ns" : 82799.33333333333,
        "us" : 82.79933333333332,
        "ms" : 0.08279933333333332,
        "s" : 8.279933333333333E-5
      },
      "min" : {
        "ns" : 2900,
        "us" : 2.9,
        "ms" : 0.0029,
        "s" : 2.9E-6
      },
      "max" : {
        "ns" : 712154,
        "us" : 712.154,
        "ms" : 0.712154,
        "s" : 7.12154E-4
      }
    },
    "ParentChildDetector.handleFeedback<Analyzer>" : {
      "count" : 9,
      "average" : {
        "ns" : 516246.1111111111,
        "us" : 516.2461111111111,
        "ms" : 0.5162461111111111,
        "s" : 5.162461111111111E-4
      },
      "min" : {
        "ns" : 49471,
        "us" : 49.471,
        "ms" : 0.049471,
        "s" : 4.9471E-5
      },
      "max" : {
        "ns" : 3203714,
        "us" : 3203.714,
        "ms" : 3.203714,
        "s" : 0.003203714
      }
    },
    "HappensBeforeNeighbourDetector.handleFeedback<Analyzer>" : {
      "count" : 9,
      "average" : {
        "ns" : 626240.2222222222,
        "us" : 626.2402222222222,
        "ms" : 0.6262402222222222,
        "s" : 6.262402222222222E-4
      },
      "min" : {
        "ns" : 14180,
        "us" : 14.18,
        "ms" : 0.01418,
        "s" : 1.418E-5
      },
      "max" : {
        "ns" : 1287286,
        "us" : 1287.286,
        "ms" : 1.287286,
        "s" : 0.001287286
      }
    },
    "ErrorPropagationDetector.handleFeedback<Analyzer>" : {
      "count" : 9,
      "average" : {
        "ns" : 149410.77777777778,
        "us" : 149.41077777777778,
        "ms" : 0.14941077777777778,
        "s" : 1.4941077777777778E-4
      },
      "min" : {
        "ns" : 4080,
        "us" : 4.08,
        "ms" : 0.00408,
        "s" : 4.08E-6
      },
      "max" : {
        "ns" : 856698,
        "us" : 856.698,
        "ms" : 0.856698,
        "s" : 8.56698E-4
      }
    },
    "ConditionalPointDetector.handleFeedback<Analyzer>" : {
      "count" : 9,
      "average" : {
        "ns" : 1738796.111111111,
        "us" : 1738.796111111111,
        "ms" : 1.738796111111111,
        "s" : 0.0017387961111111111
      },
      "min" : {
        "ns" : 272766,
        "us" : 272.766,
        "ms" : 0.272766,
        "s" : 2.72766E-4
      },
      "max" : {
        "ns" : 5130933,
        "us" : 5130.933,
        "ms" : 5.130933,
        "s" : 0.005130933
      }
    },
    "RedundancyAnalyzer.handleFeedback<Analyzer>" : {
      "count" : 9,
      "average" : {
        "ns" : 49686.555555555555,
        "us" : 49.68655555555556,
        "ms" : 0.04968655555555555,
        "s" : 4.968655555555556E-5
      },
      "min" : {
        "ns" : 18190,
        "us" : 18.19,
        "ms" : 0.01819,
        "s" : 1.819E-5
      },
      "max" : {
        "ns" : 187913,
        "us" : 187.913,
        "ms" : 0.187913,
        "s" : 1.87913E-4
      }
    },
    "StatusAnalyzer.handleFeedback<Analyzer>" : {
      "count" : 9,
      "average" : {
        "ns" : 25209.555555555555,
        "us" : 25.209555555555553,
        "ms" : 0.025209555555555554,
        "s" : 2.5209555555555554E-5
      },
      "min" : {
        "ns" : 4760,
        "us" : 4.76,
        "ms" : 0.00476,
        "s" : 4.76E-6
      },
      "max" : {
        "ns" : 173863,
        "us" : 173.863,
        "ms" : 0.173863,
        "s" : 1.73863E-4
      }
    },
    "BehaviorAnalyzer.handleFeedback<Analyzer>" : {
      "count" : 9,
      "average" : {
        "ns" : 299789.44444444444,
        "us" : 299.7894444444444,
        "ms" : 0.29978944444444444,
        "s" : 2.997894444444444E-4
      },
      "min" : {
        "ns" : 105072,
        "us" : 105.072,
        "ms" : 0.105072,
        "s" : 1.05072E-4
      },
      "max" : {
        "ns" : 820557,
        "us" : 820.557,