{
  "stats" : {
    "nextFaultload" : {
      "count" : 10,
      "average" : {
        "ns" : 3762501.8,
        "us" : 3762.5018,
        "ms" : 3.7625018,
        "s" : 0.0037625018
      },
      "min" : {
        "ns" : 2200536,
        "us" : 2200.536,
        "ms" : 2.200536,
        "s" : 0.002200536
      },
      "max" : {
        "ns" : 10447144,
        "us" : 10447.144,
        "ms" : 10.447144,
        "s" : 0.010447144
      }
    },
    "Per test" : {
      "count" : 9,
      "average" : {
        "ns" : 5.3862253E7,
        "us" : 53862.253,
        "ms" : 53.862253,
        "s" : 0.053862253
      },
      "min" : {
        "ns" : 25352763,
        "us" : 25352.763,
        "ms" : 25.352763,
        "s" : 0.025352763
      },
      "max" : {
        "ns" : 239155839,
        "us" : 239155.839,
        "ms" : 239.155839,
        "s" : 0.239155839
      }
    },
    "registerFaultload" : {
      "count" : 9,
      "average" : {
        "ns" : 1.8352508777777776E7,
        "us" : 18352.508777777777,
        "ms" : 18.352508777777775,
        "s" : 0.018352508777777776
      },
      "min" : {
        "ns" : 3425712,
        "us" : 3425.712,
        "ms" : 3.425712,
        "s" : 0.003425712
      },
      "max" : {
        "ns" : 116340969,
        "us" : 116340.969,
        "ms" : 116.340969,
        "s" : 0.116340969
      }
    },
    "testMethod" : {
      "count" : 9,
      "average" : {
        "ns" : 2.6925825888888888E7,
        "us" : 26925.82588888889,
        "ms" : 26.925825888888888,
        "s" : 0.026925825888888887
      },
      "min" : {
        "ns" : 16062590,
        "us" : 16062.59,
        "ms" : 16.06259,
        "s" : 0.01606259
      },
      "max" : {
        "ns" : 99061705,
        "us" : 99061.705,
        "ms" : 99.061705,
        "s" : 0.099061705
      }
    },
    "getTraceWithDelay" : {
      "count" : 9,
      "average" : {
        "ns" : 2.5438001111111112E7,
        "us" : 25438.001111111113,
        "ms" : 25.438001111111113,
        "s" : 0.02543800111111111
      },
      "min" : {
        "ns" : 12677181,
        "us" : 12677.181,
        "ms" : 12.677181,
        "s" : 0.012677181
      },
      "max" : {
        "ns" : 101066828,
        "us" : 101066.828,
        "ms" : 101.066828,
        "s" : 0.101066828
      }
    },
    "getTrace" : {
      "count" : 9,
      "average" : {
        "ns" : 1.6624591222222222E7,
        "us" : 16624.59122222222,
        "ms" : 16.62459122222222,
        "s" : 0.01662459122222222
      },
      "min" : {
        "ns" : 7445859,
        "us" : 7445.859,
        "ms" : 7.445859,
        "s" : 0.007445859
      },
      "max" : {
        "ns" : 76609121,
        "us" : 76609.121,
        "ms" : 76.609121,
        "s" : 0.076609121
      }
    },
    "handleResult" : {
      "count" : 9,
      "average" : {
        "ns" : 4553780.555555556,
        "us" : 4553.780555555556,
        "ms" : 4.553780555555556,
        "s" : 0.004553780555555556
      },
      "min" : {
        "ns" : 1525894,
        "us" : 1525.894,
        "ms" : 1.525894,
        "s" : 0.001525894
      },
      "max" : {
        "ns" : 19326691,
        "us" : 19326.691,
        "ms" : 19.326691,
        "s" : 0.019326691
      }
    },
    "StrategyRunner.analyze" : {
      "count" : 9,
      "average" : {
        "ns" : 4517233.888888889,
        "us" : 4517.233888888889,
        "ms" : 4.517233888888889,
        "s" : 0.004517233888888889
      },
      "min" : {
        "ns" : 1517093,
        "us" : 1517.093,
        "ms" : 1.517093,
        "s" : 0.001517093
      },
      "max" : {
        "ns" : 19136780,
        "us" : 19136.78,
        "ms" : 19.13678,
        "s" : 0.01913678
      }
    },
    "DynamicExplorationGenerator.handleFeedback<Analyzer>" : {
      "count" : 9,
      "average" : {
        "ns" : 1294590.888888889,
        "us" : 1294.590888888889,
        "ms" : 1.294590888888889,
        "s" : 0.001294590888888889
      },
      "min" : {
        "ns" : 91606,
        "us" : 91.606,
        "ms" : 0.091606,
        "s" : 9.1606E-5
      },
      "max" : {
        "ns" : 9588590,
        "us" : 9588.59,
        "ms" : 9.58859,
        "s" : 0.00958859
      }
    },
    "HappyPathDetector.handleFeedback<Analyzer>" : {
      "count" : 9,
      "average" : {
        "ns" : 66793.33333333333,
        "us" : 66.79333333333332,
        "ms" : 0.06679333333333333,
        "s" : 6.679333333333333E-5
      },
      "min" : {
        "ns" : 3401,
        "us" : 3.401,
        "ms" : 0.003401,
        "s" : 3.401E-6
      },
      "max" : {
        "ns" : 570135,
        "us" : 570.135,
        "ms" : 0.570135,
        "s" : 5.70135E-4
      }
    },
    "ParentChildDetector.handleFeedback<Analyzer>" : {
      "count" : 9,
      "average" : {
        "ns" : 395735.55555555556,
        "us" : 395.73555555555555,
        "ms" : 0.39573555555555556,
        "s" : 3.957355555555556E-4
      },
      "min" : {
        "ns" : 48103,
        "us" : 48.103,
        "ms" : 0.048103,
        "s" : 4.8103E-5
      },
      "max" : {
        "ns" : 2877578,
        "us" : 2877.578,
        "ms" : 2.877578,
        "s" : 0.002877578
      }
    },
    "HappensBeforeNeighbourDetector.handleFeedback<Analyzer>" : {
      "count" : 9,
      "average" : {
        "ns" : 878698.5555555555,
        "us" : 878.6985555555555,
        "ms" : 0.8786985555555555,
        "s" : 8.786985555555555E-4
      },
      "min" : {
        "ns" : 13501,
        "us" : 13.501,
        "ms" : 0.013501,
        "s" : 1.3501E-5
      },
      "max" : {
        "ns" : 2738569,
        "us" : 2738.569,
        "ms" : 2.738569,
        "s" : 0.002738569
      }
    },
    "ErrorPropagationDetector.handleFeedback<Analyzer>" : {
      "count" : 9,
      "average" : {
        "ns" : 196012.11111111112,
        "us" : 196.01211111111112,
        "ms" : 0.19601211111111114,
        "s" : 1.9601211111111114E-4
      },
      "min" : {
        "ns" : 11801,
        "us" : 11.801,
        "ms" : 0.011801,
        "s" : 1.1801E-5
      },
      "max" : {
        "ns" : 523832,
        "us" : 523.832,
        "ms" : 0.523832,
        "s" : 5.23832E-4
      }
    },
    "ConditionalPointDetector.handleFeedback<Analyzer>" : {
      "count" : 9,
      "average" : {
        "ns" : 1022840.6666666666,
        "us" : 1022.8406666666666,
        "ms" : 1.0228406666666667,
        "s" : 0.0010228406666666667
      },
      "min" : {
        "ns" : 224814,
        "us" : 224.814,
        "ms" : 0.224814,
        "s" : 2.24814E-4
      },
      "max" : {
        "ns" : 4542680,
        "us" : 4542.68,
        "ms" : 4.54268,
        "s" : 0.00454268
      }
    },
    "RedundancyAnalyzer.handleFeedback<Analyzer>" : {
      "count" : 9,
      "average" : {
        "ns" : 50514.22222222222,
        "us" : 50.514222222222216,
        "ms" : 0.05051422222222222,
        "s" : 5.0514222222222216E-5
      },
      "min" : {
        "ns" : 20401,
        "us" : 20.401,
        "ms" : 0.020401,
        "s" : 2.0401E-5
      },
      "max" : {
        "ns" : 197312,
        "us" : 197.312,
        "ms" : 0.197312,
        "s" : 1.97312E-4
      }
    },
    "StatusAnalyzer.handleFeedback<Analyzer>" : {
      "count" : 9,
      "average" : {
        "ns" : 29724.0,
        "us" : 29.724,
        "ms" : 0.029724,
        "s" : 2.9724E-5
      },
      "min" : {
        "ns" : 4700,
        "us" : 4.7,
        "ms" : 0.0047,
        "s" : 4.7E-6
      },
      "max" : {
        "ns" : 222013,
        "us" : 222.013,
        "ms" : 0.222013,
        "s" : 2.22013E-4
      }
    },
    "BehaviorAnalyzer.handleFeedback<Analyzer>" : {
      "count" : 9,
      "average" : {
        "ns" : 324109.0,
        "us" : 324.109,
        "ms" : 0.324109,
        "s" : 3.24109E-4
      },
      "min" : {
        "ns" : 95906,
        "us" : 95.906,
        "ms" : 0.095906,
        "s" : 9.5906E-5
      },
      "max" : {
        "ns" : 977661,