{
  "stats" : {
    "nextFaultload" : {
      "count" : 22,
      "average" : {
        "ns" : 2428995.4545454546,
        "us" : 2428.995454545455,
        "ms" : 2.4289954545454546,
        "s" : 0.0024289954545454544
      },
      "min" : {
        "ns" : 342219,
        "us" : 342.219,
        "ms" : 0.342219,
        "s" : 3.42219E-4
      },
      "max" : {
        "ns" : 4417140,
        "us" : 4417.14,
        "ms" : 4.41714,
        "s" : 0.00441714
      }
    },
    "Per test" : {
      "count" : 21,
      "average" : {
        "ns" : 4.0404397190476194E7,
        "us" : 40404.39719047619,
        "ms" : 40.404397190476196,
        "s" : 0.04040439719047619
      },
      "min" : {
        "ns" : 23942599,
        "us" : 23942.599,
        "ms" : 23.942599,
        "s" : 0.023942599
      },
      "max" : {
        "ns" : 240695560,
        "us" : 240695.56,
        "ms" : 240.69556,
        "s" : 0.24069556
      }
    },
    "registerFaultload" : {
      "count" : 21,
      "average" : {
        "ns" : 9265321.714285715,
        "us" : 9265.321714285714,
        "ms" : 9.265321714285715,
        "s" : 0.009265321714285714
      },
      "min" : {
        "ns" : 2705347,
        "us" : 2705.347,
        "ms" : 2.705347,
        "s" : 0.002705347
      },
      "max" : {
        "ns" : 118494230,
        "us" : 118494.23,
        "ms" : 118.49423,
        "s" : 0.11849423
      }
    },
    "testMethod" : {
      "count" : 21,
      "average" : {
        "ns" : 1.376899E7,
        "us" : 13768.99,
        "ms" : 13.76899,
        "s" : 0.01376899
      },
      "min" : {
        "ns" : 11468123,
        "us" : 11468.123,
        "ms" : 11.468123,
        "s" : 0.011468123
      },
      "max" : {
        "ns" : 27556895,
        "us" : 27556.895,
        "ms" : 27.556895,
        "s" : 0.027556895
      }
    },
    "getTraceWithDelay" : {
      "count" : 21,
      "average" : {
        "ns" : 1.714944004761905E7,
        "us" : 17149.44004761905,
        "ms" : 17.14944004761905,
        "s" : 0.01714944004761905
      },
      "min" : {
        "ns" : 9373709,
        "us" : 9373.709,
        "ms" : 9.373709,
        "s" : 0.009373709
      },
      "max" : {
        "ns" : 101753921,
        "us" : 101753.921,
        "ms" : 101.753921,
        "s" : 0.101753921
      }
    },
    "getTrace" : {
      "count" : 21,
      "average" : {
        "ns" : 1.0370862714285715E7,
        "us" : 10370.862714285715,
        "ms" : 10.370862714285714,
        "s" : 0.010370862714285714
      },
      "min" : {
        "ns" : 4823962,
        "us" : 4823.962,
        "ms" : 4.823962,
        "s" : 0.004823962
      },
      "max" : {
        "ns" : 73271275,
        "us" : 73271.275,
        "ms" : 73.271275,
        "s" : 0.073271275
      }
    },
    "handleResult" : {
      "count" : 21,
      "average" : {
        "ns" : 3569065.0,
        "us" : 3569.065,
        "ms" : 3.569065,
        "s" : 0.003569065
      },
      "min" : {
        "ns" : 1675291,
        "us" : 1675.291,
        "ms" : 1.675291,
        "s" : 0.001675291
      },
      "max" : {
        "ns" : 19854877,
        "us" : 19854.877,
        "ms" : 19.854877,
        "s" : 0.019854877
      }
    },
    "StrategyRunner.analyze" : {
      "count" : 21,
      "average" : {
        "ns" : 3463211.5714285714,
        "us" : 3463.2115714285715,
        "ms" : 3.4632115714285714,
        "s" : 0.0034632115714285715
      },
      "min" : {
        "ns" : 1608087,
        "us" : 1608.087,
        "ms" : 1.608087,
        "s" : 0.001608087
      },
      "max" : {
        "ns" : 19397752,
        "us" : 19397.752,
        "ms" : 19.397752,
        "s" : 0.019397752
      }
    },
    "DynamicExplorationGenerator.handleFeedback<Analyzer>" : {
      "count" : 21,
      "average" : {
        "ns" : 503689.28571428574,
        "us" : 503.68928571428575,
        "ms" : 0.5036892857142857,
        "s" : 5.036892857142858E-4
      },
      "min" : {
        "ns" : 68404,
        "us" : 68.404,
        "ms" : 0.068404,
        "s" : 6.8404E-5
      },
      "max" : {
        "ns" : 5781614,
        "us" : 5781.614,
        "ms" : 5.781614,
        "s" : 0.005781614
      }
    },
    "HappyPathDetector.handleFeedback<Analyzer>" : {
      "count" : 21,
      "average" : {
        "ns" : 38973.47619047619,
        "us" : 38.97347619047619,
        "ms" : 0.03897347619047619,
        "s" : 3.897347619047619E-5
      },
      "min" : {
        "ns" : 2300,
        "us" : 2.3,
        "ms" : 0.0023,
        "s" : 2.3E-6
      },
      "max" : {
        "ns" : 751141,
        "us" : 751.141,
        "ms" : 0.751141,
        "s" : 7.51141E-4
      }
    },
    "ParentChildDetector.handleFeedback<Analyzer>" : {
      "count" : 21,
      "average" : {
        "ns" : 418327.4285714286,
        "us" : 418.3274285714286,
        "ms" : 0.4183274285714286,
        "s" : 4.183274285714286E-4
      },
      "min" : {
        "ns" : 32802,
        "us" : 32.802,
        "ms" : 0.032802,
        "s" : 3.2802E-5
      },
      "max" : {
        "ns" : 7318297,
        "us" : 7318.297,
        "ms" : 7.318297,
        "s" : 0.007318297
      }
    },
    "HappensBeforeNeighbourDetector.handleFeedback<Analyzer>" : {
      "count" : 21,
      "average" : {
        "ns" : 399169.3333333333,
        "us" : 399.1693333333333,
        "ms" : 0.3991693333333333,
        "s" : 3.991693333333333E-4
      },
      "min" : {
        "ns" : 15700,
        "us" : 15.7,
        "ms" : 0.0157,
        "s" : 1.57E-5
      },
      "max" : {
        "ns" : 1070458,
        "us" : 1070.458,
        "ms" : 1.070458,
        "s" : 0.001070458
      }
    },
    "ErrorPropagationDetector.handleFeedback<Analyzer>" : {
      "count" : 21,
      "average" : {
        "ns" : 331970.3333333333,
        "us" : 331.9703333333333,
        "ms" : 0.3319703333333333,
        "s" : 3.3197033333333333E-4
      },
      "min" : {
        "ns" : 4100,
        "us" : 4.1,
        "ms" : 0.0041,
        "s" : 4.1E-6
      },
      "max" : {
        "ns" : 1073158,
        "us" : 1073.158,
        "ms" : 1.073158,
        "s" : 0.001073158
      }
    },
    "ConditionalPointDetector.handleFeedback<Analyzer>" : {
      "count" : 21,
      "average" : {
        "ns" : 720053.4761904762,
        "us" : 720.0534761904762,
        "ms" : 0.7200534761904762,
        "s" : 7.200534761904762E-4
      },
      "min" : {
        "ns" : 137307,
        "us" : 137.307,
        "ms" : 0.137307,
        "s" : 1.37307E-4
      },
      "max" : {
        "ns" : 4118024,
        "us" : 4118.024,
        "ms" : 4.118024,
        "s" : 0.004118024
      }
    },
    "RedundancyAnalyzer.handleFeedback<Analyzer>" : {
      "count" : 21,
      "average" : {
        "ns" : 36454.28571428572,
        "us" : 36.45428571428572,
        "ms" : 0.03645428571428572,
        "s" : 3.645428571428572E-5
      },
      "min" : {
        "ns" : 15901,
        "us" : 15.901,
        "ms" : 0.015901,
        "s" : 1.5901E-5
      },
      "max" : {
        "ns" : 82404,
        "us" : 82.404,
        "ms" : 0.082404,
        "s" : 8.2404E-5
      }
    },
    "StatusAnalyzer.handleFeedback<Analyzer>" : {
      "count" : 21,
      "average" : {
        "ns" : 16872.47619047619,
        "us" : 16.872476190476192,
        "ms" : 0.01687247619047619,
        "s" : 1.687247619047619E-5
      },
      "min" : {
        "ns" : 3901,
        "us" : 3.901,
        "ms" : 0.003901,
        "s" : 3.901E-6
      },
      "max" : {
        "ns" : 124307,
        "us" : 124.307,
        "ms" : 0.124307,
        "s" : 1.24307E-4
      }
    },
    "BehaviorAnalyzer.handleFeedback<Analyzer>" : {
      "count" : 21,
      "average" : {
        "ns" : 472968.5238095238,
        "us" : 472.9685238095238,
        "ms" : 0.4729685238095238,
        "s" : 4.729685238095238E-4
      },
      "min" : {
        "ns" : 280015,
        "us" : 280.015,
        "ms" : 0.280015,