{
    "per_key": {
        "nextFaultload": {
            "n": 660,
            "mean": 28.578159286363636,
            "median": 3.9973134999999997,
            "std": 129.76980227986436,
            "min": 0.545323,
            "max": 1012.2192239999999,
            "p25": 3.22878475,
            "p50": 3.9973134999999997,
            "p75": 5.750050249999999,
            "p90": 10.022724600000007,
            "p95": 47.81048654999997,
            "p99": 906.9938393699996
        },
        "Per test": {
            "n": 650,
            "mean": 90.79064888,
            "median": 86.37555599999999,
            "std": 55.87318910409471,
            "min": 27.318241,
            "max": 906.569984,
            "p25": 72.29684574999999,
            "p50": 86.37555599999999,
            "p75": 98.71907375,
            "p90": 112.75344299999999,
            "p95": 125.53324999999998,
            "p99": 396.58189920999996
        },
        "registerFaultload": {
            "n": 650,
            "mean": 7.256401995384615,
            "median": 5.268513,
            "std": 10.386785427204556,
            "min": 3.2068049999999997,
            "max": 108.315091,
            "p25": 4.58418025,
            "p50": 5.268513,
            "p75": 6.40515325,
            "p90": 8.9384344,
            "p95": 11.5742491,
            "p99": 77.12725769999997
        },
        "unregisterFautload": {
            "n": 650,
            "mean": 4.980433456923076,
            "median": 4.5752809999999995,
            "std": 1.5554100519114948,
            "min": 3.09909,
            "max": 19.368529,
            "p25": 4.102876,
            "p50": 4.5752809999999995,
            "p75": 5.28814375,
            "p90": 6.664456200000001,
            "p95": 7.810489649999998,
            "p99": 11.291413159999998
        },
        "testMethod": {
            "n": 650,
            "mean": 73.48081413846154,
            "median": 70.28421349999999,
            "std": 44.70661837187587,
            "min": 18.609661,
            "max": 790.282549,
            "p25": 53.4150665,
            "p50": 70.28421349999999,
            "p75": 84.79843675,
            "p90": 98.4926748,
            "p95": 109.78506049999999,
            "p99": 262.75164977999987
        },
        "getTraceWithDelay": {
            "n": 650,
            "mean": 17.463975909230765,
            "median": 14.040668499999999,
            "std": 17.37941643902325,
            "min": 7.379499999999999,
            "max": 195.14287099999999,
            "p25": 11.339468,
            "p50": 14.040668499999999,
            "p75": 17.927429,
            "p90": 23.436386400000007,
            "p95": 29.659257199999992,
            "p99": 133.24052487999995
        },
        "handleResult": {
            "n": 650,
            "mean": 4.745973863076923,
            "median": 3.660049,
            "std": 4.613887974745009,
            "min": 0.47481999999999996,
            "max": 41.461973,
            "p25": 2.5709795,
            "p50": 3.660049,
            "p75": 5.0308044999999995,
            "p90": 7.741829300000002,
            "p95": 10.645789799999982,
            "p99": 29.925533769999998
        },
        "Total test time": {
            "n": 10,
            "mean": 8248.967671,
            "median": 8174.4487895,
            "std": 388.30784203435064,
            "min": 7800.5272939999995,
            "max": 8938.968696,
            "p25": 7922.255585,
            "p50": 8174.4487895,
            "p75": 8379.682521249999,
            "p90": 8901.9544662,
            "p95": 8920.4615811,
            "p99": 8935.26727302
        },
        "getExpectedBehaviours": {
            "n": 17960,
            "mean": 0.47318654053452114,
            "median": 0.455963,
            "std": 0.3345337856521629,
            "min": 0.0021,
            "max": 8.766371999999999,
            "p25": 0.3949155,
            "p50": 0.455963,
            "p75": 0.53203225,
            "p90": 0.7600208999999999,
            "p95": 0.9867773999999997,
            "p99": 1.4698524899999992
        },
        "getExpectedPoints": {
            "n": 17960,
            "mean": 0.4882613396436526,
            "median": 0.46426449999999997,
            "std": 0.349633064883003,
            "min": 0.0028,
            "max": 10.438243,
            "p25": 0.40071225,
            "p50": 0.46426449999999997,
            "p75": 0.543748,
            "p90": 0.7861789000000001,
            "p95": 1.0327774999999995,
            "p99": 1.5819415799999998
        }
    }
}