{
    "per_key": {
        "nextFaultload": {
            "n": 440,
            "mean": 2.3963577022727267,
            "median": 2.245592,
            "std": 0.859425270117605,
            "min": 0.305112,
            "max": 4.733384,
            "p25": 1.8266482499999999,
            "p50": 2.245592,
            "p75": 3.005867,
            "p90": 3.6292429,
            "p95": 3.8402059499999996,
            "p99": 4.324877830000001
        },
        "Per test": {
            "n": 420,
            "mean": 40.420357259523804,
            "median": 28.789185,
            "std": 43.974659459139644,
            "min": 24.059238999999998,
            "max": 250.678847,
            "p25": 26.27435225,
            "p50": 28.789185,
            "p75": 33.211016,
            "p90": 47.2580945000001,
            "p95": 59.490060899999875,
            "p99": 236.77442187999998
        },
        "registerFaultload": {
            "n": 420,
            "mean": 9.088392509523809,
            "median": 3.1847769999999995,
            "std": 23.04980441248299,
            "min": 2.452895,
            "max": 123.720788,
            "p25": 2.94191775,
            "p50": 3.1847769999999995,
            "p75": 3.6756962499999997,
            "p90": 4.869740100000004,
            "p95": 19.335287849999997,
            "p99": 111.78684243999999
        },
        "unregisterFautload": {
            "n": 420,
            "mean": 2.816748919047619,
            "median": 2.7181525,
            "std": 1.0888629680154074,
            "min": 2.231691,
            "max": 24.183864,
            "p25": 2.5353992499999998,
            "p50": 2.7181525,
            "p75": 2.9598127499999998,
            "p90": 3.1956928999999996,
            "p95": 3.349302,
            "p99": 3.7410942400000002
        },
        "testMethod": {
            "n": 420,
            "mean": 13.688810242857143,
            "median": 12.569755,
            "std": 2.598065240464587,
            "min": 10.969628,
            "max": 28.010688,
            "p25": 12.053172,
            "p50": 12.569755,
            "p75": 14.71947675,
            "p90": 16.411362999999998,
            "p95": 20.049231699999982,
            "p99": 23.419247360000004
        },
        "getTraceWithDelay": {
            "n": 420,
            "mean": 17.421662773809523,
            "median": 12.4207375,
            "std": 19.22349842021644,
            "min": 9.505575,
            "max": 104.82213999999999,
            "p25": 10.795147,
            "p50": 12.4207375,
            "p75": 15.201436,
            "p90": 20.137291000000022,
            "p95": 32.91995394999963,
            "p99": 102.788928
        },
        "handleResult": {
            "n": 420,
            "mean": 3.7325726142857145,
            "median": 2.405895,
            "std": 4.130438890315861,
            "min": 1.5834599999999999,
            "max": 30.394385,
            "p25": 2.0394045,
            "p50": 2.405895,
            "p75": 3.05234425,
            "p90": 5.225444000000006,
            "p95": 10.435695299999583,
            "p99": 20.255085339999997
        },
        "Total test time": {
            "n": 20,
            "mean": 1157.6581106500003,
            "median": 1147.152134,
            "std": 26.679662162517314,
            "min": 1133.085351,
            "max": 1244.601896,
            "p25": 1141.750752,
            "p50": 1147.152134,
            "p75": 1163.089573,
            "p90": 1189.8847535,
            "p95": 1205.1551372,
            "p99": 1236.71254424
        },
        "getExpectedBehaviours": {
            "n": 800,
            "mean": 0.25212937125,
            "median": 0.209508,
            "std": 0.14383973756468837,
            "min": 0.10270399999999999,
            "max": 1.7949689999999998,
            "p25": 0.145031,
            "p50": 0.209508,
            "p75": 0.313237,
            "p90": 0.43782709999999997,
            "p95": 0.5119199999999998,
            "p99": 0.733641
        },
        "getExpectedPoints": {
            "n": 800,
            "mean": 0.33632466875000006,
            "median": 0.2908115,
            "std": 0.19315701052270023,
            "min": 0.130705,
            "max": 1.673365,
            "p25": 0.223384,
            "p50": 0.2908115,
            "p75": 0.38021499999999997,
            "p90": 0.4978399000000001,
            "p95": 0.67963695,
            "p99": 1.1932029899999999
        }
    }
}