{
    "per_key": {
        "nextFaultload": {
            "n": 220,
            "mean": 2.2533994136363633,
            "median": 2.1936245,
            "std": 0.8747228394980461,
            "min": 0.019691,
            "max": 4.73928,
            "p25": 1.7048382499999999,
            "p50": 2.1936245,
            "p75": 2.7922855,
            "p90": 3.4684554999999997,
            "p95": 3.7082294999999976,
            "p99": 4.1839521
        },
        "Per test": {
            "n": 210,
            "mean": 42.08677289047619,
            "median": 30.17792,
            "std": 44.379462541220676,
            "min": 24.717052,
            "max": 242.852995,
            "p25": 27.82648425,
            "p50": 30.17792,
            "p75": 35.27704025,
            "p90": 45.69993289999997,
            "p95": 60.49710284999999,
            "p99": 239.46580608
        },
        "registerFaultload": {
            "n": 210,
            "mean": 9.678833909523808,
            "median": 3.3737449999999995,
            "std": 24.77476826157029,
            "min": 2.584368,
            "max": 125.68384599999999,
            "p25": 3.12493225,
            "p50": 3.3737449999999995,
            "p75": 3.867432,
            "p90": 5.3873583999999894,
            "p95": 19.844968899999987,
            "p99": 122.77378707
        },
        "unregisterFautload": {
            "n": 210,
            "mean": 2.9838338095238095,
            "median": 2.9308335,
            "std": 0.470630943215404,
            "min": 2.301453,
            "max": 6.8974899999999995,
            "p25": 2.7173955,
            "p50": 2.9308335,
            "p75": 3.13045625,
            "p90": 3.4228327,
            "p95": 3.6231715499999995,
            "p99": 4.29663157
        },
        "testMethod": {
            "n": 210,
            "mean": 14.706632719047619,
            "median": 13.909309,
            "std": 2.32841355295934,
            "min": 11.997268,
            "max": 25.191242,
            "p25": 13.18109175,
            "p50": 13.909309,
            "p75": 15.416621,
            "p90": 17.0872143,
            "p95": 20.690734699999982,
            "p99": 22.69309847
        },
        "getTraceWithDelay": {
            "n": 210,
            "mean": 17.704704585714282,
            "median": 12.6970555,
            "std": 18.018824474265298,
            "min": 9.165754,
            "max": 101.077839,
            "p25": 10.97500975,
            "p50": 12.6970555,
            "p75": 15.458002,
            "p90": 24.143530199999997,
            "p95": 29.452338999999935,
            "p99": 98.32065097999998
        },
        "handleResult": {
            "n": 210,
            "mean": 3.4831205571428567,
            "median": 1.950508,
            "std": 3.832156622640463,
            "min": 1.2640179999999999,
            "max": 16.874515,
            "p25": 1.70511375,
            "p50": 1.950508,
            "p75": 2.53212525,
            "p90": 8.5343574,
            "p95": 14.316389299999987,
            "p99": 15.65918544
        },
        "Total test time": {
            "n": 10,
            "mean": 1216.3442295,
            "median": 1204.513096,
            "std": 28.717382751213705,
            "min": 1183.268365,
            "max": 1279.194444,
            "p25": 1197.48346725,
            "p50": 1204.513096,
            "p75": 1232.17672125,
            "p90": 1253.6970408,
            "p95": 1266.4457424,
            "p99": 1276.64470368
        },
        "getExpectedBehaviours": {
            "n": 400,
            "mean": 0.2860552575,
            "median": 0.253636,
            "std": 0.13659723535176763,
            "min": 0.110383,
            "max": 0.90762,
            "p25": 0.18453399999999998,
            "p50": 0.253636,
            "p75": 0.34937549999999995,
            "p90": 0.47393,
            "p95": 0.573023,
            "p99": 0.6678692899999996
        },
        "getExpectedPoints": {
            "n": 400,
            "mean": 0.40647406750000004,
            "median": 0.361303,
            "std": 0.2264940464530645,
            "min": 0.11598299999999999,
            "max": 1.618771,
            "p25": 0.24869549999999999,
            "p50": 0.361303,
            "p75": 0.492356,
            "p90": 0.6675300000000001,
            "p95": 0.8408168499999998,
            "p99": 1.2110884299999989
        }
    }
}