{
  "stats" : {
    "nextFaultload" : {
      "count" : 9,
      "average" : {
        "ns" : 2181958.4444444445,
        "us" : 2181.9584444444445,
        "ms" : 2.1819584444444446,
        "s" : 0.0021819584444444447
      },
      "min" : {
        "ns" : 513830,
        "us" : 513.83,
        "ms" : 0.51383,
        "s" : 5.1383E-4
      },
      "max" : {
        "ns" : 3628608,
        "us" : 3628.608,
        "ms" : 3.628608,
        "s" : 0.003628608
      }
    },
    "Per test" : {
      "count" : 8,
      "average" : {
        "ns" : 1.40974695125E8,
        "us" : 140974.695125,
        "ms" : 140.974695125,
        "s" : 0.140974695125
      },
      "min" : {
        "ns" : 58597365,
        "us" : 58597.365,
        "ms" : 58.597365,
        "s" : 0.058597365
      },
      "max" : {
        "ns" : 494346587,
        "us" : 494346.587,
        "ms" : 494.346587,
        "s" : 0.494346587
      }
    },
    "registerFaultload" : {
      "count" : 8,
      "average" : {
        "ns" : 1.8604318125E7,
        "us" : 18604.318125,
        "ms" : 18.604318125,
        "s" : 0.018604318125
      },
      "min" : {
        "ns" : 2964770,
        "us" : 2964.77,
        "ms" : 2.96477,
        "s" : 0.00296477
      },
      "max" : {
        "ns" : 108685641,
        "us" : 108685.641,
        "ms" : 108.685641,
        "s" : 0.108685641
      }
    },
    "testMethod" : {
      "count" : 8,
      "average" : {
        "ns" : 9.5809976875E7,
        "us" : 95809.976875,
        "ms" : 95.809976875,
        "s" : 0.095809976875
      },
      "min" : {
        "ns" : 42101618,
        "us" : 42101.618,
        "ms" : 42.101618,
        "s" : 0.042101618
      },
      "max" : {
        "ns" : 282913246,
        "us" : 282913.246,
        "ms" : 282.913246,
        "s" : 0.282913246
      }
    },
    "getTraceWithDelay" : {
      "count" : 8,
      "average" : {
        "ns" : 2.6324199E7,
        "us" : 26324.199,
        "ms" : 26.324199,
        "s" : 0.026324199
      },
      "min" : {
        "ns" : 11465458,
        "us" : 11465.458,
        "ms" : 11.465458,
        "s" : 0.011465458
      },
      "max" : {
        "ns" : 102380679,
        "us" : 102380.679,
        "ms" : 102.380679,
        "s" : 0.102380679
      }
    },
    "getTrace" : {
      "count" : 8,
      "average" : {
        "ns" : 1.6821478375E7,
        "us" : 16821.478375,
        "ms" : 16.821478375,
        "s" : 0.016821478375
      },
      "min" : {
        "ns" : 6543875,
        "us" : 6543.875,
        "ms" : 6.543875,
        "s" : 0.006543875
      },
      "max" : {
        "ns" : 75230020,
        "us" : 75230.02,
        "ms" : 75.23002,
        "s" : 0.07523002
      }
    },
    "handleResult" : {
      "count" : 8,
      "average" : {
        "ns" : 5662062.5,
        "us" : 5662.0625,
        "ms" : 5.6620625,
        "s" : 0.0056620625
      },
      "min" : {
        "ns" : 1963613,
        "us" : 1963.613,
        "ms" : 1.963613,
        "s" : 0.001963613
      },
      "max" : {
        "ns" : 18710974,
        "us" : 18710.974,
        "ms" : 18.710974,
        "s" : 0.018710974
      }
    },
    "StrategyRunner.analyze" : {
      "count" : 8,
      "average" : {
        "ns" : 5505091.25,
        "us" : 5505.09125,
        "ms" : 5.50509125,
        "s" : 0.00550509125
      },
      "min" : {
        "ns" : 1883109,
        "us" : 1883.109,
        "ms" : 1.883109,
        "s" : 0.001883109
      },
      "max" : {
        "ns" : 18349853,
        "us" : 18349.853,
        "ms" : 18.349853,
        "s" : 0.018349853
      }
    },
    "DynamicExplorationGenerator.handleFeedback<Analyzer>" : {
      "count" : 8,
      "average" : {
        "ns" : 1007470.375,
        "us" : 1007.470375,
        "ms" : 1.007470375,
        "s" : 0.001007470375
      },
      "min" : {
        "ns" : 77204,
        "us" : 77.204,
        "ms" : 0.077204,
        "s" : 7.7204E-5
      },
      "max" : {
        "ns" : 5537618,
        "us" : 5537.618,
        "ms" : 5.537618,
        "s" : 0.005537618
      }
    },
    "HappyPathDetector.handleFeedback<Analyzer>" : {
      "count" : 8,
      "average" : {
        "ns" : 53727.875,
        "us" : 53.727875,
        "ms" : 0.053727875,
        "s" : 5.3727875E-5
      },
      "min" : {
        "ns" : 2800,
        "us" : 2.8,
        "ms" : 0.0028,
        "s" : 2.8E-6
      },
      "max" : {
        "ns" : 400023,
        "us" : 400.023,
        "ms" : 0.400023,
        "s" : 4.00023E-4
      }
    },
    "ParentChildDetector.handleFeedback<Analyzer>" : {
      "count" : 8,
      "average" : {
        "ns" : 957417.625,
        "us" : 957.417625,
        "ms" : 0.957417625,
        "s" : 9.57417625E-4
      },
      "min" : {
        "ns" : 38803,
        "us" : 38.803,
        "ms" : 0.038803,
        "s" : 3.8803E-5
      },
      "max" : {
        "ns" : 7032303,
        "us" : 7032.303,
        "ms" : 7.032303,
        "s" : 0.007032303
      }
    },
    "HappensBeforeNeighbourDetector.handleFeedback<Analyzer>" : {
      "count" : 8,
      "average" : {
        "ns" : 398522.875,
        "us" : 398.522875,
        "ms" : 0.398522875,
        "s" : 3.98522875E-4
      },
      "min" : {
        "ns" : 11800,
        "us" : 11.8,
        "ms" : 0.0118,
        "s" : 1.18E-5
      },
      "max" : {
        "ns" : 1239272,
        "us" : 1239.272,
        "ms" : 1.239272,
        "s" : 0.001239272
      }
    },
    "ErrorPropagationDetector.handleFeedback<Analyzer>" : {
      "count" : 8,
      "average" : {
        "ns" : 809646.375,
        "us" : 809.646375,
        "ms" : 0.809646375,
        "s" : 8.09646375E-4
      },
      "min" : {
        "ns" : 14401,
        "us" : 14.401,
        "ms" : 0.014401,
        "s" : 1.4401E-5
      },
      "max" : {
        "ns" : 2614450,
        "us" : 2614.45,
        "ms" : 2.61445,
        "s" : 0.00261445
      }
    },
    "ConditionalPointDetector.handleFeedback<Analyzer>" : {
      "count" : 8,
      "average" : {
        "ns" : 753955.75,
        "us" : 753.95575,
        "ms" : 0.75395575,
        "s" : 7.5395575E-4
      },
      "min" : {
        "ns" : 127307,
        "us" : 127.307,
        "ms" : 0.127307,
        "s" : 1.27307E-4
      },
      "max" : {
        "ns" : 4157839,
        "us" : 4157.839,
        "ms" : 4.157839,
        "s" : 0.004157839
      }
    },
    "RedundancyAnalyzer.handleFeedback<Analyzer>" : {
      "count" : 8,
      "average" : {
        "ns" : 41965.0,
        "us" : 41.965,
        "ms" : 0.041965,
        "s" : 4.1965E-5
      },
      "min" : {
        "ns" : 19001,
        "us" : 19.001,
        "ms" : 0.019001,
        "s" : 1.9001E-5
      },
      "max" : {
        "ns" : 78105,
        "us" : 78.105,
        "ms" : 0.078105,
        "s" : 7.8105E-5
      }
    },
    "StatusAnalyzer.handleFeedback<Analyzer>" : {
      "count" : 8,
      "average" : {
        "ns" : 21888.5,
        "us" : 21.8885,
        "ms" : 0.0218885,
        "s" : 2.18885E-5
      },
      "min" : {
        "ns" : 4200,
        "us" : 4.2,
        "ms" : 0.0042,
        "s" : 4.2E-6
      },
      "max" : {
        "ns" : 135907,
        "us" : 135.907,
        "ms" : 0.135907,
        "s" : 1.35907E-4
      }
    },
    "BehaviorAnalyzer.handleFeedback<Analyzer>" : {
      "count" : 8,
      "average" : {
        "ns" : 534955.75,
        "us" : 534.95575,
        "ms" : 0.53495575,
        "s" : 5.3495575E-4
      },
      "min" : {
        "ns" : 343220,
        "us" : 343.22,
        "ms" : 0.34322,
        "s" : 3.4322E-4
      },
      "max" : {
        "ns" : 1349878,
        "us" : 1349.878,
        "ms" : 1.349878,
        "s" : 0.001349878
      }
    },
    "TimingAnalyzer.handleFeedback<Analyzer>" : {
      "count" : 8,
      "average" : {
        "ns" : 194298.625,
        "us" : 194.298625,
        "ms" : 0.194298625,
        "s" : 1.94298625E-4
      },
      "min" : {
        "ns" : 54103,
        "us" : 54.103,