{
  "stats" : {
    "nextFaultload" : {
      "count" : 10,
      "average" : {
        "ns" : 3698803.5,
        "us" : 3698.8035,
        "ms" : 3.6988035,
        "s" : 0.0036988035
      },
      "min" : {
        "ns" : 2107816,
        "us" : 2107.816,
        "ms" : 2.107816,
        "s" : 0.002107816
      },
      "max" : {
        "ns" : 10602583,
        "us" : 10602.583,
        "ms" : 10.602583,
        "s" : 0.010602583
      }
    },
    "Per test" : {
      "count" : 9,
      "average" : {
        "ns" : 5.368453444444445E7,
        "us" : 53684.53444444445,
        "ms" : 53.684534444444445,
        "s" : 0.053684534444444446
      },
      "min" : {
        "ns" : 24847369,
        "us" : 24847.369,
        "ms" : 24.847369,
        "s" : 0.024847369
      },
      "max" : {
        "ns" : 239208974,
        "us" : 239208.974,
        "ms" : 239.208974,
        "s" : 0.239208974
      }
    },
    "registerFaultload" : {
      "count" : 9,
      "average" : {
        "ns" : 1.8379578777777776E7,
        "us" : 18379.578777777777,
        "ms" : 18.379578777777777,
        "s" : 0.018379578777777777
      },
      "min" : {
        "ns" : 3568096,
        "us" : 3568.096,
        "ms" : 3.568096,
        "s" : 0.003568096
      },
      "max" : {
        "ns" : 116198800,
        "us" : 116198.8,
        "ms" : 116.1988,
        "s" : 0.1161988
      }
    },
    "testMethod" : {
      "count" : 9,
      "average" : {
        "ns" : 2.6715304555555556E7,
        "us" : 26715.304555555555,
        "ms" : 26.715304555555555,
        "s" : 0.026715304555555555
      },
      "min" : {
        "ns" : 15755868,
        "us" : 15755.868,
        "ms" : 15.755868,
        "s" : 0.015755868
      },
      "max" : {
        "ns" : 102043420,
        "us" : 102043.42,
        "ms" : 102.04342,
        "s" : 0.10204342
      }
    },
    "getTraceWithDelay" : {
      "count" : 9,
      "average" : {
        "ns" : 2.5609899444444444E7,
        "us" : 25609.899444444443,
        "ms" : 25.609899444444444,
        "s" : 0.025609899444444445
      },
      "min" : {
        "ns" : 13768359,
        "us" : 13768.359,
        "ms" : 13.768359,
        "s" : 0.013768359
      },
      "max" : {
        "ns" : 101693401,
        "us" : 101693.401,
        "ms" : 101.693401,
        "s" : 0.101693401
      }
    },
    "getTrace" : {
      "count" : 9,
      "average" : {
        "ns" : 1.6789969222222224E7,
        "us" : 16789.969222222226,
        "ms" : 16.789969222222226,
        "s" : 0.016789969222222225
      },
      "min" : {
        "ns" : 7823431,
        "us" : 7823.431,
        "ms" : 7.823431,
        "s" : 0.007823431
      },
      "max" : {
        "ns" : 79929502,
        "us" : 79929.502,
        "ms" : 79.929502,
        "s" : 0.079929502
      }
    },
    "handleResult" : {
      "count" : 9,
      "average" : {
        "ns" : 4306404.111111111,
        "us" : 4306.404111111111,
        "ms" : 4.306404111111111,
        "s" : 0.004306404111111111
      },
      "min" : {
        "ns" : 1457681,
        "us" : 1457.681,
        "ms" : 1.457681,
        "s" : 0.001457681
      },
      "max" : {
        "ns" : 16682819,
        "us" : 16682.819,
        "ms" : 16.682819,
        "s" : 0.016682819
      }
    },
    "StrategyRunner.analyze" : {
      "count" : 9,
      "average" : {
        "ns" : 4270046.444444444,
        "us" : 4270.046444444444,
        "ms" : 4.270046444444444,
        "s" : 0.004270046444444444
      },
      "min" : {
        "ns" : 1399377,
        "us" : 1399.377,
        "ms" : 1.399377,
        "s" : 0.001399377
      },
      "max" : {
        "ns" : 16475108,
        "us" : 16475.108,
        "ms" : 16.475108,
        "s" : 0.016475108
      }
    },
    "DynamicExplorationGenerator.handleFeedback<Analyzer>" : {
      "count" : 9,
      "average" : {
        "ns" : 1010555.6666666666,
        "us" : 1010.5556666666666,
        "ms" : 1.0105556666666666,
        "s" : 0.0010105556666666665
      },
      "min" : {
        "ns" : 106806,
        "us" : 106.806,
        "ms" : 0.106806,
        "s" : 1.06806E-4
      },
      "max" : {
        "ns" : 6651966,
        "us" : 6651.966,
        "ms" : 6.651966,
        "s" : 0.006651966
      }
    },
    "HappyPathDetector.handleFeedback<Analyzer>" : {
      "count" : 9,
      "average" : {
        "ns" : 64192.333333333336,
        "us" : 64.19233333333334,
        "ms" : 0.06419233333333334,
        "s" : 6.419233333333333E-5
      },
      "min" : {
        "ns" : 3700,
        "us" : 3.7,
        "ms" : 0.0037,
        "s" : 3.7E-6
      },
      "max" : {
        "ns" : 543930,
        "us" : 543.93,
        "ms" : 0.54393,
        "s" : 5.4393E-4
      }
    },
    "ParentChildDetector.handleFeedback<Analyzer>" : {
      "count" : 9,
      "average" : {
        "ns" : 401766.6666666667,
        "us" : 401.7666666666667,
        "ms" : 0.40176666666666666,
        "s" : 4.017666666666667E-4
      },
      "min" : {
        "ns" : 44603,
        "us" : 44.603,
        "ms" : 0.044603,
        "s" : 4.4603E-5
      },
      "max" : {
        "ns" : 2915760,
        "us" : 2915.76,
        "ms" : 2.91576,
        "s" : 0.00291576
      }
    },
    "HappensBeforeNeighbourDetector.handleFeedback<Analyzer>" : {
      "count" : 9,
      "average" : {
        "ns" : 835346.1111111111,
        "us" : 835.3461111111111,
        "ms" : 0.8353461111111111,
        "s" : 8.353461111111111E-4
      },
      "min" : {
        "ns" : 14601,
        "us" : 14.601,
        "ms" : 0.014601,
        "s" : 1.4601E-5
      },
      "max" : {
        "ns" : 2500938,
        "us" : 2500.938,
        "ms" : 2.500938,
        "s" : 0.002500938
      }
    },
    "ErrorPropagationDetector.handleFeedback<Analyzer>" : {
      "count" : 9,
      "average" : {
        "ns" : 213478.44444444444,
        "us" : 213.47844444444445,
        "ms" : 0.21347844444444444,
        "s" : 2.1347844444444443E-4
      },
      "min" : {
        "ns" : 14201,
        "us" : 14.201,
        "ms" : 0.014201,
        "s" : 1.4201E-5
      },
      "max" : {
        "ns" : 507028,
        "us" : 507.028,
        "ms" : 0.507028,
        "s" : 5.07028E-4
      }
    },
    "ConditionalPointDetector.handleFeedback<Analyzer>" : {
      "count" : 9,
      "average" : {
        "ns" : 1041201.6666666666,
        "us" : 1041.2016666666666,
        "ms" : 1.0412016666666666,
        "s" : 0.0010412016666666666
      },
      "min" : {
        "ns" : 217912,
        "us" : 217.912,
        "ms" : 0.217912,
        "s" : 2.17912E-4
      },
      "max" : {
        "ns" : 4593953,
        "us" : 4593.953,
        "ms" : 4.593953,
        "s" : 0.004593953
      }
    },
    "RedundancyAnalyzer.handleFeedback<Analyzer>" : {
      "count" : 9,
      "average" : {
        "ns" : 58114.22222222222,
        "us" : 58.11422222222222,
        "ms" : 0.05811422222222222,
        "s" : 5.811422222222222E-5
      },
      "min" : {
        "ns" : 19201,
        "us" : 19.201,
        "ms" : 0.019201,
        "s" : 1.9201E-5
      },
      "max" : {
        "ns" : 252614,
        "us" : 252.614,
        "ms" : 0.252614,
        "s" : 2.52614E-4
      }
    },
    "StatusAnalyzer.handleFeedback<Analyzer>" : {
      "count" : 9,
      "average" : {
        "ns" : 35557.555555555555,
        "us" : 35.55755555555555,
        "ms" : 0.03555755555555556,
        "s" : 3.555755555555556E-5
      },
      "min" : {
        "ns" : 5000,
        "us" : 5.0,
        "ms" : 0.005,
        "s" : 5.0E-6
      },
      "max" : {
        "ns" : 274015,
        "us" : 274.015,
        "ms" : 0.274015,
        "s" : 2.74015E-4
      }
    },
    "BehaviorAnalyzer.handleFeedback<Analyzer>" : {
      "count" : 9,
      "average" : {
        "ns" : 295594.1111111111,
        "us" : 295.59411111111115,
        "ms" : 0.2955941111111111,
        "s" : 2.9559411111111113E-4
      },
      "min" : {
        "ns" : 102205,