{
    "per_key": {
        "nextFaultload": {
            "n": 520,
            "mean": 1.795694176923077,
            "median": 1.7013449999999999,
            "std": 0.7004646747578953,
            "min": 0.29161699999999996,
            "max": 5.501619,
            "p25": 1.3352482499999998,
            "p50": 1.7013449999999999,
            "p75": 2.12860975,
            "p90": 2.5544344,
            "p95": 2.9538154999999984,
            "p99": 4.008397149999996
        },
        "Per test": {
            "n": 500,
            "mean": 37.598228662,
            "median": 26.7302295,
            "std": 42.48290662449912,
            "min": 22.320228999999998,
            "max": 272.701333,
            "p25": 24.7869205,
            "p50": 26.7302295,
            "p75": 31.29908625,
            "p90": 38.852694700000015,
            "p95": 53.91586449999999,
            "p99": 243.54840537999996
        },
        "registerFaultload": {
            "n": 500,
            "mean": 8.171627165999999,
            "median": 3.187976,
            "std": 21.215385468669375,
            "min": 2.478843,
            "max": 122.842614,
            "p25": 2.9537632499999997,
            "p50": 3.187976,
            "p75": 3.6209305,
            "p90": 4.317057200000001,
            "p95": 18.67574409999998,
            "p99": 111.96225319999999
        },
        "unregisterFautload": {
            "n": 500,
            "mean": 2.820946572,
            "median": 2.7445,
            "std": 0.3822492658861555,
            "min": 2.207728,
            "max": 5.354896999999999,
            "p25": 2.5580195,
            "p50": 2.7445,
            "p75": 2.98511225,
            "p90": 3.3144219000000006,
            "p95": 3.5009128499999984,
            "p99": 3.992391349999999
        },
        "testMethod": {
            "n": 500,
            "mean": 13.881753062,
            "median": 12.642439499999998,
            "std": 3.5317149283848126,
            "min": 10.963223,
            "max": 36.200246,
            "p25": 11.846857,
            "p50": 12.642439499999998,
            "p75": 14.627110499999999,
            "p90": 15.746695299999999,
            "p95": 20.47207449999981,
            "p99": 27.744632209999995
        },
        "getTraceWithDelay": {
            "n": 500,
            "mean": 15.32905591,
            "median": 10.7980835,
            "std": 18.7847775660633,
            "min": 7.582984,
            "max": 133.64012,
            "p25": 9.47875575,
            "p50": 10.7980835,
            "p75": 13.170952,
            "p90": 17.4160206,
            "p95": 20.2396241,
            "p99": 104.98568174
        },
        "handleResult": {
            "n": 500,
            "mean": 2.433622448,
            "median": 1.2318704999999999,
            "std": 4.062041922876625,
            "min": 0.735142,
            "max": 27.7546,
            "p25": 1.04158325,
            "p50": 1.2318704999999999,
            "p75": 2.0012117499999995,
            "p90": 3.1544862,
            "p95": 6.050790899999997,
            "p99": 21.449736859999998
        },
        "Total test time": {
            "n": 20,
            "mean": 1253.5916256,
            "median": 1251.432907,
            "std": 21.445870371937662,
            "min": 1218.262988,
            "max": 1296.987412,
            "p25": 1239.0946835,
            "p50": 1251.432907,
            "p75": 1262.599063,
            "p90": 1282.636427,
            "p95": 1294.6386338999998,
            "p99": 1296.5176563799998
        },
        "getExpectedBehaviours": {
            "n": 960,
            "mean": 0.09929382604166666,
            "median": 0.075304,
            "std": 0.08452852776453361,
            "min": 0.030501999999999998,
            "max": 0.8407429999999999,
            "p25": 0.04925275,
            "p50": 0.075304,
            "p75": 0.12158174999999999,
            "p90": 0.16475900000000002,
            "p95": 0.21963604999999986,
            "p99": 0.4763439999999992
        },
        "getExpectedPoints": {
            "n": 960,
            "mean": 0.147256821875,
            "median": 0.121207,
            "std": 0.0873937042518447,
            "min": 0.041802,
            "max": 0.617935,
            "p25": 0.08782925,
            "p50": 0.121207,
            "p75": 0.17736,
            "p90": 0.2548249,
            "p95": 0.34247904999999984,
            "p99": 0.47872117999999986
        }
    }
}