{
  "stats" : {
    "nextFaultload" : {
      "count" : 16,
      "average" : {
        "ns" : 3613947.9375,
        "us" : 3613.9479375,
        "ms" : 3.6139479375,
        "s" : 0.0036139479375
      },
      "min" : {
        "ns" : 1145049,
        "us" : 1145.049,
        "ms" : 1.145049,
        "s" : 0.001145049
      },
      "max" : {
        "ns" : 18552582,
        "us" : 18552.582,
        "ms" : 18.552582,
        "s" : 0.018552582
      }
    },
    "Per test" : {
      "count" : 15,
      "average" : {
        "ns" : 4.8586557266666666E7,
        "us" : 48586.55726666666,
        "ms" : 48.58655726666667,
        "s" : 0.04858655726666666
      },
      "min" : {
        "ns" : 21824492,
        "us" : 21824.492,
        "ms" : 21.824492,
        "s" : 0.021824492
      },
      "max" : {
        "ns" : 220984870,
        "us" : 220984.87,
        "ms" : 220.98487,
        "s" : 0.22098487
      }
    },
    "registerFaultload" : {
      "count" : 15,
      "average" : {
        "ns" : 9850819.133333333,
        "us" : 9850.819133333333,
        "ms" : 9.850819133333333,
        "s" : 0.009850819133333332
      },
      "min" : {
        "ns" : 3653776,
        "us" : 3653.776,
        "ms" : 3.653776,
        "s" : 0.003653776
      },
      "max" : {
        "ns" : 67471143,
        "us" : 67471.143,
        "ms" : 67.471143,
        "s" : 0.067471143
      }
    },
    "testMethod" : {
      "count" : 15,
      "average" : {
        "ns" : 3.0008860133333333E7,
        "us" : 30008.86013333333,
        "ms" : 30.008860133333332,
        "s" : 0.030008860133333332
      },
      "min" : {
        "ns" : 12701048,
        "us" : 12701.048,
        "ms" : 12.701048,
        "s" : 0.012701048
      },
      "max" : {
        "ns" : 128949403,
        "us" : 128949.403,
        "ms" : 128.949403,
        "s" : 0.128949403
      }
    },
    "getTraceWithDelay" : {
      "count" : 15,
      "average" : {
        "ns" : 2.3116212533333335E7,
        "us" : 23116.212533333335,
        "ms" : 23.116212533333336,
        "s" : 0.023116212533333336
      },
      "min" : {
        "ns" : 11297851,
        "us" : 11297.851,
        "ms" : 11.297851,
        "s" : 0.011297851
      },
      "max" : {
        "ns" : 116109211,
        "us" : 116109.211,
        "ms" : 116.109211,
        "s" : 0.116109211
      }
    },
    "getTrace" : {
      "count" : 15,
      "average" : {
        "ns" : 1.4108605E7,
        "us" : 14108.605,
        "ms" : 14.108605,
        "s" : 0.014108605
      },
      "min" : {
        "ns" : 6215210,
        "us" : 6215.21,
        "ms" : 6.21521,
        "s" : 0.00621521
      },
      "max" : {
        "ns" : 89789603,
        "us" : 89789.603,
        "ms" : 89.789603,
        "s" : 0.089789603
      }
    },
    "handleResult" : {
      "count" : 15,
      "average" : {
        "ns" : 4371697.466666667,
        "us" : 4371.6974666666665,
        "ms" : 4.371697466666666,
        "s" : 0.004371697466666667
      },
      "min" : {
        "ns" : 1157209,
        "us" : 1157.209,
        "ms" : 1.157209,
        "s" : 0.001157209
      },
      "max" : {
        "ns" : 20013168,
        "us" : 20013.168,
        "ms" : 20.013168,
        "s" : 0.020013168
      }
    },
    "StrategyRunner.analyze" : {
      "count" : 15,
      "average" : {
        "ns" : 4350280.4,
        "us" : 4350.280400000001,
        "ms" : 4.3502804,
        "s" : 0.004350280400000001
      },
      "min" : {
        "ns" : 1151599,
        "us" : 1151.599,
        "ms" : 1.151599,
        "s" : 0.001151599
      },
      "max" : {
        "ns" : 19808580,
        "us" : 19808.58,
        "ms" : 19.80858,
        "s" : 0.01980858
      }
    },
    "DynamicExplorationGenerator.handleFeedback<Analyzer>" : {
      "count" : 15,
      "average" : {
        "ns" : 1062027.0,
        "us" : 1062.027,
        "ms" : 1.062027,
        "s" : 0.001062027
      },
      "min" : {
        "ns" : 65929,
        "us" : 65.929,
        "ms" : 0.065929,
        "s" : 6.5929E-5
      },
      "max" : {
        "ns" : 8926060,
        "us" : 8926.06,
        "ms" : 8.92606,
        "s" : 0.00892606
      }
    },
    "HappyPathDetector.handleFeedback<Analyzer>" : {
      "count" : 15,
      "average" : {
        "ns" : 50603.4,
        "us" : 50.6034,
        "ms" : 0.0506034,
        "s" : 5.0603400000000004E-5
      },
      "min" : {
        "ns" : 2630,
        "us" : 2.63,
        "ms" : 0.00263,
        "s" : 2.63E-6
      },
      "max" : {
        "ns" : 702053,
        "us" : 702.053,
        "ms" : 0.702053,
        "s" : 7.02053E-4
      }
    },
    "ParentChildDetector.handleFeedback<Analyzer>" : {
      "count" : 15,
      "average" : {
        "ns" : 271776.4,
        "us" : 271.7764,
        "ms" : 0.27177640000000003,
        "s" : 2.717764E-4
      },
      "min" : {
        "ns" : 27990,
        "us" : 27.99,
        "ms" : 0.02799,
        "s" : 2.799E-5
      },
      "max" : {
        "ns" : 3160234,
        "us" : 3160.234,
        "ms" : 3.160234,
        "s" : 0.003160234
      }
    },
    "HappensBeforeNeighbourDetector.handleFeedback<Analyzer>" : {
      "count" : 15,
      "average" : {
        "ns" : 676518.8666666667,
        "us" : 676.5188666666667,
        "ms" : 0.6765188666666667,
        "s" : 6.765188666666667E-4
      },
      "min" : {
        "ns" : 12430,
        "us" : 12.43,
        "ms" : 0.01243,
        "s" : 1.243E-5
      },
      "max" : {
        "ns" : 2309938,
        "us" : 2309.938,
        "ms" : 2.309938,
        "s" : 0.002309938
      }
    },
    "ErrorPropagationDetector.handleFeedback<Analyzer>" : {
      "count" : 15,
      "average" : {
        "ns" : 187882.86666666667,
        "us" : 187.88286666666667,
        "ms" : 0.18788286666666668,
        "s" : 1.8788286666666666E-4
      },
      "min" : {
        "ns" : 18210,
        "us" : 18.21,
        "ms" : 0.01821,
        "s" : 1.821E-5
      },
      "max" : {
        "ns" : 786633,
        "us" : 786.633,
        "ms" : 0.786633,
        "s" : 7.86633E-4
      }
    },
    "ConditionalPointDetector.handleFeedback<Analyzer>" : {
      "count" : 15,
      "average" : {
        "ns" : 825301.4,
        "us" : 825.3014000000001,
        "ms" : 0.8253014000000001,
        "s" : 8.253014E-4
      },
      "min" : {
        "ns" : 72469,
        "us" : 72.469,
        "ms" : 0.072469,
        "s" : 7.2469E-5
      },
      "max" : {
        "ns" : 5002582,
        "us" : 5002.582,
        "ms" : 5.002582,
        "s" : 0.005002582
      }
    },
    "RedundancyAnalyzer.handleFeedback<Analyzer>" : {
      "count" : 15,
      "average" : {
        "ns" : 27751.733333333334,
        "us" : 27.751733333333334,
        "ms" : 0.027751733333333334,
        "s" : 2.7751733333333334E-5
      },
      "min" : {
        "ns" : 14670,
        "us" : 14.67,
        "ms" : 0.01467,
        "s" : 1.467E-5
      },
      "max" : {
        "ns" : 69019,
        "us" : 69.019,
        "ms" : 0.069019,
        "s" : 6.9019E-5
      }
    },
    "StatusAnalyzer.handleFeedback<Analyzer>" : {
      "count" : 15,
      "average" : {
        "ns" : 24077.8,
        "us" : 24.0778,
        "ms" : 0.0240778,
        "s" : 2.40778E-5
      },
      "min" : {
        "ns" : 3720,
        "us" : 3.72,
        "ms" : 0.00372,
        "s" : 3.72E-6
      },
      "max" : {
        "ns" : 274318,
        "us" : 274.318,
        "ms" : 0.274318,
        "s" : 2.74318E-4
      }
    },
    "BehaviorAnalyzer.handleFeedback<Analyzer>" : {
      "count" : 15,
      "average" : {
        "ns" : 235525.66666666666,
        "us" : 235.52566666666667,
        "ms" : 0.23552566666666666,
        "s" : 2.3552566666666666E-4
      },
      "min" : {
        "ns" : 46089,
        "us" : 46.089,
        "ms" : 0.046089,
        "s" : 4.6089E-5
      },
      "max" : {
        "ns" : 808813,
        "us" : 808.813,
        "ms" : 0.808813,
        "s" : 8.08813E-4
      }
    },