{
  "stats" : {
    "nextFaultload" : {
      "count" : 22,
      "average" : {
        "ns" : 2335662.590909091,
        "us" : 2335.662590909091,
        "ms" : 2.3356625909090907,
        "s" : 0.002335662590909091
      },
      "min" : {
        "ns" : 325618,
        "us" : 325.618,
        "ms" : 0.325618,
        "s" : 3.25618E-4
      },
      "max" : {
        "ns" : 4235929,
        "us" : 4235.929,
        "ms" : 4.235929,
        "s" : 0.004235929
      }
    },
    "Per test" : {
      "count" : 21,
      "average" : {
        "ns" : 3.941453328571428E7,
        "us" : 39414.533285714286,
        "ms" : 39.414533285714285,
        "s" : 0.03941453328571428
      },
      "min" : {
        "ns" : 24732536,
        "us" : 24732.536,
        "ms" : 24.732536,
        "s" : 0.024732536
      },
      "max" : {
        "ns" : 232428653,
        "us" : 232428.653,
        "ms" : 232.428653,
        "s" : 0.232428653
      }
    },
    "registerFaultload" : {
      "count" : 21,
      "average" : {
        "ns" : 8955174.047619049,
        "us" : 8955.174047619048,
        "ms" : 8.955174047619048,
        "s" : 0.008955174047619049
      },
      "min" : {
        "ns" : 2505435,
        "us" : 2505.435,
        "ms" : 2.505435,
        "s" : 0.002505435
      },
      "max" : {
        "ns" : 110304957,
        "us" : 110304.957,
        "ms" : 110.304957,
        "s" : 0.110304957
      }
    },
    "testMethod" : {
      "count" : 21,
      "average" : {
        "ns" : 1.3101498047619049E7,
        "us" : 13101.498047619049,
        "ms" : 13.101498047619048,
        "s" : 0.013101498047619049
      },
      "min" : {
        "ns" : 11078998,
        "us" : 11078.998,
        "ms" : 11.078998,
        "s" : 0.011078998
      },
      "max" : {
        "ns" : 20360999,
        "us" : 20360.999,
        "ms" : 20.360999,
        "s" : 0.020360999
      }
    },
    "getTraceWithDelay" : {
      "count" : 21,
      "average" : {
        "ns" : 1.713623976190476E7,
        "us" : 17136.239761904762,
        "ms" : 17.13623976190476,
        "s" : 0.017136239761904763
      },
      "min" : {
        "ns" : 9896135,
        "us" : 9896.135,
        "ms" : 9.896135,
        "s" : 0.009896135
      },
      "max" : {
        "ns" : 101442279,
        "us" : 101442.279,
        "ms" : 101.442279,
        "s" : 0.101442279
      }
    },
    "getTrace" : {
      "count" : 21,
      "average" : {
        "ns" : 1.029010338095238E7,
        "us" : 10290.103380952381,
        "ms" : 10.290103380952381,
        "s" : 0.01029010338095238
      },
      "min" : {
        "ns" : 5370090,
        "us" : 5370.09,
        "ms" : 5.37009,
        "s" : 0.00537009
      },
      "max" : {
        "ns" : 73211854,
        "us" : 73211.854,
        "ms" : 73.211854,
        "s" : 0.073211854
      }
    },
    "handleResult" : {
      "count" : 21,
      "average" : {
        "ns" : 3675565.1904761903,
        "us" : 3675.5651904761903,
        "ms" : 3.67556519047619,
        "s" : 0.0036755651904761904
      },
      "min" : {
        "ns" : 1707893,
        "us" : 1707.893,
        "ms" : 1.707893,
        "s" : 0.001707893
      },
      "max" : {
        "ns" : 19360745,
        "us" : 19360.745,
        "ms" : 19.360745,
        "s" : 0.019360745
      }
    },
    "StrategyRunner.analyze" : {
      "count" : 21,
      "average" : {
        "ns" : 3576407.4285714286,
        "us" : 3576.4074285714287,
        "ms" : 3.5764074285714287,
        "s" : 0.0035764074285714285
      },
      "min" : {
        "ns" : 1643289,
        "us" : 1643.289,
        "ms" : 1.643289,
        "s" : 0.001643289
      },
      "max" : {
        "ns" : 19033728,
        "us" : 19033.728,
        "ms" : 19.033728,
        "s" : 0.019033728
      }
    },
    "DynamicExplorationGenerator.handleFeedback<Analyzer>" : {
      "count" : 21,
      "average" : {
        "ns" : 490917.0,
        "us" : 490.917,
        "ms" : 0.490917,
        "s" : 4.90917E-4
      },
      "min" : {
        "ns" : 68504,
        "us" : 68.504,
        "ms" : 0.068504,
        "s" : 6.8504E-5
      },
      "max" : {
        "ns" : 5718008,
        "us" : 5718.008,
        "ms" : 5.718008,
        "s" : 0.005718008
      }
    },
    "HappyPathDetector.handleFeedback<Analyzer>" : {
      "count" : 21,
      "average" : {
        "ns" : 24987.04761904762,
        "us" : 24.98704761904762,
        "ms" : 0.024987047619047617,
        "s" : 2.4987047619047617E-5
      },
      "min" : {
        "ns" : 2301,
        "us" : 2.301,
        "ms" : 0.002301,
        "s" : 2.301E-6
      },
      "max" : {
        "ns" : 454424,
        "us" : 454.424,
        "ms" : 0.454424,
        "s" : 4.54424E-4
      }
    },
    "ParentChildDetector.handleFeedback<Analyzer>" : {
      "count" : 21,
      "average" : {
        "ns" : 417365.5238095238,
        "us" : 417.3655238095238,
        "ms" : 0.4173655238095238,
        "s" : 4.173655238095238E-4
      },
      "min" : {
        "ns" : 32802,
        "us" : 32.802,
        "ms" : 0.032802,
        "s" : 3.2802E-5
      },
      "max" : {
        "ns" : 7267993,
        "us" : 7267.993,
        "ms" : 7.267993,
        "s" : 0.007267993
      }
    },
    "HappensBeforeNeighbourDetector.handleFeedback<Analyzer>" : {
      "count" : 21,
      "average" : {
        "ns" : 435004.5238095238,
        "us" : 435.0045238095238,
        "ms" : 0.4350045238095238,
        "s" : 4.3500452380952376E-4
      },
      "min" : {
        "ns" : 16401,
        "us" : 16.401,
        "ms" : 0.016401,
        "s" : 1.6401E-5
      },
      "max" : {
        "ns" : 1266968,
        "us" : 1266.968,
        "ms" : 1.266968,
        "s" : 0.001266968
      }
    },
    "ErrorPropagationDetector.handleFeedback<Analyzer>" : {
      "count" : 21,
      "average" : {
        "ns" : 359066.85714285716,
        "us" : 359.06685714285715,
        "ms" : 0.35906685714285713,
        "s" : 3.5906685714285713E-4
      },
      "min" : {
        "ns" : 4200,
        "us" : 4.2,
        "ms" : 0.0042,
        "s" : 4.2E-6
      },
      "max" : {
        "ns" : 1110160,
        "us" : 1110.16,
        "ms" : 1.11016,
        "s" : 0.00111016
      }
    },
    "ConditionalPointDetector.handleFeedback<Analyzer>" : {
      "count" : 21,
      "average" : {
        "ns" : 729958.4285714285,
        "us" : 729.9584285714285,
        "ms" : 0.7299584285714286,
        "s" : 7.299584285714285E-4
      },
      "min" : {
        "ns" : 144708,
        "us" : 144.708,
        "ms" : 0.144708,
        "s" : 1.44708E-4
      },
      "max" : {
        "ns" : 4272431,
        "us" : 4272.431,
        "ms" : 4.272431,
        "s" : 0.004272431
      }
    },
    "RedundancyAnalyzer.handleFeedback<Analyzer>" : {
      "count" : 21,
      "average" : {
        "ns" : 54469.52380952381,
        "us" : 54.46952380952381,
        "ms" : 0.05446952380952381,
        "s" : 5.446952380952381E-5
      },
      "min" : {
        "ns" : 15401,
        "us" : 15.401,
        "ms" : 0.015401,
        "s" : 1.5401E-5
      },
      "max" : {
        "ns" : 190710,
        "us" : 190.71,
        "ms" : 0.19071,
        "s" : 1.9071E-4
      }
    },
    "StatusAnalyzer.handleFeedback<Analyzer>" : {
      "count" : 21,
      "average" : {
        "ns" : 18139.238095238095,
        "us" : 18.139238095238095,
        "ms" : 0.018139238095238094,
        "s" : 1.8139238095238096E-5
      },
      "min" : {
        "ns" : 3000,
        "us" : 3.0,
        "ms" : 0.003,
        "s" : 3.0E-6
      },
      "max" : {
        "ns" : 134007,
        "us" : 134.007,
        "ms" : 0.134007,
        "s" : 1.34007E-4
      }
    },
    "BehaviorAnalyzer.handleFeedback<Analyzer>" : {
      "count" : 21,
      "average" : {
        "ns" : 508051.28571428574,
        "us" : 508.0512857142857,
        "ms" : 0.5080512857142857,
        "s" : 5.080512857142857E-4
      },
      "min" : {
        "ns" : 287116,
        "us" : 287.116,