{
  "responses" : [ {
    "behaviour" : "Behaviour[uid=controller:POST /v1/faultload/register(4a63c0df)#0, mode=null]",
    "min_ms" : 49.82479476928711,
    "average_ms" : 49.82479476928711,
    "max_ms" : 49.82479476928711,
    "count" : 1,
    "values" : [ 49.824795 ]
  }, {
    "behaviour" : "Behaviour[uid=controller:POST /v1/faultload/register(4a63c0df)#0, mode=HTTP_ERROR(500)]",
    "min_ms" : 4.661901950836182,
    "average_ms" : 5.67043250606906,
    "max_ms" : 8.909001350402832,
    "count" : 124,
    "values" : [ 7.137557, 8.909001, 7.201622, 6.492418, 6.861507, 5.921564, 6.928429, 5.792974, 6.985093, 6.313042, 5.930345, 6.367609, 6.02169, 5.337116, 5.757689, 7.119802, 7.141938, 7.464739, 6.092743, 5.806142, 5.595865, 5.975478, 5.755801, 5.127329, 6.413881, 6.496936, 5.615101, 6.251378, 5.44993, 5.479539, 5.166179, 4.931961, 5.148419, 5.553767, 5.401346, 5.163421, 5.331066, 4.994923, 6.773075, 5.789716, 5.124158, 5.584744, 5.550354, 5.18961, 5.574461, 5.109771, 4.999774, 5.77951, 5.490922, 5.343629, 5.255252, 5.613875, 5.186692, 5.768831, 5.903416, 6.978803, 5.127232, 6.334668, 5.981029, 4.991374, 5.271374, 5.139929, 4.980455, 5.165379, 5.077107, 5.668148, 7.17362, 6.013889, 5.278951, 5.811883, 4.795137, 5.114842, 6.129225, 5.408468, 4.937243, 5.020344, 6.05528, 5.847163, 5.360287, 5.544519, 5.878205, 6.843378, 5.383847, 6.915891, 5.164772, 5.368352, 7.987158, 6.016639, 5.781293, 5.316355, 5.213061, 4.798698, 5.567614, 5.652866, 5.507082, 5.218932, 5.08584, 5.399235, 4.748389, 5.195671, 4.90853, 5.017754, 5.117347, 5.261318, 5.026299, 6.131284, 5.925446, 5.708119, 5.119769, 5.895105, 5.591855, 5.421358, 4.718224, 5.108602, 4.982314, 5.032605, 4.917931, 4.661902, 5.195471, 4.963623, 4.917911, 4.984491, 5.881959, 4.921655 ]
  }, {
    "behaviour" : "Behaviour[uid=controller:POST /v1/faultload/register(4a63c0df)#0>proxy2:POST /v1/faultload/register(4a63c0df)#0, mode=null]",
    "min_ms" : 0.9789639711380005,
    "average_ms" : 2.5933227252960207,
    "max_ms" : 34.29824447631836,
    "count" : 25,
    "values" : [ 34.298244, 1.406282, 1.293079, 1.074763, 1.25432, 1.296202, 0.99113, 1.105455, 1.348187, 1.649977, 1.219584, 1.132309, 1.273004, 1.447791, 1.231183, 1.086648, 1.102338, 1.207353, 1.369188, 1.315626, 1.187272, 0.978964, 1.259494, 1.973266, 1.331409 ]
  }, {
    "behaviour" : "Behaviour[uid=controller:POST /v1/faultload/register(4a63c0df)#0>proxy3:POST /v1/faultload/register(4a63c0df)#0, mode=null]",
    "min_ms" : 0.9865630269050598,
    "average_ms" : 2.588538053035736,
    "max_ms" : 34.57188034057617,
    "count" : 25,
    "values" : [ 34.57188, 1.317773, 1.315469, 1.222212, 1.31855, 1.534708, 1.198166, 1.241744, 1.347206, 1.489832, 1.033186, 1.353977, 0.986563, 1.015175, 1.332383, 1.163121, 1.316295, 1.268124, 1.383338, 1.115759, 1.648893, 1.301996, 1.034735, 1.118239, 1.084127 ]
  }, {
    "behaviour" : "Behaviour[uid=controller:POST /v1/faultload/register(4a63c0df)#0>proxy1:POST /v1/faultload/register(4a63c0df)#0, mode=null]",
    "min_ms" : 0.9974570274353027,
    "average_ms" : 2.567533164024353,
    "max_ms" : 33.17273712158203,
    "count" : 25,
    "values" : [ 33.172737, 1.449784, 1.694461, 1.64228, 1.427943, 1.194856, 1.314029, 1.246699, 1.394782, 1.357936, 1.057376, 1.318777, 1.540484, 1.020325, 1.111259, 1.275703, 1.1206, 1.231302, 1.248191, 1.299499, 0.997457, 1.269382, 1.333641, 1.149011, 1.319815 ]
  } ],
  "overhead" : [ {
    "behaviour" : "Behaviour[uid=controller:POST /v1/faultload/register(4a63c0df)#0, mode=null]",
    "min_ms" : 4.053031921386719,
    "average_ms" : 4.053031921386719,
    "max_ms" : 4.053031921386719,
    "count" : 1,
    "values" : [ 4.053032 ]
  }, {
    "behaviour" : "Behaviour[uid=controller:POST /v1/faultload/register(4a63c0df)#0, mode=HTTP_ERROR(500)]",
    "min_ms" : 0.9999359846115112,
    "average_ms" : 1.7037046859341283,
    "max_ms" : 29.44810676574707,
    "count" : 124,
    "values" : [ 1.780723, 1.522786, 1.660275, 1.51886, 1.560618, 1.660377, 1.541152, 1.382464, 1.564106, 1.459693, 1.294688, 1.287325, 1.572614, 1.406634, 1.750424, 1.471174, 1.463491, 1.585507, 1.632347, 1.523813, 1.511033, 1.340667, 1.196001, 1.15241, 1.285437, 1.532453, 1.557174, 1.680829, 1.268814, 1.286945, 1.402629, 1.209423, 1.578295, 1.22786, 1.188844, 1.121809, 1.139342, 1.226944, 1.473762, 1.255417, 1.223432, 1.333966, 1.404458, 1.326487, 1.118982, 1.131509, 1.102019, 0.999936, 1.184561, 1.336066, 1.330181, 1.074803, 1.16947, 18.813005, 1.260699, 1.200152, 1.17186, 1.196205, 1.286165, 1.462651, 1.137839, 1.112829, 1.317325, 1.068867, 1.137279, 1.077926, 1.44519, 1.606607, 1.029785, 1.368358, 1.28362, 1.264569, 1.247803, 1.211602, 1.149429, 1.077198, 1.203142, 1.625637, 1.191462, 1.16727, 1.99773, 1.626667, 1.495233, 1.590245, 1.517683, 1.359417, 1.780843, 1.800353, 1.350356, 1.084497, 1.199152, 1.271754, 1.43687, 1.083648, 1.579994, 1.183101, 1.52477, 1.301978, 1.301631, 1.317816, 1.235715, 1.251774, 1.15221, 1.216732, 1.173081, 1.364307, 1.42803, 1.325976, 1.408799, 1.555824, 1.358437, 1.342997, 1.268154, 1.282157, 1.059404, 1.230793, 1.239614, 29.448107, 1.220954, 1.086018, 1.042056, 1.214005, 1.310632, 1.114364 ]
  }, {
    "behaviour" : "Behaviour[uid=controller:POST /v1/faultload/register(4a63c0df)#0>proxy3:POST /v1/faultload/register(4a63c0df)#0, mode=HTTP_ERROR(504)]",
    "min_ms" : 0.9408519864082336,
    "average_ms" : 1.4486312389373779,
    "max_ms" : 2.569749116897583,
    "count" : 25,
    "values" : [ 1.783524, 1.535021, 2.569749, 2.150146, 1.079098, 2.438675, 1.851565, 1.235918, 1.535886, 1.318666, 1.350182, 1.188353, 0.953209, 1.051717, 1.392008, 1.246813, 0.940852, 1.700629, 1.084808, 1.533683, 1.444111, 1.14096, 1.281785, 1.226882, 1.181541 ]
  }, {
    "behaviour" : "Behaviour[uid=controller:POST /v1/faultload/register(4a63c0df)#0>proxy1:POST /v1/faultload/register(4a63c0df)#0, mode=null]",
    "min_ms" : 0.9364929795265198,
    "average_ms" : 1.362245442867279,
    "max_ms" : 3.703933000564575,
    "count" : 25,
    "values" : [ 3.703933, 1.791244, 1.510886, 1.315909, 1.228155, 1.696921, 1.204257, 1.267142, 0.936493, 1.257966, 1.097499, 1.16948, 1.228603, 1.334717, 1.497052, 1.048848, 1.309345, 1.202262, 1.229365, 1.206368, 1.019656, 1.054646, 1.410534, 1.239957, 1.094898 ]
  }, {
    "behaviour" : "Behaviour[uid=controller:POST /v1/faultload/register(4a63c0df)#0>proxy2:POST /v1/faultload/register(4a63c0df)#0, mode=null]",
    "min_ms" : 0.9488210082054138,
    "average_ms" : 1.3008280634880065,
    "max_ms" : 2.216733932495117,
    "count" : 25,
    "values" : [ 2.216734, 1.148755, 1.494316, 1.118966, 1.33609, 1.243067, 1.2767, 1.152463, 1.199852, 1.267204, 1.384998, 1.210003, 1.387399, 1.347306, 1.602116, 1.406629, 1.287386, 1.109528, 1.243434, 1.079327, 1.16147, 1.390999, 1.038766, 1.468373, 0.948821 ]
  }, {
    "behaviour" : "Behaviour[uid=controller:POST /v1/faultload/register(4a63c0df)#0>proxy1:POST /v1/faultload/register(4a63c0df)#0, mode=HTTP_ERROR(500)]",
    "min_ms" : 0.7310159802436829,
    "average_ms" : 1.2429125595092774,
    "max_ms" : 1.7469110488891602,
    "count" : 25,
    "values" : [ 1.271344, 1.324866, 1.532204, 1.245383, 1.476164, 1.066636, 1.705419, 1.16951, 0.974884, 1.114894, 1.294543, 0.731016, 1.368728, 1.249388, 1.351016, 1.541315, 0.889481, 1.053767, 1.248884, 1.071537, 1.746911, 1.022875, 1.018783, 1.649448, 0.953818 ]
  }, {
    "behaviour" : "Behaviour[uid=controller:POST /v1/faultload/register(4a63c0df)#0>proxy3:POST /v1/faultload/register(4a63c0df)#0, mode=null]",
    "min_ms" : 0.9526529908180237,
    "average_ms" : 1.2123855233192444,
    "max_ms" : 1.9890810251235962,
    "count" : 25,