{
  "stats" : {
    "nextFaultload" : {
      "count" : 10,
      "average" : {
        "ns" : 3644455.7,
        "us" : 3644.4557,
        "ms" : 3.6444557,
        "s" : 0.0036444557000000002
      },
      "min" : {
        "ns" : 2063628,
        "us" : 2063.628,
        "ms" : 2.063628,
        "s" : 0.002063628
      },
      "max" : {
        "ns" : 10187632,
        "us" : 10187.632,
        "ms" : 10.187632,
        "s" : 0.010187632
      }
    },
    "Per test" : {
      "count" : 9,
      "average" : {
        "ns" : 5.3994195777777776E7,
        "us" : 53994.19577777778,
        "ms" : 53.994195777777776,
        "s" : 0.053994195777777775
      },
      "min" : {
        "ns" : 25484181,
        "us" : 25484.181,
        "ms" : 25.484181,
        "s" : 0.025484181
      },
      "max" : {
        "ns" : 240343850,
        "us" : 240343.85,
        "ms" : 240.34385,
        "s" : 0.24034385
      }
    },
    "registerFaultload" : {
      "count" : 9,
      "average" : {
        "ns" : 1.8304247666666668E7,
        "us" : 18304.247666666666,
        "ms" : 18.30424766666667,
        "s" : 0.01830424766666667
      },
      "min" : {
        "ns" : 3679028,
        "us" : 3679.028,
        "ms" : 3.679028,
        "s" : 0.003679028
      },
      "max" : {
        "ns" : 117090386,
        "us" : 117090.386,
        "ms" : 117.090386,
        "s" : 0.117090386
      }
    },
    "testMethod" : {
      "count" : 9,
      "average" : {
        "ns" : 2.7026934222222224E7,
        "us" : 27026.934222222222,
        "ms" : 27.026934222222224,
        "s" : 0.027026934222222222
      },
      "min" : {
        "ns" : 15205043,
        "us" : 15205.043,
        "ms" : 15.205043,
        "s" : 0.015205043
      },
      "max" : {
        "ns" : 102936717,
        "us" : 102936.717,
        "ms" : 102.936717,
        "s" : 0.102936717
      }
    },
    "getTraceWithDelay" : {
      "count" : 9,
      "average" : {
        "ns" : 2.547585E7,
        "us" : 25475.85,
        "ms" : 25.47585,
        "s" : 0.02547585
      },
      "min" : {
        "ns" : 13782955,
        "us" : 13782.955,
        "ms" : 13.782955,
        "s" : 0.013782955
      },
      "max" : {
        "ns" : 99995137,
        "us" : 99995.137,
        "ms" : 99.995137,
        "s" : 0.099995137
      }
    },
    "getTrace" : {
      "count" : 9,
      "average" : {
        "ns" : 1.6578077222222222E7,
        "us" : 16578.077222222222,
        "ms" : 16.578077222222223,
        "s" : 0.016578077222222223
      },
      "min" : {
        "ns" : 7377258,
        "us" : 7377.258,
        "ms" : 7.377258,
        "s" : 0.007377258
      },
      "max" : {
        "ns" : 78892241,
        "us" : 78892.241,
        "ms" : 78.892241,
        "s" : 0.078892241
      }
    },
    "handleResult" : {
      "count" : 9,
      "average" : {
        "ns" : 4034704.777777778,
        "us" : 4034.704777777778,
        "ms" : 4.034704777777778,
        "s" : 0.004034704777777778
      },
      "min" : {
        "ns" : 1425389,
        "us" : 1425.389,
        "ms" : 1.425389,
        "s" : 0.001425389
      },
      "max" : {
        "ns" : 15871274,
        "us" : 15871.274,
        "ms" : 15.871274,
        "s" : 0.015871274
      }
    },
    "StrategyRunner.analyze" : {
      "count" : 9,
      "average" : {
        "ns" : 4001680.3333333335,
        "us" : 4001.6803333333337,
        "ms" : 4.001680333333334,
        "s" : 0.004001680333333334
      },
      "min" : {
        "ns" : 1417988,
        "us" : 1417.988,
        "ms" : 1.417988,
        "s" : 0.001417988
      },
      "max" : {
        "ns" : 15690763,
        "us" : 15690.763,
        "ms" : 15.690763,
        "s" : 0.015690763
      }
    },
    "DynamicExplorationGenerator.handleFeedback<Analyzer>" : {
      "count" : 9,
      "average" : {
        "ns" : 959203.3333333334,
        "us" : 959.2033333333334,
        "ms" : 0.9592033333333334,
        "s" : 9.592033333333333E-4
      },
      "min" : {
        "ns" : 98106,
        "us" : 98.106,
        "ms" : 0.098106,
        "s" : 9.8106E-5
      },
      "max" : {
        "ns" : 6629107,
        "us" : 6629.107,
        "ms" : 6.629107,
        "s" : 0.006629107
      }
    },
    "HappyPathDetector.handleFeedback<Analyzer>" : {
      "count" : 9,
      "average" : {
        "ns" : 37702.333333333336,
        "us" : 37.702333333333335,
        "ms" : 0.03770233333333334,
        "s" : 3.770233333333333E-5
      },
      "min" : {
        "ns" : 3300,
        "us" : 3.3,
        "ms" : 0.0033,
        "s" : 3.3E-6
      },
      "max" : {
        "ns" : 310019,
        "us" : 310.019,
        "ms" : 0.310019,
        "s" : 3.10019E-4
      }
    },
    "ParentChildDetector.handleFeedback<Analyzer>" : {
      "count" : 9,
      "average" : {
        "ns" : 354610.44444444444,
        "us" : 354.61044444444445,
        "ms" : 0.35461044444444445,
        "s" : 3.5461044444444446E-4
      },
      "min" : {
        "ns" : 41702,
        "us" : 41.702,
        "ms" : 0.041702,
        "s" : 4.1702E-5
      },
      "max" : {
        "ns" : 2558758,
        "us" : 2558.758,
        "ms" : 2.558758,
        "s" : 0.002558758
      }
    },
    "HappensBeforeNeighbourDetector.handleFeedback<Analyzer>" : {
      "count" : 9,
      "average" : {
        "ns" : 744968.2222222222,
        "us" : 744.9682222222223,
        "ms" : 0.7449682222222223,
        "s" : 7.449682222222222E-4
      },
      "min" : {
        "ns" : 15101,
        "us" : 15.101,
        "ms" : 0.015101,
        "s" : 1.5101E-5
      },
      "max" : {
        "ns" : 2209236,
        "us" : 2209.236,
        "ms" : 2.209236,
        "s" : 0.002209236
      }
    },
    "ErrorPropagationDetector.handleFeedback<Analyzer>" : {
      "count" : 9,
      "average" : {
        "ns" : 196089.88888888888,
        "us" : 196.08988888888888,
        "ms" : 0.19608988888888887,
        "s" : 1.9608988888888889E-4
      },
      "min" : {
        "ns" : 11600,
        "us" : 11.6,
        "ms" : 0.0116,
        "s" : 1.16E-5
      },
      "max" : {
        "ns" : 471329,
        "us" : 471.329,
        "ms" : 0.471329,
        "s" : 4.71329E-4
      }
    },
    "ConditionalPointDetector.handleFeedback<Analyzer>" : {
      "count" : 9,
      "average" : {
        "ns" : 1015918.0,
        "us" : 1015.918,
        "ms" : 1.015918,
        "s" : 0.001015918
      },
      "min" : {
        "ns" : 231114,
        "us" : 231.114,
        "ms" : 0.231114,
        "s" : 2.31114E-4
      },
      "max" : {
        "ns" : 4479475,
        "us" : 4479.475,
        "ms" : 4.479475,
        "s" : 0.004479475
      }
    },
    "RedundancyAnalyzer.handleFeedback<Analyzer>" : {
      "count" : 9,
      "average" : {
        "ns" : 68137.55555555556,
        "us" : 68.13755555555556,
        "ms" : 0.06813755555555556,
        "s" : 6.813755555555557E-5
      },
      "min" : {
        "ns" : 18402,
        "us" : 18.402,
        "ms" : 0.018402,
        "s" : 1.8402E-5
      },
      "max" : {
        "ns" : 249816,
        "us" : 249.816,
        "ms" : 0.249816,
        "s" : 2.49816E-4
      }
    },
    "StatusAnalyzer.handleFeedback<Analyzer>" : {
      "count" : 9,
      "average" : {
        "ns" : 32902.0,
        "us" : 32.902,
        "ms" : 0.032902,
        "s" : 3.2902E-5
      },
      "min" : {
        "ns" : 4700,
        "us" : 4.7,
        "ms" : 0.0047,
        "s" : 4.7E-6
      },
      "max" : {
        "ns" : 249716,
        "us" : 249.716,
        "ms" : 0.249716,
        "s" : 2.49716E-4
      }
    },
    "BehaviorAnalyzer.handleFeedback<Analyzer>" : {
      "count" : 9,
      "average" : {
        "ns" : 325131.3333333333,
        "us" : 325.1313333333333,
        "ms" : 0.3251313333333333,
        "s" : 3.251313333333333E-4
      },
      "min" : {
        "ns" : 102807,
        "us" : 102.807,
        "ms" : 0.102807,
        "s" : 1.02807E-4
      },
      "max" : {
        "ns" : 826151,