{
    "per_key": {
        "nextFaultload": {
            "n": 180,
            "mean": 6.556933366666667,
            "median": 3.6620679999999997,
            "std": 11.857080272409778,
            "min": 1.695964,
            "max": 59.585667,
            "p25": 2.3514429999999997,
            "p50": 3.6620679999999997,
            "p75": 5.034640749999999,
            "p90": 7.051953799999999,
            "p95": 51.171638349999974,
            "p99": 57.11613545
        },
        "Per test": {
            "n": 170,
            "mean": 73.2893093,
            "median": 65.441351,
            "std": 68.02947691408623,
            "min": 30.795790999999998,
            "max": 481.21243499999997,
            "p25": 35.710124,
            "p50": 65.441351,
            "p75": 79.048769,
            "p90": 85.3019457,
            "p95": 303.6592652999999,
            "p99": 318.6357589
        },
        "registerFaultload": {
            "n": 170,
            "mean": 12.799322994117647,
            "median": 4.5930789999999995,
            "std": 28.315167777135,
            "min": 3.5474409999999996,
            "max": 130.516136,
            "p25": 4.2013637500000005,
            "p50": 4.5930789999999995,
            "p75": 5.367603,
            "p90": 20.1327473,
            "p95": 120.03136974999998,
            "p99": 128.98853818
        },
        "unregisterFautload": {
            "n": 170,
            "mean": 4.377214335294117,
            "median": 4.2039185,
            "std": 0.7047898328939332,
            "min": 3.1476819999999996,
            "max": 7.116244,
            "p25": 3.86887775,
            "p50": 4.2039185,
            "p75": 4.7874402499999995,
            "p90": 5.2658062999999995,
            "p95": 5.459018749999999,
            "p99": 6.77336363
        },
        "testMethod": {
            "n": 170,
            "mean": 51.13237508823529,
            "median": 52.749922999999995,
            "std": 40.023479588731924,
            "min": 19.472361,
            "max": 336.369064,
            "p25": 22.710144749999998,
            "p50": 52.749922999999995,
            "p75": 67.30044799999999,
            "p90": 72.8211274,
            "p95": 156.47055904999996,
            "p99": 164.65141783
        },
        "getTraceWithDelay": {
            "n": 170,
            "mean": 23.21443425882353,
            "median": 16.0186865,
            "std": 23.2464548907832,
            "min": 11.338854999999999,
            "max": 119.759992,
            "p25": 14.116920749999998,
            "p50": 16.0186865,
            "p75": 19.368274999999997,
            "p90": 35.6193637,
            "p95": 109.63671239999998,
            "p99": 112.99434855999999
        },
        "handleResult": {
            "n": 170,
            "mean": 4.950194835294118,
            "median": 2.8361834999999997,
            "std": 5.5418784761446975,
            "min": 1.441846,
            "max": 21.518537,
            "p25": 2.2533675,
            "p50": 2.8361834999999997,
            "p75": 4.15880825,
            "p90": 18.1695369,
            "p95": 20.29545755,
            "p99": 21.41558421
        },
        "Total test time": {
            "n": 10,
            "mean": 1639.2636515,
            "median": 1624.276394,
            "std": 54.00318623006508,
            "min": 1596.1329469999998,
            "max": 1787.3397659999998,
            "p25": 1605.5333449999998,
            "p50": 1624.276394,
            "p75": 1649.9909922499999,
            "p90": 1675.5689909999999,
            "p95": 1731.4543784999996,
            "p99": 1776.1626884999998
        },
        "getExpectedBehaviours": {
            "n": 1640,
            "mean": 0.23115953292682925,
            "median": 0.12664799999999998,
            "std": 0.40467062312081103,
            "min": 0.035021,
            "max": 5.655837,
            "p25": 0.092448,
            "p50": 0.12664799999999998,
            "p75": 0.2232585,
            "p90": 0.4593820000000001,
            "p95": 0.7420039499999997,
            "p99": 1.4632677999999983
        },
        "getExpectedPoints": {
            "n": 1640,
            "mean": 0.28380368048780485,
            "median": 0.139209,
            "std": 0.47743790876292874,
            "min": 0.041051,
            "max": 6.401091999999999,
            "p25": 0.10205049999999999,
            "p50": 0.139209,
            "p75": 0.24645424999999999,
            "p90": 0.6485010000000009,
            "p95": 0.9523988999999998,
            "p99": 1.9651891799999917
        }
    }
}