{
  "stats" : {
    "nextFaultload" : {
      "count" : 10,
      "average" : {
        "ns" : 3785878.0,
        "us" : 3785.878,
        "ms" : 3.785878,
        "s" : 0.003785878
      },
      "min" : {
        "ns" : 2048823,
        "us" : 2048.823,
        "ms" : 2.048823,
        "s" : 0.002048823
      },
      "max" : {
        "ns" : 10699344,
        "us" : 10699.344,
        "ms" : 10.699344,
        "s" : 0.010699344
      }
    },
    "Per test" : {
      "count" : 9,
      "average" : {
        "ns" : 5.2609425E7,
        "us" : 52609.425,
        "ms" : 52.609425,
        "s" : 0.052609425
      },
      "min" : {
        "ns" : 26908221,
        "us" : 26908.221,
        "ms" : 26.908221,
        "s" : 0.026908221
      },
      "max" : {
        "ns" : 233458864,
        "us" : 233458.864,
        "ms" : 233.458864,
        "s" : 0.233458864
      }
    },
    "registerFaultload" : {
      "count" : 9,
      "average" : {
        "ns" : 1.8339726888888888E7,
        "us" : 18339.726888888887,
        "ms" : 18.339726888888887,
        "s" : 0.018339726888888887
      },
      "min" : {
        "ns" : 3685422,
        "us" : 3685.422,
        "ms" : 3.685422,
        "s" : 0.003685422
      },
      "max" : {
        "ns" : 114033269,
        "us" : 114033.269,
        "ms" : 114.033269,
        "s" : 0.114033269
      }
    },
    "testMethod" : {
      "count" : 9,
      "average" : {
        "ns" : 2.6327697E7,
        "us" : 26327.697,
        "ms" : 26.327697,
        "s" : 0.026327697
      },
      "min" : {
        "ns" : 16181275,
        "us" : 16181.275,
        "ms" : 16.181275,
        "s" : 0.016181275
      },
      "max" : {
        "ns" : 99607800,
        "us" : 99607.8,
        "ms" : 99.6078,
        "s" : 0.0996078
      }
    },
    "getTraceWithDelay" : {
      "count" : 9,
      "average" : {
        "ns" : 2.4394391555555556E7,
        "us" : 24394.391555555558,
        "ms" : 24.394391555555558,
        "s" : 0.024394391555555554
      },
      "min" : {
        "ns" : 12567357,
        "us" : 12567.357,
        "ms" : 12.567357,
        "s" : 0.012567357
      },
      "max" : {
        "ns" : 97610580,
        "us" : 97610.58,
        "ms" : 97.61058,
        "s" : 0.09761058
      }
    },
    "getTrace" : {
      "count" : 9,
      "average" : {
        "ns" : 1.6227433E7,
        "us" : 16227.433,
        "ms" : 16.227433,
        "s" : 0.016227433
      },
      "min" : {
        "ns" : 7066325,
        "us" : 7066.325,
        "ms" : 7.066325,
        "s" : 0.007066325
      },
      "max" : {
        "ns" : 77091444,
        "us" : 77091.444,
        "ms" : 77.091444,
        "s" : 0.077091444
      }
    },
    "handleResult" : {
      "count" : 9,
      "average" : {
        "ns" : 4059333.5555555555,
        "us" : 4059.3335555555554,
        "ms" : 4.059333555555556,
        "s" : 0.004059333555555556
      },
      "min" : {
        "ns" : 1582395,
        "us" : 1582.395,
        "ms" : 1.582395,
        "s" : 0.001582395
      },
      "max" : {
        "ns" : 15882657,
        "us" : 15882.657,
        "ms" : 15.882657,
        "s" : 0.015882657
      }
    },
    "StrategyRunner.analyze" : {
      "count" : 9,
      "average" : {
        "ns" : 4006897.111111111,
        "us" : 4006.897111111111,
        "ms" : 4.006897111111111,
        "s" : 0.004006897111111111
      },
      "min" : {
        "ns" : 1574595,
        "us" : 1574.595,
        "ms" : 1.574595,
        "s" : 0.001574595
      },
      "max" : {
        "ns" : 15700246,
        "us" : 15700.246,
        "ms" : 15.700246,
        "s" : 0.015700246
      }
    },
    "DynamicExplorationGenerator.handleFeedback<Analyzer>" : {
      "count" : 9,
      "average" : {
        "ns" : 1008916.2222222222,
        "us" : 1008.9162222222222,
        "ms" : 1.0089162222222223,
        "s" : 0.0010089162222222223
      },
      "min" : {
        "ns" : 87405,
        "us" : 87.405,
        "ms" : 0.087405,
        "s" : 8.7405E-5
      },
      "max" : {
        "ns" : 6832112,
        "us" : 6832.112,
        "ms" : 6.832112,
        "s" : 0.006832112
      }
    },
    "HappyPathDetector.handleFeedback<Analyzer>" : {
      "count" : 9,
      "average" : {
        "ns" : 53214.444444444445,
        "us" : 53.214444444444446,
        "ms" : 0.053214444444444446,
        "s" : 5.3214444444444446E-5
      },
      "min" : {
        "ns" : 3600,
        "us" : 3.6,
        "ms" : 0.0036,
        "s" : 3.6E-6
      },
      "max" : {
        "ns" : 447027,
        "us" : 447.027,
        "ms" : 0.447027,
        "s" : 4.47027E-4
      }
    },
    "ParentChildDetector.handleFeedback<Analyzer>" : {
      "count" : 9,
      "average" : {
        "ns" : 330497.6666666667,
        "us" : 330.4976666666667,
        "ms" : 0.3304976666666667,
        "s" : 3.304976666666667E-4
      },
      "min" : {
        "ns" : 49503,
        "us" : 49.503,
        "ms" : 0.049503,
        "s" : 4.9503E-5
      },
      "max" : {
        "ns" : 2371943,
        "us" : 2371.943,
        "ms" : 2.371943,
        "s" : 0.002371943
      }
    },
    "HappensBeforeNeighbourDetector.handleFeedback<Analyzer>" : {
      "count" : 9,
      "average" : {
        "ns" : 780169.3333333334,
        "us" : 780.1693333333334,
        "ms" : 0.7801693333333334,
        "s" : 7.801693333333334E-4
      },
      "min" : {
        "ns" : 9000,
        "us" : 9.0,
        "ms" : 0.009,
        "s" : 9.0E-6
      },
      "max" : {
        "ns" : 2216834,
        "us" : 2216.834,
        "ms" : 2.216834,
        "s" : 0.002216834
      }
    },
    "ErrorPropagationDetector.handleFeedback<Analyzer>" : {
      "count" : 9,
      "average" : {
        "ns" : 186778.22222222222,
        "us" : 186.7782222222222,
        "ms" : 0.1867782222222222,
        "s" : 1.8677822222222222E-4
      },
      "min" : {
        "ns" : 12101,
        "us" : 12.101,
        "ms" : 0.012101,
        "s" : 1.2101E-5
      },
      "max" : {
        "ns" : 490230,
        "us" : 490.23,
        "ms" : 0.49023,
        "s" : 4.9023E-4
      }
    },
    "ConditionalPointDetector.handleFeedback<Analyzer>" : {
      "count" : 9,
      "average" : {
        "ns" : 974103.0,
        "us" : 974.103,
        "ms" : 0.974103,
        "s" : 9.74103E-4
      },
      "min" : {
        "ns" : 231614,
        "us" : 231.614,
        "ms" : 0.231614,
        "s" : 2.31614E-4
      },
      "max" : {
        "ns" : 4413666,
        "us" : 4413.666,
        "ms" : 4.413666,
        "s" : 0.004413666
      }
    },
    "RedundancyAnalyzer.handleFeedback<Analyzer>" : {
      "count" : 9,
      "average" : {
        "ns" : 61492.77777777778,
        "us" : 61.49277777777778,
        "ms" : 0.06149277777777778,
        "s" : 6.149277777777778E-5
      },
      "min" : {
        "ns" : 19701,
        "us" : 19.701,
        "ms" : 0.019701,
        "s" : 1.9701E-5
      },
      "max" : {
        "ns" : 296518,
        "us" : 296.518,
        "ms" : 0.296518,
        "s" : 2.96518E-4
      }
    },
    "StatusAnalyzer.handleFeedback<Analyzer>" : {
      "count" : 9,
      "average" : {
        "ns" : 35035.333333333336,
        "us" : 35.035333333333334,
        "ms" : 0.035035333333333335,
        "s" : 3.503533333333333E-5
      },
      "min" : {
        "ns" : 4800,
        "us" : 4.8,
        "ms" : 0.0048,
        "s" : 4.8E-6
      },
      "max" : {
        "ns" : 265916,
        "us" : 265.916,
        "ms" : 0.265916,
        "s" : 2.65916E-4
      }
    },
    "BehaviorAnalyzer.handleFeedback<Analyzer>" : {
      "count" : 9,
      "average" : {
        "ns" : 295073.3333333333,
        "us" : 295.0733333333333,
        "ms" : 0.2950733333333333,
        "s" : 2.950733333333333E-4
      },
      "min" : {
        "ns" : 97506,
        "us" : 97.506,
        "ms" : 0.097506,
        "s" : 9.7506E-5
      },
      "max" : {
        "ns" : 806649,
        "us" : 806.649,
        "ms" : 0.806649,