{
  "stats" : {
    "nextFaultload" : {
      "count" : 6,
      "average" : {
        "ns" : 2944180.0,
        "us" : 2944.18,
        "ms" : 2.94418,
        "s" : 0.00294418
      },
      "min" : {
        "ns" : 21302,
        "us" : 21.302,
        "ms" : 0.021302,
        "s" : 2.1302E-5
      },
      "max" : {
        "ns" : 7094333,
        "us" : 7094.333,
        "ms" : 7.094333,
        "s" : 0.007094333
      }
    },
    "Per test" : {
      "count" : 5,
      "average" : {
        "ns" : 7.00619788E7,
        "us" : 70061.9788,
        "ms" : 70.06197879999999,
        "s" : 0.0700619788
      },
      "min" : {
        "ns" : 24607903,
        "us" : 24607.903,
        "ms" : 24.607903,
        "s" : 0.024607903
      },
      "max" : {
        "ns" : 226686743,
        "us" : 226686.743,
        "ms" : 226.686743,
        "s" : 0.226686743
      }
    },
    "registerFaultload" : {
      "count" : 5,
      "average" : {
        "ns" : 2.92849686E7,
        "us" : 29284.9686,
        "ms" : 29.284968600000003,
        "s" : 0.029284968600000003
      },
      "min" : {
        "ns" : 3830934,
        "us" : 3830.934,
        "ms" : 3.830934,
        "s" : 0.003830934
      },
      "max" : {
        "ns" : 114312381,
        "us" : 114312.381,
        "ms" : 114.312381,
        "s" : 0.114312381
      }
    },
    "testMethod" : {
      "count" : 5,
      "average" : {
        "ns" : 3.18684462E7,
        "us" : 31868.4462,
        "ms" : 31.868446199999998,
        "s" : 0.0318684462
      },
      "min" : {
        "ns" : 15184528,
        "us" : 15184.528,
        "ms" : 15.184528,
        "s" : 0.015184528
      },
      "max" : {
        "ns" : 94047643,
        "us" : 94047.643,
        "ms" : 94.047643,
        "s" : 0.094047643
      }
    },
    "getTraceWithDelay" : {
      "count" : 5,
      "average" : {
        "ns" : 3.20844992E7,
        "us" : 32084.4992,
        "ms" : 32.084499199999996,
        "s" : 0.0320844992
      },
      "min" : {
        "ns" : 14010155,
        "us" : 14010.155,
        "ms" : 14.010155,
        "s" : 0.014010155
      },
      "max" : {
        "ns" : 95519133,
        "us" : 95519.133,
        "ms" : 95.519133,
        "s" : 0.095519133
      }
    },
    "getTrace" : {
      "count" : 5,
      "average" : {
        "ns" : 2.28879576E7,
        "us" : 22887.9576,
        "ms" : 22.8879576,
        "s" : 0.0228879576
      },
      "min" : {
        "ns" : 8785436,
        "us" : 8785.436,
        "ms" : 8.785436,
        "s" : 0.008785436
      },
      "max" : {
        "ns" : 76441868,
        "us" : 76441.868,
        "ms" : 76.441868,
        "s" : 0.076441868
      }
    },
    "handleResult" : {
      "count" : 5,
      "average" : {
        "ns" : 4844676.0,
        "us" : 4844.676,
        "ms" : 4.844676,
        "s" : 0.004844676
      },
      "min" : {
        "ns" : 1599698,
        "us" : 1599.698,
        "ms" : 1.599698,
        "s" : 0.001599698
      },
      "max" : {
        "ns" : 14375178,
        "us" : 14375.178,
        "ms" : 14.375178,
        "s" : 0.014375178
      }
    },
    "StrategyRunner.analyze" : {
      "count" : 5,
      "average" : {
        "ns" : 4789352.2,
        "us" : 4789.3522,
        "ms" : 4.789352200000001,
        "s" : 0.0047893522
      },
      "min" : {
        "ns" : 1592497,
        "us" : 1592.497,
        "ms" : 1.592497,
        "s" : 0.001592497
      },
      "max" : {
        "ns" : 14128963,
        "us" : 14128.963,
        "ms" : 14.128963,
        "s" : 0.014128963
      }
    },
    "DynamicExplorationGenerator.handleFeedback<Analyzer>" : {
      "count" : 5,
      "average" : {
        "ns" : 1230894.8,
        "us" : 1230.8948,
        "ms" : 1.2308948,
        "s" : 0.0012308948
      },
      "min" : {
        "ns" : 102806,
        "us" : 102.806,
        "ms" : 0.102806,
        "s" : 1.02806E-4
      },
      "max" : {
        "ns" : 5363627,
        "us" : 5363.627,
        "ms" : 5.363627,
        "s" : 0.005363627
      }
    },
    "HappyPathDetector.handleFeedback<Analyzer>" : {
      "count" : 5,
      "average" : {
        "ns" : 83285.4,
        "us" : 83.2854,
        "ms" : 0.0832854,
        "s" : 8.32854E-5
      },
      "min" : {
        "ns" : 3600,
        "us" : 3.6,
        "ms" : 0.0036,
        "s" : 3.6E-6
      },
      "max" : {
        "ns" : 400324,
        "us" : 400.324,
        "ms" : 0.400324,
        "s" : 4.00324E-4
      }
    },
    "ParentChildDetector.handleFeedback<Analyzer>" : {
      "count" : 5,
      "average" : {
        "ns" : 557254.0,
        "us" : 557.254,
        "ms" : 0.557254,
        "s" : 5.57254E-4
      },
      "min" : {
        "ns" : 53503,
        "us" : 53.503,
        "ms" : 0.053503,
        "s" : 5.3503E-5
      },
      "max" : {
        "ns" : 2261138,
        "us" : 2261.138,
        "ms" : 2.261138,
        "s" : 0.002261138
      }
    },
    "HappensBeforeNeighbourDetector.handleFeedback<Analyzer>" : {
      "count" : 5,
      "average" : {
        "ns" : 455687.6,
        "us" : 455.6876,
        "ms" : 0.45568759999999997,
        "s" : 4.5568759999999996E-4
      },
      "min" : {
        "ns" : 8700,
        "us" : 8.7,
        "ms" : 0.0087,
        "s" : 8.7E-6
      },
      "max" : {
        "ns" : 1255376,
        "us" : 1255.376,
        "ms" : 1.255376,
        "s" : 0.001255376
      }
    },
    "ErrorPropagationDetector.handleFeedback<Analyzer>" : {
      "count" : 5,
      "average" : {
        "ns" : 317559.2,
        "us" : 317.55920000000003,
        "ms" : 0.3175592,
        "s" : 3.175592E-4
      },
      "min" : {
        "ns" : 12301,
        "us" : 12.301,
        "ms" : 0.012301,
        "s" : 1.2301E-5
      },
      "max" : {
        "ns" : 795148,
        "us" : 795.148,
        "ms" : 0.795148,
        "s" : 7.95148E-4
      }
    },
    "ConditionalPointDetector.handleFeedback<Analyzer>" : {
      "count" : 5,
      "average" : {
        "ns" : 1135049.4,
        "us" : 1135.0493999999999,
        "ms" : 1.1350494,
        "s" : 0.0011350493999999999
      },
      "min" : {
        "ns" : 194912,
        "us" : 194.912,
        "ms" : 0.194912,
        "s" : 1.94912E-4
      },
      "max" : {
        "ns" : 4512976,
        "us" : 4512.976,
        "ms" : 4.512976,
        "s" : 0.004512976
      }
    },
    "RedundancyAnalyzer.handleFeedback<Analyzer>" : {
      "count" : 5,
      "average" : {
        "ns" : 84645.2,
        "us" : 84.6452,
        "ms" : 0.0846452,
        "s" : 8.46452E-5
      },
      "min" : {
        "ns" : 23802,
        "us" : 23.802,
        "ms" : 0.023802,
        "s" : 2.3802E-5
      },
      "max" : {
        "ns" : 165310,
        "us" : 165.31,
        "ms" : 0.16531,
        "s" : 1.6531E-4
      }
    },
    "StatusAnalyzer.handleFeedback<Analyzer>" : {
      "count" : 5,
      "average" : {
        "ns" : 54323.4,
        "us" : 54.3234,
        "ms" : 0.0543234,
        "s" : 5.43234E-5
      },
      "min" : {
        "ns" : 5300,
        "us" : 5.3,
        "ms" : 0.0053,
        "s" : 5.3E-6
      },
      "max" : {
        "ns" : 230614,
        "us" : 230.614,
        "ms" : 0.230614,
        "s" : 2.30614E-4
      }
    },
    "BehaviorAnalyzer.handleFeedback<Analyzer>" : {
      "count" : 5,
      "average" : {
        "ns" : 421846.0,
        "us" : 421.846,
        "ms" : 0.421846,
        "s" : 4.21846E-4
      },
      "min" : {
        "ns" : 141709,
        "us" : 141.709,
        "ms" : 0.141709,
        "s" : 1.41709E-4
      },
      "max" : {
        "ns" : 797649,
        "us" : 797.649,
        "ms" : 0.797649,
        "s" : 7.97649E-4
      }
    },
    "TimingAnalyzer.handleFeedback<Analyzer>" : {
      "count" : 5,
      "average" : {
        "ns" : 302038.6,
        "us" : 302.0386,
        "ms" : 0.3020386,
        "s" : 3.0203859999999996E-4
      },
      "min" : {
        "ns" : 160710,
        "us" : 160.71,
        "ms" : 0.16071,