{
  "stats" : {
    "nextFaultload" : {
      "count" : 10,
      "average" : {
        "ns" : 3692262.0,
        "us" : 3692.262,
        "ms" : 3.692262,
        "s" : 0.003692262
      },
      "min" : {
        "ns" : 2128611,
        "us" : 2128.611,
        "ms" : 2.128611,
        "s" : 0.002128611
      },
      "max" : {
        "ns" : 9815710,
        "us" : 9815.71,
        "ms" : 9.81571,
        "s" : 0.00981571
      }
    },
    "Per test" : {
      "count" : 9,
      "average" : {
        "ns" : 5.699813888888889E7,
        "us" : 56998.13888888889,
        "ms" : 56.99813888888889,
        "s" : 0.05699813888888889
      },
      "min" : {
        "ns" : 28443177,
        "us" : 28443.177,
        "ms" : 28.443177,
        "s" : 0.028443177
      },
      "max" : {
        "ns" : 230116955,
        "us" : 230116.955,
        "ms" : 230.116955,
        "s" : 0.230116955
      }
    },
    "registerFaultload" : {
      "count" : 9,
      "average" : {
        "ns" : 1.6664487777777778E7,
        "us" : 16664.487777777777,
        "ms" : 16.66448777777778,
        "s" : 0.01666448777777778
      },
      "min" : {
        "ns" : 2819246,
        "us" : 2819.246,
        "ms" : 2.819246,
        "s" : 0.002819246
      },
      "max" : {
        "ns" : 109134270,
        "us" : 109134.27,
        "ms" : 109.13427,
        "s" : 0.10913427
      }
    },
    "testMethod" : {
      "count" : 9,
      "average" : {
        "ns" : 1.4380791666666666E7,
        "us" : 14380.791666666666,
        "ms" : 14.380791666666665,
        "s" : 0.014380791666666667
      },
      "min" : {
        "ns" : 11800413,
        "us" : 11800.413,
        "ms" : 11.800413,
        "s" : 0.011800413
      },
      "max" : {
        "ns" : 19569016,
        "us" : 19569.016,
        "ms" : 19.569016,
        "s" : 0.019569016
      }
    },
    "getTraceWithDelay" : {
      "count" : 9,
      "average" : {
        "ns" : 2.5715435777777776E7,
        "us" : 25715.435777777777,
        "ms" : 25.715435777777778,
        "s" : 0.025715435777777775
      },
      "min" : {
        "ns" : 12560253,
        "us" : 12560.253,
        "ms" : 12.560253,
        "s" : 0.012560253
      },
      "max" : {
        "ns" : 101149955,
        "us" : 101149.955,
        "ms" : 101.149955,
        "s" : 0.101149955
      }
    },
    "getTrace" : {
      "count" : 9,
      "average" : {
        "ns" : 1.5809687888888888E7,
        "us" : 15809.687888888888,
        "ms" : 15.809687888888888,
        "s" : 0.01580968788888889
      },
      "min" : {
        "ns" : 7332881,
        "us" : 7332.881,
        "ms" : 7.332881,
        "s" : 0.007332881
      },
      "max" : {
        "ns" : 72766780,
        "us" : 72766.78,
        "ms" : 72.76678,
        "s" : 0.07276678
      }
    },
    "handleResult" : {
      "count" : 9,
      "average" : {
        "ns" : 6304560.777777778,
        "us" : 6304.560777777778,
        "ms" : 6.304560777777778,
        "s" : 0.006304560777777778
      },
      "min" : {
        "ns" : 2467828,
        "us" : 2467.828,
        "ms" : 2.467828,
        "s" : 0.002467828
      },
      "max" : {
        "ns" : 19894033,
        "us" : 19894.033,
        "ms" : 19.894033,
        "s" : 0.019894033
      }
    },
    "StrategyRunner.analyze" : {
      "count" : 9,
      "average" : {
        "ns" : 6157331.0,
        "us" : 6157.331,
        "ms" : 6.157331,
        "s" : 0.006157331
      },
      "min" : {
        "ns" : 2378024,
        "us" : 2378.024,
        "ms" : 2.378024,
        "s" : 0.002378024
      },
      "max" : {
        "ns" : 19482612,
        "us" : 19482.612,
        "ms" : 19.482612,
        "s" : 0.019482612
      }
    },
    "DynamicExplorationGenerator.handleFeedback<Analyzer>" : {
      "count" : 9,
      "average" : {
        "ns" : 1026008.7777777778,
        "us" : 1026.0087777777778,
        "ms" : 1.0260087777777778,
        "s" : 0.0010260087777777779
      },
      "min" : {
        "ns" : 88004,
        "us" : 88.004,
        "ms" : 0.088004,
        "s" : 8.8004E-5
      },
      "max" : {
        "ns" : 5549388,
        "us" : 5549.388,
        "ms" : 5.549388,
        "s" : 0.005549388
      }
    },
    "HappyPathDetector.handleFeedback<Analyzer>" : {
      "count" : 9,
      "average" : {
        "ns" : 59892.0,
        "us" : 59.892,
        "ms" : 0.059892,
        "s" : 5.9892E-5
      },
      "min" : {
        "ns" : 3001,
        "us" : 3.001,
        "ms" : 0.003001,
        "s" : 3.001E-6
      },
      "max" : {
        "ns" : 506726,
        "us" : 506.726,
        "ms" : 0.506726,
        "s" : 5.06726E-4
      }
    },
    "ParentChildDetector.handleFeedback<Analyzer>" : {
      "count" : 9,
      "average" : {
        "ns" : 921247.7777777778,
        "us" : 921.2477777777777,
        "ms" : 0.9212477777777778,
        "s" : 9.212477777777778E-4
      },
      "min" : {
        "ns" : 41802,
        "us" : 41.802,
        "ms" : 0.041802,
        "s" : 4.1802E-5
      },
      "max" : {
        "ns" : 7605395,
        "us" : 7605.395,
        "ms" : 7.605395,
        "s" : 0.007605395
      }
    },
    "HappensBeforeNeighbourDetector.handleFeedback<Analyzer>" : {
      "count" : 9,
      "average" : {
        "ns" : 492903.55555555556,
        "us" : 492.90355555555556,
        "ms" : 0.49290355555555554,
        "s" : 4.929035555555556E-4
      },
      "min" : {
        "ns" : 11700,
        "us" : 11.7,
        "ms" : 0.0117,
        "s" : 1.17E-5
      },
      "max" : {
        "ns" : 1105258,
        "us" : 1105.258,
        "ms" : 1.105258,
        "s" : 0.001105258
      }
    },
    "ErrorPropagationDetector.handleFeedback<Analyzer>" : {
      "count" : 9,
      "average" : {
        "ns" : 318316.6666666667,
        "us" : 318.31666666666666,
        "ms" : 0.3183166666666667,
        "s" : 3.1831666666666666E-4
      },
      "min" : {
        "ns" : 4200,
        "us" : 4.2,
        "ms" : 0.0042,
        "s" : 4.2E-6
      },
      "max" : {
        "ns" : 1454876,
        "us" : 1454.876,
        "ms" : 1.454876,
        "s" : 0.001454876
      }
    },
    "ConditionalPointDetector.handleFeedback<Analyzer>" : {
      "count" : 9,
      "average" : {
        "ns" : 2190936.111111111,
        "us" : 2190.936111111111,
        "ms" : 2.190936111111111,
        "s" : 0.002190936111111111
      },
      "min" : {
        "ns" : 306216,
        "us" : 306.216,
        "ms" : 0.306216,
        "s" : 3.06216E-4
      },
      "max" : {
        "ns" : 7616796,
        "us" : 7616.796,
        "ms" : 7.616796,
        "s" : 0.007616796
      }
    },
    "RedundancyAnalyzer.handleFeedback<Analyzer>" : {
      "count" : 9,
      "average" : {
        "ns" : 39268.666666666664,
        "us" : 39.26866666666666,
        "ms" : 0.03926866666666667,
        "s" : 3.9268666666666666E-5
      },
      "min" : {
        "ns" : 15500,
        "us" : 15.5,
        "ms" : 0.0155,
        "s" : 1.55E-5
      },
      "max" : {
        "ns" : 96805,
        "us" : 96.805,
        "ms" : 0.096805,
        "s" : 9.6805E-5
      }
    },
    "StatusAnalyzer.handleFeedback<Analyzer>" : {
      "count" : 9,
      "average" : {
        "ns" : 19356.88888888889,
        "us" : 19.35688888888889,
        "ms" : 0.019356888888888892,
        "s" : 1.9356888888888892E-5
      },
      "min" : {
        "ns" : 4401,
        "us" : 4.401,
        "ms" : 0.004401,
        "s" : 4.401E-6
      },
      "max" : {
        "ns" : 129407,
        "us" : 129.407,
        "ms" : 0.129407,
        "s" : 1.29407E-4
      }
    },
    "BehaviorAnalyzer.handleFeedback<Analyzer>" : {
      "count" : 9,
      "average" : {
        "ns" : 580430.1111111111,
        "us" : 580.4301111111112,
        "ms" : 0.5804301111111111,
        "s" : 5.804301111111111E-4
      },
      "min" : {
        "ns" : 302816,
        "us" : 302.816,
        "ms" : 0.302816,
        "s" : 3.02816E-4
      },