{
  "stats" : {
    "nextFaultload" : {
      "count" : 22,
      "average" : {
        "ns" : 2604849.8636363638,
        "us" : 2604.849863636364,
        "ms" : 2.604849863636364,
        "s" : 0.0026048498636363636
      },
      "min" : {
        "ns" : 325713,
        "us" : 325.713,
        "ms" : 0.325713,
        "s" : 3.25713E-4
      },
      "max" : {
        "ns" : 4205661,
        "us" : 4205.661,
        "ms" : 4.205661,
        "s" : 0.004205661
      }
    },
    "Per test" : {
      "count" : 21,
      "average" : {
        "ns" : 4.2453207428571425E7,
        "us" : 42453.207428571426,
        "ms" : 42.453207428571424,
        "s" : 0.04245320742857143
      },
      "min" : {
        "ns" : 26368310,
        "us" : 26368.31,
        "ms" : 26.36831,
        "s" : 0.02636831
      },
      "max" : {
        "ns" : 240776225,
        "us" : 240776.225,
        "ms" : 240.776225,
        "s" : 0.240776225
      }
    },
    "registerFaultload" : {
      "count" : 21,
      "average" : {
        "ns" : 9556442.333333334,
        "us" : 9556.442333333334,
        "ms" : 9.556442333333335,
        "s" : 0.009556442333333333
      },
      "min" : {
        "ns" : 2761006,
        "us" : 2761.006,
        "ms" : 2.761006,
        "s" : 0.002761006
      },
      "max" : {
        "ns" : 113876463,
        "us" : 113876.463,
        "ms" : 113.876463,
        "s" : 0.113876463
      }
    },
    "testMethod" : {
      "count" : 21,
      "average" : {
        "ns" : 1.4876241238095239E7,
        "us" : 14876.24123809524,
        "ms" : 14.876241238095238,
        "s" : 0.014876241238095238
      },
      "min" : {
        "ns" : 11950757,
        "us" : 11950.757,
        "ms" : 11.950757,
        "s" : 0.011950757
      },
      "max" : {
        "ns" : 25179865,
        "us" : 25179.865,
        "ms" : 25.179865,
        "s" : 0.025179865
      }
    },
    "getTraceWithDelay" : {
      "count" : 21,
      "average" : {
        "ns" : 1.7794210333333332E7,
        "us" : 17794.210333333333,
        "ms" : 17.794210333333332,
        "s" : 0.01779421033333333
      },
      "min" : {
        "ns" : 10445201,
        "us" : 10445.201,
        "ms" : 10.445201,
        "s" : 0.010445201
      },
      "max" : {
        "ns" : 101384784,
        "us" : 101384.784,
        "ms" : 101.384784,
        "s" : 0.101384784
      }
    },
    "getTrace" : {
      "count" : 21,
      "average" : {
        "ns" : 1.0522126857142856E7,
        "us" : 10522.126857142855,
        "ms" : 10.522126857142856,
        "s" : 0.010522126857142856
      },
      "min" : {
        "ns" : 5393806,
        "us" : 5393.806,
        "ms" : 5.393806,
        "s" : 0.005393806
      },
      "max" : {
        "ns" : 73341410,
        "us" : 73341.41,
        "ms" : 73.34141,
        "s" : 0.07334141
      }
    },
    "handleResult" : {
      "count" : 21,
      "average" : {
        "ns" : 3794355.0,
        "us" : 3794.355,
        "ms" : 3.794355,
        "s" : 0.003794355
      },
      "min" : {
        "ns" : 1918374,
        "us" : 1918.374,
        "ms" : 1.918374,
        "s" : 0.001918374
      },
      "max" : {
        "ns" : 19151134,
        "us" : 19151.134,
        "ms" : 19.151134,
        "s" : 0.019151134
      }
    },
    "StrategyRunner.analyze" : {
      "count" : 21,
      "average" : {
        "ns" : 3681926.761904762,
        "us" : 3681.9267619047623,
        "ms" : 3.681926761904762,
        "s" : 0.0036819267619047622
      },
      "min" : {
        "ns" : 1849371,
        "us" : 1849.371,
        "ms" : 1.849371,
        "s" : 0.001849371
      },
      "max" : {
        "ns" : 18826421,
        "us" : 18826.421,
        "ms" : 18.826421,
        "s" : 0.018826421
      }
    },
    "DynamicExplorationGenerator.handleFeedback<Analyzer>" : {
      "count" : 21,
      "average" : {
        "ns" : 507476.5714285714,
        "us" : 507.47657142857145,
        "ms" : 0.5074765714285714,
        "s" : 5.074765714285714E-4
      },
      "min" : {
        "ns" : 70903,
        "us" : 70.903,
        "ms" : 0.070903,
        "s" : 7.0903E-5
      },
      "max" : {
        "ns" : 5494811,
        "us" : 5494.811,
        "ms" : 5.494811,
        "s" : 0.005494811
      }
    },
    "HappyPathDetector.handleFeedback<Analyzer>" : {
      "count" : 21,
      "average" : {
        "ns" : 30615.47619047619,
        "us" : 30.61547619047619,
        "ms" : 0.03061547619047619,
        "s" : 3.061547619047619E-5
      },
      "min" : {
        "ns" : 2200,
        "us" : 2.2,
        "ms" : 0.0022,
        "s" : 2.2E-6
      },
      "max" : {
        "ns" : 568622,
        "us" : 568.622,
        "ms" : 0.568622,
        "s" : 5.68622E-4
      }
    },
    "ParentChildDetector.handleFeedback<Analyzer>" : {
      "count" : 21,
      "average" : {
        "ns" : 416125.5238095238,
        "us" : 416.12552380952377,
        "ms" : 0.4161255238095238,
        "s" : 4.161255238095238E-4
      },
      "min" : {
        "ns" : 37501,
        "us" : 37.501,
        "ms" : 0.037501,
        "s" : 3.7501E-5
      },
      "max" : {
        "ns" : 7152074,
        "us" : 7152.074,
        "ms" : 7.152074,
        "s" : 0.007152074
      }
    },
    "HappensBeforeNeighbourDetector.handleFeedback<Analyzer>" : {
      "count" : 21,
      "average" : {
        "ns" : 450274.4285714286,
        "us" : 450.2744285714286,
        "ms" : 0.4502744285714286,
        "s" : 4.502744285714286E-4
      },
      "min" : {
        "ns" : 9800,
        "us" : 9.8,
        "ms" : 0.0098,
        "s" : 9.8E-6
      },
      "max" : {
        "ns" : 1142444,
        "us" : 1142.444,
        "ms" : 1.142444,
        "s" : 0.001142444
      }
    },
    "ErrorPropagationDetector.handleFeedback<Analyzer>" : {
      "count" : 21,
      "average" : {
        "ns" : 403220.28571428574,
        "us" : 403.22028571428575,
        "ms" : 0.40322028571428575,
        "s" : 4.0322028571428576E-4
      },
      "min" : {
        "ns" : 4200,
        "us" : 4.2,
        "ms" : 0.0042,
        "s" : 4.2E-6
      },
      "max" : {
        "ns" : 1486257,
        "us" : 1486.257,
        "ms" : 1.486257,
        "s" : 0.001486257
      }
    },
    "ConditionalPointDetector.handleFeedback<Analyzer>" : {
      "count" : 21,
      "average" : {
        "ns" : 749390.4761904762,
        "us" : 749.3904761904762,
        "ms" : 0.7493904761904762,
        "s" : 7.493904761904762E-4
      },
      "min" : {
        "ns" : 140705,
        "us" : 140.705,
        "ms" : 0.140705,
        "s" : 1.40705E-4
      },
      "max" : {
        "ns" : 4230862,
        "us" : 4230.862,
        "ms" : 4.230862,
        "s" : 0.004230862
      }
    },
    "RedundancyAnalyzer.handleFeedback<Analyzer>" : {
      "count" : 21,
      "average" : {
        "ns" : 42639.857142857145,
        "us" : 42.639857142857146,
        "ms" : 0.042639857142857146,
        "s" : 4.263985714285714E-5
      },
      "min" : {
        "ns" : 16401,
        "us" : 16.401,
        "ms" : 0.016401,
        "s" : 1.6401E-5
      },
      "max" : {
        "ns" : 170806,
        "us" : 170.806,
        "ms" : 0.170806,
        "s" : 1.70806E-4
      }
    },
    "StatusAnalyzer.handleFeedback<Analyzer>" : {
      "count" : 21,
      "average" : {
        "ns" : 19605.428571428572,
        "us" : 19.605428571428572,
        "ms" : 0.019605428571428572,
        "s" : 1.9605428571428572E-5
      },
      "min" : {
        "ns" : 3800,
        "us" : 3.8,
        "ms" : 0.0038,
        "s" : 3.8E-6
      },
      "max" : {
        "ns" : 177707,
        "us" : 177.707,
        "ms" : 0.177707,
        "s" : 1.77707E-4
      }
    },
    "BehaviorAnalyzer.handleFeedback<Analyzer>" : {
      "count" : 21,
      "average" : {
        "ns" : 489442.5238095238,
        "us" : 489.4425238095238,
        "ms" : 0.4894425238095238,
        "s" : 4.894425238095238E-4
      },
      "min" : {
        "ns" : 299811,
        "us" : 299.811,