{
  "stats" : {
    "nextFaultload" : {
      "count" : 9,
      "average" : {
        "ns" : 2252247.888888889,
        "us" : 2252.247888888889,
        "ms" : 2.252247888888889,
        "s" : 0.002252247888888889
      },
      "min" : {
        "ns" : 21720,
        "us" : 21.72,
        "ms" : 0.02172,
        "s" : 2.172E-5
      },
      "max" : {
        "ns" : 4240720,
        "us" : 4240.72,
        "ms" : 4.24072,
        "s" : 0.00424072
      }
    },
    "Per test" : {
      "count" : 8,
      "average" : {
        "ns" : 1.22834292875E8,
        "us" : 122834.292875,
        "ms" : 122.834292875,
        "s" : 0.122834292875
      },
      "min" : {
        "ns" : 54526592,
        "us" : 54526.592,
        "ms" : 54.526592,
        "s" : 0.054526592
      },
      "max" : {
        "ns" : 355847531,
        "us" : 355847.531,
        "ms" : 355.847531,
        "s" : 0.355847531
      }
    },
    "registerFaultload" : {
      "count" : 8,
      "average" : {
        "ns" : 1.892434925E7,
        "us" : 18924.34925,
        "ms" : 18.92434925,
        "s" : 0.01892434925
      },
      "min" : {
        "ns" : 3135900,
        "us" : 3135.9,
        "ms" : 3.1359,
        "s" : 0.0031359
      },
      "max" : {
        "ns" : 107872213,
        "us" : 107872.213,
        "ms" : 107.872213,
        "s" : 0.107872213
      }
    },
    "testMethod" : {
      "count" : 8,
      "average" : {
        "ns" : 7.7569010125E7,
        "us" : 77569.010125,
        "ms" : 77.569010125,
        "s" : 0.077569010125
      },
      "min" : {
        "ns" : 38946334,
        "us" : 38946.334,
        "ms" : 38.946334,
        "s" : 0.038946334
      },
      "max" : {
        "ns" : 158495609,
        "us" : 158495.609,
        "ms" : 158.495609,
        "s" : 0.158495609
      }
    },
    "getTraceWithDelay" : {
      "count" : 8,
      "average" : {
        "ns" : 2.6347818875E7,
        "us" : 26347.818875,
        "ms" : 26.347818875,
        "s" : 0.026347818875
      },
      "min" : {
        "ns" : 11401842,
        "us" : 11401.842,
        "ms" : 11.401842,
        "s" : 0.011401842
      },
      "max" : {
        "ns" : 89411356,
        "us" : 89411.356,
        "ms" : 89.411356,
        "s" : 0.089411356
      }
    },
    "getTrace" : {
      "count" : 8,
      "average" : {
        "ns" : 1.7318714125E7,
        "us" : 17318.714125,
        "ms" : 17.318714125,
        "s" : 0.017318714125
      },
      "min" : {
        "ns" : 6878923,
        "us" : 6878.923,
        "ms" : 6.878923,
        "s" : 0.006878923
      },
      "max" : {
        "ns" : 72162073,
        "us" : 72162.073,
        "ms" : 72.162073,
        "s" : 0.072162073
      }
    },
    "handleResult" : {
      "count" : 8,
      "average" : {
        "ns" : 5961388.375,
        "us" : 5961.388375,
        "ms" : 5.961388375,
        "s" : 0.005961388375
      },
      "min" : {
        "ns" : 1663149,
        "us" : 1663.149,
        "ms" : 1.663149,
        "s" : 0.001663149
      },
      "max" : {
        "ns" : 19553119,
        "us" : 19553.119,
        "ms" : 19.553119,
        "s" : 0.019553119
      }
    },
    "StrategyRunner.analyze" : {
      "count" : 8,
      "average" : {
        "ns" : 5927462.125,
        "us" : 5927.462125,
        "ms" : 5.927462125,
        "s" : 0.005927462125
      },
      "min" : {
        "ns" : 1652848,
        "us" : 1652.848,
        "ms" : 1.652848,
        "s" : 0.001652848
      },
      "max" : {
        "ns" : 19535138,
        "us" : 19535.138,
        "ms" : 19.535138,
        "s" : 0.019535138
      }
    },
    "DynamicExplorationGenerator.handleFeedback<Analyzer>" : {
      "count" : 8,
      "average" : {
        "ns" : 980600.875,
        "us" : 980.600875,
        "ms" : 0.980600875,
        "s" : 9.80600875E-4
      },
      "min" : {
        "ns" : 78523,
        "us" : 78.523,
        "ms" : 0.078523,
        "s" : 7.8523E-5
      },
      "max" : {
        "ns" : 5361139,
        "us" : 5361.139,
        "ms" : 5.361139,
        "s" : 0.005361139
      }
    },
    "HappyPathDetector.handleFeedback<Analyzer>" : {
      "count" : 8,
      "average" : {
        "ns" : 53616.875,
        "us" : 53.616875,
        "ms" : 0.053616875,
        "s" : 5.3616875E-5
      },
      "min" : {
        "ns" : 3130,
        "us" : 3.13,
        "ms" : 0.00313,
        "s" : 3.13E-6
      },
      "max" : {
        "ns" : 402654,
        "us" : 402.654,
        "ms" : 0.402654,
        "s" : 4.02654E-4
      }
    },
    "ParentChildDetector.handleFeedback<Analyzer>" : {
      "count" : 8,
      "average" : {
        "ns" : 335018.25,
        "us" : 335.01825,
        "ms" : 0.33501825,
        "s" : 3.3501825E-4
      },
      "min" : {
        "ns" : 41292,
        "us" : 41.292,
        "ms" : 0.041292,
        "s" : 4.1292E-5
      },
      "max" : {
        "ns" : 2064713,
        "us" : 2064.713,
        "ms" : 2.064713,
        "s" : 0.002064713
      }
    },
    "HappensBeforeNeighbourDetector.handleFeedback<Analyzer>" : {
      "count" : 8,
      "average" : {
        "ns" : 451904.375,
        "us" : 451.904375,
        "ms" : 0.451904375,
        "s" : 4.51904375E-4
      },
      "min" : {
        "ns" : 12820,
        "us" : 12.82,
        "ms" : 0.01282,
        "s" : 1.282E-5
      },
      "max" : {
        "ns" : 1609826,
        "us" : 1609.826,
        "ms" : 1.609826,
        "s" : 0.001609826
      }
    },
    "ErrorPropagationDetector.handleFeedback<Analyzer>" : {
      "count" : 8,
      "average" : {
        "ns" : 278621.375,
        "us" : 278.621375,
        "ms" : 0.278621375,
        "s" : 2.78621375E-4
      },
      "min" : {
        "ns" : 12921,
        "us" : 12.921,
        "ms" : 0.012921,
        "s" : 1.2921E-5
      },
      "max" : {
        "ns" : 1061548,
        "us" : 1061.548,
        "ms" : 1.061548,
        "s" : 0.001061548
      }
    },
    "ConditionalPointDetector.handleFeedback<Analyzer>" : {
      "count" : 8,
      "average" : {
        "ns" : 833059.375,
        "us" : 833.059375,
        "ms" : 0.833059375,
        "s" : 8.33059375E-4
      },
      "min" : {
        "ns" : 230658,
        "us" : 230.658,
        "ms" : 0.230658,
        "s" : 2.30658E-4
      },
      "max" : {
        "ns" : 4252290,
        "us" : 4252.29,
        "ms" : 4.25229,
        "s" : 0.00425229
      }
    },
    "RedundancyAnalyzer.handleFeedback<Analyzer>" : {
      "count" : 8,
      "average" : {
        "ns" : 58421.875,
        "us" : 58.421875,
        "ms" : 0.058421875,
        "s" : 5.8421875E-5
      },
      "min" : {
        "ns" : 24101,
        "us" : 24.101,
        "ms" : 0.024101,
        "s" : 2.4101E-5
      },
      "max" : {
        "ns" : 183436,
        "us" : 183.436,
        "ms" : 0.183436,
        "s" : 1.83436E-4
      }
    },
    "StatusAnalyzer.handleFeedback<Analyzer>" : {
      "count" : 8,
      "average" : {
        "ns" : 41230.5,
        "us" : 41.2305,
        "ms" : 0.0412305,
        "s" : 4.12305E-5
      },
      "min" : {
        "ns" : 4920,
        "us" : 4.92,
        "ms" : 0.00492,
        "s" : 4.92E-6
      },
      "max" : {
        "ns" : 276260,
        "us" : 276.26,
        "ms" : 0.27626,
        "s" : 2.7626E-4
      }
    },
    "BehaviorAnalyzer.handleFeedback<Analyzer>" : {
      "count" : 8,
      "average" : {
        "ns" : 326920.375,
        "us" : 326.920375,
        "ms" : 0.326920375,
        "s" : 3.26920375E-4
      },
      "min" : {
        "ns" : 91904,
        "us" : 91.904,
        "ms" : 0.091904,
        "s" : 9.1904E-5
      },
      "max" : {
        "ns" : 1084528,
        "us" : 1084.528,
        "ms" : 1.084528,
        "s" : 0.001084528
      }
    },
    "TimingAnalyzer.handleFeedback<Analyzer>" : {
      "count" : 8,
      "average" : {
        "ns" : 209623.625,
        "us" : 209.623625,
        "ms" : 0.209623625,
        "s" : 2.09623625E-4
      },
      "min" : {
        "ns" : 62902,