{
  "stats" : {
    "nextFaultload" : {
      "count" : 9,
      "average" : {
        "ns" : 2153573.222222222,
        "us" : 2153.573222222222,
        "ms" : 2.153573222222222,
        "s" : 0.002153573222222222
      },
      "min" : {
        "ns" : 19811,
        "us" : 19.811,
        "ms" : 0.019811,
        "s" : 1.9811E-5
      },
      "max" : {
        "ns" : 3823594,
        "us" : 3823.594,
        "ms" : 3.823594,
        "s" : 0.003823594
      }
    },
    "Per test" : {
      "count" : 8,
      "average" : {
        "ns" : 6.3872700125E7,
        "us" : 63872.700125,
        "ms" : 63.872700125,
        "s" : 0.063872700125
      },
      "min" : {
        "ns" : 27228450,
        "us" : 27228.45,
        "ms" : 27.22845,
        "s" : 0.02722845
      },
      "max" : {
        "ns" : 246762723,
        "us" : 246762.723,
        "ms" : 246.762723,
        "s" : 0.246762723
      }
    },
    "registerFaultload" : {
      "count" : 8,
      "average" : {
        "ns" : 1.94066E7,
        "us" : 19406.6,
        "ms" : 19.4066,
        "s" : 0.0194066
      },
      "min" : {
        "ns" : 3244500,
        "us" : 3244.5,
        "ms" : 3.2445,
        "s" : 0.0032445
      },
      "max" : {
        "ns" : 115994915,
        "us" : 115994.915,
        "ms" : 115.994915,
        "s" : 0.115994915
      }
    },
    "testMethod" : {
      "count" : 8,
      "average" : {
        "ns" : 1.541674E7,
        "us" : 15416.74,
        "ms" : 15.41674,
        "s" : 0.01541674
      },
      "min" : {
        "ns" : 9937014,
        "us" : 9937.014,
        "ms" : 9.937014,
        "s" : 0.009937014
      },
      "max" : {
        "ns" : 27210186,
        "us" : 27210.186,
        "ms" : 27.210186,
        "s" : 0.027210186
      }
    },
    "getTraceWithDelay" : {
      "count" : 8,
      "average" : {
        "ns" : 2.9054921375E7,
        "us" : 29054.921375,
        "ms" : 29.054921375,
        "s" : 0.029054921375
      },
      "min" : {
        "ns" : 12910578,
        "us" : 12910.578,
        "ms" : 12.910578,
        "s" : 0.012910578
      },
      "max" : {
        "ns" : 103488088,
        "us" : 103488.088,
        "ms" : 103.488088,
        "s" : 0.103488088
      }
    },
    "getTrace" : {
      "count" : 8,
      "average" : {
        "ns" : 1.9213581375E7,
        "us" : 19213.581375,
        "ms" : 19.213581375,
        "s" : 0.019213581375
      },
      "min" : {
        "ns" : 7336820,
        "us" : 7336.82,
        "ms" : 7.33682,
        "s" : 0.00733682
      },
      "max" : {
        "ns" : 82254306,
        "us" : 82254.306,
        "ms" : 82.254306,
        "s" : 0.082254306
      }
    },
    "handleResult" : {
      "count" : 8,
      "average" : {
        "ns" : 6321571.5,
        "us" : 6321.5715,
        "ms" : 6.3215715,
        "s" : 0.0063215715
      },
      "min" : {
        "ns" : 1464966,
        "us" : 1464.966,
        "ms" : 1.464966,
        "s" : 0.001464966
      },
      "max" : {
        "ns" : 17314951,
        "us" : 17314.951,
        "ms" : 17.314951,
        "s" : 0.017314951
      }
    },
    "StrategyRunner.analyze" : {
      "count" : 8,
      "average" : {
        "ns" : 6283678.0,
        "us" : 6283.678,
        "ms" : 6.283678,
        "s" : 0.006283678
      },
      "min" : {
        "ns" : 1454075,
        "us" : 1454.075,
        "ms" : 1.454075,
        "s" : 0.001454075
      },
      "max" : {
        "ns" : 17092918,
        "us" : 17092.918,
        "ms" : 17.092918,
        "s" : 0.017092918
      }
    },
    "DynamicExplorationGenerator.handleFeedback<Analyzer>" : {
      "count" : 8,
      "average" : {
        "ns" : 1288126.25,
        "us" : 1288.12625,
        "ms" : 1.28812625,
        "s" : 0.00128812625
      },
      "min" : {
        "ns" : 71624,
        "us" : 71.624,
        "ms" : 0.071624,
        "s" : 7.1624E-5
      },
      "max" : {
        "ns" : 7528577,
        "us" : 7528.577,
        "ms" : 7.528577,
        "s" : 0.007528577
      }
    },
    "HappyPathDetector.handleFeedback<Analyzer>" : {
      "count" : 8,
      "average" : {
        "ns" : 68192.625,
        "us" : 68.192625,
        "ms" : 0.068192625,
        "s" : 6.8192625E-5
      },
      "min" : {
        "ns" : 2681,
        "us" : 2.681,
        "ms" : 0.002681,
        "s" : 2.681E-6
      },
      "max" : {
        "ns" : 519650,
        "us" : 519.65,
        "ms" : 0.51965,
        "s" : 5.1965E-4
      }
    },
    "ParentChildDetector.handleFeedback<Analyzer>" : {
      "count" : 8,
      "average" : {
        "ns" : 397572.0,
        "us" : 397.572,
        "ms" : 0.397572,
        "s" : 3.97572E-4
      },
      "min" : {
        "ns" : 38702,
        "us" : 38.702,
        "ms" : 0.038702,
        "s" : 3.8702E-5
      },
      "max" : {
        "ns" : 2617073,
        "us" : 2617.073,
        "ms" : 2.617073,
        "s" : 0.002617073
      }
    },
    "HappensBeforeNeighbourDetector.handleFeedback<Analyzer>" : {
      "count" : 8,
      "average" : {
        "ns" : 489515.25,
        "us" : 489.51525,
        "ms" : 0.48951525,
        "s" : 4.8951525E-4
      },
      "min" : {
        "ns" : 9811,
        "us" : 9.811,
        "ms" : 0.009811,
        "s" : 9.811E-6
      },
      "max" : {
        "ns" : 1480897,
        "us" : 1480.897,
        "ms" : 1.480897,
        "s" : 0.001480897
      }
    },
    "ErrorPropagationDetector.handleFeedback<Analyzer>" : {
      "count" : 8,
      "average" : {
        "ns" : 236812.75,
        "us" : 236.81275,
        "ms" : 0.23681275,
        "s" : 2.3681275E-4
      },
      "min" : {
        "ns" : 16371,
        "us" : 16.371,
        "ms" : 0.016371,
        "s" : 1.6371E-5
      },
      "max" : {
        "ns" : 699841,
        "us" : 699.841,
        "ms" : 0.699841,
        "s" : 6.99841E-4
      }
    },
    "ConditionalPointDetector.handleFeedback<Analyzer>" : {
      "count" : 8,
      "average" : {
        "ns" : 953148.0,
        "us" : 953.148,
        "ms" : 0.953148,
        "s" : 9.53148E-4
      },
      "min" : {
        "ns" : 195671,
        "us" : 195.671,
        "ms" : 0.195671,
        "s" : 1.95671E-4
      },
      "max" : {
        "ns" : 4666784,
        "us" : 4666.784,
        "ms" : 4.666784,
        "s" : 0.004666784
      }
    },
    "RedundancyAnalyzer.handleFeedback<Analyzer>" : {
      "count" : 8,
      "average" : {
        "ns" : 37757.25,
        "us" : 37.75725,
        "ms" : 0.03775725,
        "s" : 3.775725E-5
      },
      "min" : {
        "ns" : 22751,
        "us" : 22.751,
        "ms" : 0.022751,
        "s" : 2.2751E-5
      },
      "max" : {
        "ns" : 64704,
        "us" : 64.704,
        "ms" : 0.064704,
        "s" : 6.4704E-5
      }
    },
    "StatusAnalyzer.handleFeedback<Analyzer>" : {
      "count" : 8,
      "average" : {
        "ns" : 33255.5,
        "us" : 33.2555,
        "ms" : 0.0332555,
        "s" : 3.32555E-5
      },
      "min" : {
        "ns" : 4430,
        "us" : 4.43,
        "ms" : 0.00443,
        "s" : 4.43E-6
      },
      "max" : {
        "ns" : 227433,
        "us" : 227.433,
        "ms" : 0.227433,
        "s" : 2.27433E-4
      }
    },
    "BehaviorAnalyzer.handleFeedback<Analyzer>" : {
      "count" : 8,
      "average" : {
        "ns" : 325199.0,
        "us" : 325.199,
        "ms" : 0.325199,
        "s" : 3.25199E-4
      },
      "min" : {
        "ns" : 81685,
        "us" : 81.685,
        "ms" : 0.081685,
        "s" : 8.1685E-5
      },
      "max" : {
        "ns" : 879471,
        "us" : 879.471,
        "ms" : 0.879471,
        "s" : 8.79471E-4
      }
    },
    "TimingAnalyzer.handleFeedback<Analyzer>" : {
      "count" : 8,
      "average" : {
        "ns" : 228682.25,
        "us" : 228.68225,
        "ms" : 0.22868225,
        "s" : 2.2868225E-4
      },
      "min" : {
        "ns" : 48713,
        "us" : 48.713,
        "ms" : 0.048713,
        "s" : 4.8713E-5
      },