{
    "per_key": {
        "nextFaultload": {
            "n": 420,
            "mean": 2.486579314285714,
            "median": 1.8632304999999998,
            "std": 2.723678166539919,
            "min": 0.820496,
            "max": 19.853804,
            "p25": 1.36263625,
            "p50": 1.8632304999999998,
            "p75": 2.6599597499999996,
            "p90": 3.4654813000000004,
            "p95": 4.555605449999997,
            "p99": 18.64852401
        },
        "Per test": {
            "n": 410,
            "mean": 38.85131152195122,
            "median": 32.534943,
            "std": 33.74716106534225,
            "min": 23.490975,
            "max": 254.842434,
            "p25": 28.641199999999998,
            "p50": 32.534943,
            "p75": 36.0430485,
            "p90": 43.6977046,
            "p95": 62.064096899999946,
            "p99": 247.62854012999995
        },
        "registerFaultload": {
            "n": 410,
            "mean": 6.742703965853658,
            "median": 3.4750455,
            "std": 17.752100079612127,
            "min": 2.652542,
            "max": 124.436448,
            "p25": 3.1683572499999997,
            "p50": 3.4750455,
            "p75": 3.941884,
            "p90": 4.663461900000001,
            "p95": 10.079394599999928,
            "p99": 117.01021206999998
        },
        "unregisterFautload": {
            "n": 410,
            "mean": 3.18659046097561,
            "median": 3.0619474999999996,
            "std": 0.7629413185824462,
            "min": 2.3330569999999997,
            "max": 15.658615999999999,
            "p25": 2.83880525,
            "p50": 3.0619474999999996,
            "p75": 3.4167834999999998,
            "p90": 3.7284251999999998,
            "p95": 4.090497849999999,
            "p99": 4.631171429999993
        },
        "testMethod": {
            "n": 410,
            "mean": 17.99277406585366,
            "median": 18.5943115,
            "std": 4.840264443211319,
            "min": 11.951763,
            "max": 59.431684999999995,
            "p25": 13.733305249999999,
            "p50": 18.5943115,
            "p75": 20.2948345,
            "p90": 22.6290301,
            "p95": 24.785028099999987,
            "p99": 32.06825615999997
        },
        "getTraceWithDelay": {
            "n": 410,
            "mean": 14.11891503902439,
            "median": 10.826685999999999,
            "std": 14.124540940780724,
            "min": 7.482359,
            "max": 106.928676,
            "p25": 9.11783775,
            "p50": 10.826685999999999,
            "p75": 13.57836275,
            "p90": 17.708322200000005,
            "p95": 24.5052818,
            "p99": 99.90338738999998
        },
        "handleResult": {
            "n": 410,
            "mean": 2.7349989341463417,
            "median": 1.8646064999999998,
            "std": 3.130325924643495,
            "min": 1.037288,
            "max": 21.938046999999997,
            "p25": 1.56034725,
            "p50": 1.8646064999999998,
            "p75": 2.2844582499999997,
            "p90": 3.1307236,
            "p95": 9.42821135,
            "p99": 16.93318346999999
        },
        "Total test time": {
            "n": 10,
            "mean": 2017.1462330999998,
            "median": 1998.4915535,
            "std": 46.54123087526728,
            "min": 1962.969048,
            "max": 2108.691758,
            "p25": 1986.7999175,
            "p50": 1998.4915535,
            "p75": 2044.155472,
            "p90": 2086.7980115,
            "p95": 2097.74488475,
            "p99": 2106.50238335
        },
        "getExpectedBehaviours": {
            "n": 1440,
            "mean": 0.18822803333333332,
            "median": 0.134673,
            "std": 0.2013055823810228,
            "min": 0.06915099999999999,
            "max": 5.851350999999999,
            "p25": 0.08356849999999999,
            "p50": 0.134673,
            "p75": 0.2380825,
            "p90": 0.364684,
            "p95": 0.46412295,
            "p99": 0.6530693399999985
        },
        "getExpectedPoints": {
            "n": 1440,
            "mean": 0.2593900347222222,
            "median": 0.18572349999999999,
            "std": 0.33306798232455515,
            "min": 0.075431,
            "max": 5.9133309999999994,
            "p25": 0.09123674999999999,
            "p50": 0.18572349999999999,
            "p75": 0.33472175,
            "p90": 0.5022240000000007,
            "p95": 0.62080505,
            "p99": 1.042312609999997
        }
    }
}