{
  "stats" : {
    "nextFaultload" : {
      "count" : 10,
      "average" : {
        "ns" : 4038194.5,
        "us" : 4038.1945,
        "ms" : 4.0381945,
        "s" : 0.0040381945
      },
      "min" : {
        "ns" : 2059602,
        "us" : 2059.602,
        "ms" : 2.059602,
        "s" : 0.002059602
      },
      "max" : {
        "ns" : 11630218,
        "us" : 11630.218,
        "ms" : 11.630218,
        "s" : 0.011630218
      }
    },
    "Per test" : {
      "count" : 9,
      "average" : {
        "ns" : 5.7979044666666664E7,
        "us" : 57979.04466666666,
        "ms" : 57.97904466666667,
        "s" : 0.05797904466666667
      },
      "min" : {
        "ns" : 27721973,
        "us" : 27721.973,
        "ms" : 27.721973,
        "s" : 0.027721973
      },
      "max" : {
        "ns" : 256018852,
        "us" : 256018.852,
        "ms" : 256.018852,
        "s" : 0.256018852
      }
    },
    "registerFaultload" : {
      "count" : 9,
      "average" : {
        "ns" : 1.9213938444444444E7,
        "us" : 19213.938444444444,
        "ms" : 19.213938444444445,
        "s" : 0.019213938444444443
      },
      "min" : {
        "ns" : 3903517,
        "us" : 3903.517,
        "ms" : 3.903517,
        "s" : 0.003903517
      },
      "max" : {
        "ns" : 119314857,
        "us" : 119314.857,
        "ms" : 119.314857,
        "s" : 0.119314857
      }
    },
    "testMethod" : {
      "count" : 9,
      "average" : {
        "ns" : 2.9725957E7,
        "us" : 29725.957,
        "ms" : 29.725957,
        "s" : 0.029725957
      },
      "min" : {
        "ns" : 17619399,
        "us" : 17619.399,
        "ms" : 17.619399,
        "s" : 0.017619399
      },
      "max" : {
        "ns" : 114597413,
        "us" : 114597.413,
        "ms" : 114.597413,
        "s" : 0.114597413
      }
    },
    "getTraceWithDelay" : {
      "count" : 9,
      "average" : {
        "ns" : 2.7705750111111112E7,
        "us" : 27705.750111111112,
        "ms" : 27.70575011111111,
        "s" : 0.02770575011111111
      },
      "min" : {
        "ns" : 13989221,
        "us" : 13989.221,
        "ms" : 13.989221,
        "s" : 0.013989221
      },
      "max" : {
        "ns" : 109827981,
        "us" : 109827.981,
        "ms" : 109.827981,
        "s" : 0.109827981
      }
    },
    "getTrace" : {
      "count" : 9,
      "average" : {
        "ns" : 1.8410509666666668E7,
        "us" : 18410.50966666667,
        "ms" : 18.41050966666667,
        "s" : 0.01841050966666667
      },
      "min" : {
        "ns" : 7843135,
        "us" : 7843.135,
        "ms" : 7.843135,
        "s" : 0.007843135
      },
      "max" : {
        "ns" : 86774517,
        "us" : 86774.517,
        "ms" : 86.774517,
        "s" : 0.086774517
      }
    },
    "handleResult" : {
      "count" : 9,
      "average" : {
        "ns" : 4637281.777777778,
        "us" : 4637.281777777778,
        "ms" : 4.637281777777778,
        "s" : 0.004637281777777778
      },
      "min" : {
        "ns" : 1684399,
        "us" : 1684.399,
        "ms" : 1.684399,
        "s" : 0.001684399
      },
      "max" : {
        "ns" : 17587447,
        "us" : 17587.447,
        "ms" : 17.587447,
        "s" : 0.017587447
      }
    },
    "StrategyRunner.analyze" : {
      "count" : 9,
      "average" : {
        "ns" : 4589344.666666667,
        "us" : 4589.344666666667,
        "ms" : 4.589344666666667,
        "s" : 0.004589344666666667
      },
      "min" : {
        "ns" : 1677599,
        "us" : 1677.599,
        "ms" : 1.677599,
        "s" : 0.001677599
      },
      "max" : {
        "ns" : 17322958,
        "us" : 17322.958,
        "ms" : 17.322958,
        "s" : 0.017322958
      }
    },
    "DynamicExplorationGenerator.handleFeedback<Analyzer>" : {
      "count" : 9,
      "average" : {
        "ns" : 1095055.0,
        "us" : 1095.055,
        "ms" : 1.095055,
        "s" : 0.001095055
      },
      "min" : {
        "ns" : 94223,
        "us" : 94.223,
        "ms" : 0.094223,
        "s" : 9.4223E-5
      },
      "max" : {
        "ns" : 7749772,
        "us" : 7749.772,
        "ms" : 7.749772,
        "s" : 0.007749772
      }
    },
    "HappyPathDetector.handleFeedback<Analyzer>" : {
      "count" : 9,
      "average" : {
        "ns" : 45802.666666666664,
        "us" : 45.80266666666667,
        "ms" : 0.045802666666666665,
        "s" : 4.580266666666666E-5
      },
      "min" : {
        "ns" : 3820,
        "us" : 3.82,
        "ms" : 0.00382,
        "s" : 3.82E-6
      },
      "max" : {
        "ns" : 375953,
        "us" : 375.953,
        "ms" : 0.375953,
        "s" : 3.75953E-4
      }
    },
    "ParentChildDetector.handleFeedback<Analyzer>" : {
      "count" : 9,
      "average" : {
        "ns" : 415373.44444444444,
        "us" : 415.37344444444443,
        "ms" : 0.41537344444444446,
        "s" : 4.1537344444444443E-4
      },
      "min" : {
        "ns" : 48001,
        "us" : 48.001,
        "ms" : 0.048001,
        "s" : 4.8001E-5
      },
      "max" : {
        "ns" : 3062578,
        "us" : 3062.578,
        "ms" : 3.062578,
        "s" : 0.003062578
      }
    },
    "HappensBeforeNeighbourDetector.handleFeedback<Analyzer>" : {
      "count" : 9,
      "average" : {
        "ns" : 899530.4444444445,
        "us" : 899.5304444444445,
        "ms" : 0.8995304444444445,
        "s" : 8.995304444444445E-4
      },
      "min" : {
        "ns" : 10540,
        "us" : 10.54,
        "ms" : 0.01054,
        "s" : 1.054E-5
      },
      "max" : {
        "ns" : 2616572,
        "us" : 2616.572,
        "ms" : 2.616572,
        "s" : 0.002616572
      }
    },
    "ErrorPropagationDetector.handleFeedback<Analyzer>" : {
      "count" : 9,
      "average" : {
        "ns" : 219424.33333333334,
        "us" : 219.42433333333335,
        "ms" : 0.21942433333333333,
        "s" : 2.1942433333333334E-4
      },
      "min" : {
        "ns" : 12551,
        "us" : 12.551,
        "ms" : 0.012551,
        "s" : 1.2551E-5
      },
      "max" : {
        "ns" : 716435,
        "us" : 716.435,
        "ms" : 0.716435,
        "s" : 7.16435E-4
      }
    },
    "ConditionalPointDetector.handleFeedback<Analyzer>" : {
      "count" : 9,
      "average" : {
        "ns" : 1164640.7777777778,
        "us" : 1164.6407777777777,
        "ms" : 1.1646407777777779,
        "s" : 0.0011646407777777777
      },
      "min" : {
        "ns" : 285280,
        "us" : 285.28,
        "ms" : 0.28528,
        "s" : 2.8528E-4
      },
      "max" : {
        "ns" : 4565630,
        "us" : 4565.63,
        "ms" : 4.56563,
        "s" : 0.00456563
      }
    },
    "RedundancyAnalyzer.handleFeedback<Analyzer>" : {
      "count" : 9,
      "average" : {
        "ns" : 57794.22222222222,
        "us" : 57.79422222222222,
        "ms" : 0.05779422222222222,
        "s" : 5.779422222222222E-5
      },
      "min" : {
        "ns" : 23641,
        "us" : 23.641,
        "ms" : 0.023641,
        "s" : 2.3641E-5
      },
      "max" : {
        "ns" : 179026,
        "us" : 179.026,
        "ms" : 0.179026,
        "s" : 1.79026E-4
      }
    },
    "StatusAnalyzer.handleFeedback<Analyzer>" : {
      "count" : 9,
      "average" : {
        "ns" : 21928.444444444445,
        "us" : 21.928444444444445,
        "ms" : 0.021928444444444445,
        "s" : 2.1928444444444444E-5
      },
      "min" : {
        "ns" : 5000,
        "us" : 5.0,
        "ms" : 0.005,
        "s" : 5.0E-6
      },
      "max" : {
        "ns" : 145665,
        "us" : 145.665,
        "ms" : 0.145665,
        "s" : 1.45665E-4
      }
    },
    "BehaviorAnalyzer.handleFeedback<Analyzer>" : {
      "count" : 9,
      "average" : {
        "ns" : 368594.6666666667,
        "us" : 368.5946666666667,
        "ms" : 0.3685946666666667,
        "s" : 3.6859466666666667E-4
      },
      "min" : {
        "ns" : 115384,
        "us" : 115.384,
        "ms" : 0.115384,
        "s" : 1.15384E-4
      },