{
  "stats" : {
    "nextFaultload" : {
      "count" : 9,
      "average" : {
        "ns" : 2211926.111111111,
        "us" : 2211.926111111111,
        "ms" : 2.211926111111111,
        "s" : 0.002211926111111111
      },
      "min" : {
        "ns" : 517534,
        "us" : 517.534,
        "ms" : 0.517534,
        "s" : 5.17534E-4
      },
      "max" : {
        "ns" : 3499451,
        "us" : 3499.451,
        "ms" : 3.499451,
        "s" : 0.003499451
      }
    },
    "Per test" : {
      "count" : 8,
      "average" : {
        "ns" : 1.2673708875E8,
        "us" : 126737.08875,
        "ms" : 126.73708875,
        "s" : 0.12673708875
      },
      "min" : {
        "ns" : 34565471,
        "us" : 34565.471,
        "ms" : 34.565471,
        "s" : 0.034565471
      },
      "max" : {
        "ns" : 437956200,
        "us" : 437956.2,
        "ms" : 437.9562,
        "s" : 0.4379562
      }
    },
    "registerFaultload" : {
      "count" : 8,
      "average" : {
        "ns" : 1.8432331125E7,
        "us" : 18432.331125,
        "ms" : 18.432331125,
        "s" : 0.018432331125
      },
      "min" : {
        "ns" : 2762282,
        "us" : 2762.282,
        "ms" : 2.762282,
        "s" : 0.002762282
      },
      "max" : {
        "ns" : 109828605,
        "us" : 109828.605,
        "ms" : 109.828605,
        "s" : 0.109828605
      }
    },
    "testMethod" : {
      "count" : 8,
      "average" : {
        "ns" : 8.3439036875E7,
        "us" : 83439.036875,
        "ms" : 83.439036875,
        "s" : 0.083439036875
      },
      "min" : {
        "ns" : 18647325,
        "us" : 18647.325,
        "ms" : 18.647325,
        "s" : 0.018647325
      },
      "max" : {
        "ns" : 230672171,
        "us" : 230672.171,
        "ms" : 230.672171,
        "s" : 0.230672171
      }
    },
    "getTraceWithDelay" : {
      "count" : 8,
      "average" : {
        "ns" : 2.4636199125E7,
        "us" : 24636.199125,
        "ms" : 24.636199125,
        "s" : 0.024636199125
      },
      "min" : {
        "ns" : 11083728,
        "us" : 11083.728,
        "ms" : 11.083728,
        "s" : 0.011083728
      },
      "max" : {
        "ns" : 97127419,
        "us" : 97127.419,
        "ms" : 97.127419,
        "s" : 0.097127419
      }
    },
    "getTrace" : {
      "count" : 8,
      "average" : {
        "ns" : 1.5503628875E7,
        "us" : 15503.628875,
        "ms" : 15.503628875,
        "s" : 0.015503628875
      },
      "min" : {
        "ns" : 6178006,
        "us" : 6178.006,
        "ms" : 6.178006,
        "s" : 0.006178006
      },
      "max" : {
        "ns" : 69507716,
        "us" : 69507.716,
        "ms" : 69.507716,
        "s" : 0.069507716
      }
    },
    "handleResult" : {
      "count" : 8,
      "average" : {
        "ns" : 5349894.25,
        "us" : 5349.89425,
        "ms" : 5.34989425,
        "s" : 0.00534989425
      },
      "min" : {
        "ns" : 1769016,
        "us" : 1769.016,
        "ms" : 1.769016,
        "s" : 0.001769016
      },
      "max" : {
        "ns" : 19028178,
        "us" : 19028.178,
        "ms" : 19.028178,
        "s" : 0.019028178
      }
    },
    "StrategyRunner.analyze" : {
      "count" : 8,
      "average" : {
        "ns" : 5210540.25,
        "us" : 5210.54025,
        "ms" : 5.21054025,
        "s" : 0.00521054025
      },
      "min" : {
        "ns" : 1686711,
        "us" : 1686.711,
        "ms" : 1.686711,
        "s" : 0.001686711
      },
      "max" : {
        "ns" : 18703073,
        "us" : 18703.073,
        "ms" : 18.703073,
        "s" : 0.018703073
      }
    },
    "DynamicExplorationGenerator.handleFeedback<Analyzer>" : {
      "count" : 8,
      "average" : {
        "ns" : 949417.875,
        "us" : 949.417875,
        "ms" : 0.949417875,
        "s" : 9.49417875E-4
      },
      "min" : {
        "ns" : 79206,
        "us" : 79.206,
        "ms" : 0.079206,
        "s" : 7.9206E-5
      },
      "max" : {
        "ns" : 5480580,
        "us" : 5480.58,
        "ms" : 5.48058,
        "s" : 0.00548058
      }
    },
    "HappyPathDetector.handleFeedback<Analyzer>" : {
      "count" : 8,
      "average" : {
        "ns" : 53413.5,
        "us" : 53.4135,
        "ms" : 0.0534135,
        "s" : 5.34135E-5
      },
      "min" : {
        "ns" : 3100,
        "us" : 3.1,
        "ms" : 0.0031,
        "s" : 3.1E-6
      },
      "max" : {
        "ns" : 396906,
        "us" : 396.906,
        "ms" : 0.396906,
        "s" : 3.96906E-4
      }
    },
    "ParentChildDetector.handleFeedback<Analyzer>" : {
      "count" : 8,
      "average" : {
        "ns" : 982940.5,
        "us" : 982.9405,
        "ms" : 0.9829405,
        "s" : 9.829405E-4
      },
      "min" : {
        "ns" : 39203,
        "us" : 39.203,
        "ms" : 0.039203,
        "s" : 3.9203E-5
      },
      "max" : {
        "ns" : 7360907,
        "us" : 7360.907,
        "ms" : 7.360907,
        "s" : 0.007360907
      }
    },
    "HappensBeforeNeighbourDetector.handleFeedback<Analyzer>" : {
      "count" : 8,
      "average" : {
        "ns" : 375574.375,
        "us" : 375.574375,
        "ms" : 0.375574375,
        "s" : 3.75574375E-4
      },
      "min" : {
        "ns" : 13000,
        "us" : 13.0,
        "ms" : 0.013,
        "s" : 1.3E-5
      },
      "max" : {
        "ns" : 1273519,
        "us" : 1273.519,
        "ms" : 1.273519,
        "s" : 0.001273519
      }
    },
    "ErrorPropagationDetector.handleFeedback<Analyzer>" : {
      "count" : 8,
      "average" : {
        "ns" : 748997.75,
        "us" : 748.99775,
        "ms" : 0.74899775,
        "s" : 7.4899775E-4
      },
      "min" : {
        "ns" : 14301,
        "us" : 14.301,
        "ms" : 0.014301,
        "s" : 1.4301E-5
      },
      "max" : {
        "ns" : 2584038,
        "us" : 2584.038,
        "ms" : 2.584038,
        "s" : 0.002584038
      }
    },
    "ConditionalPointDetector.handleFeedback<Analyzer>" : {
      "count" : 8,
      "average" : {
        "ns" : 737815.0,
        "us" : 737.815,
        "ms" : 0.737815,
        "s" : 7.37815E-4
      },
      "min" : {
        "ns" : 128208,
        "us" : 128.208,
        "ms" : 0.128208,
        "s" : 1.28208E-4
      },
      "max" : {
        "ns" : 4290562,
        "us" : 4290.562,
        "ms" : 4.290562,
        "s" : 0.004290562
      }
    },
    "RedundancyAnalyzer.handleFeedback<Analyzer>" : {
      "count" : 8,
      "average" : {
        "ns" : 39988.75,
        "us" : 39.98875,
        "ms" : 0.03998875,
        "s" : 3.998875E-5
      },
      "min" : {
        "ns" : 21701,
        "us" : 21.701,
        "ms" : 0.021701,
        "s" : 2.1701E-5
      },
      "max" : {
        "ns" : 85301,
        "us" : 85.301,
        "ms" : 0.085301,
        "s" : 8.5301E-5
      }
    },
    "StatusAnalyzer.handleFeedback<Analyzer>" : {
      "count" : 8,
      "average" : {
        "ns" : 25063.0,
        "us" : 25.063,
        "ms" : 0.025063,
        "s" : 2.5063E-5
      },
      "min" : {
        "ns" : 4200,
        "us" : 4.2,
        "ms" : 0.0042,
        "s" : 4.2E-6
      },
      "max" : {
        "ns" : 162902,
        "us" : 162.902,
        "ms" : 0.162902,
        "s" : 1.62902E-4
      }
    },
    "BehaviorAnalyzer.handleFeedback<Analyzer>" : {
      "count" : 8,
      "average" : {
        "ns" : 496803.0,
        "us" : 496.803,
        "ms" : 0.496803,
        "s" : 4.96803E-4
      },
      "min" : {
        "ns" : 253817,
        "us" : 253.817,
        "ms" : 0.253817,
        "s" : 2.53817E-4
      },
      "max" : {
        "ns" : 1350020,
        "us" : 1350.02,
        "ms" : 1.35002,
        "s" : 0.00135002
      }
    },
    "TimingAnalyzer.handleFeedback<Analyzer>" : {
      "count" : 8,
      "average" : {
        "ns" : 158553.75,
        "us" : 158.55375,
        "ms" : 0.15855375,
        "s" : 1.5855375E-4
      },
      "min" : {
        "ns" : 49703,
        "us" : 49.703,
        "ms" : 0.049703,