{
  "stats" : {
    "nextFaultload" : {
      "count" : 9,
      "average" : {
        "ns" : 2327366.111111111,
        "us" : 2327.366111111111,
        "ms" : 2.327366111111111,
        "s" : 0.002327366111111111
      },
      "min" : {
        "ns" : 20391,
        "us" : 20.391,
        "ms" : 0.020391,
        "s" : 2.0391E-5
      },
      "max" : {
        "ns" : 4354445,
        "us" : 4354.445,
        "ms" : 4.354445,
        "s" : 0.004354445
      }
    },
    "Per test" : {
      "count" : 8,
      "average" : {
        "ns" : 6.2336454125E7,
        "us" : 62336.454125,
        "ms" : 62.336454125,
        "s" : 0.062336454125
      },
      "min" : {
        "ns" : 26074914,
        "us" : 26074.914,
        "ms" : 26.074914,
        "s" : 0.026074914
      },
      "max" : {
        "ns" : 236103498,
        "us" : 236103.498,
        "ms" : 236.103498,
        "s" : 0.236103498
      }
    },
    "registerFaultload" : {
      "count" : 8,
      "average" : {
        "ns" : 1.894177275E7,
        "us" : 18941.77275,
        "ms" : 18.94177275,
        "s" : 0.01894177275
      },
      "min" : {
        "ns" : 2966335,
        "us" : 2966.335,
        "ms" : 2.966335,
        "s" : 0.002966335
      },
      "max" : {
        "ns" : 111645129,
        "us" : 111645.129,
        "ms" : 111.645129,
        "s" : 0.111645129
      }
    },
    "testMethod" : {
      "count" : 8,
      "average" : {
        "ns" : 1.54832915E7,
        "us" : 15483.2915,
        "ms" : 15.4832915,
        "s" : 0.0154832915
      },
      "min" : {
        "ns" : 9631373,
        "us" : 9631.373,
        "ms" : 9.631373,
        "s" : 0.009631373
      },
      "max" : {
        "ns" : 27419884,
        "us" : 27419.884,
        "ms" : 27.419884,
        "s" : 0.027419884
      }
    },
    "getTraceWithDelay" : {
      "count" : 8,
      "average" : {
        "ns" : 2.7922025625E7,
        "us" : 27922.025625,
        "ms" : 27.922025625,
        "s" : 0.027922025625
      },
      "min" : {
        "ns" : 12023274,
        "us" : 12023.274,
        "ms" : 12.023274,
        "s" : 0.012023274
      },
      "max" : {
        "ns" : 96977672,
        "us" : 96977.672,
        "ms" : 96.977672,
        "s" : 0.096977672
      }
    },
    "getTrace" : {
      "count" : 8,
      "average" : {
        "ns" : 1.82130445E7,
        "us" : 18213.0445,
        "ms" : 18.2130445,
        "s" : 0.0182130445
      },
      "min" : {
        "ns" : 7206482,
        "us" : 7206.482,
        "ms" : 7.206482,
        "s" : 0.007206482
      },
      "max" : {
        "ns" : 77156181,
        "us" : 77156.181,
        "ms" : 77.156181,
        "s" : 0.077156181
      }
    },
    "handleResult" : {
      "count" : 8,
      "average" : {
        "ns" : 6257969.875,
        "us" : 6257.969875,
        "ms" : 6.257969875,
        "s" : 0.006257969875
      },
      "min" : {
        "ns" : 1508989,
        "us" : 1508.989,
        "ms" : 1.508989,
        "s" : 0.001508989
      },
      "max" : {
        "ns" : 17786160,
        "us" : 17786.16,
        "ms" : 17.78616,
        "s" : 0.01778616
      }
    },
    "StrategyRunner.analyze" : {
      "count" : 8,
      "average" : {
        "ns" : 6221931.375,
        "us" : 6221.931375,
        "ms" : 6.221931375,
        "s" : 0.006221931375
      },
      "min" : {
        "ns" : 1499588,
        "us" : 1499.588,
        "ms" : 1.499588,
        "s" : 0.001499588
      },
      "max" : {
        "ns" : 17766919,
        "us" : 17766.919,
        "ms" : 17.766919,
        "s" : 0.017766919
      }
    },
    "DynamicExplorationGenerator.handleFeedback<Analyzer>" : {
      "count" : 8,
      "average" : {
        "ns" : 1093237.25,
        "us" : 1093.23725,
        "ms" : 1.09323725,
        "s" : 0.00109323725
      },
      "min" : {
        "ns" : 68264,
        "us" : 68.264,
        "ms" : 0.068264,
        "s" : 6.8264E-5
      },
      "max" : {
        "ns" : 5997106,
        "us" : 5997.106,
        "ms" : 5.997106,
        "s" : 0.005997106
      }
    },
    "HappyPathDetector.handleFeedback<Analyzer>" : {
      "count" : 8,
      "average" : {
        "ns" : 71408.5,
        "us" : 71.4085,
        "ms" : 0.0714085,
        "s" : 7.14085E-5
      },
      "min" : {
        "ns" : 3460,
        "us" : 3.46,
        "ms" : 0.00346,
        "s" : 3.46E-6
      },
      "max" : {
        "ns" : 542456,
        "us" : 542.456,
        "ms" : 0.542456,
        "s" : 5.42456E-4
      }
    },
    "ParentChildDetector.handleFeedback<Analyzer>" : {
      "count" : 8,
      "average" : {
        "ns" : 436281.875,
        "us" : 436.281875,
        "ms" : 0.436281875,
        "s" : 4.36281875E-4
      },
      "min" : {
        "ns" : 40142,
        "us" : 40.142,
        "ms" : 0.040142,
        "s" : 4.0142E-5
      },
      "max" : {
        "ns" : 2850157,
        "us" : 2850.157,
        "ms" : 2.850157,
        "s" : 0.002850157
      }
    },
    "HappensBeforeNeighbourDetector.handleFeedback<Analyzer>" : {
      "count" : 8,
      "average" : {
        "ns" : 449863.75,
        "us" : 449.86375,
        "ms" : 0.44986375,
        "s" : 4.4986375E-4
      },
      "min" : {
        "ns" : 9901,
        "us" : 9.901,
        "ms" : 0.009901,
        "s" : 9.901E-6
      },
      "max" : {
        "ns" : 1494027,
        "us" : 1494.027,
        "ms" : 1.494027,
        "s" : 0.001494027
      }
    },
    "ErrorPropagationDetector.handleFeedback<Analyzer>" : {
      "count" : 8,
      "average" : {
        "ns" : 334171.375,
        "us" : 334.171375,
        "ms" : 0.334171375,
        "s" : 3.34171375E-4
      },
      "min" : {
        "ns" : 12311,
        "us" : 12.311,
        "ms" : 0.012311,
        "s" : 1.2311E-5
      },
      "max" : {
        "ns" : 931497,
        "us" : 931.497,
        "ms" : 0.931497,
        "s" : 9.31497E-4
      }
    },
    "ConditionalPointDetector.handleFeedback<Analyzer>" : {
      "count" : 8,
      "average" : {
        "ns" : 937009.875,
        "us" : 937.009875,
        "ms" : 0.937009875,
        "s" : 9.37009875E-4
      },
      "min" : {
        "ns" : 217093,
        "us" : 217.093,
        "ms" : 0.217093,
        "s" : 2.17093E-4
      },
      "max" : {
        "ns" : 4758948,
        "us" : 4758.948,
        "ms" : 4.758948,
        "s" : 0.004758948
      }
    },
    "RedundancyAnalyzer.handleFeedback<Analyzer>" : {
      "count" : 8,
      "average" : {
        "ns" : 62839.875,
        "us" : 62.839875,
        "ms" : 0.062839875,
        "s" : 6.2839875E-5
      },
      "min" : {
        "ns" : 20941,
        "us" : 20.941,
        "ms" : 0.020941,
        "s" : 2.0941E-5
      },
      "max" : {
        "ns" : 148398,
        "us" : 148.398,
        "ms" : 0.148398,
        "s" : 1.48398E-4
      }
    },
    "StatusAnalyzer.handleFeedback<Analyzer>" : {
      "count" : 8,
      "average" : {
        "ns" : 41880.25,
        "us" : 41.88025,
        "ms" : 0.04188025,
        "s" : 4.188025E-5
      },
      "min" : {
        "ns" : 4741,
        "us" : 4.741,
        "ms" : 0.004741,
        "s" : 4.741E-6
      },
      "max" : {
        "ns" : 276126,
        "us" : 276.126,
        "ms" : 0.276126,
        "s" : 2.76126E-4
      }
    },
    "BehaviorAnalyzer.handleFeedback<Analyzer>" : {
      "count" : 8,
      "average" : {
        "ns" : 338507.375,
        "us" : 338.507375,
        "ms" : 0.338507375,
        "s" : 3.38507375E-4
      },
      "min" : {
        "ns" : 86015,
        "us" : 86.015,
        "ms" : 0.086015,
        "s" : 8.6015E-5
      },
      "max" : {
        "ns" : 1032260,
        "us" : 1032.26,
        "ms" : 1.03226,
        "s" : 0.00103226
      }
    },
    "TimingAnalyzer.handleFeedback<Analyzer>" : {
      "count" : 8,
      "average" : {
        "ns" : 236853.75,
        "us" : 236.85375,
        "ms" : 0.23685375,
        "s" : 2.3685375E-4
      },
      "min" : {
        "ns" : 43523,
        "us" : 43.523,