{
  "stats" : {
    "nextFaultload" : {
      "count" : 6,
      "average" : {
        "ns" : 2025666.5,
        "us" : 2025.6665,
        "ms" : 2.0256665,
        "s" : 0.0020256665
      },
      "min" : {
        "ns" : 22701,
        "us" : 22.701,
        "ms" : 0.022701,
        "s" : 2.2701E-5
      },
      "max" : {
        "ns" : 3224485,
        "us" : 3224.485,
        "ms" : 3.224485,
        "s" : 0.003224485
      }
    },
    "Per test" : {
      "count" : 5,
      "average" : {
        "ns" : 7.24441998E7,
        "us" : 72444.1998,
        "ms" : 72.44419979999999,
        "s" : 0.0724441998
      },
      "min" : {
        "ns" : 25248250,
        "us" : 25248.25,
        "ms" : 25.24825,
        "s" : 0.02524825
      },
      "max" : {
        "ns" : 235230107,
        "us" : 235230.107,
        "ms" : 235.230107,
        "s" : 0.235230107
      }
    },
    "registerFaultload" : {
      "count" : 5,
      "average" : {
        "ns" : 2.95616572E7,
        "us" : 29561.657199999998,
        "ms" : 29.5616572,
        "s" : 0.0295616572
      },
      "min" : {
        "ns" : 3935226,
        "us" : 3935.226,
        "ms" : 3.935226,
        "s" : 0.003935226
      },
      "max" : {
        "ns" : 116121067,
        "us" : 116121.067,
        "ms" : 116.121067,
        "s" : 0.116121067
      }
    },
    "testMethod" : {
      "count" : 5,
      "average" : {
        "ns" : 3.38003206E7,
        "us" : 33800.3206,
        "ms" : 33.8003206,
        "s" : 0.0338003206
      },
      "min" : {
        "ns" : 16243732,
        "us" : 16243.732,
        "ms" : 16.243732,
        "s" : 0.016243732
      },
      "max" : {
        "ns" : 99041187,
        "us" : 99041.187,
        "ms" : 99.041187,
        "s" : 0.099041187
      }
    },
    "getTraceWithDelay" : {
      "count" : 5,
      "average" : {
        "ns" : 3.33755562E7,
        "us" : 33375.5562,
        "ms" : 33.3755562,
        "s" : 0.033375556199999996
      },
      "min" : {
        "ns" : 14333923,
        "us" : 14333.923,
        "ms" : 14.333923,
        "s" : 0.014333923
      },
      "max" : {
        "ns" : 101128206,
        "us" : 101128.206,
        "ms" : 101.128206,
        "s" : 0.101128206
      }
    },
    "getTrace" : {
      "count" : 5,
      "average" : {
        "ns" : 2.39892774E7,
        "us" : 23989.2774,
        "ms" : 23.9892774,
        "s" : 0.023989277399999998
      },
      "min" : {
        "ns" : 8940414,
        "us" : 8940.414,
        "ms" : 8.940414,
        "s" : 0.008940414
      },
      "max" : {
        "ns" : 80334713,
        "us" : 80334.713,
        "ms" : 80.334713,
        "s" : 0.080334713
      }
    },
    "handleResult" : {
      "count" : 5,
      "average" : {
        "ns" : 5220279.8,
        "us" : 5220.2798,
        "ms" : 5.2202798,
        "s" : 0.0052202798
      },
      "min" : {
        "ns" : 1470084,
        "us" : 1470.084,
        "ms" : 1.470084,
        "s" : 0.001470084
      },
      "max" : {
        "ns" : 15640498,
        "us" : 15640.498,
        "ms" : 15.640498,
        "s" : 0.015640498
      }
    },
    "StrategyRunner.analyze" : {
      "count" : 5,
      "average" : {
        "ns" : 5173376.6,
        "us" : 5173.3766,
        "ms" : 5.173376599999999,
        "s" : 0.0051733766
      },
      "min" : {
        "ns" : 1461183,
        "us" : 1461.183,
        "ms" : 1.461183,
        "s" : 0.001461183
      },
      "max" : {
        "ns" : 15441086,
        "us" : 15441.086,
        "ms" : 15.441086,
        "s" : 0.015441086
      }
    },
    "DynamicExplorationGenerator.handleFeedback<Analyzer>" : {
      "count" : 5,
      "average" : {
        "ns" : 1427682.0,
        "us" : 1427.682,
        "ms" : 1.427682,
        "s" : 0.001427682
      },
      "min" : {
        "ns" : 118907,
        "us" : 118.907,
        "ms" : 0.118907,
        "s" : 1.18907E-4
      },
      "max" : {
        "ns" : 6207856,
        "us" : 6207.856,
        "ms" : 6.207856,
        "s" : 0.006207856
      }
    },
    "HappyPathDetector.handleFeedback<Analyzer>" : {
      "count" : 5,
      "average" : {
        "ns" : 114106.4,
        "us" : 114.1064,
        "ms" : 0.1141064,
        "s" : 1.141064E-4
      },
      "min" : {
        "ns" : 3900,
        "us" : 3.9,
        "ms" : 0.0039,
        "s" : 3.9E-6
      },
      "max" : {
        "ns" : 554132,
        "us" : 554.132,
        "ms" : 0.554132,
        "s" : 5.54132E-4
      }
    },
    "ParentChildDetector.handleFeedback<Analyzer>" : {
      "count" : 5,
      "average" : {
        "ns" : 608754.8,
        "us" : 608.7548,
        "ms" : 0.6087548,
        "s" : 6.087548E-4
      },
      "min" : {
        "ns" : 69604,
        "us" : 69.604,
        "ms" : 0.069604,
        "s" : 6.9604E-5
      },
      "max" : {
        "ns" : 2308832,
        "us" : 2308.832,
        "ms" : 2.308832,
        "s" : 0.002308832
      }
    },
    "HappensBeforeNeighbourDetector.handleFeedback<Analyzer>" : {
      "count" : 5,
      "average" : {
        "ns" : 472947.2,
        "us" : 472.9472,
        "ms" : 0.4729472,
        "s" : 4.729472E-4
      },
      "min" : {
        "ns" : 8900,
        "us" : 8.9,
        "ms" : 0.0089,
        "s" : 8.9E-6
      },
      "max" : {
        "ns" : 1292174,
        "us" : 1292.174,
        "ms" : 1.292174,
        "s" : 0.001292174
      }
    },
    "ErrorPropagationDetector.handleFeedback<Analyzer>" : {
      "count" : 5,
      "average" : {
        "ns" : 328558.8,
        "us" : 328.55879999999996,
        "ms" : 0.3285588,
        "s" : 3.285588E-4
      },
      "min" : {
        "ns" : 11101,
        "us" : 11.101,
        "ms" : 0.011101,
        "s" : 1.1101E-5
      },
      "max" : {
        "ns" : 866949,
        "us" : 866.949,
        "ms" : 0.866949,
        "s" : 8.66949E-4
      }
    },
    "ConditionalPointDetector.handleFeedback<Analyzer>" : {
      "count" : 5,
      "average" : {
        "ns" : 1214029.8,
        "us" : 1214.0298,
        "ms" : 1.2140298,
        "s" : 0.0012140298
      },
      "min" : {
        "ns" : 186711,
        "us" : 186.711,
        "ms" : 0.186711,
        "s" : 1.86711E-4
      },
      "max" : {
        "ns" : 4744773,
        "us" : 4744.773,
        "ms" : 4.744773,
        "s" : 0.004744773
      }
    },
    "RedundancyAnalyzer.handleFeedback<Analyzer>" : {
      "count" : 5,
      "average" : {
        "ns" : 67064.0,
        "us" : 67.064,
        "ms" : 0.067064,
        "s" : 6.7064E-5
      },
      "min" : {
        "ns" : 25701,
        "us" : 25.701,
        "ms" : 0.025701,
        "s" : 2.5701E-5
      },
      "max" : {
        "ns" : 175310,
        "us" : 175.31,
        "ms" : 0.17531,
        "s" : 1.7531E-4
      }
    },
    "StatusAnalyzer.handleFeedback<Analyzer>" : {
      "count" : 5,
      "average" : {
        "ns" : 46902.8,
        "us" : 46.902800000000006,
        "ms" : 0.0469028,
        "s" : 4.69028E-5
      },
      "min" : {
        "ns" : 5300,
        "us" : 5.3,
        "ms" : 0.0053,
        "s" : 5.3E-6
      },
      "max" : {
        "ns" : 212013,
        "us" : 212.013,
        "ms" : 0.212013,
        "s" : 2.12013E-4
      }
    },
    "BehaviorAnalyzer.handleFeedback<Analyzer>" : {
      "count" : 5,
      "average" : {
        "ns" : 405263.4,
        "us" : 405.26340000000005,
        "ms" : 0.4052634,
        "s" : 4.052634E-4
      },
      "min" : {
        "ns" : 139808,
        "us" : 139.808,
        "ms" : 0.139808,
        "s" : 1.39808E-4
      },
      "max" : {
        "ns" : 778745,
        "us" : 778.745,
        "ms" : 0.778745,
        "s" : 7.78745E-4
      }
    },
    "TimingAnalyzer.handleFeedback<Analyzer>" : {
      "count" : 5,
      "average" : {
        "ns" : 317398.4,
        "us" : 317.39840000000004,
        "ms" : 0.3173984,
        "s" : 3.173984E-4
      },
      "min" : {
        "ns" : 151309,
        "us" : 151.309,
        "ms" : 0.151309,