{
  "stats" : {
    "nextFaultload" : {
      "count" : 22,
      "average" : {
        "ns" : 2286915.090909091,
        "us" : 2286.915090909091,
        "ms" : 2.286915090909091,
        "s" : 0.0022869150909090906
      },
      "min" : {
        "ns" : 405322,
        "us" : 405.322,
        "ms" : 0.405322,
        "s" : 4.05322E-4
      },
      "max" : {
        "ns" : 3584895,
        "us" : 3584.895,
        "ms" : 3.584895,
        "s" : 0.003584895
      }
    },
    "Per test" : {
      "count" : 21,
      "average" : {
        "ns" : 3.9578769952380955E7,
        "us" : 39578.76995238096,
        "ms" : 39.57876995238095,
        "s" : 0.03957876995238096
      },
      "min" : {
        "ns" : 24149712,
        "us" : 24149.712,
        "ms" : 24.149712,
        "s" : 0.024149712
      },
      "max" : {
        "ns" : 234765858,
        "us" : 234765.858,
        "ms" : 234.765858,
        "s" : 0.234765858
      }
    },
    "registerFaultload" : {
      "count" : 21,
      "average" : {
        "ns" : 8922099.047619049,
        "us" : 8922.099047619049,
        "ms" : 8.92209904761905,
        "s" : 0.008922099047619049
      },
      "min" : {
        "ns" : 2589041,
        "us" : 2589.041,
        "ms" : 2.589041,
        "s" : 0.002589041
      },
      "max" : {
        "ns" : 110415000,
        "us" : 110415.0,
        "ms" : 110.415,
        "s" : 0.110415
      }
    },
    "testMethod" : {
      "count" : 21,
      "average" : {
        "ns" : 1.3351197142857144E7,
        "us" : 13351.197142857143,
        "ms" : 13.351197142857144,
        "s" : 0.013351197142857143
      },
      "min" : {
        "ns" : 11344217,
        "us" : 11344.217,
        "ms" : 11.344217,
        "s" : 0.011344217
      },
      "max" : {
        "ns" : 22061499,
        "us" : 22061.499,
        "ms" : 22.061499,
        "s" : 0.022061499
      }
    },
    "getTraceWithDelay" : {
      "count" : 21,
      "average" : {
        "ns" : 1.708895242857143E7,
        "us" : 17088.95242857143,
        "ms" : 17.088952428571428,
        "s" : 0.01708895242857143
      },
      "min" : {
        "ns" : 9800032,
        "us" : 9800.032,
        "ms" : 9.800032,
        "s" : 0.009800032
      },
      "max" : {
        "ns" : 101967241,
        "us" : 101967.241,
        "ms" : 101.967241,
        "s" : 0.101967241
      }
    },
    "getTrace" : {
      "count" : 21,
      "average" : {
        "ns" : 1.034271919047619E7,
        "us" : 10342.71919047619,
        "ms" : 10.34271919047619,
        "s" : 0.01034271919047619
      },
      "min" : {
        "ns" : 5395193,
        "us" : 5395.193,
        "ms" : 5.395193,
        "s" : 0.005395193
      },
      "max" : {
        "ns" : 74092326,
        "us" : 74092.326,
        "ms" : 74.092326,
        "s" : 0.074092326
      }
    },
    "handleResult" : {
      "count" : 21,
      "average" : {
        "ns" : 3535611.1428571427,
        "us" : 3535.6111428571426,
        "ms" : 3.535611142857143,
        "s" : 0.003535611142857143
      },
      "min" : {
        "ns" : 1601087,
        "us" : 1601.087,
        "ms" : 1.601087,
        "s" : 0.001601087
      },
      "max" : {
        "ns" : 19078437,
        "us" : 19078.437,
        "ms" : 19.078437,
        "s" : 0.019078437
      }
    },
    "StrategyRunner.analyze" : {
      "count" : 21,
      "average" : {
        "ns" : 3425124.238095238,
        "us" : 3425.124238095238,
        "ms" : 3.425124238095238,
        "s" : 0.003425124238095238
      },
      "min" : {
        "ns" : 1523883,
        "us" : 1523.883,
        "ms" : 1.523883,
        "s" : 0.001523883
      },
      "max" : {
        "ns" : 18614412,
        "us" : 18614.412,
        "ms" : 18.614412,
        "s" : 0.018614412
      }
    },
    "DynamicExplorationGenerator.handleFeedback<Analyzer>" : {
      "count" : 21,
      "average" : {
        "ns" : 464663.2380952381,
        "us" : 464.6632380952381,
        "ms" : 0.46466323809523813,
        "s" : 4.646632380952381E-4
      },
      "min" : {
        "ns" : 66104,
        "us" : 66.104,
        "ms" : 0.066104,
        "s" : 6.6104E-5
      },
      "max" : {
        "ns" : 5091076,
        "us" : 5091.076,
        "ms" : 5.091076,
        "s" : 0.005091076
      }
    },
    "HappyPathDetector.handleFeedback<Analyzer>" : {
      "count" : 21,
      "average" : {
        "ns" : 24249.04761904762,
        "us" : 24.24904761904762,
        "ms" : 0.024249047619047618,
        "s" : 2.424904761904762E-5
      },
      "min" : {
        "ns" : 2700,
        "us" : 2.7,
        "ms" : 0.0027,
        "s" : 2.7E-6
      },
      "max" : {
        "ns" : 440324,
        "us" : 440.324,
        "ms" : 0.440324,
        "s" : 4.40324E-4
      }
    },
    "ParentChildDetector.handleFeedback<Analyzer>" : {
      "count" : 21,
      "average" : {
        "ns" : 426656.5238095238,
        "us" : 426.6565238095238,
        "ms" : 0.4266565238095238,
        "s" : 4.266565238095238E-4
      },
      "min" : {
        "ns" : 34802,
        "us" : 34.802,
        "ms" : 0.034802,
        "s" : 3.4802E-5
      },
      "max" : {
        "ns" : 7451905,
        "us" : 7451.905,
        "ms" : 7.451905,
        "s" : 0.007451905
      }
    },
    "HappensBeforeNeighbourDetector.handleFeedback<Analyzer>" : {
      "count" : 21,
      "average" : {
        "ns" : 414484.28571428574,
        "us" : 414.48428571428576,
        "ms" : 0.41448428571428575,
        "s" : 4.1448428571428574E-4
      },
      "min" : {
        "ns" : 10900,
        "us" : 10.9,
        "ms" : 0.0109,
        "s" : 1.09E-5
      },
      "max" : {
        "ns" : 1263768,
        "us" : 1263.768,
        "ms" : 1.263768,
        "s" : 0.001263768
      }
    },
    "ErrorPropagationDetector.handleFeedback<Analyzer>" : {
      "count" : 21,
      "average" : {
        "ns" : 349385.71428571426,
        "us" : 349.38571428571424,
        "ms" : 0.34938571428571424,
        "s" : 3.4938571428571425E-4
      },
      "min" : {
        "ns" : 4100,
        "us" : 4.1,
        "ms" : 0.0041,
        "s" : 4.1E-6
      },
      "max" : {
        "ns" : 1142462,
        "us" : 1142.462,
        "ms" : 1.142462,
        "s" : 0.001142462
      }
    },
    "ConditionalPointDetector.handleFeedback<Analyzer>" : {
      "count" : 21,
      "average" : {
        "ns" : 715972.2857142857,
        "us" : 715.9722857142857,
        "ms" : 0.7159722857142857,
        "s" : 7.159722857142857E-4
      },
      "min" : {
        "ns" : 133107,
        "us" : 133.107,
        "ms" : 0.133107,
        "s" : 1.33107E-4
      },
      "max" : {
        "ns" : 4335836,
        "us" : 4335.836,
        "ms" : 4.335836,
        "s" : 0.004335836
      }
    },
    "RedundancyAnalyzer.handleFeedback<Analyzer>" : {
      "count" : 21,
      "average" : {
        "ns" : 49335.95238095238,
        "us" : 49.335952380952385,
        "ms" : 0.04933595238095238,
        "s" : 4.933595238095238E-5
      },
      "min" : {
        "ns" : 15401,
        "us" : 15.401,
        "ms" : 0.015401,
        "s" : 1.5401E-5
      },
      "max" : {
        "ns" : 225512,
        "us" : 225.512,
        "ms" : 0.225512,
        "s" : 2.25512E-4
      }
    },
    "StatusAnalyzer.handleFeedback<Analyzer>" : {
      "count" : 21,
      "average" : {
        "ns" : 18096.285714285714,
        "us" : 18.096285714285713,
        "ms" : 0.018096285714285714,
        "s" : 1.8096285714285714E-5
      },
      "min" : {
        "ns" : 3000,
        "us" : 3.0,
        "ms" : 0.003,
        "s" : 3.0E-6
      },
      "max" : {
        "ns" : 133908,
        "us" : 133.908,
        "ms" : 0.133908,
        "s" : 1.33908E-4
      }
    },
    "BehaviorAnalyzer.handleFeedback<Analyzer>" : {
      "count" : 21,
      "average" : {
        "ns" : 465249.04761904763,
        "us" : 465.24904761904764,
        "ms" : 0.4652490476190476,
        "s" : 4.6524904761904764E-4
      },
      "min" : {
        "ns" : 270215,