{
    "per_key": {
        "nextFaultload": {
            "n": 100,
            "mean": 3.7607699700000006,
            "median": 3.1079369999999997,
            "std": 2.403287666033151,
            "min": 1.7977949999999998,
            "max": 12.91507,
            "p25": 2.5634585,
            "p50": 3.1079369999999997,
            "p75": 3.6106735,
            "p90": 4.74491680000005,
            "p95": 10.449884749999999,
            "p99": 11.01070996000001
        },
        "Per test": {
            "n": 90,
            "mean": 53.33526952222223,
            "median": 28.8042475,
            "std": 64.99995333240632,
            "min": 24.847369,
            "max": 240.34385,
            "p25": 27.789161,
            "p50": 28.8042475,
            "p75": 30.199761499999997,
            "p90": 231.5860013,
            "p95": 236.84124924999998,
            "p99": 239.33381035999997
        },
        "registerFaultload": {
            "n": 90,
            "mean": 18.515313777777777,
            "median": 4.492221499999999,
            "std": 35.095574730124795,
            "min": 3.5680959999999997,
            "max": 122.04188599999999,
            "p25": 4.07979375,
            "p50": 4.492221499999999,
            "p75": 5.58438375,
            "p90": 113.9248352,
            "p95": 116.6891723,
            "p99": 118.73674105999999
        },
        "unregisterFautload": {
            "n": 90,
            "mean": 4.147071855555556,
            "median": 3.955991,
            "std": 0.8647279735900836,
            "min": 3.2275929999999997,
            "max": 10.805762999999999,
            "p25": 3.7136515,
            "p50": 3.955991,
            "p75": 4.3306415000000005,
            "p90": 4.9193205,
            "p95": 5.1282081999999996,
            "p99": 5.968752729999997
        },
        "testMethod": {
            "n": 90,
            "mean": 26.486172344444448,
            "median": 17.824917,
            "std": 25.565957821980813,
            "min": 15.205043,
            "max": 102.936717,
            "p25": 16.7657745,
            "p50": 17.824917,
            "p75": 18.6096675,
            "p90": 95.9679859,
            "p95": 98.11132515,
            "p99": 102.14168267
        },
        "getTraceWithDelay": {
            "n": 90,
            "mean": 25.03463561111111,
            "median": 15.145650499999999,
            "std": 26.152877228218255,
            "min": 12.984615,
            "max": 101.693401,
            "p25": 14.2889365,
            "p50": 15.145650499999999,
            "p75": 17.89506025,
            "p90": 96.514934,
            "p95": 98.5817405,
            "p99": 100.18194604
        },
        "handleResult": {
            "n": 90,
            "mean": 4.154877366666667,
            "median": 2.388296,
            "std": 4.490937905897958,
            "min": 1.425389,
            "max": 17.169446,
            "p25": 1.70143925,
            "p50": 2.388296,
            "p75": 3.19869625,
            "p90": 15.8780155,
            "p95": 16.15454845,
            "p99": 16.91114575
        },
        "Total test time": {
            "n": 10,
            "mean": 755.0693212,
            "median": 755.4827705,
            "std": 3.2156266270069485,
            "min": 748.208843,
            "max": 759.894109,
            "p25": 753.22882425,
            "p50": 755.4827705,
            "p75": 757.288542,
            "p90": 758.6946061,
            "p95": 759.29435755,
            "p99": 759.7741587099999
        },
        "getExpectedBehaviours": {
            "n": 320,
            "mean": 0.31177090312499994,
            "median": 0.2877665,
            "std": 0.14900182777893192,
            "min": 0.123707,
            "max": 1.46299,
            "p25": 0.21751299999999998,
            "p50": 0.2877665,
            "p75": 0.38492175,
            "p90": 0.5108111000000001,
            "p95": 0.56494115,
            "p99": 0.73937005
        },
        "getExpectedPoints": {
            "n": 320,
            "mean": 0.394693003125,
            "median": 0.347421,
            "std": 0.19429190857271464,
            "min": 0.133208,
            "max": 0.956853,
            "p25": 0.23721474999999997,
            "p50": 0.347421,
            "p75": 0.52665725,
            "p90": 0.6684701000000001,
            "p95": 0.76312985,
            "p99": 0.89540381
        }
    }
}