{
  "stats" : {
    "nextFaultload" : {
      "count" : 10,
      "average" : {
        "ns" : 4456127.6,
        "us" : 4456.1276,
        "ms" : 4.456127599999999,
        "s" : 0.0044561276
      },
      "min" : {
        "ns" : 2293396,
        "us" : 2293.396,
        "ms" : 2.293396,
        "s" : 0.002293396
      },
      "max" : {
        "ns" : 13592851,
        "us" : 13592.851,
        "ms" : 13.592851,
        "s" : 0.013592851
      }
    },
    "Per test" : {
      "count" : 9,
      "average" : {
        "ns" : 6.204074244444445E7,
        "us" : 62040.74244444445,
        "ms" : 62.04074244444445,
        "s" : 0.06204074244444445
      },
      "min" : {
        "ns" : 31049226,
        "us" : 31049.226,
        "ms" : 31.049226,
        "s" : 0.031049226
      },
      "max" : {
        "ns" : 270663003,
        "us" : 270663.003,
        "ms" : 270.663003,
        "s" : 0.270663003
      }
    },
    "registerFaultload" : {
      "count" : 9,
      "average" : {
        "ns" : 2.0139983444444444E7,
        "us" : 20139.983444444442,
        "ms" : 20.139983444444443,
        "s" : 0.020139983444444443
      },
      "min" : {
        "ns" : 3947757,
        "us" : 3947.757,
        "ms" : 3.947757,
        "s" : 0.003947757
      },
      "max" : {
        "ns" : 124181148,
        "us" : 124181.148,
        "ms" : 124.181148,
        "s" : 0.124181148
      }
    },
    "testMethod" : {
      "count" : 9,
      "average" : {
        "ns" : 3.2486972444444444E7,
        "us" : 32486.972444444444,
        "ms" : 32.48697244444445,
        "s" : 0.03248697244444444
      },
      "min" : {
        "ns" : 18627535,
        "us" : 18627.535,
        "ms" : 18.627535,
        "s" : 0.018627535
      },
      "max" : {
        "ns" : 122154573,
        "us" : 122154.573,
        "ms" : 122.154573,
        "s" : 0.122154573
      }
    },
    "getTraceWithDelay" : {
      "count" : 9,
      "average" : {
        "ns" : 2.9664047E7,
        "us" : 29664.047,
        "ms" : 29.664047,
        "s" : 0.029664047
      },
      "min" : {
        "ns" : 14382750,
        "us" : 14382.75,
        "ms" : 14.38275,
        "s" : 0.01438275
      },
      "max" : {
        "ns" : 121630512,
        "us" : 121630.512,
        "ms" : 121.630512,
        "s" : 0.121630512
      }
    },
    "getTrace" : {
      "count" : 9,
      "average" : {
        "ns" : 1.9954838666666668E7,
        "us" : 19954.838666666667,
        "ms" : 19.954838666666667,
        "s" : 0.01995483866666667
      },
      "min" : {
        "ns" : 8068306,
        "us" : 8068.306,
        "ms" : 8.068306,
        "s" : 0.008068306
      },
      "max" : {
        "ns" : 96393998,
        "us" : 96393.998,
        "ms" : 96.393998,
        "s" : 0.096393998
      }
    },
    "handleResult" : {
      "count" : 9,
      "average" : {
        "ns" : 4720479.444444444,
        "us" : 4720.479444444444,
        "ms" : 4.720479444444444,
        "s" : 0.0047204794444444444
      },
      "min" : {
        "ns" : 1485706,
        "us" : 1485.706,
        "ms" : 1.485706,
        "s" : 0.001485706
      },
      "max" : {
        "ns" : 19252548,
        "us" : 19252.548,
        "ms" : 19.252548,
        "s" : 0.019252548
      }
    },
    "StrategyRunner.analyze" : {
      "count" : 9,
      "average" : {
        "ns" : 4665974.777777778,
        "us" : 4665.974777777778,
        "ms" : 4.665974777777778,
        "s" : 0.004665974777777778
      },
      "min" : {
        "ns" : 1448815,
        "us" : 1448.815,
        "ms" : 1.448815,
        "s" : 0.001448815
      },
      "max" : {
        "ns" : 18897779,
        "us" : 18897.779,
        "ms" : 18.897779,
        "s" : 0.018897779
      }
    },
    "DynamicExplorationGenerator.handleFeedback<Analyzer>" : {
      "count" : 9,
      "average" : {
        "ns" : 1173110.7777777778,
        "us" : 1173.1107777777777,
        "ms" : 1.1731107777777778,
        "s" : 0.0011731107777777777
      },
      "min" : {
        "ns" : 106333,
        "us" : 106.333,
        "ms" : 0.106333,
        "s" : 1.06333E-4
      },
      "max" : {
        "ns" : 8172038,
        "us" : 8172.038,
        "ms" : 8.172038,
        "s" : 0.008172038
      }
    },
    "HappyPathDetector.handleFeedback<Analyzer>" : {
      "count" : 9,
      "average" : {
        "ns" : 88963.33333333333,
        "us" : 88.96333333333332,
        "ms" : 0.08896333333333332,
        "s" : 8.896333333333333E-5
      },
      "min" : {
        "ns" : 3630,
        "us" : 3.63,
        "ms" : 0.00363,
        "s" : 3.63E-6
      },
      "max" : {
        "ns" : 767769,
        "us" : 767.769,
        "ms" : 0.767769,
        "s" : 7.67769E-4
      }
    },
    "ParentChildDetector.handleFeedback<Analyzer>" : {
      "count" : 9,
      "average" : {
        "ns" : 395159.6666666667,
        "us" : 395.1596666666667,
        "ms" : 0.3951596666666667,
        "s" : 3.951596666666667E-4
      },
      "min" : {
        "ns" : 48171,
        "us" : 48.171,
        "ms" : 0.048171,
        "s" : 4.8171E-5
      },
      "max" : {
        "ns" : 2907871,
        "us" : 2907.871,
        "ms" : 2.907871,
        "s" : 0.002907871
      }
    },
    "HappensBeforeNeighbourDetector.handleFeedback<Analyzer>" : {
      "count" : 9,
      "average" : {
        "ns" : 892332.6666666666,
        "us" : 892.3326666666667,
        "ms" : 0.8923326666666667,
        "s" : 8.923326666666667E-4
      },
      "min" : {
        "ns" : 12390,
        "us" : 12.39,
        "ms" : 0.01239,
        "s" : 1.239E-5
      },
      "max" : {
        "ns" : 2449830,
        "us" : 2449.83,
        "ms" : 2.44983,
        "s" : 0.00244983
      }
    },
    "ErrorPropagationDetector.handleFeedback<Analyzer>" : {
      "count" : 9,
      "average" : {
        "ns" : 250638.33333333334,
        "us" : 250.63833333333335,
        "ms" : 0.25063833333333335,
        "s" : 2.5063833333333334E-4
      },
      "min" : {
        "ns" : 12661,
        "us" : 12.661,
        "ms" : 0.012661,
        "s" : 1.2661E-5
      },
      "max" : {
        "ns" : 524702,
        "us" : 524.702,
        "ms" : 0.524702,
        "s" : 5.24702E-4
      }
    },
    "ConditionalPointDetector.handleFeedback<Analyzer>" : {
      "count" : 9,
      "average" : {
        "ns" : 1152954.7777777778,
        "us" : 1152.9547777777777,
        "ms" : 1.1529547777777778,
        "s" : 0.0011529547777777778
      },
      "min" : {
        "ns" : 226555,
        "us" : 226.555,
        "ms" : 0.226555,
        "s" : 2.26555E-4
      },
      "max" : {
        "ns" : 5076493,
        "us" : 5076.493,
        "ms" : 5.076493,
        "s" : 0.005076493
      }
    },
    "RedundancyAnalyzer.handleFeedback<Analyzer>" : {
      "count" : 9,
      "average" : {
        "ns" : 57305.11111111111,
        "us" : 57.30511111111111,
        "ms" : 0.05730511111111111,
        "s" : 5.730511111111111E-5
      },
      "min" : {
        "ns" : 19551,
        "us" : 19.551,
        "ms" : 0.019551,
        "s" : 1.9551E-5
      },
      "max" : {
        "ns" : 212566,
        "us" : 212.566,
        "ms" : 0.212566,
        "s" : 2.12566E-4
      }
    },
    "StatusAnalyzer.handleFeedback<Analyzer>" : {
      "count" : 9,
      "average" : {
        "ns" : 48979.88888888889,
        "us" : 48.979888888888894,
        "ms" : 0.04897988888888889,
        "s" : 4.897988888888889E-5
      },
      "min" : {
        "ns" : 4870,
        "us" : 4.87,
        "ms" : 0.00487,
        "s" : 4.87E-6
      },
      "max" : {
        "ns" : 392769,
        "us" : 392.769,
        "ms" : 0.392769,
        "s" : 3.92769E-4
      }
    },
    "BehaviorAnalyzer.handleFeedback<Analyzer>" : {
      "count" : 9,
      "average" : {
        "ns" : 317594.55555555556,
        "us" : 317.5945555555556,
        "ms" : 0.31759455555555555,
        "s" : 3.175945555555556E-4
      },
      "min" : {
        "ns" : 103383,
        "us" : 103.383,