{
  "stats" : {
    "nextFaultload" : {
      "count" : 9,
      "average" : {
        "ns" : 2096778.2222222222,
        "us" : 2096.778222222222,
        "ms" : 2.0967782222222224,
        "s" : 0.002096778222222222
      },
      "min" : {
        "ns" : 19462,
        "us" : 19.462,
        "ms" : 0.019462,
        "s" : 1.9462E-5
      },
      "max" : {
        "ns" : 4608462,
        "us" : 4608.462,
        "ms" : 4.608462,
        "s" : 0.004608462
      }
    },
    "Per test" : {
      "count" : 8,
      "average" : {
        "ns" : 1.2235401925E8,
        "us" : 122354.01925,
        "ms" : 122.35401925,
        "s" : 0.12235401925
      },
      "min" : {
        "ns" : 56161882,
        "us" : 56161.882,
        "ms" : 56.161882,
        "s" : 0.056161882
      },
      "max" : {
        "ns" : 348837912,
        "us" : 348837.912,
        "ms" : 348.837912,
        "s" : 0.348837912
      }
    },
    "registerFaultload" : {
      "count" : 8,
      "average" : {
        "ns" : 1.8776057625E7,
        "us" : 18776.057625,
        "ms" : 18.776057625,
        "s" : 0.018776057625
      },
      "min" : {
        "ns" : 3022486,
        "us" : 3022.486,
        "ms" : 3.022486,
        "s" : 0.003022486
      },
      "max" : {
        "ns" : 110901440,
        "us" : 110901.44,
        "ms" : 110.90144,
        "s" : 0.11090144
      }
    },
    "testMethod" : {
      "count" : 8,
      "average" : {
        "ns" : 7.6131462625E7,
        "us" : 76131.462625,
        "ms" : 76.131462625,
        "s" : 0.076131462625
      },
      "min" : {
        "ns" : 40287331,
        "us" : 40287.331,
        "ms" : 40.287331,
        "s" : 0.040287331
      },
      "max" : {
        "ns" : 143124011,
        "us" : 143124.011,
        "ms" : 143.124011,
        "s" : 0.143124011
      }
    },
    "getTraceWithDelay" : {
      "count" : 8,
      "average" : {
        "ns" : 2.744974E7,
        "us" : 27449.74,
        "ms" : 27.44974,
        "s" : 0.02744974
      },
      "min" : {
        "ns" : 11549743,
        "us" : 11549.743,
        "ms" : 11.549743,
        "s" : 0.011549743
      },
      "max" : {
        "ns" : 94727166,
        "us" : 94727.166,
        "ms" : 94.727166,
        "s" : 0.094727166
      }
    },
    "getTrace" : {
      "count" : 8,
      "average" : {
        "ns" : 1.7983274E7,
        "us" : 17983.274,
        "ms" : 17.983274,
        "s" : 0.017983274
      },
      "min" : {
        "ns" : 7115135,
        "us" : 7115.135,
        "ms" : 7.115135,
        "s" : 0.007115135
      },
      "max" : {
        "ns" : 76272075,
        "us" : 76272.075,
        "ms" : 76.272075,
        "s" : 0.076272075
      }
    },
    "handleResult" : {
      "count" : 8,
      "average" : {
        "ns" : 6329464.75,
        "us" : 6329.46475,
        "ms" : 6.32946475,
        "s" : 0.00632946475
      },
      "min" : {
        "ns" : 1652814,
        "us" : 1652.814,
        "ms" : 1.652814,
        "s" : 0.001652814
      },
      "max" : {
        "ns" : 19390705,
        "us" : 19390.705,
        "ms" : 19.390705,
        "s" : 0.019390705
      }
    },
    "StrategyRunner.analyze" : {
      "count" : 8,
      "average" : {
        "ns" : 6293287.875,
        "us" : 6293.287875,
        "ms" : 6.293287875,
        "s" : 0.006293287875
      },
      "min" : {
        "ns" : 1635122,
        "us" : 1635.122,
        "ms" : 1.635122,
        "s" : 0.001635122
      },
      "max" : {
        "ns" : 19378415,
        "us" : 19378.415,
        "ms" : 19.378415,
        "s" : 0.019378415
      }
    },
    "DynamicExplorationGenerator.handleFeedback<Analyzer>" : {
      "count" : 8,
      "average" : {
        "ns" : 1103990.375,
        "us" : 1103.990375,
        "ms" : 1.103990375,
        "s" : 0.001103990375
      },
      "min" : {
        "ns" : 87277,
        "us" : 87.277,
        "ms" : 0.087277,
        "s" : 8.7277E-5
      },
      "max" : {
        "ns" : 5886306,
        "us" : 5886.306,
        "ms" : 5.886306,
        "s" : 0.005886306
      }
    },
    "HappyPathDetector.handleFeedback<Analyzer>" : {
      "count" : 8,
      "average" : {
        "ns" : 55373.125,
        "us" : 55.373125,
        "ms" : 0.055373125,
        "s" : 5.5373125E-5
      },
      "min" : {
        "ns" : 2851,
        "us" : 2.851,
        "ms" : 0.002851,
        "s" : 2.851E-6
      },
      "max" : {
        "ns" : 414923,
        "us" : 414.923,
        "ms" : 0.414923,
        "s" : 4.14923E-4
      }
    },
    "ParentChildDetector.handleFeedback<Analyzer>" : {
      "count" : 8,
      "average" : {
        "ns" : 351134.625,
        "us" : 351.134625,
        "ms" : 0.351134625,
        "s" : 3.51134625E-4
      },
      "min" : {
        "ns" : 47004,
        "us" : 47.004,
        "ms" : 0.047004,
        "s" : 4.7004E-5
      },
      "max" : {
        "ns" : 2197837,
        "us" : 2197.837,
        "ms" : 2.197837,
        "s" : 0.002197837
      }
    },
    "HappensBeforeNeighbourDetector.handleFeedback<Analyzer>" : {
      "count" : 8,
      "average" : {
        "ns" : 495447.25,
        "us" : 495.44725,
        "ms" : 0.49544725,
        "s" : 4.9544725E-4
      },
      "min" : {
        "ns" : 9981,
        "us" : 9.981,
        "ms" : 0.009981,
        "s" : 9.981E-6
      },
      "max" : {
        "ns" : 1614280,
        "us" : 1614.28,
        "ms" : 1.61428,
        "s" : 0.00161428
      }
    },
    "ErrorPropagationDetector.handleFeedback<Analyzer>" : {
      "count" : 8,
      "average" : {
        "ns" : 288477.125,
        "us" : 288.477125,
        "ms" : 0.288477125,
        "s" : 2.88477125E-4
      },
      "min" : {
        "ns" : 15452,
        "us" : 15.452,
        "ms" : 0.015452,
        "s" : 1.5452E-5
      },
      "max" : {
        "ns" : 883281,
        "us" : 883.281,
        "ms" : 0.883281,
        "s" : 8.83281E-4
      }
    },
    "ConditionalPointDetector.handleFeedback<Analyzer>" : {
      "count" : 8,
      "average" : {
        "ns" : 966425.625,
        "us" : 966.425625,
        "ms" : 0.966425625,
        "s" : 9.66425625E-4
      },
      "min" : {
        "ns" : 231458,
        "us" : 231.458,
        "ms" : 0.231458,
        "s" : 2.31458E-4
      },
      "max" : {
        "ns" : 4868303,
        "us" : 4868.303,
        "ms" : 4.868303,
        "s" : 0.004868303
      }
    },
    "RedundancyAnalyzer.handleFeedback<Analyzer>" : {
      "count" : 8,
      "average" : {
        "ns" : 41117.125,
        "us" : 41.117125,
        "ms" : 0.041117125,
        "s" : 4.1117125E-5
      },
      "min" : {
        "ns" : 20522,
        "us" : 20.522,
        "ms" : 0.020522,
        "s" : 2.0522E-5
      },
      "max" : {
        "ns" : 83607,
        "us" : 83.607,
        "ms" : 0.083607,
        "s" : 8.3607E-5
      }
    },
    "StatusAnalyzer.handleFeedback<Analyzer>" : {
      "count" : 8,
      "average" : {
        "ns" : 23081.75,
        "us" : 23.08175,
        "ms" : 0.02308175,
        "s" : 2.308175E-5
      },
      "min" : {
        "ns" : 4820,
        "us" : 4.82,
        "ms" : 0.00482,
        "s" : 4.82E-6
      },
      "max" : {
        "ns" : 139071,
        "us" : 139.071,
        "ms" : 0.139071,
        "s" : 1.39071E-4
      }
    },
    "BehaviorAnalyzer.handleFeedback<Analyzer>" : {
      "count" : 8,
      "average" : {
        "ns" : 316178.0,
        "us" : 316.178,
        "ms" : 0.316178,
        "s" : 3.16178E-4
      },
      "min" : {
        "ns" : 89677,
        "us" : 89.677,
        "ms" : 0.089677,
        "s" : 8.9677E-5
      },
      "max" : {
        "ns" : 1068426,
        "us" : 1068.426,
        "ms" : 1.068426,
        "s" : 0.001068426
      }
    },
    "TimingAnalyzer.handleFeedback<Analyzer>" : {
      "count" : 8,
      "average" : {
        "ns" : 222764.0,
        "us" : 222.764,
        "ms" : 0.222764,
        "s" : 2.22764E-4
      },
      "min" : {
        "ns" : 47614,
        "us" : 47.614,