{
    "per_key": {
        "nextFaultload": {
            "n": 66,
            "mean": 3.3299171515151516,
            "median": 1.0623725,
            "std": 11.633723051707907,
            "min": 0.450109,
            "max": 95.788336,
            "p25": 0.80188975,
            "p50": 1.0623725,
            "p75": 2.7194922499999996,
            "p90": 3.6013485,
            "p95": 4.50314675,
            "p99": 42.26633239999953
        },
        "Per test": {
            "n": 65,
            "mean": 65.90285575384615,
            "median": 63.628854,
            "std": 36.85677929158709,
            "min": 28.236758,
            "max": 337.648751,
            "p25": 59.688655999999995,
            "p50": 63.628854,
            "p75": 69.355826,
            "p90": 77.3865668,
            "p95": 79.326499,
            "p99": 183.60363547999987
        },
        "registerFaultload": {
            "n": 65,
            "mean": 6.8203622,
            "median": 4.666107,
            "std": 15.396950600356154,
            "min": 3.2462109999999997,
            "max": 128.63743499999998,
            "p25": 4.073104,
            "p50": 4.666107,
            "p75": 5.126957,
            "p90": 5.808520400000001,
            "p95": 6.0677246,
            "p99": 60.482652919999936
        },
        "unregisterFautload": {
            "n": 65,
            "mean": 4.062481123076924,
            "median": 3.95443,
            "std": 0.633812463562127,
            "min": 2.9770809999999996,
            "max": 6.414523,
            "p25": 3.537852,
            "p50": 3.95443,
            "p75": 4.5221729999999996,
            "p90": 4.7634678,
            "p95": 4.985690399999999,
            "p99": 5.659148919999999
        },
        "testMethod": {
            "n": 65,
            "mean": 52.05007070769231,
            "median": 53.013267,
            "std": 21.84156939492638,
            "min": 19.309907,
            "max": 183.39349199999998,
            "p25": 44.88158,
            "p50": 53.013267,
            "p75": 58.933516,
            "p90": 65.409029,
            "p95": 66.2539918,
            "p99": 121.36737679999993
        },
        "getTraceWithDelay": {
            "n": 65,
            "mean": 14.149765261538459,
            "median": 11.023315,
            "std": 13.474460329365453,
            "min": 7.861648,
            "max": 115.31380899999999,
            "p25": 9.426401,
            "p50": 11.023315,
            "p75": 14.928243,
            "p90": 19.9146508,
            "p95": 20.718296399999996,
            "p99": 64.05240099999995
        },
        "handleResult": {
            "n": 65,
            "mean": 2.9451755692307695,
            "median": 1.8947379999999998,
            "std": 3.257691680696884,
            "min": 0.723619,
            "max": 20.466594999999998,
            "p25": 1.621446,
            "p50": 1.8947379999999998,
            "p75": 2.922638,
            "p90": 5.1967137999999995,
            "p95": 5.971758999999999,
            "p99": 19.371338039999998
        },
        "Total test time": {
            "n": 1,
            "mean": 4877.769163,
            "median": 4877.769163,
            "std": 0.0,
            "min": 4877.769163,
            "max": 4877.769163,
            "p25": 4877.769163,
            "p50": 4877.769163,
            "p75": 4877.769163,
            "p90": 4877.769163,
            "p95": 4877.769163,
            "p99": 4877.769163
        },
        "getExpectedPoints": {
            "n": 848,
            "mean": 0.20430684905660376,
            "median": 0.1261215,
            "std": 0.4148466405761948,
            "min": 0.01039,
            "max": 7.202910999999999,
            "p25": 0.10094424999999999,
            "p50": 0.1261215,
            "p75": 0.16844425,
            "p90": 0.26506300000000005,
            "p95": 0.5179239999999999,
            "p99": 1.6813540899999988
        }
    }
}