{
  "stats" : {
    "nextFaultload" : {
      "count" : 10,
      "average" : {
        "ns" : 3799485.7,
        "us" : 3799.4857,
        "ms" : 3.7994857,
        "s" : 0.0037994857000000003
      },
      "min" : {
        "ns" : 2099230,
        "us" : 2099.23,
        "ms" : 2.09923,
        "s" : 0.00209923
      },
      "max" : {
        "ns" : 10441848,
        "us" : 10441.848,
        "ms" : 10.441848,
        "s" : 0.010441848
      }
    },
    "Per test" : {
      "count" : 9,
      "average" : {
        "ns" : 5.3197177777777776E7,
        "us" : 53197.177777777775,
        "ms" : 53.197177777777775,
        "s" : 0.05319717777777778
      },
      "min" : {
        "ns" : 25530284,
        "us" : 25530.284,
        "ms" : 25.530284,
        "s" : 0.025530284
      },
      "max" : {
        "ns" : 238526597,
        "us" : 238526.597,
        "ms" : 238.526597,
        "s" : 0.238526597
      }
    },
    "registerFaultload" : {
      "count" : 9,
      "average" : {
        "ns" : 1.8549039555555556E7,
        "us" : 18549.039555555555,
        "ms" : 18.549039555555556,
        "s" : 0.018549039555555556
      },
      "min" : {
        "ns" : 3858540,
        "us" : 3858.54,
        "ms" : 3.85854,
        "s" : 0.00385854
      },
      "max" : {
        "ns" : 118328240,
        "us" : 118328.24,
        "ms" : 118.32824,
        "s" : 0.11832824
      }
    },
    "testMethod" : {
      "count" : 9,
      "average" : {
        "ns" : 2.6462730444444444E7,
        "us" : 26462.730444444445,
        "ms" : 26.462730444444443,
        "s" : 0.026462730444444443
      },
      "min" : {
        "ns" : 15513962,
        "us" : 15513.962,
        "ms" : 15.513962,
        "s" : 0.015513962
      },
      "max" : {
        "ns" : 99963801,
        "us" : 99963.801,
        "ms" : 99.963801,
        "s" : 0.099963801
      }
    },
    "getTraceWithDelay" : {
      "count" : 9,
      "average" : {
        "ns" : 2.4943936111111112E7,
        "us" : 24943.93611111111,
        "ms" : 24.94393611111111,
        "s" : 0.024943936111111113
      },
      "min" : {
        "ns" : 12993906,
        "us" : 12993.906,
        "ms" : 12.993906,
        "s" : 0.012993906
      },
      "max" : {
        "ns" : 99748588,
        "us" : 99748.588,
        "ms" : 99.748588,
        "s" : 0.099748588
      }
    },
    "getTrace" : {
      "count" : 9,
      "average" : {
        "ns" : 1.6532258777777778E7,
        "us" : 16532.258777777777,
        "ms" : 16.532258777777777,
        "s" : 0.016532258777777777
      },
      "min" : {
        "ns" : 7702977,
        "us" : 7702.977,
        "ms" : 7.702977,
        "s" : 0.007702977
      },
      "max" : {
        "ns" : 78750185,
        "us" : 78750.185,
        "ms" : 78.750185,
        "s" : 0.078750185
      }
    },
    "handleResult" : {
      "count" : 9,
      "average" : {
        "ns" : 4094354.0,
        "us" : 4094.354,
        "ms" : 4.094354,
        "s" : 0.004094354
      },
      "min" : {
        "ns" : 1531195,
        "us" : 1531.195,
        "ms" : 1.531195,
        "s" : 0.001531195
      },
      "max" : {
        "ns" : 15938689,
        "us" : 15938.689,
        "ms" : 15.938689,
        "s" : 0.015938689
      }
    },
    "StrategyRunner.analyze" : {
      "count" : 9,
      "average" : {
        "ns" : 4061141.0,
        "us" : 4061.141,
        "ms" : 4.061141,
        "s" : 0.004061141
      },
      "min" : {
        "ns" : 1519595,
        "us" : 1519.595,
        "ms" : 1.519595,
        "s" : 0.001519595
      },
      "max" : {
        "ns" : 15747477,
        "us" : 15747.477,
        "ms" : 15.747477,
        "s" : 0.015747477
      }
    },
    "DynamicExplorationGenerator.handleFeedback<Analyzer>" : {
      "count" : 9,
      "average" : {
        "ns" : 975038.1111111111,
        "us" : 975.0381111111111,
        "ms" : 0.9750381111111112,
        "s" : 9.750381111111111E-4
      },
      "min" : {
        "ns" : 94606,
        "us" : 94.606,
        "ms" : 0.094606,
        "s" : 9.4606E-5
      },
      "max" : {
        "ns" : 6656313,
        "us" : 6656.313,
        "ms" : 6.656313,
        "s" : 0.006656313
      }
    },
    "HappyPathDetector.handleFeedback<Analyzer>" : {
      "count" : 9,
      "average" : {
        "ns" : 48758.444444444445,
        "us" : 48.75844444444444,
        "ms" : 0.048758444444444445,
        "s" : 4.8758444444444446E-5
      },
      "min" : {
        "ns" : 3700,
        "us" : 3.7,
        "ms" : 0.0037,
        "s" : 3.7E-6
      },
      "max" : {
        "ns" : 408125,
        "us" : 408.125,
        "ms" : 0.408125,
        "s" : 4.08125E-4
      }
    },
    "ParentChildDetector.handleFeedback<Analyzer>" : {
      "count" : 9,
      "average" : {
        "ns" : 347866.0,
        "us" : 347.866,
        "ms" : 0.347866,
        "s" : 3.47866E-4
      },
      "min" : {
        "ns" : 43503,
        "us" : 43.503,
        "ms" : 0.043503,
        "s" : 4.3503E-5
      },
      "max" : {
        "ns" : 2504356,
        "us" : 2504.356,
        "ms" : 2.504356,
        "s" : 0.002504356
      }
    },
    "HappensBeforeNeighbourDetector.handleFeedback<Analyzer>" : {
      "count" : 9,
      "average" : {
        "ns" : 796638.4444444445,
        "us" : 796.6384444444445,
        "ms" : 0.7966384444444445,
        "s" : 7.966384444444445E-4
      },
      "min" : {
        "ns" : 13201,
        "us" : 13.201,
        "ms" : 0.013201,
        "s" : 1.3201E-5
      },
      "max" : {
        "ns" : 2186435,
        "us" : 2186.435,
        "ms" : 2.186435,
        "s" : 0.002186435
      }
    },
    "ErrorPropagationDetector.handleFeedback<Analyzer>" : {
      "count" : 9,
      "average" : {
        "ns" : 209879.88888888888,
        "us" : 209.87988888888887,
        "ms" : 0.20987988888888887,
        "s" : 2.0987988888888887E-4
      },
      "min" : {
        "ns" : 11901,
        "us" : 11.901,
        "ms" : 0.011901,
        "s" : 1.1901E-5
      },
      "max" : {
        "ns" : 495831,
        "us" : 495.831,
        "ms" : 0.495831,
        "s" : 4.95831E-4
      }
    },
    "ConditionalPointDetector.handleFeedback<Analyzer>" : {
      "count" : 9,
      "average" : {
        "ns" : 1061032.5555555555,
        "us" : 1061.0325555555555,
        "ms" : 1.0610325555555555,
        "s" : 0.0010610325555555555
      },
      "min" : {
        "ns" : 226414,
        "us" : 226.414,
        "ms" : 0.226414,
        "s" : 2.26414E-4
      },
      "max" : {
        "ns" : 4638588,
        "us" : 4638.588,
        "ms" : 4.638588,
        "s" : 0.004638588
      }
    },
    "RedundancyAnalyzer.handleFeedback<Analyzer>" : {
      "count" : 9,
      "average" : {
        "ns" : 54559.0,
        "us" : 54.559,
        "ms" : 0.054559,
        "s" : 5.4559E-5
      },
      "min" : {
        "ns" : 18801,
        "us" : 18.801,
        "ms" : 0.018801,
        "s" : 1.8801E-5
      },
      "max" : {
        "ns" : 190912,
        "us" : 190.912,
        "ms" : 0.190912,
        "s" : 1.90912E-4
      }
    },
    "StatusAnalyzer.handleFeedback<Analyzer>" : {
      "count" : 9,
      "average" : {
        "ns" : 28012.88888888889,
        "us" : 28.01288888888889,
        "ms" : 0.02801288888888889,
        "s" : 2.8012888888888892E-5
      },
      "min" : {
        "ns" : 4500,
        "us" : 4.5,
        "ms" : 0.0045,
        "s" : 4.5E-6
      },
      "max" : {
        "ns" : 206513,
        "us" : 206.513,
        "ms" : 0.206513,
        "s" : 2.06513E-4
      }
    },
    "BehaviorAnalyzer.handleFeedback<Analyzer>" : {
      "count" : 9,
      "average" : {
        "ns" : 293418.1111111111,
        "us" : 293.4181111111111,
        "ms" : 0.2934181111111111,
        "s" : 2.9341811111111113E-4
      },
      "min" : {
        "ns" : 101406,
        "us" : 101.406,
        "ms" : 0.101406,
        "s" : 1.01406E-4
      },
      "max" : {
        "ns" : 817851,
        "us" : 817.851,