{
  "stats" : {
    "nextFaultload" : {
      "count" : 10,
      "average" : {
        "ns" : 3959252.2,
        "us" : 3959.2522000000004,
        "ms" : 3.9592522000000003,
        "s" : 0.0039592522
      },
      "min" : {
        "ns" : 2060656,
        "us" : 2060.656,
        "ms" : 2.060656,
        "s" : 0.002060656
      },
      "max" : {
        "ns" : 10658706,
        "us" : 10658.706,
        "ms" : 10.658706,
        "s" : 0.010658706
      }
    },
    "Per test" : {
      "count" : 9,
      "average" : {
        "ns" : 5.6123568777777776E7,
        "us" : 56123.56877777778,
        "ms" : 56.12356877777778,
        "s" : 0.05612356877777778
      },
      "min" : {
        "ns" : 25712767,
        "us" : 25712.767,
        "ms" : 25.712767,
        "s" : 0.025712767
      },
      "max" : {
        "ns" : 250331735,
        "us" : 250331.735,
        "ms" : 250.331735,
        "s" : 0.250331735
      }
    },
    "registerFaultload" : {
      "count" : 9,
      "average" : {
        "ns" : 1.8800265666666668E7,
        "us" : 18800.265666666666,
        "ms" : 18.800265666666668,
        "s" : 0.018800265666666666
      },
      "min" : {
        "ns" : 3468639,
        "us" : 3468.639,
        "ms" : 3.468639,
        "s" : 0.003468639
      },
      "max" : {
        "ns" : 117995859,
        "us" : 117995.859,
        "ms" : 117.995859,
        "s" : 0.117995859
      }
    },
    "testMethod" : {
      "count" : 9,
      "average" : {
        "ns" : 2.8540633666666668E7,
        "us" : 28540.63366666667,
        "ms" : 28.54063366666667,
        "s" : 0.02854063366666667
      },
      "min" : {
        "ns" : 15898080,
        "us" : 15898.08,
        "ms" : 15.89808,
        "s" : 0.01589808
      },
      "max" : {
        "ns" : 108251905,
        "us" : 108251.905,
        "ms" : 108.251905,
        "s" : 0.108251905
      }
    },
    "getTraceWithDelay" : {
      "count" : 9,
      "average" : {
        "ns" : 2.6528574222222224E7,
        "us" : 26528.574222222225,
        "ms" : 26.528574222222225,
        "s" : 0.026528574222222222
      },
      "min" : {
        "ns" : 13951169,
        "us" : 13951.169,
        "ms" : 13.951169,
        "s" : 0.013951169
      },
      "max" : {
        "ns" : 107628259,
        "us" : 107628.259,
        "ms" : 107.628259,
        "s" : 0.107628259
      }
    },
    "getTrace" : {
      "count" : 9,
      "average" : {
        "ns" : 1.7497479777777776E7,
        "us" : 17497.479777777775,
        "ms" : 17.497479777777777,
        "s" : 0.017497479777777776
      },
      "min" : {
        "ns" : 8391951,
        "us" : 8391.951,
        "ms" : 8.391951,
        "s" : 0.008391951
      },
      "max" : {
        "ns" : 82753817,
        "us" : 82753.817,
        "ms" : 82.753817,
        "s" : 0.082753817
      }
    },
    "handleResult" : {
      "count" : 9,
      "average" : {
        "ns" : 4498308.666666667,
        "us" : 4498.308666666667,
        "ms" : 4.498308666666667,
        "s" : 0.004498308666666667
      },
      "min" : {
        "ns" : 1514787,
        "us" : 1514.787,
        "ms" : 1.514787,
        "s" : 0.001514787
      },
      "max" : {
        "ns" : 18536340,
        "us" : 18536.34,
        "ms" : 18.53634,
        "s" : 0.01853634
      }
    },
    "StrategyRunner.analyze" : {
      "count" : 9,
      "average" : {
        "ns" : 4445259.888888889,
        "us" : 4445.259888888889,
        "ms" : 4.445259888888889,
        "s" : 0.004445259888888889
      },
      "min" : {
        "ns" : 1506406,
        "us" : 1506.406,
        "ms" : 1.506406,
        "s" : 0.001506406
      },
      "max" : {
        "ns" : 18238509,
        "us" : 18238.509,
        "ms" : 18.238509,
        "s" : 0.018238509
      }
    },
    "DynamicExplorationGenerator.handleFeedback<Analyzer>" : {
      "count" : 9,
      "average" : {
        "ns" : 1106848.7777777778,
        "us" : 1106.8487777777777,
        "ms" : 1.1068487777777778,
        "s" : 0.0011068487777777778
      },
      "min" : {
        "ns" : 87793,
        "us" : 87.793,
        "ms" : 0.087793,
        "s" : 8.7793E-5
      },
      "max" : {
        "ns" : 7860372,
        "us" : 7860.372,
        "ms" : 7.860372,
        "s" : 0.007860372
      }
    },
    "HappyPathDetector.handleFeedback<Analyzer>" : {
      "count" : 9,
      "average" : {
        "ns" : 83000.66666666667,
        "us" : 83.00066666666667,
        "ms" : 0.08300066666666667,
        "s" : 8.300066666666667E-5
      },
      "min" : {
        "ns" : 3420,
        "us" : 3.42,
        "ms" : 0.00342,
        "s" : 3.42E-6
      },
      "max" : {
        "ns" : 716296,
        "us" : 716.296,
        "ms" : 0.716296,
        "s" : 7.16296E-4
      }
    },
    "ParentChildDetector.handleFeedback<Analyzer>" : {
      "count" : 9,
      "average" : {
        "ns" : 430539.22222222225,
        "us" : 430.53922222222224,
        "ms" : 0.43053922222222224,
        "s" : 4.3053922222222225E-4
      },
      "min" : {
        "ns" : 45421,
        "us" : 45.421,
        "ms" : 0.045421,
        "s" : 4.5421E-5
      },
      "max" : {
        "ns" : 3171537,
        "us" : 3171.537,
        "ms" : 3.171537,
        "s" : 0.003171537
      }
    },
    "HappensBeforeNeighbourDetector.handleFeedback<Analyzer>" : {
      "count" : 9,
      "average" : {
        "ns" : 864912.2222222222,
        "us" : 864.9122222222222,
        "ms" : 0.8649122222222222,
        "s" : 8.649122222222223E-4
      },
      "min" : {
        "ns" : 13480,
        "us" : 13.48,
        "ms" : 0.01348,
        "s" : 1.348E-5
      },
      "max" : {
        "ns" : 2267035,
        "us" : 2267.035,
        "ms" : 2.267035,
        "s" : 0.002267035
      }
    },
    "ErrorPropagationDetector.handleFeedback<Analyzer>" : {
      "count" : 9,
      "average" : {
        "ns" : 205523.33333333334,
        "us" : 205.52333333333334,
        "ms" : 0.20552333333333334,
        "s" : 2.0552333333333334E-4
      },
      "min" : {
        "ns" : 13241,
        "us" : 13.241,
        "ms" : 0.013241,
        "s" : 1.3241E-5
      },
      "max" : {
        "ns" : 523009,
        "us" : 523.009,
        "ms" : 0.523009,
        "s" : 5.23009E-4
      }
    },
    "ConditionalPointDetector.handleFeedback<Analyzer>" : {
      "count" : 9,
      "average" : {
        "ns" : 1094951.888888889,
        "us" : 1094.951888888889,
        "ms" : 1.094951888888889,
        "s" : 0.001094951888888889
      },
      "min" : {
        "ns" : 223508,
        "us" : 223.508,
        "ms" : 0.223508,
        "s" : 2.23508E-4
      },
      "max" : {
        "ns" : 4893962,
        "us" : 4893.962,
        "ms" : 4.893962,
        "s" : 0.004893962
      }
    },
    "RedundancyAnalyzer.handleFeedback<Analyzer>" : {
      "count" : 9,
      "average" : {
        "ns" : 48375.22222222222,
        "us" : 48.37522222222222,
        "ms" : 0.04837522222222222,
        "s" : 4.837522222222222E-5
      },
      "min" : {
        "ns" : 18231,
        "us" : 18.231,
        "ms" : 0.018231,
        "s" : 1.8231E-5
      },
      "max" : {
        "ns" : 154796,
        "us" : 154.796,
        "ms" : 0.154796,
        "s" : 1.54796E-4
      }
    },
    "StatusAnalyzer.handleFeedback<Analyzer>" : {
      "count" : 9,
      "average" : {
        "ns" : 32257.666666666668,
        "us" : 32.257666666666665,
        "ms" : 0.03225766666666667,
        "s" : 3.225766666666667E-5
      },
      "min" : {
        "ns" : 5150,
        "us" : 5.15,
        "ms" : 0.00515,
        "s" : 5.15E-6
      },
      "max" : {
        "ns" : 239699,
        "us" : 239.699,
        "ms" : 0.239699,
        "s" : 2.39699E-4
      }
    },
    "BehaviorAnalyzer.handleFeedback<Analyzer>" : {
      "count" : 9,
      "average" : {
        "ns" : 309829.3333333333,
        "us" : 309.8293333333333,
        "ms" : 0.3098293333333333,
        "s" : 3.0982933333333334E-4
      },
      "min" : {
        "ns" : 95014,