{
  "stats" : {
    "nextFaultload" : {
      "count" : 9,
      "average" : {
        "ns" : 2581837.888888889,
        "us" : 2581.837888888889,
        "ms" : 2.581837888888889,
        "s" : 0.002581837888888889
      },
      "min" : {
        "ns" : 688122,
        "us" : 688.122,
        "ms" : 0.688122,
        "s" : 6.88122E-4
      },
      "max" : {
        "ns" : 4468042,
        "us" : 4468.042,
        "ms" : 4.468042,
        "s" : 0.004468042
      }
    },
    "Per test" : {
      "count" : 8,
      "average" : {
        "ns" : 6.1278287875E7,
        "us" : 61278.287875,
        "ms" : 61.278287875,
        "s" : 0.061278287875
      },
      "min" : {
        "ns" : 25193802,
        "us" : 25193.802,
        "ms" : 25.193802,
        "s" : 0.025193802
      },
      "max" : {
        "ns" : 247714284,
        "us" : 247714.284,
        "ms" : 247.714284,
        "s" : 0.247714284
      }
    },
    "registerFaultload" : {
      "count" : 8,
      "average" : {
        "ns" : 1.8746634125E7,
        "us" : 18746.634125,
        "ms" : 18.746634125,
        "s" : 0.018746634125
      },
      "min" : {
        "ns" : 2990195,
        "us" : 2990.195,
        "ms" : 2.990195,
        "s" : 0.002990195
      },
      "max" : {
        "ns" : 111747057,
        "us" : 111747.057,
        "ms" : 111.747057,
        "s" : 0.111747057
      }
    },
    "testMethod" : {
      "count" : 8,
      "average" : {
        "ns" : 1.4589952125E7,
        "us" : 14589.952125,
        "ms" : 14.589952125,
        "s" : 0.014589952125
      },
      "min" : {
        "ns" : 8896283,
        "us" : 8896.283,
        "ms" : 8.896283,
        "s" : 0.008896283
      },
      "max" : {
        "ns" : 27316569,
        "us" : 27316.569,
        "ms" : 27.316569,
        "s" : 0.027316569
      }
    },
    "getTraceWithDelay" : {
      "count" : 8,
      "average" : {
        "ns" : 2.7702606875E7,
        "us" : 27702.606875,
        "ms" : 27.702606875,
        "s" : 0.027702606875
      },
      "min" : {
        "ns" : 11587769,
        "us" : 11587.769,
        "ms" : 11.587769,
        "s" : 0.011587769
      },
      "max" : {
        "ns" : 108350949,
        "us" : 108350.949,
        "ms" : 108.350949,
        "s" : 0.108350949
      }
    },
    "getTrace" : {
      "count" : 8,
      "average" : {
        "ns" : 1.7602547875E7,
        "us" : 17602.547875,
        "ms" : 17.602547875,
        "s" : 0.017602547875
      },
      "min" : {
        "ns" : 7134427,
        "us" : 7134.427,
        "ms" : 7.134427,
        "s" : 0.007134427
      },
      "max" : {
        "ns" : 77552868,
        "us" : 77552.868,
        "ms" : 77.552868,
        "s" : 0.077552868
      }
    },
    "handleResult" : {
      "count" : 8,
      "average" : {
        "ns" : 6226210.5,
        "us" : 6226.2105,
        "ms" : 6.2262105,
        "s" : 0.0062262105
      },
      "min" : {
        "ns" : 1759556,
        "us" : 1759.556,
        "ms" : 1.759556,
        "s" : 0.001759556
      },
      "max" : {
        "ns" : 21828995,
        "us" : 21828.995,
        "ms" : 21.828995,
        "s" : 0.021828995
      }
    },
    "StrategyRunner.analyze" : {
      "count" : 8,
      "average" : {
        "ns" : 6082856.0,
        "us" : 6082.856,
        "ms" : 6.082856,
        "s" : 0.006082856
      },
      "min" : {
        "ns" : 1676753,
        "us" : 1676.753,
        "ms" : 1.676753,
        "s" : 0.001676753
      },
      "max" : {
        "ns" : 21418182,
        "us" : 21418.182,
        "ms" : 21.418182,
        "s" : 0.021418182
      }
    },
    "DynamicExplorationGenerator.handleFeedback<Analyzer>" : {
      "count" : 8,
      "average" : {
        "ns" : 1146273.875,
        "us" : 1146.273875,
        "ms" : 1.146273875,
        "s" : 0.001146273875
      },
      "min" : {
        "ns" : 75603,
        "us" : 75.603,
        "ms" : 0.075603,
        "s" : 7.5603E-5
      },
      "max" : {
        "ns" : 6639711,
        "us" : 6639.711,
        "ms" : 6.639711,
        "s" : 0.006639711
      }
    },
    "HappyPathDetector.handleFeedback<Analyzer>" : {
      "count" : 8,
      "average" : {
        "ns" : 89465.375,
        "us" : 89.465375,
        "ms" : 0.089465375,
        "s" : 8.9465375E-5
      },
      "min" : {
        "ns" : 3100,
        "us" : 3.1,
        "ms" : 0.0031,
        "s" : 3.1E-6
      },
      "max" : {
        "ns" : 685422,
        "us" : 685.422,
        "ms" : 0.685422,
        "s" : 6.85422E-4
      }
    },
    "ParentChildDetector.handleFeedback<Analyzer>" : {
      "count" : 8,
      "average" : {
        "ns" : 1086222.25,
        "us" : 1086.22225,
        "ms" : 1.08622225,
        "s" : 0.00108622225
      },
      "min" : {
        "ns" : 39001,
        "us" : 39.001,
        "ms" : 0.039001,
        "s" : 3.9001E-5
      },
      "max" : {
        "ns" : 8175260,
        "us" : 8175.26,
        "ms" : 8.17526,
        "s" : 0.00817526
      }
    },
    "HappensBeforeNeighbourDetector.handleFeedback<Analyzer>" : {
      "count" : 8,
      "average" : {
        "ns" : 404125.25,
        "us" : 404.12525,
        "ms" : 0.40412525,
        "s" : 4.0412525E-4
      },
      "min" : {
        "ns" : 17800,
        "us" : 17.8,
        "ms" : 0.0178,
        "s" : 1.78E-5
      },
      "max" : {
        "ns" : 1398944,
        "us" : 1398.944,
        "ms" : 1.398944,
        "s" : 0.001398944
      }
    },
    "ErrorPropagationDetector.handleFeedback<Analyzer>" : {
      "count" : 8,
      "average" : {
        "ns" : 897253.375,
        "us" : 897.253375,
        "ms" : 0.897253375,
        "s" : 8.97253375E-4
      },
      "min" : {
        "ns" : 13201,
        "us" : 13.201,
        "ms" : 0.013201,
        "s" : 1.3201E-5
      },
      "max" : {
        "ns" : 3068897,
        "us" : 3068.897,
        "ms" : 3.068897,
        "s" : 0.003068897
      }
    },
    "ConditionalPointDetector.handleFeedback<Analyzer>" : {
      "count" : 8,
      "average" : {
        "ns" : 810813.375,
        "us" : 810.813375,
        "ms" : 0.810813375,
        "s" : 8.10813375E-4
      },
      "min" : {
        "ns" : 116704,
        "us" : 116.704,
        "ms" : 0.116704,
        "s" : 1.16704E-4
      },
      "max" : {
        "ns" : 4586446,
        "us" : 4586.446,
        "ms" : 4.586446,
        "s" : 0.004586446
      }
    },
    "RedundancyAnalyzer.handleFeedback<Analyzer>" : {
      "count" : 8,
      "average" : {
        "ns" : 35551.0,
        "us" : 35.551,
        "ms" : 0.035551,
        "s" : 3.5551E-5
      },
      "min" : {
        "ns" : 24501,
        "us" : 24.501,
        "ms" : 0.024501,
        "s" : 2.4501E-5
      },
      "max" : {
        "ns" : 65402,
        "us" : 65.402,
        "ms" : 0.065402,
        "s" : 6.5402E-5
      }
    },
    "StatusAnalyzer.handleFeedback<Analyzer>" : {
      "count" : 8,
      "average" : {
        "ns" : 21413.25,
        "us" : 21.41325,
        "ms" : 0.02141325,
        "s" : 2.141325E-5
      },
      "min" : {
        "ns" : 4300,
        "us" : 4.3,
        "ms" : 0.0043,
        "s" : 4.3E-6
      },
      "max" : {
        "ns" : 135204,
        "us" : 135.204,
        "ms" : 0.135204,
        "s" : 1.35204E-4
      }
    },
    "BehaviorAnalyzer.handleFeedback<Analyzer>" : {
      "count" : 8,
      "average" : {
        "ns" : 582306.125,
        "us" : 582.306125,
        "ms" : 0.582306125,
        "s" : 5.82306125E-4
      },
      "min" : {
        "ns" : 260808,
        "us" : 260.808,
        "ms" : 0.260808,
        "s" : 2.60808E-4
      },
      "max" : {
        "ns" : 1534949,
        "us" : 1534.949,
        "ms" : 1.534949,
        "s" : 0.001534949
      }
    },
    "TimingAnalyzer.handleFeedback<Analyzer>" : {
      "count" : 8,
      "average" : {
        "ns" : 198393.75,
        "us" : 198.39375,
        "ms" : 0.19839375,
        "s" : 1.9839375E-4
      },
      "min" : {
        "ns" : 49102,
        "us" : 49.102,