{
  "stats" : {
    "nextFaultload" : {
      "count" : 22,
      "average" : {
        "ns" : 2308642.1363636362,
        "us" : 2308.6421363636364,
        "ms" : 2.3086421363636362,
        "s" : 0.002308642136363636
      },
      "min" : {
        "ns" : 602024,
        "us" : 602.024,
        "ms" : 0.602024,
        "s" : 6.02024E-4
      },
      "max" : {
        "ns" : 3963158,
        "us" : 3963.158,
        "ms" : 3.963158,
        "s" : 0.003963158
      }
    },
    "Per test" : {
      "count" : 21,
      "average" : {
        "ns" : 4.07370760952381E7,
        "us" : 40737.076095238095,
        "ms" : 40.737076095238095,
        "s" : 0.0407370760952381
      },
      "min" : {
        "ns" : 24935794,
        "us" : 24935.794,
        "ms" : 24.935794,
        "s" : 0.024935794
      },
      "max" : {
        "ns" : 232136653,
        "us" : 232136.653,
        "ms" : 232.136653,
        "s" : 0.232136653
      }
    },
    "registerFaultload" : {
      "count" : 21,
      "average" : {
        "ns" : 8821637.38095238,
        "us" : 8821.637380952381,
        "ms" : 8.82163738095238,
        "s" : 0.008821637380952381
      },
      "min" : {
        "ns" : 2701108,
        "us" : 2701.108,
        "ms" : 2.701108,
        "s" : 0.002701108
      },
      "max" : {
        "ns" : 106925362,
        "us" : 106925.362,
        "ms" : 106.925362,
        "s" : 0.106925362
      }
    },
    "testMethod" : {
      "count" : 21,
      "average" : {
        "ns" : 1.3475061E7,
        "us" : 13475.061,
        "ms" : 13.475061,
        "s" : 0.013475061
      },
      "min" : {
        "ns" : 11557961,
        "us" : 11557.961,
        "ms" : 11.557961,
        "s" : 0.011557961
      },
      "max" : {
        "ns" : 20935634,
        "us" : 20935.634,
        "ms" : 20.935634,
        "s" : 0.020935634
      }
    },
    "getTraceWithDelay" : {
      "count" : 21,
      "average" : {
        "ns" : 1.8223507285714287E7,
        "us" : 18223.507285714288,
        "ms" : 18.223507285714287,
        "s" : 0.01822350728571429
      },
      "min" : {
        "ns" : 9581882,
        "us" : 9581.882,
        "ms" : 9.581882,
        "s" : 0.009581882
      },
      "max" : {
        "ns" : 103968444,
        "us" : 103968.444,
        "ms" : 103.968444,
        "s" : 0.103968444
      }
    },
    "getTrace" : {
      "count" : 21,
      "average" : {
        "ns" : 1.0387657E7,
        "us" : 10387.657,
        "ms" : 10.387657,
        "s" : 0.010387657
      },
      "min" : {
        "ns" : 4957498,
        "us" : 4957.498,
        "ms" : 4.957498,
        "s" : 0.004957498
      },
      "max" : {
        "ns" : 75081093,
        "us" : 75081.093,
        "ms" : 75.081093,
        "s" : 0.075081093
      }
    },
    "handleResult" : {
      "count" : 21,
      "average" : {
        "ns" : 3620639.523809524,
        "us" : 3620.639523809524,
        "ms" : 3.620639523809524,
        "s" : 0.0036206395238095237
      },
      "min" : {
        "ns" : 1675567,
        "us" : 1675.567,
        "ms" : 1.675567,
        "s" : 0.001675567
      },
      "max" : {
        "ns" : 20127302,
        "us" : 20127.302,
        "ms" : 20.127302,
        "s" : 0.020127302
      }
    },
    "StrategyRunner.analyze" : {
      "count" : 21,
      "average" : {
        "ns" : 3517530.619047619,
        "us" : 3517.530619047619,
        "ms" : 3.5175306190476188,
        "s" : 0.0035175306190476188
      },
      "min" : {
        "ns" : 1599964,
        "us" : 1599.964,
        "ms" : 1.599964,
        "s" : 0.001599964
      },
      "max" : {
        "ns" : 19742787,
        "us" : 19742.787,
        "ms" : 19.742787,
        "s" : 0.019742787
      }
    },
    "DynamicExplorationGenerator.handleFeedback<Analyzer>" : {
      "count" : 21,
      "average" : {
        "ns" : 529316.380952381,
        "us" : 529.316380952381,
        "ms" : 0.529316380952381,
        "s" : 5.293163809523809E-4
      },
      "min" : {
        "ns" : 68103,
        "us" : 68.103,
        "ms" : 0.068103,
        "s" : 6.8103E-5
      },
      "max" : {
        "ns" : 5922236,
        "us" : 5922.236,
        "ms" : 5.922236,
        "s" : 0.005922236
      }
    },
    "HappyPathDetector.handleFeedback<Analyzer>" : {
      "count" : 21,
      "average" : {
        "ns" : 29582.095238095237,
        "us" : 29.58209523809524,
        "ms" : 0.029582095238095237,
        "s" : 2.9582095238095238E-5
      },
      "min" : {
        "ns" : 2400,
        "us" : 2.4,
        "ms" : 0.0024,
        "s" : 2.4E-6
      },
      "max" : {
        "ns" : 552922,
        "us" : 552.922,
        "ms" : 0.552922,
        "s" : 5.52922E-4
      }
    },
    "ParentChildDetector.handleFeedback<Analyzer>" : {
      "count" : 21,
      "average" : {
        "ns" : 416192.7619047619,
        "us" : 416.1927619047619,
        "ms" : 0.4161927619047619,
        "s" : 4.161927619047619E-4
      },
      "min" : {
        "ns" : 36901,
        "us" : 36.901,
        "ms" : 0.036901,
        "s" : 3.6901E-5
      },
      "max" : {
        "ns" : 7440997,
        "us" : 7440.997,
        "ms" : 7.440997,
        "s" : 0.007440997
      }
    },
    "HappensBeforeNeighbourDetector.handleFeedback<Analyzer>" : {
      "count" : 21,
      "average" : {
        "ns" : 404811.5238095238,
        "us" : 404.8115238095238,
        "ms" : 0.4048115238095238,
        "s" : 4.048115238095238E-4
      },
      "min" : {
        "ns" : 12800,
        "us" : 12.8,
        "ms" : 0.0128,
        "s" : 1.28E-5
      },
      "max" : {
        "ns" : 1136945,
        "us" : 1136.945,
        "ms" : 1.136945,
        "s" : 0.001136945
      }
    },
    "ErrorPropagationDetector.handleFeedback<Analyzer>" : {
      "count" : 21,
      "average" : {
        "ns" : 361100.0,
        "us" : 361.1,
        "ms" : 0.3611,
        "s" : 3.611E-4
      },
      "min" : {
        "ns" : 4100,
        "us" : 4.1,
        "ms" : 0.0041,
        "s" : 4.1E-6
      },
      "max" : {
        "ns" : 1277151,
        "us" : 1277.151,
        "ms" : 1.277151,
        "s" : 0.001277151
      }
    },
    "ConditionalPointDetector.handleFeedback<Analyzer>" : {
      "count" : 21,
      "average" : {
        "ns" : 727995.7619047619,
        "us" : 727.9957619047619,
        "ms" : 0.7279957619047619,
        "s" : 7.279957619047619E-4
      },
      "min" : {
        "ns" : 138905,
        "us" : 138.905,
        "ms" : 0.138905,
        "s" : 1.38905E-4
      },
      "max" : {
        "ns" : 4490879,
        "us" : 4490.879,
        "ms" : 4.490879,
        "s" : 0.004490879
      }
    },
    "RedundancyAnalyzer.handleFeedback<Analyzer>" : {
      "count" : 21,
      "average" : {
        "ns" : 44954.28571428572,
        "us" : 44.95428571428572,
        "ms" : 0.04495428571428572,
        "s" : 4.4954285714285717E-5
      },
      "min" : {
        "ns" : 16600,
        "us" : 16.6,
        "ms" : 0.0166,
        "s" : 1.66E-5
      },
      "max" : {
        "ns" : 283012,
        "us" : 283.012,
        "ms" : 0.283012,
        "s" : 2.83012E-4
      }
    },
    "StatusAnalyzer.handleFeedback<Analyzer>" : {
      "count" : 21,
      "average" : {
        "ns" : 19695.95238095238,
        "us" : 19.69595238095238,
        "ms" : 0.01969595238095238,
        "s" : 1.969595238095238E-5
      },
      "min" : {
        "ns" : 3400,
        "us" : 3.4,
        "ms" : 0.0034,
        "s" : 3.4E-6
      },
      "max" : {
        "ns" : 137106,
        "us" : 137.106,
        "ms" : 0.137106,
        "s" : 1.37106E-4
      }
    },
    "BehaviorAnalyzer.handleFeedback<Analyzer>" : {
      "count" : 21,
      "average" : {
        "ns" : 461504.14285714284,
        "us" : 461.5041428571428,
        "ms" : 0.46150414285714286,
        "s" : 4.6150414285714284E-4
      },
      "min" : {
        "ns" : 286712,
        "us" : 286.712,
        "ms" : 0.286712,
        "s" : 2.86712E-4
      },