{
    "per_key": {
        "nextFaultload": {
            "n": 220,
            "mean": 2.2542595227272724,
            "median": 2.1858385,
            "std": 0.8503358592255258,
            "min": 0.01969,
            "max": 4.344951,
            "p25": 1.739561,
            "p50": 2.1858385,
            "p75": 2.723861,
            "p90": 3.4880090999999998,
            "p95": 3.6593813999999987,
            "p99": 3.99616203
        },
        "Per test": {
            "n": 210,
            "mean": 42.18304546666666,
            "median": 30.087500499999997,
            "std": 44.035921894302454,
            "min": 24.902165999999998,
            "max": 242.598241,
            "p25": 27.722502,
            "p50": 30.087500499999997,
            "p75": 34.81756975,
            "p90": 52.03103669999998,
            "p95": 62.372707,
            "p99": 239.90542956
        },
        "registerFaultload": {
            "n": 210,
            "mean": 9.470197542857141,
            "median": 3.2254385,
            "std": 24.471221998262525,
            "min": 2.7092069999999997,
            "max": 124.392951,
            "p25": 3.02073225,
            "p50": 3.2254385,
            "p75": 3.64255825,
            "p90": 4.857411899999998,
            "p95": 20.188695399999993,
            "p99": 120.19003133999999
        },
        "unregisterFautload": {
            "n": 210,
            "mean": 2.937540895238095,
            "median": 2.8822755,
            "std": 0.27372081245827395,
            "min": 2.363717,
            "max": 3.7386009999999996,
            "p25": 2.73921525,
            "p50": 2.8822755,
            "p75": 3.1525377499999996,
            "p90": 3.3427692999999996,
            "p95": 3.4451920499999997,
            "p99": 3.5465294599999995
        },
        "testMethod": {
            "n": 210,
            "mean": 14.906130499999998,
            "median": 13.7903725,
            "std": 3.2347278160073865,
            "min": 11.759991999999999,
            "max": 35.430121,
            "p25": 13.0720985,
            "p50": 13.7903725,
            "p75": 15.60351075,
            "p90": 17.397330099999998,
            "p95": 21.7900502,
            "p99": 29.38749866999999
        },
        "getTraceWithDelay": {
            "n": 210,
            "mean": 17.808115890476188,
            "median": 12.6014065,
            "std": 18.04684825300041,
            "min": 9.363346,
            "max": 98.763812,
            "p25": 11.17267975,
            "p50": 12.6014065,
            "p75": 15.517586999999999,
            "p90": 25.4460521,
            "p95": 36.437818349999795,
            "p99": 97.47289707
        },
        "handleResult": {
            "n": 210,
            "mean": 3.5472435238095232,
            "median": 1.9872025,
            "std": 3.9600086614947614,
            "min": 1.178518,
            "max": 16.291961999999998,
            "p25": 1.702613,
            "p50": 1.9872025,
            "p75": 2.5275815,
            "p90": 9.346834799999995,
            "p95": 14.822800949999998,
            "p99": 15.832430279999999
        },
        "Total test time": {
            "n": 10,
            "mean": 1216.4417019,
            "median": 1214.0463519999998,
            "std": 16.234909004070296,
            "min": 1194.576417,
            "max": 1243.119281,
            "p25": 1202.83617575,
            "p50": 1214.0463519999998,
            "p75": 1231.062976,
            "p90": 1238.1348091999998,
            "p95": 1240.6270451,
            "p99": 1242.62083382
        },
        "getExpectedBehaviours": {
            "n": 400,
            "mean": 0.29587686249999995,
            "median": 0.26432500000000003,
            "std": 0.14339333833997867,
            "min": 0.110473,
            "max": 1.0056859999999999,
            "p25": 0.19309474999999998,
            "p50": 0.26432500000000003,
            "p75": 0.3587915,
            "p90": 0.48969820000000014,
            "p95": 0.5725984999999999,
            "p99": 0.7798907899999997
        },
        "getExpectedPoints": {
            "n": 400,
            "mean": 0.404095195,
            "median": 0.361768,
            "std": 0.21587277449267883,
            "min": 0.11182299999999999,
            "max": 1.289904,
            "p25": 0.24790049999999997,
            "p50": 0.361768,
            "p75": 0.48344624999999997,
            "p90": 0.6556601,
            "p95": 0.8607585499999993,
            "p99": 1.19847548
        }
    }
}