{
  "stats" : {
    "nextFaultload" : {
      "count" : 9,
      "average" : {
        "ns" : 2172238.3333333335,
        "us" : 2172.2383333333337,
        "ms" : 2.1722383333333335,
        "s" : 0.0021722383333333335
      },
      "min" : {
        "ns" : 21411,
        "us" : 21.411,
        "ms" : 0.021411,
        "s" : 2.1411E-5
      },
      "max" : {
        "ns" : 3540357,
        "us" : 3540.357,
        "ms" : 3.540357,
        "s" : 0.003540357
      }
    },
    "Per test" : {
      "count" : 8,
      "average" : {
        "ns" : 6.2337463E7,
        "us" : 62337.463,
        "ms" : 62.337463,
        "s" : 0.062337463
      },
      "min" : {
        "ns" : 25504702,
        "us" : 25504.702,
        "ms" : 25.504702,
        "s" : 0.025504702
      },
      "max" : {
        "ns" : 241414668,
        "us" : 241414.668,
        "ms" : 241.414668,
        "s" : 0.241414668
      }
    },
    "registerFaultload" : {
      "count" : 8,
      "average" : {
        "ns" : 1.895355625E7,
        "us" : 18953.55625,
        "ms" : 18.95355625,
        "s" : 0.01895355625
      },
      "min" : {
        "ns" : 2929686,
        "us" : 2929.686,
        "ms" : 2.929686,
        "s" : 0.002929686
      },
      "max" : {
        "ns" : 112975696,
        "us" : 112975.696,
        "ms" : 112.975696,
        "s" : 0.112975696
      }
    },
    "testMethod" : {
      "count" : 8,
      "average" : {
        "ns" : 1.5183330625E7,
        "us" : 15183.330625,
        "ms" : 15.183330625,
        "s" : 0.015183330625
      },
      "min" : {
        "ns" : 9598751,
        "us" : 9598.751,
        "ms" : 9.598751,
        "s" : 0.009598751
      },
      "max" : {
        "ns" : 26739613,
        "us" : 26739.613,
        "ms" : 26.739613,
        "s" : 0.026739613
      }
    },
    "getTraceWithDelay" : {
      "count" : 8,
      "average" : {
        "ns" : 2.819971225E7,
        "us" : 28199.71225,
        "ms" : 28.19971225,
        "s" : 0.02819971225
      },
      "min" : {
        "ns" : 12049924,
        "us" : 12049.924,
        "ms" : 12.049924,
        "s" : 0.012049924
      },
      "max" : {
        "ns" : 101632944,
        "us" : 101632.944,
        "ms" : 101.632944,
        "s" : 0.101632944
      }
    },
    "getTrace" : {
      "count" : 8,
      "average" : {
        "ns" : 1.856992275E7,
        "us" : 18569.92275,
        "ms" : 18.56992275,
        "s" : 0.01856992275
      },
      "min" : {
        "ns" : 7329998,
        "us" : 7329.998,
        "ms" : 7.329998,
        "s" : 0.007329998
      },
      "max" : {
        "ns" : 79737333,
        "us" : 79737.333,
        "ms" : 79.737333,
        "s" : 0.079737333
      }
    },
    "handleResult" : {
      "count" : 8,
      "average" : {
        "ns" : 6426165.625,
        "us" : 6426.165625,
        "ms" : 6.426165625,
        "s" : 0.006426165625
      },
      "min" : {
        "ns" : 1861109,
        "us" : 1861.109,
        "ms" : 1.861109,
        "s" : 0.001861109
      },
      "max" : {
        "ns" : 17961061,
        "us" : 17961.061,
        "ms" : 17.961061,
        "s" : 0.017961061
      }
    },
    "StrategyRunner.analyze" : {
      "count" : 8,
      "average" : {
        "ns" : 6371342.5,
        "us" : 6371.3425,
        "ms" : 6.3713425,
        "s" : 0.0063713425
      },
      "min" : {
        "ns" : 1851768,
        "us" : 1851.768,
        "ms" : 1.851768,
        "s" : 0.001851768
      },
      "max" : {
        "ns" : 17617631,
        "us" : 17617.631,
        "ms" : 17.617631,
        "s" : 0.017617631
      }
    },
    "DynamicExplorationGenerator.handleFeedback<Analyzer>" : {
      "count" : 8,
      "average" : {
        "ns" : 1155567.375,
        "us" : 1155.567375,
        "ms" : 1.155567375,
        "s" : 0.001155567375
      },
      "min" : {
        "ns" : 74704,
        "us" : 74.704,
        "ms" : 0.074704,
        "s" : 7.4704E-5
      },
      "max" : {
        "ns" : 6995389,
        "us" : 6995.389,
        "ms" : 6.995389,
        "s" : 0.006995389
      }
    },
    "HappyPathDetector.handleFeedback<Analyzer>" : {
      "count" : 8,
      "average" : {
        "ns" : 73544.625,
        "us" : 73.544625,
        "ms" : 0.073544625,
        "s" : 7.3544625E-5
      },
      "min" : {
        "ns" : 2891,
        "us" : 2.891,
        "ms" : 0.002891,
        "s" : 2.891E-6
      },
      "max" : {
        "ns" : 564043,
        "us" : 564.043,
        "ms" : 0.564043,
        "s" : 5.64043E-4
      }
    },
    "ParentChildDetector.handleFeedback<Analyzer>" : {
      "count" : 8,
      "average" : {
        "ns" : 413409.0,
        "us" : 413.409,
        "ms" : 0.413409,
        "s" : 4.13409E-4
      },
      "min" : {
        "ns" : 45132,
        "us" : 45.132,
        "ms" : 0.045132,
        "s" : 4.5132E-5
      },
      "max" : {
        "ns" : 2642284,
        "us" : 2642.284,
        "ms" : 2.642284,
        "s" : 0.002642284
      }
    },
    "HappensBeforeNeighbourDetector.handleFeedback<Analyzer>" : {
      "count" : 8,
      "average" : {
        "ns" : 489521.0,
        "us" : 489.521,
        "ms" : 0.489521,
        "s" : 4.89521E-4
      },
      "min" : {
        "ns" : 11450,
        "us" : 11.45,
        "ms" : 0.01145,
        "s" : 1.145E-5
      },
      "max" : {
        "ns" : 1661107,
        "us" : 1661.107,
        "ms" : 1.661107,
        "s" : 0.001661107
      }
    },
    "ErrorPropagationDetector.handleFeedback<Analyzer>" : {
      "count" : 8,
      "average" : {
        "ns" : 265870.375,
        "us" : 265.870375,
        "ms" : 0.265870375,
        "s" : 2.65870375E-4
      },
      "min" : {
        "ns" : 12981,
        "us" : 12.981,
        "ms" : 0.012981,
        "s" : 1.2981E-5
      },
      "max" : {
        "ns" : 789996,
        "us" : 789.996,
        "ms" : 0.789996,
        "s" : 7.89996E-4
      }
    },
    "ConditionalPointDetector.handleFeedback<Analyzer>" : {
      "count" : 8,
      "average" : {
        "ns" : 1071920.375,
        "us" : 1071.920375,
        "ms" : 1.071920375,
        "s" : 0.001071920375
      },
      "min" : {
        "ns" : 258955,
        "us" : 258.955,
        "ms" : 0.258955,
        "s" : 2.58955E-4
      },
      "max" : {
        "ns" : 5541695,
        "us" : 5541.695,
        "ms" : 5.541695,
        "s" : 0.005541695
      }
    },
    "RedundancyAnalyzer.handleFeedback<Analyzer>" : {
      "count" : 8,
      "average" : {
        "ns" : 48578.0,
        "us" : 48.578,
        "ms" : 0.048578,
        "s" : 4.8578E-5
      },
      "min" : {
        "ns" : 27632,
        "us" : 27.632,
        "ms" : 0.027632,
        "s" : 2.7632E-5
      },
      "max" : {
        "ns" : 124698,
        "us" : 124.698,
        "ms" : 0.124698,
        "s" : 1.24698E-4
      }
    },
    "StatusAnalyzer.handleFeedback<Analyzer>" : {
      "count" : 8,
      "average" : {
        "ns" : 36706.875,
        "us" : 36.706875,
        "ms" : 0.036706875,
        "s" : 3.6706875E-5
      },
      "min" : {
        "ns" : 4440,
        "us" : 4.44,
        "ms" : 0.00444,
        "s" : 4.44E-6
      },
      "max" : {
        "ns" : 255714,
        "us" : 255.714,
        "ms" : 0.255714,
        "s" : 2.55714E-4
      }
    },
    "BehaviorAnalyzer.handleFeedback<Analyzer>" : {
      "count" : 8,
      "average" : {
        "ns" : 337312.5,
        "us" : 337.3125,
        "ms" : 0.3373125,
        "s" : 3.373125E-4
      },
      "min" : {
        "ns" : 95835,
        "us" : 95.835,
        "ms" : 0.095835,
        "s" : 9.5835E-5
      },
      "max" : {
        "ns" : 928045,
        "us" : 928.045,
        "ms" : 0.928045,
        "s" : 9.28045E-4
      }
    },
    "TimingAnalyzer.handleFeedback<Analyzer>" : {
      "count" : 8,
      "average" : {
        "ns" : 233853.5,
        "us" : 233.8535,
        "ms" : 0.2338535,
        "s" : 2.338535E-4
      },
      "min" : {
        "ns" : 50983,
        "us" : 50.983,
        "ms" : 0.050983,