{
  "stats" : {
    "nextFaultload" : {
      "count" : 9,
      "average" : {
        "ns" : 2399164.3333333335,
        "us" : 2399.1643333333336,
        "ms" : 2.3991643333333337,
        "s" : 0.0023991643333333337
      },
      "min" : {
        "ns" : 820148,
        "us" : 820.148,
        "ms" : 0.820148,
        "s" : 8.20148E-4
      },
      "max" : {
        "ns" : 3972836,
        "us" : 3972.836,
        "ms" : 3.972836,
        "s" : 0.003972836
      }
    },
    "Per test" : {
      "count" : 8,
      "average" : {
        "ns" : 1.40486569E8,
        "us" : 140486.569,
        "ms" : 140.486569,
        "s" : 0.140486569
      },
      "min" : {
        "ns" : 56672061,
        "us" : 56672.061,
        "ms" : 56.672061,
        "s" : 0.056672061
      },
      "max" : {
        "ns" : 521061201,
        "us" : 521061.201,
        "ms" : 521.061201,
        "s" : 0.521061201
      }
    },
    "registerFaultload" : {
      "count" : 8,
      "average" : {
        "ns" : 1.8610303875E7,
        "us" : 18610.303875,
        "ms" : 18.610303875,
        "s" : 0.018610303875
      },
      "min" : {
        "ns" : 2776865,
        "us" : 2776.865,
        "ms" : 2.776865,
        "s" : 0.002776865
      },
      "max" : {
        "ns" : 111337803,
        "us" : 111337.803,
        "ms" : 111.337803,
        "s" : 0.111337803
      }
    },
    "testMethod" : {
      "count" : 8,
      "average" : {
        "ns" : 9.4651938125E7,
        "us" : 94651.938125,
        "ms" : 94.651938125,
        "s" : 0.094651938125
      },
      "min" : {
        "ns" : 40254887,
        "us" : 40254.887,
        "ms" : 40.254887,
        "s" : 0.040254887
      },
      "max" : {
        "ns" : 302578744,
        "us" : 302578.744,
        "ms" : 302.578744,
        "s" : 0.302578744
      }
    },
    "getTraceWithDelay" : {
      "count" : 8,
      "average" : {
        "ns" : 2.697870025E7,
        "us" : 26978.70025,
        "ms" : 26.97870025,
        "s" : 0.02697870025
      },
      "min" : {
        "ns" : 11842803,
        "us" : 11842.803,
        "ms" : 11.842803,
        "s" : 0.011842803
      },
      "max" : {
        "ns" : 106840536,
        "us" : 106840.536,
        "ms" : 106.840536,
        "s" : 0.106840536
      }
    },
    "getTrace" : {
      "count" : 8,
      "average" : {
        "ns" : 1.714410425E7,
        "us" : 17144.10425,
        "ms" : 17.14410425,
        "s" : 0.01714410425
      },
      "min" : {
        "ns" : 6697797,
        "us" : 6697.797,
        "ms" : 6.697797,
        "s" : 0.006697797
      },
      "max" : {
        "ns" : 77075171,
        "us" : 77075.171,
        "ms" : 77.075171,
        "s" : 0.077075171
      }
    },
    "handleResult" : {
      "count" : 8,
      "average" : {
        "ns" : 5982730.0,
        "us" : 5982.73,
        "ms" : 5.98273,
        "s" : 0.00598273
      },
      "min" : {
        "ns" : 1943815,
        "us" : 1943.815,
        "ms" : 1.943815,
        "s" : 0.001943815
      },
      "max" : {
        "ns" : 20971544,
        "us" : 20971.544,
        "ms" : 20.971544,
        "s" : 0.020971544
      }
    },
    "StrategyRunner.analyze" : {
      "count" : 8,
      "average" : {
        "ns" : 5805844.5,
        "us" : 5805.8445,
        "ms" : 5.8058445,
        "s" : 0.0058058445
      },
      "min" : {
        "ns" : 1855810,
        "us" : 1855.81,
        "ms" : 1.85581,
        "s" : 0.00185581
      },
      "max" : {
        "ns" : 20429712,
        "us" : 20429.712,
        "ms" : 20.429712,
        "s" : 0.020429712
      }
    },
    "DynamicExplorationGenerator.handleFeedback<Analyzer>" : {
      "count" : 8,
      "average" : {
        "ns" : 1042762.0,
        "us" : 1042.762,
        "ms" : 1.042762,
        "s" : 0.001042762
      },
      "min" : {
        "ns" : 79705,
        "us" : 79.705,
        "ms" : 0.079705,
        "s" : 7.9705E-5
      },
      "max" : {
        "ns" : 5960454,
        "us" : 5960.454,
        "ms" : 5.960454,
        "s" : 0.005960454
      }
    },
    "HappyPathDetector.handleFeedback<Analyzer>" : {
      "count" : 8,
      "average" : {
        "ns" : 70166.875,
        "us" : 70.166875,
        "ms" : 0.070166875,
        "s" : 7.0166875E-5
      },
      "min" : {
        "ns" : 3301,
        "us" : 3.301,
        "ms" : 0.003301,
        "s" : 3.301E-6
      },
      "max" : {
        "ns" : 532132,
        "us" : 532.132,
        "ms" : 0.532132,
        "s" : 5.32132E-4
      }
    },
    "ParentChildDetector.handleFeedback<Analyzer>" : {
      "count" : 8,
      "average" : {
        "ns" : 1095652.375,
        "us" : 1095.652375,
        "ms" : 1.095652375,
        "s" : 0.001095652375
      },
      "min" : {
        "ns" : 44702,
        "us" : 44.702,
        "ms" : 0.044702,
        "s" : 4.4702E-5
      },
      "max" : {
        "ns" : 8141883,
        "us" : 8141.883,
        "ms" : 8.141883,
        "s" : 0.008141883
      }
    },
    "HappensBeforeNeighbourDetector.handleFeedback<Analyzer>" : {
      "count" : 8,
      "average" : {
        "ns" : 407336.625,
        "us" : 407.336625,
        "ms" : 0.407336625,
        "s" : 4.07336625E-4
      },
      "min" : {
        "ns" : 47403,
        "us" : 47.403,
        "ms" : 0.047403,
        "s" : 4.7403E-5
      },
      "max" : {
        "ns" : 1342079,
        "us" : 1342.079,
        "ms" : 1.342079,
        "s" : 0.001342079
      }
    },
    "ErrorPropagationDetector.handleFeedback<Analyzer>" : {
      "count" : 8,
      "average" : {
        "ns" : 832836.75,
        "us" : 832.83675,
        "ms" : 0.83283675,
        "s" : 8.3283675E-4
      },
      "min" : {
        "ns" : 20201,
        "us" : 20.201,
        "ms" : 0.020201,
        "s" : 2.0201E-5
      },
      "max" : {
        "ns" : 2727062,
        "us" : 2727.062,
        "ms" : 2.727062,
        "s" : 0.002727062
      }
    },
    "ConditionalPointDetector.handleFeedback<Analyzer>" : {
      "count" : 8,
      "average" : {
        "ns" : 798384.75,
        "us" : 798.38475,
        "ms" : 0.79838475,
        "s" : 7.9838475E-4
      },
      "min" : {
        "ns" : 115307,
        "us" : 115.307,
        "ms" : 0.115307,
        "s" : 1.15307E-4
      },
      "max" : {
        "ns" : 4370359,
        "us" : 4370.359,
        "ms" : 4.370359,
        "s" : 0.004370359
      }
    },
    "RedundancyAnalyzer.handleFeedback<Analyzer>" : {
      "count" : 8,
      "average" : {
        "ns" : 35514.75,
        "us" : 35.51475,
        "ms" : 0.03551475,
        "s" : 3.551475E-5
      },
      "min" : {
        "ns" : 24001,
        "us" : 24.001,
        "ms" : 0.024001,
        "s" : 2.4001E-5
      },
      "max" : {
        "ns" : 72705,
        "us" : 72.705,
        "ms" : 0.072705,
        "s" : 7.2705E-5
      }
    },
    "StatusAnalyzer.handleFeedback<Analyzer>" : {
      "count" : 8,
      "average" : {
        "ns" : 23038.75,
        "us" : 23.03875,
        "ms" : 0.02303875,
        "s" : 2.303875E-5
      },
      "min" : {
        "ns" : 4600,
        "us" : 4.6,
        "ms" : 0.0046,
        "s" : 4.6E-6
      },
      "max" : {
        "ns" : 145209,
        "us" : 145.209,
        "ms" : 0.145209,
        "s" : 1.45209E-4
      }
    },
    "BehaviorAnalyzer.handleFeedback<Analyzer>" : {
      "count" : 8,
      "average" : {
        "ns" : 561008.5,
        "us" : 561.0085,
        "ms" : 0.5610085,
        "s" : 5.610085E-4
      },
      "min" : {
        "ns" : 292818,
        "us" : 292.818,
        "ms" : 0.292818,
        "s" : 2.92818E-4
      },
      "max" : {
        "ns" : 1439586,
        "us" : 1439.586,
        "ms" : 1.439586,
        "s" : 0.001439586
      }
    },
    "TimingAnalyzer.handleFeedback<Analyzer>" : {
      "count" : 8,
      "average" : {
        "ns" : 190361.375,
        "us" : 190.361375,
        "ms" : 0.190361375,
        "s" : 1.90361375E-4
      },
      "min" : {
        "ns" : 55403,
        "us" : 55.403,