{
  "responses" : [ {
    "behaviour" : "Behaviour[uid=controller:POST /v1/faultload/register(85ad6f43)#0, mode=null]",
    "min_ms" : 48.52724838256836,
    "average_ms" : 48.52724838256836,
    "max_ms" : 48.52724838256836,
    "count" : 1,
    "values" : [ 48.52725 ]
  }, {
    "behaviour" : "Behaviour[uid=controller:POST /v1/faultload/register(85ad6f43)#0, mode=HTTP_ERROR(500)]",
    "min_ms" : 4.775740146636963,
    "average_ms" : 5.867800328039354,
    "max_ms" : 13.323720932006836,
    "count" : 124,
    "values" : [ 8.405492, 6.495653, 7.951234, 6.638074, 6.334318, 6.290828, 7.047452, 6.514475, 6.325367, 6.590458, 6.721482, 6.686775, 11.884204, 7.434263, 6.222857, 5.7117, 5.818893, 5.574296, 5.938994, 7.682352, 6.2644, 6.184271, 5.673479, 5.897451, 5.463987, 5.100825, 5.310027, 5.300006, 5.314567, 5.108241, 6.083892, 5.925306, 5.283807, 5.048132, 5.262395, 5.31252, 5.164784, 13.323721, 5.763811, 5.28419, 5.714023, 5.589526, 5.27601, 6.90804, 5.892011, 5.516994, 5.653244, 5.927827, 4.77574, 5.236974, 5.787116, 5.912136, 5.186806, 5.284694, 6.497665, 6.383958, 5.22162, 5.965014, 5.733616, 5.236413, 6.932986, 5.31524, 5.129942, 5.239832, 5.059714, 5.416769, 4.960976, 6.510766, 6.000189, 5.797924, 6.247326, 5.409651, 5.484202, 5.931267, 6.19363, 5.645399, 5.625343, 5.367289, 5.287298, 5.835924, 6.374662, 5.187913, 5.272067, 7.521338, 5.465125, 5.523594, 6.457913, 5.673929, 5.227106, 5.917249, 5.512224, 5.964808, 7.266561, 4.961706, 5.30824, 5.69789, 6.277037, 5.687649, 5.267996, 4.995369, 4.855298, 5.490005, 6.221947, 5.900476, 5.543884, 5.622369, 5.612637, 5.848004, 5.146822, 5.478328, 5.034049, 5.415803, 5.41486, 5.158712, 4.954738, 5.475299, 5.40652, 5.042889, 5.231275, 4.863183, 4.954675, 5.476342, 4.908625, 5.560052 ]
  }, {
    "behaviour" : "Behaviour[uid=controller:POST /v1/faultload/register(85ad6f43)#0>proxy2:POST /v1/faultload/register(85ad6f43)#0, mode=null]",
    "min_ms" : 1.0280749797821045,
    "average_ms" : 2.6743147373199463,
    "max_ms" : 36.01460266113281,
    "count" : 25,
    "values" : [ 36.014603, 1.175727, 1.382502, 1.886699, 1.028075, 1.210686, 1.18818, 1.167306, 1.813727, 1.333361, 1.345451, 1.246539, 1.132956, 1.197168, 1.378343, 1.155371, 1.218697, 1.087974, 1.22226, 1.050329, 1.209619, 1.098894, 1.590907, 1.631471, 1.091024 ]
  }, {
    "behaviour" : "Behaviour[uid=controller:POST /v1/faultload/register(85ad6f43)#0>proxy3:POST /v1/faultload/register(85ad6f43)#0, mode=null]",
    "min_ms" : 0.9616299867630005,
    "average_ms" : 2.5737846660614014,
    "max_ms" : 34.28926467895508,
    "count" : 25,
    "values" : [ 34.289265, 1.249149, 1.2635, 1.425244, 1.085475, 1.3593, 0.96163, 1.450135, 1.213358, 1.023652, 1.141636, 1.658531, 1.266499, 1.059424, 1.097945, 1.249419, 1.312692, 1.079064, 1.111914, 1.139637, 1.276399, 1.337893, 1.308581, 1.671413, 1.312862 ]
  }, {
    "behaviour" : "Behaviour[uid=controller:POST /v1/faultload/register(85ad6f43)#0>proxy1:POST /v1/faultload/register(85ad6f43)#0, mode=null]",
    "min_ms" : 0.8869199752807617,
    "average_ms" : 2.5736593532562257,
    "max_ms" : 33.67544174194336,
    "count" : 25,
    "values" : [ 33.67544, 1.893488, 0.88692, 1.783882, 1.919521, 1.095115, 1.295681, 1.337711, 1.092765, 1.287011, 1.0448, 1.073346, 1.189138, 1.383503, 1.023908, 1.241709, 1.35439, 1.003963, 1.099921, 1.315911, 1.196368, 1.421507, 1.448028, 1.180052, 1.097404 ]
  } ],
  "overhead" : [ {
    "behaviour" : "Behaviour[uid=controller:POST /v1/faultload/register(85ad6f43)#0, mode=null]",
    "min_ms" : 2.64089298248291,
    "average_ms" : 2.64089298248291,
    "max_ms" : 2.64089298248291,
    "count" : 1,
    "values" : [ 2.640893 ]
  }, {
    "behaviour" : "Behaviour[uid=controller:POST /v1/faultload/register(85ad6f43)#0, mode=HTTP_ERROR(500)]",
    "min_ms" : 0.9924830198287964,
    "average_ms" : 1.7365658965802961,
    "max_ms" : 27.718185424804688,
    "count" : 124,
    "values" : [ 1.460669, 1.285122, 1.445228, 1.482903, 1.500009, 1.624291, 1.570169, 1.466687, 1.562696, 1.518787, 1.750194, 1.469762, 1.640482, 1.347293, 1.164036, 1.184307, 1.546168, 1.344522, 1.273722, 1.370347, 1.553649, 1.425648, 1.262649, 1.256824, 1.410299, 1.140247, 1.182018, 1.503908, 1.316451, 1.321282, 1.462466, 1.672584, 1.356432, 1.350972, 1.158326, 1.204895, 1.007021, 1.387334, 1.300681, 1.924467, 1.278616, 1.356563, 1.198318, 1.335051, 1.25529, 1.398975, 1.131175, 1.424965, 1.171597, 1.207419, 1.207794, 1.242246, 1.016082, 27.718185, 1.257639, 1.115348, 1.215388, 1.079524, 1.167056, 1.126812, 1.107351, 1.134376, 1.188122, 1.120148, 1.286316, 1.055953, 1.131256, 1.28312, 1.376013, 1.168174, 0.992483, 1.401184, 1.195898, 1.846018, 1.154762, 1.29729, 1.289741, 1.176167, 2.044351, 1.418376, 1.439514, 1.220589, 1.475484, 1.467456, 1.60285, 1.29973, 1.269561, 1.356483, 1.28573, 1.315845, 1.255589, 1.448976, 1.310211, 1.372643, 1.447696, 1.28273, 1.277775, 1.181338, 1.359573, 1.259779, 1.330897, 1.191268, 1.191658, 1.379274, 1.209438, 1.268355, 1.318501, 1.083829, 1.196155, 1.370114, 1.129003, 1.262299, 1.08958, 1.348204, 1.331913, 1.360619, 1.22809, 26.149912, 1.247349, 1.161117, 1.143467, 1.973262, 1.345142, 1.318484 ]
  }, {
    "behaviour" : "Behaviour[uid=controller:POST /v1/faultload/register(85ad6f43)#0>proxy1:POST /v1/faultload/register(85ad6f43)#0, mode=HTTP_ERROR(503)]",
    "min_ms" : 0.9451950192451477,
    "average_ms" : 1.5970367455482484,
    "max_ms" : 9.82726001739502,
    "count" : 25,
    "values" : [ 1.260641, 2.364024, 1.267507, 1.158496, 9.82726, 1.007532, 1.030983, 1.123462, 1.923028, 1.059523, 1.183638, 1.145007, 1.531228, 1.199559, 1.195638, 1.158036, 1.154917, 1.257921, 1.271464, 1.299731, 1.015403, 1.134115, 1.245988, 0.945195, 1.165623 ]
  }, {
    "behaviour" : "Behaviour[uid=controller:POST /v1/faultload/register(85ad6f43)#0>proxy3:POST /v1/faultload/register(85ad6f43)#0, mode=null]",
    "min_ms" : 0.8697069883346558,
    "average_ms" : 1.5454685926437377,
    "max_ms" : 4.961095809936523,
    "count" : 25,
    "values" : [ 2.906121, 1.777806, 1.384353, 1.226949, 1.560019, 1.214841, 1.301622, 1.714224, 1.154951, 4.961096, 1.386753, 1.723495, 1.096177, 1.346313, 1.297251, 1.135126, 1.196858, 1.448636, 1.034443, 1.252099, 1.284238, 1.145716, 2.027454, 1.190467, 0.869707 ]
  }, {
    "behaviour" : "Behaviour[uid=controller:POST /v1/faultload/register(85ad6f43)#0>proxy2:POST /v1/faultload/register(85ad6f43)#0, mode=HTTP_ERROR(504)]",
    "min_ms" : 0.8821979761123657,
    "average_ms" : 1.413661527633667,
    "max_ms" : 4.949131011962891,
    "count" : 25,
    "values" : [ 1.59455, 4.949131, 0.882198, 1.647032, 1.497789, 1.111845, 1.177417, 1.442985, 1.56762, 1.173481, 0.987081, 1.067973, 1.112866, 1.029423, 1.26801, 0.96994, 1.584278, 1.244619, 1.332063, 1.160046, 1.037853, 1.433445, 1.178618, 1.719017, 1.172258 ]
  }, {
    "behaviour" : "Behaviour[uid=controller:POST /v1/faultload/register(85ad6f43)#0>proxy1:POST /v1/faultload/register(85ad6f43)#0, mode=HTTP_ERROR(500)]",
    "min_ms" : 0.8997430205345154,
    "average_ms" : 1.3903934931755066,
    "max_ms" : 5.135743141174316,
    "count" : 25,
    "values" : [ 1.293601, 5.135743, 0.899743, 1.034552, 1.098351, 1.203346, 1.217458, 1.169598, 1.26895, 1.536574, 1.2349, 1.045253, 1.149355, 1.149518, 1.287349, 1.230012, 1.625412, 1.459936, 0.951939, 1.477367, 1.436531, 1.230519, 1.274019, 1.020044, 1.329767 ]
  }, {
    "behaviour" : "Behaviour[uid=controller:POST /v1/faultload/register(85ad6f43)#0>proxy1:POST /v1/faultload/register(85ad6f43)#0, mode=null]",
    "min_ms" : 0.9643120169639587,
    "average_ms" : 1.3715192770957947,
    "max_ms" : 3.08674693107605,
    "count" : 25,