{
  "stats" : {
    "nextFaultload" : {
      "count" : 10,
      "average" : {
        "ns" : 4073094.9,
        "us" : 4073.0949,
        "ms" : 4.0730949,
        "s" : 0.0040730949
      },
      "min" : {
        "ns" : 2039822,
        "us" : 2039.822,
        "ms" : 2.039822,
        "s" : 0.002039822
      },
      "max" : {
        "ns" : 12215441,
        "us" : 12215.441,
        "ms" : 12.215441,
        "s" : 0.012215441
      }
    },
    "Per test" : {
      "count" : 9,
      "average" : {
        "ns" : 5.6108073222222224E7,
        "us" : 56108.07322222222,
        "ms" : 56.108073222222224,
        "s" : 0.05610807322222222
      },
      "min" : {
        "ns" : 27866024,
        "us" : 27866.024,
        "ms" : 27.866024,
        "s" : 0.027866024
      },
      "max" : {
        "ns" : 250943395,
        "us" : 250943.395,
        "ms" : 250.943395,
        "s" : 0.250943395
      }
    },
    "registerFaultload" : {
      "count" : 9,
      "average" : {
        "ns" : 1.9784281777777776E7,
        "us" : 19784.281777777775,
        "ms" : 19.784281777777775,
        "s" : 0.019784281777777777
      },
      "min" : {
        "ns" : 4086143,
        "us" : 4086.143,
        "ms" : 4.086143,
        "s" : 0.004086143
      },
      "max" : {
        "ns" : 127258073,
        "us" : 127258.073,
        "ms" : 127.258073,
        "s" : 0.127258073
      }
    },
    "testMethod" : {
      "count" : 9,
      "average" : {
        "ns" : 2.7697840222222224E7,
        "us" : 27697.840222222225,
        "ms" : 27.697840222222222,
        "s" : 0.027697840222222225
      },
      "min" : {
        "ns" : 16968948,
        "us" : 16968.948,
        "ms" : 16.968948,
        "s" : 0.016968948
      },
      "max" : {
        "ns" : 102428776,
        "us" : 102428.776,
        "ms" : 102.428776,
        "s" : 0.102428776
      }
    },
    "getTraceWithDelay" : {
      "count" : 9,
      "average" : {
        "ns" : 2.6266630555555556E7,
        "us" : 26266.630555555555,
        "ms" : 26.266630555555555,
        "s" : 0.026266630555555556
      },
      "min" : {
        "ns" : 14031557,
        "us" : 14031.557,
        "ms" : 14.031557,
        "s" : 0.014031557
      },
      "max" : {
        "ns" : 102490597,
        "us" : 102490.597,
        "ms" : 102.490597,
        "s" : 0.102490597
      }
    },
    "getTrace" : {
      "count" : 9,
      "average" : {
        "ns" : 1.7390223111111112E7,
        "us" : 17390.22311111111,
        "ms" : 17.390223111111112,
        "s" : 0.017390223111111113
      },
      "min" : {
        "ns" : 8222227,
        "us" : 8222.227,
        "ms" : 8.222227,
        "s" : 0.008222227
      },
      "max" : {
        "ns" : 80399520,
        "us" : 80399.52,
        "ms" : 80.39952,
        "s" : 0.08039952
      }
    },
    "handleResult" : {
      "count" : 9,
      "average" : {
        "ns" : 4352169.666666667,
        "us" : 4352.169666666667,
        "ms" : 4.352169666666667,
        "s" : 0.004352169666666667
      },
      "min" : {
        "ns" : 1652422,
        "us" : 1652.422,
        "ms" : 1.652422,
        "s" : 0.001652422
      },
      "max" : {
        "ns" : 16843516,
        "us" : 16843.516,
        "ms" : 16.843516,
        "s" : 0.016843516
      }
    },
    "StrategyRunner.analyze" : {
      "count" : 9,
      "average" : {
        "ns" : 4301609.333333333,
        "us" : 4301.609333333333,
        "ms" : 4.301609333333333,
        "s" : 0.004301609333333333
      },
      "min" : {
        "ns" : 1643901,
        "us" : 1643.901,
        "ms" : 1.643901,
        "s" : 0.001643901
      },
      "max" : {
        "ns" : 16545058,
        "us" : 16545.058,
        "ms" : 16.545058,
        "s" : 0.016545058
      }
    },
    "DynamicExplorationGenerator.handleFeedback<Analyzer>" : {
      "count" : 9,
      "average" : {
        "ns" : 1041735.2222222222,
        "us" : 1041.7352222222223,
        "ms" : 1.0417352222222223,
        "s" : 0.0010417352222222222
      },
      "min" : {
        "ns" : 108843,
        "us" : 108.843,
        "ms" : 0.108843,
        "s" : 1.08843E-4
      },
      "max" : {
        "ns" : 7127101,
        "us" : 7127.101,
        "ms" : 7.127101,
        "s" : 0.007127101
      }
    },
    "HappyPathDetector.handleFeedback<Analyzer>" : {
      "count" : 9,
      "average" : {
        "ns" : 39349.0,
        "us" : 39.349,
        "ms" : 0.039349,
        "s" : 3.9349E-5
      },
      "min" : {
        "ns" : 3421,
        "us" : 3.421,
        "ms" : 0.003421,
        "s" : 3.421E-6
      },
      "max" : {
        "ns" : 321948,
        "us" : 321.948,
        "ms" : 0.321948,
        "s" : 3.21948E-4
      }
    },
    "ParentChildDetector.handleFeedback<Analyzer>" : {
      "count" : 9,
      "average" : {
        "ns" : 372600.55555555556,
        "us" : 372.60055555555556,
        "ms" : 0.37260055555555555,
        "s" : 3.7260055555555556E-4
      },
      "min" : {
        "ns" : 49342,
        "us" : 49.342,
        "ms" : 0.049342,
        "s" : 4.9342E-5
      },
      "max" : {
        "ns" : 2585665,
        "us" : 2585.665,
        "ms" : 2.585665,
        "s" : 0.002585665
      }
    },
    "HappensBeforeNeighbourDetector.handleFeedback<Analyzer>" : {
      "count" : 9,
      "average" : {
        "ns" : 812248.0,
        "us" : 812.248,
        "ms" : 0.812248,
        "s" : 8.12248E-4
      },
      "min" : {
        "ns" : 10031,
        "us" : 10.031,
        "ms" : 0.010031,
        "s" : 1.0031E-5
      },
      "max" : {
        "ns" : 2403610,
        "us" : 2403.61,
        "ms" : 2.40361,
        "s" : 0.00240361
      }
    },
    "ErrorPropagationDetector.handleFeedback<Analyzer>" : {
      "count" : 9,
      "average" : {
        "ns" : 228762.33333333334,
        "us" : 228.76233333333334,
        "ms" : 0.22876233333333335,
        "s" : 2.2876233333333335E-4
      },
      "min" : {
        "ns" : 13230,
        "us" : 13.23,
        "ms" : 0.01323,
        "s" : 1.323E-5
      },
      "max" : {
        "ns" : 523723,
        "us" : 523.723,
        "ms" : 0.523723,
        "s" : 5.23723E-4
      }
    },
    "ConditionalPointDetector.handleFeedback<Analyzer>" : {
      "count" : 9,
      "average" : {
        "ns" : 1100581.3333333333,
        "us" : 1100.5813333333333,
        "ms" : 1.1005813333333332,
        "s" : 0.0011005813333333332
      },
      "min" : {
        "ns" : 260867,
        "us" : 260.867,
        "ms" : 0.260867,
        "s" : 2.60867E-4
      },
      "max" : {
        "ns" : 4785091,
        "us" : 4785.091,
        "ms" : 4.785091,
        "s" : 0.004785091
      }
    },
    "RedundancyAnalyzer.handleFeedback<Analyzer>" : {
      "count" : 9,
      "average" : {
        "ns" : 53558.0,
        "us" : 53.558,
        "ms" : 0.053558,
        "s" : 5.3558E-5
      },
      "min" : {
        "ns" : 24810,
        "us" : 24.81,
        "ms" : 0.02481,
        "s" : 2.481E-5
      },
      "max" : {
        "ns" : 157024,
        "us" : 157.024,
        "ms" : 0.157024,
        "s" : 1.57024E-4
      }
    },
    "StatusAnalyzer.handleFeedback<Analyzer>" : {
      "count" : 9,
      "average" : {
        "ns" : 31960.777777777777,
        "us" : 31.96077777777778,
        "ms" : 0.031960777777777775,
        "s" : 3.1960777777777776E-5
      },
      "min" : {
        "ns" : 4940,
        "us" : 4.94,
        "ms" : 0.00494,
        "s" : 4.94E-6
      },
      "max" : {
        "ns" : 239156,
        "us" : 239.156,
        "ms" : 0.239156,
        "s" : 2.39156E-4
      }
    },
    "BehaviorAnalyzer.handleFeedback<Analyzer>" : {
      "count" : 9,
      "average" : {
        "ns" : 332437.44444444444,
        "us" : 332.43744444444445,
        "ms" : 0.33243744444444445,
        "s" : 3.3243744444444445E-4
      },
      "min" : {
        "ns" : 110283,
        "us" : 110.283,
        "ms" : 0.110283,
        "s" : 1.10283E-4
      },
      "max" : {
        "ns" : 867822,