{
  "responses" : [ {
    "behaviour" : "Behaviour[uid=controller:POST /v1/faultload/register(41f31208)#0, mode=null]",
    "min_ms" : 49.66297149658203,
    "average_ms" : 49.66297149658203,
    "max_ms" : 49.66297149658203,
    "count" : 1,
    "values" : [ 49.66297 ]
  }, {
    "behaviour" : "Behaviour[uid=controller:POST /v1/faultload/register(41f31208)#0, mode=HTTP_ERROR(500)]",
    "min_ms" : 4.800165176391602,
    "average_ms" : 6.131911327761989,
    "max_ms" : 12.123994827270508,
    "count" : 124,
    "values" : [ 10.199097, 7.226333, 9.758294, 7.71321, 8.696795, 5.799234, 9.818741, 11.363142, 5.759501, 6.103967, 5.868297, 12.123995, 7.024296, 5.937309, 7.459391, 6.663581, 9.397617, 5.800808, 7.045955, 10.620643, 6.992612, 6.275355, 7.279548, 7.200389, 7.251094, 6.659598, 6.493647, 5.631342, 9.178514, 5.606356, 11.488786, 10.245459, 5.939906, 5.9597, 5.385954, 5.895935, 5.075902, 5.560036, 5.751384, 5.352264, 5.422587, 4.958957, 4.862249, 6.992939, 6.224362, 4.964877, 6.651079, 5.259501, 5.690374, 5.159849, 4.953907, 5.17713, 5.013918, 5.521435, 5.564532, 5.169746, 5.049069, 7.892753, 6.08073, 5.497591, 6.469556, 5.422191, 5.844213, 5.355377, 5.742208, 5.198647, 5.46551, 5.327182, 6.747561, 5.569674, 4.929067, 5.339573, 4.895576, 5.229838, 4.953399, 5.043578, 5.12096, 4.888436, 4.986148, 6.216494, 5.580746, 5.460694, 5.419714, 5.723469, 5.956111, 5.371732, 5.646667, 6.882822, 5.713665, 5.347123, 6.16171, 5.683515, 6.014369, 4.911596, 5.452664, 5.489905, 5.667916, 5.167929, 5.12357, 4.800165, 4.929365, 5.570825, 5.178117, 5.249071, 5.137789, 5.614914, 5.090658, 5.078736, 5.074482, 7.278619, 6.580949, 5.440073, 5.464885, 5.725307, 5.627386, 6.299795, 5.609325, 5.152569, 5.281872, 5.187355, 5.884148, 4.996387, 5.544055, 5.327482 ]
  }, {
    "behaviour" : "Behaviour[uid=controller:POST /v1/faultload/register(41f31208)#0>proxy1:POST /v1/faultload/register(41f31208)#0, mode=null]",
    "min_ms" : 0.7027549743652344,
    "average_ms" : 2.9182486581802367,
    "max_ms" : 35.499061584472656,
    "count" : 25,
    "values" : [ 35.49906, 1.306538, 2.148406, 1.162497, 1.152917, 1.410393, 1.43556, 4.173979, 0.702755, 1.404962, 1.224826, 1.514501, 4.881286, 1.297519, 1.055555, 1.621948, 1.658452, 1.142191, 1.178986, 1.145206, 1.156185, 1.229787, 1.140935, 1.280347, 1.031424 ]
  }, {
    "behaviour" : "Behaviour[uid=controller:POST /v1/faultload/register(41f31208)#0>proxy3:POST /v1/faultload/register(41f31208)#0, mode=null]",
    "min_ms" : 1.0389750003814697,
    "average_ms" : 2.861002216339111,
    "max_ms" : 36.13709259033203,
    "count" : 25,
    "values" : [ 36.137093, 4.427404, 1.805216, 1.038975, 1.451752, 1.164837, 1.171347, 1.296957, 1.41428, 1.383909, 1.210737, 1.718414, 1.44986, 1.351792, 1.558088, 1.76669, 1.300331, 1.383579, 1.341277, 1.399879, 1.040666, 1.136445, 1.148006, 1.075685, 1.351837 ]
  }, {
    "behaviour" : "Behaviour[uid=controller:POST /v1/faultload/register(41f31208)#0>proxy2:POST /v1/faultload/register(41f31208)#0, mode=null]",
    "min_ms" : 0.9797840118408203,
    "average_ms" : 2.787621102333069,
    "max_ms" : 35.597190856933594,
    "count" : 25,
    "values" : [ 35.59719, 1.281539, 1.39893, 4.76653, 1.764435, 1.046495, 1.708626, 0.979784, 1.527951, 1.48738, 1.107935, 1.760524, 1.003464, 1.160515, 1.046065, 1.163324, 1.165985, 1.095964, 1.080105, 1.273397, 1.321518, 1.294508, 1.332845, 1.111015, 1.214503 ]
  } ],
  "overhead" : [ {
    "behaviour" : "Behaviour[uid=controller:POST /v1/faultload/register(41f31208)#0, mode=null]",
    "min_ms" : 2.368596076965332,
    "average_ms" : 2.368596076965332,
    "max_ms" : 2.368596076965332,
    "count" : 1,
    "values" : [ 2.368596 ]
  }, {
    "behaviour" : "Behaviour[uid=controller:POST /v1/faultload/register(41f31208)#0, mode=HTTP_ERROR(500)]",
    "min_ms" : 1.0303839445114136,
    "average_ms" : 1.961429028741775,
    "max_ms" : 37.36964416503906,
    "count" : 124,
    "values" : [ 1.955028, 1.430121, 1.827197, 1.431291, 1.534962, 1.597512, 1.551462, 1.806136, 1.320069, 1.429601, 1.667728, 1.943625, 1.724372, 1.320469, 1.720414, 1.653793, 1.983407, 1.423529, 1.47452, 1.729303, 1.3262, 1.571791, 1.946027, 2.050947, 1.738353, 1.378455, 2.046198, 1.394219, 1.325442, 1.323797, 1.250346, 1.221288, 1.207211, 1.46578, 1.249847, 1.360248, 1.163482, 1.083074, 1.25716, 1.208086, 1.287424, 1.51656, 1.279846, 1.772529, 1.329507, 1.093235, 1.677388, 1.204218, 1.184898, 1.209047, 1.203077, 1.165166, 1.193176, 37.369644, 1.039747, 1.233967, 1.064425, 3.113982, 1.27994, 1.27038, 1.343664, 1.404272, 1.430175, 1.337254, 1.540841, 1.367511, 1.191553, 1.213954, 1.56934, 1.256742, 1.230086, 1.182683, 1.045224, 1.161078, 1.071494, 1.053955, 1.087197, 1.184605, 1.148155, 1.795724, 1.355595, 1.291048, 1.239567, 1.338918, 1.747013, 1.278352, 1.309326, 1.575753, 1.71178, 1.218856, 1.311781, 1.182658, 1.260747, 1.242178, 1.345009, 1.398798, 1.030384, 1.268207, 1.202066, 1.201367, 1.26838, 1.265325, 1.216779, 1.224998, 1.371272, 1.320491, 1.252497, 1.51699, 1.133936, 1.195646, 1.290467, 1.500869, 1.146015, 1.378128, 1.432549, 1.558601, 1.264968, 36.623146, 1.399319, 1.280603, 1.137269, 1.270182, 1.269818, 1.193396 ]
  }, {
    "behaviour" : "Behaviour[uid=controller:POST /v1/faultload/register(41f31208)#0>proxy3:POST /v1/faultload/register(41f31208)#0, mode=null]",
    "min_ms" : 0.9958310127258301,
    "average_ms" : 1.7592716312408447,
    "max_ms" : 6.5324578285217285,
    "count" : 25,
    "values" : [ 1.973828, 2.307812, 1.594133, 3.750935, 1.48436, 1.008644, 1.299529, 1.496625, 1.988764, 1.760924, 1.399928, 1.955786, 1.573451, 1.631588, 1.573188, 1.265596, 1.244026, 1.023414, 1.226397, 6.532458, 0.995831, 1.114145, 1.156274, 1.154345, 1.46981 ]
  }, {
    "behaviour" : "Behaviour[uid=controller:POST /v1/faultload/register(41f31208)#0>proxy1:POST /v1/faultload/register(41f31208)#0, mode=null]",
    "min_ms" : 0.9448239803314209,
    "average_ms" : 1.5128374648094178,
    "max_ms" : 3.155324935913086,
    "count" : 25,
    "values" : [ 2.70921, 2.297704, 1.228632, 3.155325, 3.109504, 1.149536, 1.043453, 1.256368, 1.557433, 1.872795, 0.944824, 1.556051, 1.262826, 1.477297, 1.112115, 1.627402, 1.176007, 1.118146, 1.073305, 1.320209, 1.219126, 1.057421, 1.216867, 1.303777, 0.975604 ]
  }, {
    "behaviour" : "Behaviour[uid=controller:POST /v1/faultload/register(41f31208)#0>proxy2:POST /v1/faultload/register(41f31208)#0, mode=HTTP_ERROR(503)]",
    "min_ms" : 0.9325850009918213,
    "average_ms" : 1.4112851238250732,
    "max_ms" : 2.105407953262329,
    "count" : 25,
    "values" : [ 1.061501, 1.526251, 2.105408, 1.511679, 1.372558, 1.788155, 1.228176, 1.963657, 1.37038, 0.932585, 1.154355, 1.021533, 1.743414, 1.324547, 1.324308, 1.022124, 1.239517, 2.037865, 1.258777, 1.237657, 1.50013, 1.318427, 1.401098, 1.774064, 1.063962 ]
  }, {
    "behaviour" : "Behaviour[uid=controller:POST /v1/faultload/register(41f31208)#0>proxy2:POST /v1/faultload/register(41f31208)#0, mode=null]",
    "min_ms" : 0.9801530241966248,
    "average_ms" : 1.3823306798934936,
    "max_ms" : 3.518070936203003,
    "count" : 25,
    "values" : [ 2.233408, 1.320539, 1.347389, 1.257958, 3.518071, 1.920177, 1.060634, 1.221297, 1.550364, 1.235446, 1.113312, 1.222237, 1.084565, 1.48624, 1.213957, 1.074905, 1.095005, 1.022085, 1.129504, 0.980153, 0.996353, 1.085934, 1.983509, 1.292166, 1.113059 ]
  }, {
    "behaviour" : "Behaviour[uid=controller:POST /v1/faultload/register(41f31208)#0>proxy2:POST /v1/faultload/register(41f31208)#0, mode=HTTP_ERROR(504)]",
    "min_ms" : 0.9598010182380676,
    "average_ms" : 1.3789008951187134,
    "max_ms" : 3.5254180431365967,
    "count" : 25,