{
    "per_key": {
        "nextFaultload": {
            "n": 74,
            "mean": 0.982978081081081,
            "median": 0.7381755,
            "std": 0.6633182954546673,
            "min": 0.02758,
            "max": 3.247159,
            "p25": 0.5105252499999999,
            "p50": 0.7381755,
            "p75": 1.3256327499999998,
            "p90": 1.8449358000000005,
            "p95": 2.3712651999999967,
            "p99": 3.0580408199999987
        },
        "Per test": {
            "n": 73,
            "mean": 40.459863547945204,
            "median": 34.584112,
            "std": 33.26631863946041,
            "min": 21.123995,
            "max": 304.601158,
            "p25": 30.762539999999998,
            "p50": 34.584112,
            "p75": 42.153878999999996,
            "p90": 54.01469579999999,
            "p95": 55.73884499999998,
            "p99": 154.11001600000023
        },
        "registerFaultload": {
            "n": 73,
            "mean": 5.63334494520548,
            "median": 3.313749,
            "std": 17.021791890764664,
            "min": 2.5743139999999998,
            "max": 148.941408,
            "p25": 3.074095,
            "p50": 3.313749,
            "p75": 3.7354339999999997,
            "p90": 4.058814999999999,
            "p95": 4.453533999999996,
            "p99": 56.92583064000014
        },
        "unregisterFautload": {
            "n": 73,
            "mean": 3.1323296986301368,
            "median": 2.968162,
            "std": 0.6322944407097513,
            "min": 2.221587,
            "max": 6.370753,
            "p25": 2.726947,
            "p50": 2.968162,
            "p75": 3.3786859999999996,
            "p90": 3.7832228,
            "p95": 4.1539144,
            "p99": 5.2666034800000014
        },
        "testMethod": {
            "n": 73,
            "mean": 29.365756561643835,
            "median": 26.277732999999998,
            "std": 15.00906613496409,
            "min": 15.208269999999999,
            "max": 134.455223,
            "p25": 23.483801,
            "p50": 26.277732999999998,
            "p75": 32.245987,
            "p90": 41.7307322,
            "p95": 46.17786879999998,
            "p99": 73.04754836000009
        },
        "getTraceWithDelay": {
            "n": 73,
            "mean": 11.950454575342466,
            "median": 9.396894999999999,
            "std": 11.846292953548595,
            "min": 5.867624,
            "max": 103.63728499999999,
            "p25": 7.446162999999999,
            "p50": 9.396894999999999,
            "p75": 12.939471999999999,
            "p90": 15.935211399999996,
            "p95": 19.623500599999996,
            "p99": 57.24493460000008
        },
        "handleResult": {
            "n": 73,
            "mean": 2.30793901369863,
            "median": 1.5309869999999999,
            "std": 3.138181079292552,
            "min": 0.663064,
            "max": 22.026434,
            "p25": 1.065853,
            "p50": 1.5309869999999999,
            "p75": 2.427553,
            "p90": 3.255320799999999,
            "p95": 4.746712799999984,
            "p99": 18.733005680000005
        },
        "Total test time": {
            "n": 1,
            "mean": 3455.212643,
            "median": 3455.212643,
            "std": 0.0,
            "min": 3455.212643,
            "max": 3455.212643,
            "p25": 3455.212643,
            "p50": 3455.212643,
            "p75": 3455.212643,
            "p90": 3455.212643,
            "p95": 3455.212643,
            "p99": 3455.212643
        },
        "getExpectedPoints": {
            "n": 144,
            "mean": 0.24502014583333334,
            "median": 0.16488799999999998,
            "std": 0.2247415093106031,
            "min": 0.036931,
            "max": 1.505812,
            "p25": 0.10755024999999999,
            "p50": 0.16488799999999998,
            "p75": 0.315106,
            "p90": 0.511539,
            "p95": 0.7174369999999998,
            "p99": 1.0218498399999976
        }
    }
}