{
    "per_key": {
        "nextFaultload": {
            "n": 90,
            "mean": 2.1305568444444445,
            "median": 1.977262,
            "std": 1.072073480598953,
            "min": 0.01816,
            "max": 4.608461999999999,
            "p25": 1.6985187499999999,
            "p50": 1.977262,
            "p75": 2.79954875,
            "p90": 3.5664016000000003,
            "p95": 3.9935906499999994,
            "p99": 4.57492858
        },
        "Per test": {
            "n": 80,
            "mean": 127.8334696875,
            "median": 103.694876,
            "std": 105.6874898054578,
            "min": 52.944482,
            "max": 533.7463,
            "p25": 58.15298849999999,
            "p50": 103.694876,
            "p75": 120.18042399999999,
            "p90": 345.3727923,
            "p95": 362.6651078,
            "p99": 471.25413051999953
        },
        "registerFaultload": {
            "n": 80,
            "mean": 19.3819494875,
            "median": 3.667941,
            "std": 36.3189047309166,
            "min": 2.8637889999999997,
            "max": 123.668381,
            "p25": 3.27726075,
            "p50": 3.667941,
            "p75": 7.835237749999999,
            "p90": 107.33370339999999,
            "p95": 118.22304044999998,
            "p99": 122.09798265999999
        },
        "unregisterFautload": {
            "n": 80,
            "mean": 3.1341930749999998,
            "median": 3.0374689999999998,
            "std": 0.40207663377793335,
            "min": 2.4670259999999997,
            "max": 4.835306999999999,
            "p25": 2.8855352499999998,
            "p50": 3.0374689999999998,
            "p75": 3.3123604999999996,
            "p90": 3.6259378000000004,
            "p95": 3.777833549999999,
            "p99": 4.413149169999997
        },
        "testMethod": {
            "n": 80,
            "mean": 81.14834984999999,
            "median": 84.686043,
            "std": 46.99449491140174,
            "min": 37.007607,
            "max": 312.771542,
            "p25": 42.004881999999995,
            "p50": 84.686043,
            "p75": 88.00935125,
            "p90": 138.55398259999998,
            "p95": 149.52172279999996,
            "p99": 252.3595712899995
        },
        "getTraceWithDelay": {
            "n": 80,
            "mean": 27.302757574999998,
            "median": 15.023629499999998,
            "std": 27.617581770636995,
            "min": 10.800961,
            "max": 118.91226599999999,
            "p25": 13.295302,
            "p50": 15.023629499999998,
            "p75": 23.261566000000002,
            "p90": 92.03725570000002,
            "p95": 95.78187594999999,
            "p99": 105.3369115299999
        },
        "handleResult": {
            "n": 80,
            "mean": 6.133483837499999,
            "median": 2.8563345,
            "std": 6.404857355743972,
            "min": 1.3527179999999999,
            "max": 20.196568,
            "p25": 1.83159425,
            "p50": 2.8563345,
            "p75": 7.0650835,
            "p90": 16.991370400000008,
            "p95": 19.3988257,
            "p99": 19.997587539999998
        },
        "Total test time": {
            "n": 10,
            "mean": 1288.6056679,
            "median": 1257.439602,
            "std": 59.30465276515237,
            "min": 1244.503588,
            "max": 1427.005346,
            "p25": 1251.7691774999998,
            "p50": 1257.439602,
            "p75": 1321.228889,
            "p90": 1357.8010663999999,
            "p95": 1392.4032061999999,
            "p99": 1420.0849180399998
        },
        "getExpectedBehaviours": {
            "n": 150,
            "mean": 0.21783954,
            "median": 0.21135349999999997,
            "std": 0.11590580042497901,
            "min": 0.075473,
            "max": 0.780392,
            "p25": 0.1067815,
            "p50": 0.21135349999999997,
            "p75": 0.279406,
            "p90": 0.3572065,
            "p95": 0.41031225,
            "p99": 0.5338881599999997
        },
        "getExpectedPoints": {
            "n": 150,
            "mean": 0.3101699933333333,
            "median": 0.2831335,
            "std": 0.18010132004278392,
            "min": 0.08508199999999999,
            "max": 0.918964,
            "p25": 0.16920749999999998,
            "p50": 0.2831335,
            "p75": 0.39945149999999996,
            "p90": 0.5567061999999998,
            "p95": 0.6228623499999997,
            "p99": 0.8879359299999996
        }
    }
}