{
  "stats" : {
    "nextFaultload" : {
      "count" : 18,
      "average" : {
        "ns" : 2135295.277777778,
        "us" : 2135.295277777778,
        "ms" : 2.135295277777778,
        "s" : 0.002135295277777778
      },
      "min" : {
        "ns" : 687463,
        "us" : 687.463,
        "ms" : 0.687463,
        "s" : 6.87463E-4
      },
      "max" : {
        "ns" : 10841434,
        "us" : 10841.434,
        "ms" : 10.841434,
        "s" : 0.010841434
      }
    },
    "Per test" : {
      "count" : 17,
      "average" : {
        "ns" : 5.9641869941176474E7,
        "us" : 59641.869941176476,
        "ms" : 59.64186994117647,
        "s" : 0.05964186994117648
      },
      "min" : {
        "ns" : 23775964,
        "us" : 23775.964,
        "ms" : 23.775964,
        "s" : 0.023775964
      },
      "max" : {
        "ns" : 341893821,
        "us" : 341893.821,
        "ms" : 341.893821,
        "s" : 0.341893821
      }
    },
    "registerFaultload" : {
      "count" : 17,
      "average" : {
        "ns" : 1.0910832294117646E7,
        "us" : 10910.832294117647,
        "ms" : 10.910832294117647,
        "s" : 0.010910832294117646
      },
      "min" : {
        "ns" : 4350995,
        "us" : 4350.995,
        "ms" : 4.350995,
        "s" : 0.004350995
      },
      "max" : {
        "ns" : 74966294,
        "us" : 74966.294,
        "ms" : 74.966294,
        "s" : 0.074966294
      }
    },
    "testMethod" : {
      "count" : 17,
      "average" : {
        "ns" : 3.874109011764706E7,
        "us" : 38741.09011764706,
        "ms" : 38.74109011764706,
        "s" : 0.03874109011764706
      },
      "min" : {
        "ns" : 12117848,
        "us" : 12117.848,
        "ms" : 12.117848,
        "s" : 0.012117848
      },
      "max" : {
        "ns" : 237555884,
        "us" : 237555.884,
        "ms" : 237.555884,
        "s" : 0.237555884
      }
    },
    "getTraceWithDelay" : {
      "count" : 17,
      "average" : {
        "ns" : 2.4570617529411763E7,
        "us" : 24570.617529411764,
        "ms" : 24.570617529411763,
        "s" : 0.024570617529411764
      },
      "min" : {
        "ns" : 12428145,
        "us" : 12428.145,
        "ms" : 12.428145,
        "s" : 0.012428145
      },
      "max" : {
        "ns" : 134590228,
        "us" : 134590.228,
        "ms" : 134.590228,
        "s" : 0.134590228
      }
    },
    "getTrace" : {
      "count" : 17,
      "average" : {
        "ns" : 1.4247837588235294E7,
        "us" : 14247.837588235294,
        "ms" : 14.247837588235294,
        "s" : 0.014247837588235295
      },
      "min" : {
        "ns" : 6123167,
        "us" : 6123.167,
        "ms" : 6.123167,
        "s" : 0.006123167
      },
      "max" : {
        "ns" : 102710408,
        "us" : 102710.408,
        "ms" : 102.710408,
        "s" : 0.102710408
      }
    },
    "handleResult" : {
      "count" : 17,
      "average" : {
        "ns" : 4360263.411764706,
        "us" : 4360.263411764706,
        "ms" : 4.360263411764706,
        "s" : 0.004360263411764705
      },
      "min" : {
        "ns" : 717554,
        "us" : 717.554,
        "ms" : 0.717554,
        "s" : 7.17554E-4
      },
      "max" : {
        "ns" : 23251988,
        "us" : 23251.988,
        "ms" : 23.251988,
        "s" : 0.023251988
      }
    },
    "StrategyRunner.analyze" : {
      "count" : 17,
      "average" : {
        "ns" : 4330725.823529412,
        "us" : 4330.725823529412,
        "ms" : 4.330725823529412,
        "s" : 0.004330725823529412
      },
      "min" : {
        "ns" : 711944,
        "us" : 711.944,
        "ms" : 0.711944,
        "s" : 7.11944E-4
      },
      "max" : {
        "ns" : 22890722,
        "us" : 22890.722,
        "ms" : 22.890722,
        "s" : 0.022890722
      }
    },
    "DynamicExplorationGenerator.handleFeedback<Analyzer>" : {
      "count" : 17,
      "average" : {
        "ns" : 1039991.2352941176,
        "us" : 1039.9912352941176,
        "ms" : 1.0399912352941176,
        "s" : 0.0010399912352941176
      },
      "min" : {
        "ns" : 67671,
        "us" : 67.671,
        "ms" : 0.067671,
        "s" : 6.7671E-5
      },
      "max" : {
        "ns" : 10787998,
        "us" : 10787.998,
        "ms" : 10.787998,
        "s" : 0.010787998
      }
    },
    "HappyPathDetector.handleFeedback<Analyzer>" : {
      "count" : 17,
      "average" : {
        "ns" : 56899.882352941175,
        "us" : 56.89988235294118,
        "ms" : 0.056899882352941175,
        "s" : 5.689988235294118E-5
      },
      "min" : {
        "ns" : 3020,
        "us" : 3.02,
        "ms" : 0.00302,
        "s" : 3.02E-6
      },
      "max" : {
        "ns" : 904927,
        "us" : 904.927,
        "ms" : 0.904927,
        "s" : 9.04927E-4
      }
    },
    "ParentChildDetector.handleFeedback<Analyzer>" : {
      "count" : 17,
      "average" : {
        "ns" : 306584.64705882355,
        "us" : 306.5846470588236,
        "ms" : 0.30658464705882355,
        "s" : 3.0658464705882356E-4
      },
      "min" : {
        "ns" : 41391,
        "us" : 41.391,
        "ms" : 0.041391,
        "s" : 4.1391E-5
      },
      "max" : {
        "ns" : 4187260,
        "us" : 4187.26,
        "ms" : 4.18726,
        "s" : 0.00418726
      }
    },
    "HappensBeforeNeighbourDetector.handleFeedback<Analyzer>" : {
      "count" : 17,
      "average" : {
        "ns" : 707953.8823529412,
        "us" : 707.9538823529412,
        "ms" : 0.7079538823529412,
        "s" : 7.079538823529412E-4
      },
      "min" : {
        "ns" : 15671,
        "us" : 15.671,
        "ms" : 0.015671,
        "s" : 1.5671E-5
      },
      "max" : {
        "ns" : 3468779,
        "us" : 3468.779,
        "ms" : 3.468779,
        "s" : 0.003468779
      }
    },
    "ErrorPropagationDetector.handleFeedback<Analyzer>" : {
      "count" : 17,
      "average" : {
        "ns" : 167616.64705882352,
        "us" : 167.61664705882353,
        "ms" : 0.16761664705882354,
        "s" : 1.6761664705882353E-4
      },
      "min" : {
        "ns" : 18140,
        "us" : 18.14,
        "ms" : 0.01814,
        "s" : 1.814E-5
      },
      "max" : {
        "ns" : 691764,
        "us" : 691.764,
        "ms" : 0.691764,
        "s" : 6.91764E-4
      }
    },
    "ConditionalPointDetector.handleFeedback<Analyzer>" : {
      "count" : 17,
      "average" : {
        "ns" : 800538.7647058824,
        "us" : 800.5387647058824,
        "ms" : 0.8005387647058824,
        "s" : 8.005387647058824E-4
      },
      "min" : {
        "ns" : 77831,
        "us" : 77.831,
        "ms" : 0.077831,
        "s" : 7.7831E-5
      },
      "max" : {
        "ns" : 5495216,
        "us" : 5495.216,
        "ms" : 5.495216,
        "s" : 0.005495216
      }
    },
    "RedundancyAnalyzer.handleFeedback<Analyzer>" : {
      "count" : 17,
      "average" : {
        "ns" : 30409.529411764706,
        "us" : 30.409529411764705,
        "ms" : 0.030409529411764707,
        "s" : 3.0409529411764705E-5
      },
      "min" : {
        "ns" : 14280,
        "us" : 14.28,
        "ms" : 0.01428,
        "s" : 1.428E-5
      },
      "max" : {
        "ns" : 82811,
        "us" : 82.811,
        "ms" : 0.082811,
        "s" : 8.2811E-5
      }
    },
    "StatusAnalyzer.handleFeedback<Analyzer>" : {
      "count" : 17,
      "average" : {
        "ns" : 17100.882352941175,
        "us" : 17.100882352941174,
        "ms" : 0.017100882352941174,
        "s" : 1.7100882352941175E-5
      },
      "min" : {
        "ns" : 4050,
        "us" : 4.05,
        "ms" : 0.00405,
        "s" : 4.05E-6
      },
      "max" : {
        "ns" : 182624,
        "us" : 182.624,
        "ms" : 0.182624,
        "s" : 1.82624E-4
      }
    },
    "BehaviorAnalyzer.handleFeedback<Analyzer>" : {
      "count" : 17,
      "average" : {
        "ns" : 224408.4705882353,
        "us" : 224.4084705882353,
        "ms" : 0.2244084705882353,
        "s" : 2.2440847058823531E-4
      },