{
  "stats" : {
    "nextFaultload" : {
      "count" : 22,
      "average" : {
        "ns" : 2340245.6818181816,
        "us" : 2340.2456818181818,
        "ms" : 2.340245681818182,
        "s" : 0.0023402456818181817
      },
      "min" : {
        "ns" : 343713,
        "us" : 343.713,
        "ms" : 0.343713,
        "s" : 3.43713E-4
      },
      "max" : {
        "ns" : 4028557,
        "us" : 4028.557,
        "ms" : 4.028557,
        "s" : 0.004028557
      }
    },
    "Per test" : {
      "count" : 21,
      "average" : {
        "ns" : 4.1100668809523806E7,
        "us" : 41100.668809523806,
        "ms" : 41.1006688095238,
        "s" : 0.04110066880952381
      },
      "min" : {
        "ns" : 24188643,
        "us" : 24188.643,
        "ms" : 24.188643,
        "s" : 0.024188643
      },
      "max" : {
        "ns" : 233860917,
        "us" : 233860.917,
        "ms" : 233.860917,
        "s" : 0.233860917
      }
    },
    "registerFaultload" : {
      "count" : 21,
      "average" : {
        "ns" : 9068967.857142856,
        "us" : 9068.967857142856,
        "ms" : 9.068967857142857,
        "s" : 0.009068967857142856
      },
      "min" : {
        "ns" : 2704905,
        "us" : 2704.905,
        "ms" : 2.704905,
        "s" : 0.002704905
      },
      "max" : {
        "ns" : 110413005,
        "us" : 110413.005,
        "ms" : 110.413005,
        "s" : 0.110413005
      }
    },
    "testMethod" : {
      "count" : 21,
      "average" : {
        "ns" : 1.319105219047619E7,
        "us" : 13191.05219047619,
        "ms" : 13.19105219047619,
        "s" : 0.01319105219047619
      },
      "min" : {
        "ns" : 11204136,
        "us" : 11204.136,
        "ms" : 11.204136,
        "s" : 0.011204136
      },
      "max" : {
        "ns" : 20610203,
        "us" : 20610.203,
        "ms" : 20.610203,
        "s" : 0.020610203
      }
    },
    "getTraceWithDelay" : {
      "count" : 21,
      "average" : {
        "ns" : 1.860311076190476E7,
        "us" : 18603.11076190476,
        "ms" : 18.603110761904762,
        "s" : 0.01860311076190476
      },
      "min" : {
        "ns" : 9524471,
        "us" : 9524.471,
        "ms" : 9.524471,
        "s" : 0.009524471
      },
      "max" : {
        "ns" : 102476194,
        "us" : 102476.194,
        "ms" : 102.476194,
        "s" : 0.102476194
      }
    },
    "getTrace" : {
      "count" : 21,
      "average" : {
        "ns" : 1.034812719047619E7,
        "us" : 10348.12719047619,
        "ms" : 10.348127190476191,
        "s" : 0.01034812719047619
      },
      "min" : {
        "ns" : 5130100,
        "us" : 5130.1,
        "ms" : 5.1301,
        "s" : 0.0051301
      },
      "max" : {
        "ns" : 73790376,
        "us" : 73790.376,
        "ms" : 73.790376,
        "s" : 0.073790376
      }
    },
    "handleResult" : {
      "count" : 21,
      "average" : {
        "ns" : 5031119.952380952,
        "us" : 5031.119952380953,
        "ms" : 5.031119952380952,
        "s" : 0.0050311199523809524
      },
      "min" : {
        "ns" : 1673366,
        "us" : 1673.366,
        "ms" : 1.673366,
        "s" : 0.001673366
      },
      "max" : {
        "ns" : 30394385,
        "us" : 30394.385,
        "ms" : 30.394385,
        "s" : 0.030394385
      }
    },
    "StrategyRunner.analyze" : {
      "count" : 21,
      "average" : {
        "ns" : 4926682.476190476,
        "us" : 4926.682476190475,
        "ms" : 4.926682476190476,
        "s" : 0.004926682476190476
      },
      "min" : {
        "ns" : 1610662,
        "us" : 1610.662,
        "ms" : 1.610662,
        "s" : 0.001610662
      },
      "max" : {
        "ns" : 30287381,
        "us" : 30287.381,
        "ms" : 30.287381,
        "s" : 0.030287381
      }
    },
    "DynamicExplorationGenerator.handleFeedback<Analyzer>" : {
      "count" : 21,
      "average" : {
        "ns" : 540663.8571428572,
        "us" : 540.6638571428572,
        "ms" : 0.5406638571428571,
        "s" : 5.406638571428572E-4
      },
      "min" : {
        "ns" : 63402,
        "us" : 63.402,
        "ms" : 0.063402,
        "s" : 6.3402E-5
      },
      "max" : {
        "ns" : 6022935,
        "us" : 6022.935,
        "ms" : 6.022935,
        "s" : 0.006022935
      }
    },
    "HappyPathDetector.handleFeedback<Analyzer>" : {
      "count" : 21,
      "average" : {
        "ns" : 31996.428571428572,
        "us" : 31.996428571428574,
        "ms" : 0.03199642857142857,
        "s" : 3.199642857142857E-5
      },
      "min" : {
        "ns" : 1900,
        "us" : 1.9,
        "ms" : 0.0019,
        "s" : 1.9E-6
      },
      "max" : {
        "ns" : 604223,
        "us" : 604.223,
        "ms" : 0.604223,
        "s" : 6.04223E-4
      }
    },
    "ParentChildDetector.handleFeedback<Analyzer>" : {
      "count" : 21,
      "average" : {
        "ns" : 418416.28571428574,
        "us" : 418.4162857142857,
        "ms" : 0.41841628571428574,
        "s" : 4.1841628571428574E-4
      },
      "min" : {
        "ns" : 31502,
        "us" : 31.502,
        "ms" : 0.031502,
        "s" : 3.1502E-5
      },
      "max" : {
        "ns" : 7313486,
        "us" : 7313.486,
        "ms" : 7.313486,
        "s" : 0.007313486
      }
    },
    "HappensBeforeNeighbourDetector.handleFeedback<Analyzer>" : {
      "count" : 21,
      "average" : {
        "ns" : 410349.28571428574,
        "us" : 410.3492857142857,
        "ms" : 0.41034928571428575,
        "s" : 4.1034928571428574E-4
      },
      "min" : {
        "ns" : 11600,
        "us" : 11.6,
        "ms" : 0.0116,
        "s" : 1.16E-5
      },
      "max" : {
        "ns" : 1136244,
        "us" : 1136.244,
        "ms" : 1.136244,
        "s" : 0.001136244
      }
    },
    "ErrorPropagationDetector.handleFeedback<Analyzer>" : {
      "count" : 21,
      "average" : {
        "ns" : 1712623.9523809524,
        "us" : 1712.6239523809525,
        "ms" : 1.7126239523809523,
        "s" : 0.0017126239523809525
      },
      "min" : {
        "ns" : 4200,
        "us" : 4.2,
        "ms" : 0.0042,
        "s" : 4.2E-6
      },
      "max" : {
        "ns" : 28596715,
        "us" : 28596.715,
        "ms" : 28.596715,
        "s" : 0.028596715
      }
    },
    "ConditionalPointDetector.handleFeedback<Analyzer>" : {
      "count" : 21,
      "average" : {
        "ns" : 737481.0952380953,
        "us" : 737.4810952380952,
        "ms" : 0.7374810952380952,
        "s" : 7.374810952380953E-4
      },
      "min" : {
        "ns" : 131805,
        "us" : 131.805,
        "ms" : 0.131805,
        "s" : 1.31805E-4
      },
      "max" : {
        "ns" : 4352770,
        "us" : 4352.77,
        "ms" : 4.35277,
        "s" : 0.00435277
      }
    },
    "RedundancyAnalyzer.handleFeedback<Analyzer>" : {
      "count" : 21,
      "average" : {
        "ns" : 44273.19047619047,
        "us" : 44.27319047619047,
        "ms" : 0.04427319047619047,
        "s" : 4.427319047619047E-5
      },
      "min" : {
        "ns" : 13800,
        "us" : 13.8,
        "ms" : 0.0138,
        "s" : 1.38E-5
      },
      "max" : {
        "ns" : 281311,
        "us" : 281.311,
        "ms" : 0.281311,
        "s" : 2.81311E-4
      }
    },
    "StatusAnalyzer.handleFeedback<Analyzer>" : {
      "count" : 21,
      "average" : {
        "ns" : 14919.52380952381,
        "us" : 14.91952380952381,
        "ms" : 0.01491952380952381,
        "s" : 1.4919523809523809E-5
      },
      "min" : {
        "ns" : 3200,
        "us" : 3.2,
        "ms" : 0.0032,
        "s" : 3.2E-6
      },
      "max" : {
        "ns" : 141005,
        "us" : 141.005,
        "ms" : 0.141005,
        "s" : 1.41005E-4
      }
    },
    "BehaviorAnalyzer.handleFeedback<Analyzer>" : {
      "count" : 21,
      "average" : {
        "ns" : 493352.71428571426,
        "us" : 493.3527142857143,
        "ms" : 0.49335271428571426,
        "s" : 4.933527142857143E-4
      },
      "min" : {
        "ns" : 264910,