{
  "responses" : [ {
    "behaviour" : "Behaviour[uid=controller:POST /v1/faultload/register(1fd34341)#0, mode=null]",
    "min_ms" : 43.362911224365234,
    "average_ms" : 43.362911224365234,
    "max_ms" : 43.362911224365234,
    "count" : 1,
    "values" : [ 43.36291 ]
  }, {
    "behaviour" : "Behaviour[uid=controller:POST /v1/faultload/register(1fd34341)#0, mode=HTTP_ERROR(500)]",
    "min_ms" : 4.726473808288574,
    "average_ms" : 5.847036384767102,
    "max_ms" : 10.435741424560547,
    "count" : 124,
    "values" : [ 6.892853, 8.391384, 7.334339, 8.269669, 6.416205, 5.938767, 7.883177, 6.424084, 7.658223, 8.880474, 6.026622, 7.844251, 6.951132, 5.26166, 5.144161, 5.238705, 5.557561, 5.974823, 5.763728, 7.289781, 6.943176, 7.445102, 5.124858, 5.281206, 5.833915, 6.96999, 5.953506, 5.460275, 5.516479, 5.635929, 5.442025, 5.551007, 5.518229, 5.338144, 5.202005, 5.254726, 5.279232, 5.086496, 5.684798, 5.891608, 5.673392, 7.013298, 5.485578, 5.45629, 5.445728, 5.898542, 6.469959, 5.272486, 4.912739, 4.98066, 6.764102, 5.797239, 5.534919, 5.825941, 6.689742, 5.465978, 5.192493, 6.180048, 5.270696, 5.590921, 5.220934, 5.14332, 5.039959, 5.100655, 4.850318, 5.337684, 6.868673, 5.500055, 5.509405, 4.911024, 5.157369, 8.991339, 5.341185, 5.864145, 5.200723, 6.172444, 5.191816, 5.012812, 6.919732, 5.316911, 5.481577, 5.14282, 5.529752, 5.250843, 6.687018, 5.46934, 5.428993, 5.771515, 10.435741, 6.259725, 5.324626, 5.492796, 5.648362, 5.414989, 5.796993, 5.973348, 5.486052, 5.33019, 5.869716, 5.843331, 6.279793, 5.192243, 5.43441, 5.42506, 5.697155, 5.649742, 6.139166, 5.510517, 5.411963, 5.756525, 5.022099, 5.498869, 5.409566, 4.726474, 5.900527, 5.128912, 5.692397, 4.970114, 5.542564, 4.860114, 5.266423, 5.447178, 4.979183, 5.328232 ]
  }, {
    "behaviour" : "Behaviour[uid=controller:POST /v1/faultload/register(1fd34341)#0>proxy1:POST /v1/faultload/register(1fd34341)#0, mode=null]",
    "min_ms" : 1.0946719646453857,
    "average_ms" : 2.6118264961242676,
    "max_ms" : 31.110462188720703,
    "count" : 25,
    "values" : [ 31.110462, 1.30915, 1.862347, 1.535053, 1.548243, 1.195443, 1.733659, 1.303846, 1.65266, 1.324958, 1.413991, 1.187379, 2.543415, 1.187988, 1.826802, 1.095183, 1.215004, 1.325457, 1.172538, 1.230833, 1.1405, 1.470363, 1.604895, 1.094672, 1.210821 ]
  }, {
    "behaviour" : "Behaviour[uid=controller:POST /v1/faultload/register(1fd34341)#0>proxy3:POST /v1/faultload/register(1fd34341)#0, mode=null]",
    "min_ms" : 0.9875500202178955,
    "average_ms" : 2.598463354110718,
    "max_ms" : 31.656068801879883,
    "count" : 25,
    "values" : [ 31.656069, 1.115406, 1.748235, 1.395901, 1.169548, 2.130941, 3.562938, 1.078933, 1.811985, 0.98755, 1.388155, 1.045231, 1.161062, 1.22645, 1.145203, 1.275799, 1.251465, 1.201866, 1.304746, 1.156879, 1.214468, 1.098754, 1.3301, 1.282904, 1.220996 ]
  }, {
    "behaviour" : "Behaviour[uid=controller:POST /v1/faultload/register(1fd34341)#0>proxy2:POST /v1/faultload/register(1fd34341)#0, mode=null]",
    "min_ms" : 0.9994869828224182,
    "average_ms" : 2.4961219668388366,
    "max_ms" : 31.137001037597656,
    "count" : 25,
    "values" : [ 31.137001, 1.452501, 2.168132, 1.612533, 1.043166, 1.262178, 1.131457, 1.091682, 1.344864, 1.545557, 0.999487, 1.177482, 1.307356, 1.567626, 1.323657, 1.054763, 1.151497, 1.424477, 1.184556, 1.387155, 1.227004, 1.164803, 1.063008, 1.276311, 1.304796 ]
  } ],
  "overhead" : [ {
    "behaviour" : "Behaviour[uid=controller:POST /v1/faultload/register(1fd34341)#0, mode=null]",
    "min_ms" : 2.655308961868286,
    "average_ms" : 2.655308961868286,
    "max_ms" : 2.655308961868286,
    "count" : 1,
    "values" : [ 2.655309 ]
  }, {
    "behaviour" : "Behaviour[uid=controller:POST /v1/faultload/register(1fd34341)#0, mode=HTTP_ERROR(500)]",
    "min_ms" : 1.0700989961624146,
    "average_ms" : 1.9750115679156395,
    "max_ms" : 43.15202713012695,
    "count" : 124,
    "values" : [ 1.557443, 2.592359, 1.715125, 1.505242, 1.465402, 1.443711, 1.485132, 1.413651, 1.39001, 1.427097, 1.268166, 1.80486, 1.533199, 1.235976, 1.273707, 1.435793, 1.171087, 1.294215, 1.474631, 1.331471, 1.369884, 1.46556, 1.296086, 1.385347, 1.472433, 1.460649, 1.290108, 1.270557, 1.66852, 1.36354, 1.25857, 1.118309, 1.277539, 1.383372, 1.266624, 2.015193, 1.070099, 1.196448, 1.414857, 1.375698, 1.185816, 1.408418, 1.148627, 1.24457, 1.328578, 1.207159, 1.785877, 1.173639, 1.147359, 1.381637, 1.248187, 1.084577, 1.130944, 43.152027, 1.296587, 1.345855, 1.116644, 1.683579, 1.209522, 1.260951, 1.359699, 1.272728, 1.22756, 1.22741, 1.34561, 1.7198, 1.328379, 1.455944, 1.096373, 1.149694, 1.13977, 1.356196, 1.346631, 1.381802, 1.31064, 1.107171, 1.124723, 1.356166, 1.53297, 1.155869, 1.324146, 1.147768, 1.383143, 1.287546, 1.37365, 1.320696, 1.20852, 1.256538, 1.414727, 1.3432, 1.357889, 1.517481, 1.396801, 1.119158, 1.300864, 5.359756, 1.412879, 1.338245, 1.321166, 1.246721, 1.564228, 1.26073, 1.234915, 1.153603, 1.585081, 1.21803, 1.759373, 1.182424, 1.224249, 1.288952, 1.33724, 1.982224, 1.260665, 1.25869, 1.227851, 1.280311, 1.155725, 33.87973, 1.114264, 1.080885, 1.122619, 1.185056, 1.148816, 1.191521 ]
  }, {
    "behaviour" : "Behaviour[uid=controller:POST /v1/faultload/register(1fd34341)#0>proxy3:POST /v1/faultload/register(1fd34341)#0, mode=HTTP_ERROR(503)]",
    "min_ms" : 0.9848780035972595,
    "average_ms" : 1.498331754207611,
    "max_ms" : 5.744022846221924,
    "count" : 25,
    "values" : [ 2.01521, 1.337567, 1.733038, 1.027233, 0.984878, 1.255667, 1.68652, 1.474496, 1.15863, 1.083237, 1.125011, 1.654206, 0.98903, 1.206674, 1.040248, 1.414401, 1.19238, 1.626911, 1.304, 1.121723, 1.850362, 5.744023, 1.170138, 1.181264, 1.081447 ]
  }, {
    "behaviour" : "Behaviour[uid=controller:POST /v1/faultload/register(1fd34341)#0>proxy1:POST /v1/faultload/register(1fd34341)#0, mode=HTTP_ERROR(503)]",
    "min_ms" : 0.8754040002822876,
    "average_ms" : 1.4724758768081665,
    "max_ms" : 3.9026811122894287,
    "count" : 25,
    "values" : [ 1.827977, 1.174419, 1.331961, 1.272417, 1.27556, 1.055119, 1.229062, 3.249198, 1.383021, 1.24202, 1.100161, 1.195852, 3.902681, 1.306468, 1.17308, 1.223103, 1.721576, 1.848356, 1.118386, 1.238977, 1.169106, 1.415291, 1.231242, 1.25146, 0.875404 ]
  }, {
    "behaviour" : "Behaviour[uid=controller:POST /v1/faultload/register(1fd34341)#0>proxy3:POST /v1/faultload/register(1fd34341)#0, mode=null]",
    "min_ms" : 0.9829379916191101,
    "average_ms" : 1.4232437491416932,
    "max_ms" : 2.340224027633667,
    "count" : 25,
    "values" : [ 2.248623, 1.567223, 1.381531, 1.552313, 1.269218, 1.532013, 1.527377, 1.444309, 1.575094, 1.095452, 1.134115, 1.571215, 0.982938, 1.052318, 1.024762, 2.340224, 1.293469, 1.34523, 1.049678, 1.250675, 1.561187, 1.111043, 1.912913, 1.1164, 1.641774 ]
  }, {
    "behaviour" : "Behaviour[uid=controller:POST /v1/faultload/register(1fd34341)#0>proxy2:POST /v1/faultload/register(1fd34341)#0, mode=HTTP_ERROR(504)]",
    "min_ms" : 1.0732100009918213,
    "average_ms" : 1.417011203765869,
    "max_ms" : 2.4719018936157227,
    "count" : 25,
    "values" : [ 1.854379, 2.471902, 1.347522, 1.216455, 1.212412, 1.082101, 1.24271, 1.959881, 1.244505, 1.308368, 1.099495, 1.122449, 1.332623, 1.397886, 1.312661, 1.470514, 1.655046, 1.99384, 1.602598, 1.183144, 1.379451, 1.17559, 1.56557, 1.07321, 1.120968 ]
  }, {
    "behaviour" : "Behaviour[uid=controller:POST /v1/faultload/register(1fd34341)#0>proxy3:POST /v1/faultload/register(1fd34341)#0, mode=HTTP_ERROR(504)]",
    "min_ms" : 1.002249002456665,
    "average_ms" : 1.4032226228713989,
    "max_ms" : 4.452474117279053,
    "count" : 25,