{
  "stats" : {
    "nextFaultload" : {
      "count" : 10,
      "average" : {
        "ns" : 3913526.6,
        "us" : 3913.5266,
        "ms" : 3.9135266,
        "s" : 0.0039135266
      },
      "min" : {
        "ns" : 2477842,
        "us" : 2477.842,
        "ms" : 2.477842,
        "s" : 0.002477842
      },
      "max" : {
        "ns" : 11461428,
        "us" : 11461.428,
        "ms" : 11.461428,
        "s" : 0.011461428
      }
    },
    "Per test" : {
      "count" : 9,
      "average" : {
        "ns" : 5.638035711111111E7,
        "us" : 56380.35711111111,
        "ms" : 56.38035711111111,
        "s" : 0.05638035711111111
      },
      "min" : {
        "ns" : 28418234,
        "us" : 28418.234,
        "ms" : 28.418234,
        "s" : 0.028418234
      },
      "max" : {
        "ns" : 245620373,
        "us" : 245620.373,
        "ms" : 245.620373,
        "s" : 0.245620373
      }
    },
    "registerFaultload" : {
      "count" : 9,
      "average" : {
        "ns" : 1.8882864888888888E7,
        "us" : 18882.86488888889,
        "ms" : 18.88286488888889,
        "s" : 0.01888286488888889
      },
      "min" : {
        "ns" : 3874009,
        "us" : 3874.009,
        "ms" : 3.874009,
        "s" : 0.003874009
      },
      "max" : {
        "ns" : 118434322,
        "us" : 118434.322,
        "ms" : 118.434322,
        "s" : 0.118434322
      }
    },
    "testMethod" : {
      "count" : 9,
      "average" : {
        "ns" : 2.8659534E7,
        "us" : 28659.534,
        "ms" : 28.659534,
        "s" : 0.028659534
      },
      "min" : {
        "ns" : 17368535,
        "us" : 17368.535,
        "ms" : 17.368535,
        "s" : 0.017368535
      },
      "max" : {
        "ns" : 103977349,
        "us" : 103977.349,
        "ms" : 103.977349,
        "s" : 0.103977349
      }
    },
    "getTraceWithDelay" : {
      "count" : 9,
      "average" : {
        "ns" : 2.6673336777777776E7,
        "us" : 26673.336777777775,
        "ms" : 26.673336777777777,
        "s" : 0.026673336777777775
      },
      "min" : {
        "ns" : 14352631,
        "us" : 14352.631,
        "ms" : 14.352631,
        "s" : 0.014352631
      },
      "max" : {
        "ns" : 105186009,
        "us" : 105186.009,
        "ms" : 105.186009,
        "s" : 0.105186009
      }
    },
    "getTrace" : {
      "count" : 9,
      "average" : {
        "ns" : 1.7595387E7,
        "us" : 17595.387,
        "ms" : 17.595387,
        "s" : 0.017595387
      },
      "min" : {
        "ns" : 8159435,
        "us" : 8159.435,
        "ms" : 8.159435,
        "s" : 0.008159435
      },
      "max" : {
        "ns" : 81204258,
        "us" : 81204.258,
        "ms" : 81.204258,
        "s" : 0.081204258
      }
    },
    "handleResult" : {
      "count" : 9,
      "average" : {
        "ns" : 4613011.0,
        "us" : 4613.011,
        "ms" : 4.613011,
        "s" : 0.004613011
      },
      "min" : {
        "ns" : 1536979,
        "us" : 1536.979,
        "ms" : 1.536979,
        "s" : 0.001536979
      },
      "max" : {
        "ns" : 18650788,
        "us" : 18650.788,
        "ms" : 18.650788,
        "s" : 0.018650788
      }
    },
    "StrategyRunner.analyze" : {
      "count" : 9,
      "average" : {
        "ns" : 4565449.888888889,
        "us" : 4565.449888888889,
        "ms" : 4.565449888888889,
        "s" : 0.004565449888888889
      },
      "min" : {
        "ns" : 1529499,
        "us" : 1529.499,
        "ms" : 1.529499,
        "s" : 0.001529499
      },
      "max" : {
        "ns" : 18334060,
        "us" : 18334.06,
        "ms" : 18.33406,
        "s" : 0.01833406
      }
    },
    "DynamicExplorationGenerator.handleFeedback<Analyzer>" : {
      "count" : 9,
      "average" : {
        "ns" : 1086232.7777777778,
        "us" : 1086.2327777777778,
        "ms" : 1.0862327777777778,
        "s" : 0.0010862327777777779
      },
      "min" : {
        "ns" : 115282,
        "us" : 115.282,
        "ms" : 0.115282,
        "s" : 1.15282E-4
      },
      "max" : {
        "ns" : 7423986,
        "us" : 7423.986,
        "ms" : 7.423986,
        "s" : 0.007423986
      }
    },
    "HappyPathDetector.handleFeedback<Analyzer>" : {
      "count" : 9,
      "average" : {
        "ns" : 75194.11111111111,
        "us" : 75.19411111111111,
        "ms" : 0.07519411111111111,
        "s" : 7.519411111111111E-5
      },
      "min" : {
        "ns" : 3380,
        "us" : 3.38,
        "ms" : 0.00338,
        "s" : 3.38E-6
      },
      "max" : {
        "ns" : 645996,
        "us" : 645.996,
        "ms" : 0.645996,
        "s" : 6.45996E-4
      }
    },
    "ParentChildDetector.handleFeedback<Analyzer>" : {
      "count" : 9,
      "average" : {
        "ns" : 432749.77777777775,
        "us" : 432.74977777777775,
        "ms" : 0.43274977777777773,
        "s" : 4.3274977777777774E-4
      },
      "min" : {
        "ns" : 47021,
        "us" : 47.021,
        "ms" : 0.047021,
        "s" : 4.7021E-5
      },
      "max" : {
        "ns" : 3231502,
        "us" : 3231.502,
        "ms" : 3.231502,
        "s" : 0.003231502
      }
    },
    "HappensBeforeNeighbourDetector.handleFeedback<Analyzer>" : {
      "count" : 9,
      "average" : {
        "ns" : 812755.8888888889,
        "us" : 812.7558888888889,
        "ms" : 0.8127558888888888,
        "s" : 8.127558888888889E-4
      },
      "min" : {
        "ns" : 10640,
        "us" : 10.64,
        "ms" : 0.01064,
        "s" : 1.064E-5
      },
      "max" : {
        "ns" : 2457502,
        "us" : 2457.502,
        "ms" : 2.457502,
        "s" : 0.002457502
      }
    },
    "ErrorPropagationDetector.handleFeedback<Analyzer>" : {
      "count" : 9,
      "average" : {
        "ns" : 225401.0,
        "us" : 225.401,
        "ms" : 0.225401,
        "s" : 2.25401E-4
      },
      "min" : {
        "ns" : 12010,
        "us" : 12.01,
        "ms" : 0.01201,
        "s" : 1.201E-5
      },
      "max" : {
        "ns" : 524963,
        "us" : 524.963,
        "ms" : 0.524963,
        "s" : 5.24963E-4
      }
    },
    "ConditionalPointDetector.handleFeedback<Analyzer>" : {
      "count" : 9,
      "average" : {
        "ns" : 1187115.111111111,
        "us" : 1187.115111111111,
        "ms" : 1.187115111111111,
        "s" : 0.001187115111111111
      },
      "min" : {
        "ns" : 232286,
        "us" : 232.286,
        "ms" : 0.232286,
        "s" : 2.32286E-4
      },
      "max" : {
        "ns" : 5245801,
        "us" : 5245.801,
        "ms" : 5.245801,
        "s" : 0.005245801
      }
    },
    "RedundancyAnalyzer.handleFeedback<Analyzer>" : {
      "count" : 9,
      "average" : {
        "ns" : 71809.33333333333,
        "us" : 71.80933333333333,
        "ms" : 0.07180933333333332,
        "s" : 7.180933333333332E-5
      },
      "min" : {
        "ns" : 18651,
        "us" : 18.651,
        "ms" : 0.018651,
        "s" : 1.8651E-5
      },
      "max" : {
        "ns" : 349578,
        "us" : 349.578,
        "ms" : 0.349578,
        "s" : 3.49578E-4
      }
    },
    "StatusAnalyzer.handleFeedback<Analyzer>" : {
      "count" : 9,
      "average" : {
        "ns" : 31073.11111111111,
        "us" : 31.07311111111111,
        "ms" : 0.03107311111111111,
        "s" : 3.107311111111111E-5
      },
      "min" : {
        "ns" : 5000,
        "us" : 5.0,
        "ms" : 0.005,
        "s" : 5.0E-6
      },
      "max" : {
        "ns" : 225566,
        "us" : 225.566,
        "ms" : 0.225566,
        "s" : 2.25566E-4
      }
    },
    "BehaviorAnalyzer.handleFeedback<Analyzer>" : {
      "count" : 9,
      "average" : {
        "ns" : 359340.1111111111,
        "us" : 359.3401111111111,
        "ms" : 0.35934011111111114,
        "s" : 3.5934011111111113E-4
      },
      "min" : {
        "ns" : 121863,
        "us" : 121.863,
        "ms" : 0.121863,
        "s" : 1.21863E-4
      },
      "max" : {
        "ns" : 903042,
        "us" : 903.042,