{
  "stats" : {
    "nextFaultload" : {
      "count" : 9,
      "average" : {
        "ns" : 2665915.5555555555,
        "us" : 2665.9155555555553,
        "ms" : 2.6659155555555554,
        "s" : 0.0026659155555555556
      },
      "min" : {
        "ns" : 896735,
        "us" : 896.735,
        "ms" : 0.896735,
        "s" : 8.96735E-4
      },
      "max" : {
        "ns" : 4107161,
        "us" : 4107.161,
        "ms" : 4.107161,
        "s" : 0.004107161
      }
    },
    "Per test" : {
      "count" : 8,
      "average" : {
        "ns" : 6.2998602375E7,
        "us" : 62998.602375,
        "ms" : 62.998602375,
        "s" : 0.062998602375
      },
      "min" : {
        "ns" : 27763686,
        "us" : 27763.686,
        "ms" : 27.763686,
        "s" : 0.027763686
      },
      "max" : {
        "ns" : 245620710,
        "us" : 245620.71,
        "ms" : 245.62071,
        "s" : 0.24562071
      }
    },
    "registerFaultload" : {
      "count" : 8,
      "average" : {
        "ns" : 1.94711495E7,
        "us" : 19471.1495,
        "ms" : 19.4711495,
        "s" : 0.0194711495
      },
      "min" : {
        "ns" : 3063420,
        "us" : 3063.42,
        "ms" : 3.06342,
        "s" : 0.00306342
      },
      "max" : {
        "ns" : 114473579,
        "us" : 114473.579,
        "ms" : 114.473579,
        "s" : 0.114473579
      }
    },
    "testMethod" : {
      "count" : 8,
      "average" : {
        "ns" : 1.489212E7,
        "us" : 14892.12,
        "ms" : 14.89212,
        "s" : 0.01489212
      },
      "min" : {
        "ns" : 9464970,
        "us" : 9464.97,
        "ms" : 9.46497,
        "s" : 0.00946497
      },
      "max" : {
        "ns" : 25712006,
        "us" : 25712.006,
        "ms" : 25.712006,
        "s" : 0.025712006
      }
    },
    "getTraceWithDelay" : {
      "count" : 8,
      "average" : {
        "ns" : 2.83669475E7,
        "us" : 28366.9475,
        "ms" : 28.3669475,
        "s" : 0.0283669475
      },
      "min" : {
        "ns" : 14359061,
        "us" : 14359.061,
        "ms" : 14.359061,
        "s" : 0.014359061
      },
      "max" : {
        "ns" : 105118213,
        "us" : 105118.213,
        "ms" : 105.118213,
        "s" : 0.105118213
      }
    },
    "getTrace" : {
      "count" : 8,
      "average" : {
        "ns" : 1.788284975E7,
        "us" : 17882.84975,
        "ms" : 17.88284975,
        "s" : 0.01788284975
      },
      "min" : {
        "ns" : 8372727,
        "us" : 8372.727,
        "ms" : 8.372727,
        "s" : 0.008372727
      },
      "max" : {
        "ns" : 75446252,
        "us" : 75446.252,
        "ms" : 75.446252,
        "s" : 0.075446252
      }
    },
    "handleResult" : {
      "count" : 8,
      "average" : {
        "ns" : 6220793.375,
        "us" : 6220.793375,
        "ms" : 6.220793375,
        "s" : 0.006220793375
      },
      "min" : {
        "ns" : 2109083,
        "us" : 2109.083,
        "ms" : 2.109083,
        "s" : 0.002109083
      },
      "max" : {
        "ns" : 20982821,
        "us" : 20982.821,
        "ms" : 20.982821,
        "s" : 0.020982821
      }
    },
    "StrategyRunner.analyze" : {
      "count" : 8,
      "average" : {
        "ns" : 6060662.125,
        "us" : 6060.662125,
        "ms" : 6.060662125,
        "s" : 0.006060662125
      },
      "min" : {
        "ns" : 2021779,
        "us" : 2021.779,
        "ms" : 2.021779,
        "s" : 0.002021779
      },
      "max" : {
        "ns" : 20546504,
        "us" : 20546.504,
        "ms" : 20.546504,
        "s" : 0.020546504
      }
    },
    "DynamicExplorationGenerator.handleFeedback<Analyzer>" : {
      "count" : 8,
      "average" : {
        "ns" : 1088255.125,
        "us" : 1088.255125,
        "ms" : 1.088255125,
        "s" : 0.001088255125
      },
      "min" : {
        "ns" : 79003,
        "us" : 79.003,
        "ms" : 0.079003,
        "s" : 7.9003E-5
      },
      "max" : {
        "ns" : 6040037,
        "us" : 6040.037,
        "ms" : 6.040037,
        "s" : 0.006040037
      }
    },
    "HappyPathDetector.handleFeedback<Analyzer>" : {
      "count" : 8,
      "average" : {
        "ns" : 64902.75,
        "us" : 64.90275,
        "ms" : 0.06490275,
        "s" : 6.490275E-5
      },
      "min" : {
        "ns" : 3601,
        "us" : 3.601,
        "ms" : 0.003601,
        "s" : 3.601E-6
      },
      "max" : {
        "ns" : 487619,
        "us" : 487.619,
        "ms" : 0.487619,
        "s" : 4.87619E-4
      }
    },
    "ParentChildDetector.handleFeedback<Analyzer>" : {
      "count" : 8,
      "average" : {
        "ns" : 1100343.0,
        "us" : 1100.343,
        "ms" : 1.100343,
        "s" : 0.001100343
      },
      "min" : {
        "ns" : 44702,
        "us" : 44.702,
        "ms" : 0.044702,
        "s" : 4.4702E-5
      },
      "max" : {
        "ns" : 8236223,
        "us" : 8236.223,
        "ms" : 8.236223,
        "s" : 0.008236223
      }
    },
    "HappensBeforeNeighbourDetector.handleFeedback<Analyzer>" : {
      "count" : 8,
      "average" : {
        "ns" : 432342.0,
        "us" : 432.342,
        "ms" : 0.432342,
        "s" : 4.32342E-4
      },
      "min" : {
        "ns" : 15301,
        "us" : 15.301,
        "ms" : 0.015301,
        "s" : 1.5301E-5
      },
      "max" : {
        "ns" : 1341353,
        "us" : 1341.353,
        "ms" : 1.341353,
        "s" : 0.001341353
      }
    },
    "ErrorPropagationDetector.handleFeedback<Analyzer>" : {
      "count" : 8,
      "average" : {
        "ns" : 881984.375,
        "us" : 881.984375,
        "ms" : 0.881984375,
        "s" : 8.81984375E-4
      },
      "min" : {
        "ns" : 19000,
        "us" : 19.0,
        "ms" : 0.019,
        "s" : 1.9E-5
      },
      "max" : {
        "ns" : 2763108,
        "us" : 2763.108,
        "ms" : 2.763108,
        "s" : 0.002763108
      }
    },
    "ConditionalPointDetector.handleFeedback<Analyzer>" : {
      "count" : 8,
      "average" : {
        "ns" : 810631.875,
        "us" : 810.631875,
        "ms" : 0.810631875,
        "s" : 8.10631875E-4
      },
      "min" : {
        "ns" : 116505,
        "us" : 116.505,
        "ms" : 0.116505,
        "s" : 1.16505E-4
      },
      "max" : {
        "ns" : 4478675,
        "us" : 4478.675,
        "ms" : 4.478675,
        "s" : 0.004478675
      }
    },
    "RedundancyAnalyzer.handleFeedback<Analyzer>" : {
      "count" : 8,
      "average" : {
        "ns" : 36014.0,
        "us" : 36.014,
        "ms" : 0.036014,
        "s" : 3.6014E-5
      },
      "min" : {
        "ns" : 20901,
        "us" : 20.901,
        "ms" : 0.020901,
        "s" : 2.0901E-5
      },
      "max" : {
        "ns" : 68103,
        "us" : 68.103,
        "ms" : 0.068103,
        "s" : 6.8103E-5
      }
    },
    "StatusAnalyzer.handleFeedback<Analyzer>" : {
      "count" : 8,
      "average" : {
        "ns" : 21825.75,
        "us" : 21.82575,
        "ms" : 0.02182575,
        "s" : 2.182575E-5
      },
      "min" : {
        "ns" : 4400,
        "us" : 4.4,
        "ms" : 0.0044,
        "s" : 4.4E-6
      },
      "max" : {
        "ns" : 133305,
        "us" : 133.305,
        "ms" : 0.133305,
        "s" : 1.33305E-4
      }
    },
    "BehaviorAnalyzer.handleFeedback<Analyzer>" : {
      "count" : 8,
      "average" : {
        "ns" : 611861.5,
        "us" : 611.8615,
        "ms" : 0.6118615,
        "s" : 6.118615E-4
      },
      "min" : {
        "ns" : 414116,
        "us" : 414.116,
        "ms" : 0.414116,
        "s" : 4.14116E-4
      },
      "max" : {
        "ns" : 1455757,
        "us" : 1455.757,
        "ms" : 1.455757,
        "s" : 0.001455757
      }
    },
    "TimingAnalyzer.handleFeedback<Analyzer>" : {
      "count" : 8,
      "average" : {
        "ns" : 208133.25,
        "us" : 208.13325,
        "ms" : 0.20813325,
        "s" : 2.0813325E-4
      },
      "min" : {
        "ns" : 52802,
        "us" : 52.802,
        "ms" : 0.052802,