{
  "stats" : {
    "nextFaultload" : {
      "count" : 10,
      "average" : {
        "ns" : 3983811.2,
        "us" : 3983.8112,
        "ms" : 3.9838112000000003,
        "s" : 0.0039838112
      },
      "min" : {
        "ns" : 2530915,
        "us" : 2530.915,
        "ms" : 2.530915,
        "s" : 0.002530915
      },
      "max" : {
        "ns" : 11273070,
        "us" : 11273.07,
        "ms" : 11.27307,
        "s" : 0.01127307
      }
    },
    "Per test" : {
      "count" : 9,
      "average" : {
        "ns" : 5.818638611111111E7,
        "us" : 58186.38611111111,
        "ms" : 58.18638611111111,
        "s" : 0.05818638611111111
      },
      "min" : {
        "ns" : 27831186,
        "us" : 27831.186,
        "ms" : 27.831186,
        "s" : 0.027831186
      },
      "max" : {
        "ns" : 259369446,
        "us" : 259369.446,
        "ms" : 259.369446,
        "s" : 0.259369446
      }
    },
    "registerFaultload" : {
      "count" : 9,
      "average" : {
        "ns" : 2.0511347888888888E7,
        "us" : 20511.34788888889,
        "ms" : 20.51134788888889,
        "s" : 0.02051134788888889
      },
      "min" : {
        "ns" : 4056780,
        "us" : 4056.78,
        "ms" : 4.05678,
        "s" : 0.00405678
      },
      "max" : {
        "ns" : 130924876,
        "us" : 130924.876,
        "ms" : 130.924876,
        "s" : 0.130924876
      }
    },
    "testMethod" : {
      "count" : 9,
      "average" : {
        "ns" : 2.8881172333333332E7,
        "us" : 28881.172333333332,
        "ms" : 28.881172333333332,
        "s" : 0.028881172333333333
      },
      "min" : {
        "ns" : 17193113,
        "us" : 17193.113,
        "ms" : 17.193113,
        "s" : 0.017193113
      },
      "max" : {
        "ns" : 105825940,
        "us" : 105825.94,
        "ms" : 105.82594,
        "s" : 0.10582594
      }
    },
    "getTraceWithDelay" : {
      "count" : 9,
      "average" : {
        "ns" : 2.6961622777777776E7,
        "us" : 26961.622777777775,
        "ms" : 26.961622777777777,
        "s" : 0.026961622777777777
      },
      "min" : {
        "ns" : 13470257,
        "us" : 13470.257,
        "ms" : 13.470257,
        "s" : 0.013470257
      },
      "max" : {
        "ns" : 104576318,
        "us" : 104576.318,
        "ms" : 104.576318,
        "s" : 0.104576318
      }
    },
    "getTrace" : {
      "count" : 9,
      "average" : {
        "ns" : 1.7914778222222224E7,
        "us" : 17914.778222222223,
        "ms" : 17.914778222222225,
        "s" : 0.017914778222222223
      },
      "min" : {
        "ns" : 7759321,
        "us" : 7759.321,
        "ms" : 7.759321,
        "s" : 0.007759321
      },
      "max" : {
        "ns" : 81106116,
        "us" : 81106.116,
        "ms" : 81.106116,
        "s" : 0.081106116
      }
    },
    "handleResult" : {
      "count" : 9,
      "average" : {
        "ns" : 4519970.555555556,
        "us" : 4519.970555555556,
        "ms" : 4.519970555555556,
        "s" : 0.004519970555555556
      },
      "min" : {
        "ns" : 1558980,
        "us" : 1558.98,
        "ms" : 1.55898,
        "s" : 0.00155898
      },
      "max" : {
        "ns" : 18214969,
        "us" : 18214.969,
        "ms" : 18.214969,
        "s" : 0.018214969
      }
    },
    "StrategyRunner.analyze" : {
      "count" : 9,
      "average" : {
        "ns" : 4468780.222222222,
        "us" : 4468.780222222222,
        "ms" : 4.468780222222222,
        "s" : 0.004468780222222222
      },
      "min" : {
        "ns" : 1541259,
        "us" : 1541.259,
        "ms" : 1.541259,
        "s" : 0.001541259
      },
      "max" : {
        "ns" : 17885330,
        "us" : 17885.33,
        "ms" : 17.88533,
        "s" : 0.01788533
      }
    },
    "DynamicExplorationGenerator.handleFeedback<Analyzer>" : {
      "count" : 9,
      "average" : {
        "ns" : 1185126.0,
        "us" : 1185.126,
        "ms" : 1.185126,
        "s" : 0.001185126
      },
      "min" : {
        "ns" : 96033,
        "us" : 96.033,
        "ms" : 0.096033,
        "s" : 9.6033E-5
      },
      "max" : {
        "ns" : 8140960,
        "us" : 8140.96,
        "ms" : 8.14096,
        "s" : 0.00814096
      }
    },
    "HappyPathDetector.handleFeedback<Analyzer>" : {
      "count" : 9,
      "average" : {
        "ns" : 54870.444444444445,
        "us" : 54.870444444444445,
        "ms" : 0.054870444444444444,
        "s" : 5.4870444444444445E-5
      },
      "min" : {
        "ns" : 3420,
        "us" : 3.42,
        "ms" : 0.00342,
        "s" : 3.42E-6
      },
      "max" : {
        "ns" : 462942,
        "us" : 462.942,
        "ms" : 0.462942,
        "s" : 4.62942E-4
      }
    },
    "ParentChildDetector.handleFeedback<Analyzer>" : {
      "count" : 9,
      "average" : {
        "ns" : 397066.6666666667,
        "us" : 397.06666666666666,
        "ms" : 0.3970666666666667,
        "s" : 3.970666666666667E-4
      },
      "min" : {
        "ns" : 46621,
        "us" : 46.621,
        "ms" : 0.046621,
        "s" : 4.6621E-5
      },
      "max" : {
        "ns" : 2864584,
        "us" : 2864.584,
        "ms" : 2.864584,
        "s" : 0.002864584
      }
    },
    "HappensBeforeNeighbourDetector.handleFeedback<Analyzer>" : {
      "count" : 9,
      "average" : {
        "ns" : 826997.7777777778,
        "us" : 826.9977777777777,
        "ms" : 0.8269977777777777,
        "s" : 8.269977777777777E-4
      },
      "min" : {
        "ns" : 10210,
        "us" : 10.21,
        "ms" : 0.01021,
        "s" : 1.021E-5
      },
      "max" : {
        "ns" : 2514435,
        "us" : 2514.435,
        "ms" : 2.514435,
        "s" : 0.002514435
      }
    },
    "ErrorPropagationDetector.handleFeedback<Analyzer>" : {
      "count" : 9,
      "average" : {
        "ns" : 194666.33333333334,
        "us" : 194.66633333333334,
        "ms" : 0.19466633333333333,
        "s" : 1.9466633333333334E-4
      },
      "min" : {
        "ns" : 12291,
        "us" : 12.291,
        "ms" : 0.012291,
        "s" : 1.2291E-5
      },
      "max" : {
        "ns" : 533224,
        "us" : 533.224,
        "ms" : 0.533224,
        "s" : 5.33224E-4
      }
    },
    "ConditionalPointDetector.handleFeedback<Analyzer>" : {
      "count" : 9,
      "average" : {
        "ns" : 1138806.7777777778,
        "us" : 1138.8067777777778,
        "ms" : 1.1388067777777777,
        "s" : 0.0011388067777777777
      },
      "min" : {
        "ns" : 226316,
        "us" : 226.316,
        "ms" : 0.226316,
        "s" : 2.26316E-4
      },
      "max" : {
        "ns" : 4747391,
        "us" : 4747.391,
        "ms" : 4.747391,
        "s" : 0.004747391
      }
    },
    "RedundancyAnalyzer.handleFeedback<Analyzer>" : {
      "count" : 9,
      "average" : {
        "ns" : 56244.88888888889,
        "us" : 56.24488888888889,
        "ms" : 0.05624488888888889,
        "s" : 5.624488888888889E-5
      },
      "min" : {
        "ns" : 20640,
        "us" : 20.64,
        "ms" : 0.02064,
        "s" : 2.064E-5
      },
      "max" : {
        "ns" : 198515,
        "us" : 198.515,
        "ms" : 0.198515,
        "s" : 1.98515E-4
      }
    },
    "StatusAnalyzer.handleFeedback<Analyzer>" : {
      "count" : 9,
      "average" : {
        "ns" : 34907.444444444445,
        "us" : 34.907444444444444,
        "ms" : 0.03490744444444444,
        "s" : 3.4907444444444446E-5
      },
      "min" : {
        "ns" : 5250,
        "us" : 5.25,
        "ms" : 0.00525,
        "s" : 5.25E-6
      },
      "max" : {
        "ns" : 266137,
        "us" : 266.137,
        "ms" : 0.266137,
        "s" : 2.66137E-4
      }
    },
    "BehaviorAnalyzer.handleFeedback<Analyzer>" : {
      "count" : 9,
      "average" : {
        "ns" : 320505.1111111111,
        "us" : 320.50511111111115,
        "ms" : 0.32050511111111113,
        "s" : 3.205051111111111E-4
      },
      "min" : {
        "ns" : 97153,
        "us" : 97.153,
        "ms" : 0.097153,