{
  "stats" : {
    "nextFaultload" : {
      "count" : 10,
      "average" : {
        "ns" : 3764668.6,
        "us" : 3764.6686,
        "ms" : 3.7646686000000003,
        "s" : 0.0037646686000000003
      },
      "min" : {
        "ns" : 1930102,
        "us" : 1930.102,
        "ms" : 1.930102,
        "s" : 0.001930102
      },
      "max" : {
        "ns" : 10501954,
        "us" : 10501.954,
        "ms" : 10.501954,
        "s" : 0.010501954
      }
    },
    "Per test" : {
      "count" : 9,
      "average" : {
        "ns" : 5.4776665333333336E7,
        "us" : 54776.66533333334,
        "ms" : 54.776665333333334,
        "s" : 0.054776665333333335
      },
      "min" : {
        "ns" : 25806060,
        "us" : 25806.06,
        "ms" : 25.80606,
        "s" : 0.02580606
      },
      "max" : {
        "ns" : 241936354,
        "us" : 241936.354,
        "ms" : 241.936354,
        "s" : 0.241936354
      }
    },
    "registerFaultload" : {
      "count" : 9,
      "average" : {
        "ns" : 1.8644227333333332E7,
        "us" : 18644.227333333332,
        "ms" : 18.644227333333333,
        "s" : 0.018644227333333332
      },
      "min" : {
        "ns" : 4220723,
        "us" : 4220.723,
        "ms" : 4.220723,
        "s" : 0.004220723
      },
      "max" : {
        "ns" : 115302778,
        "us" : 115302.778,
        "ms" : 115.302778,
        "s" : 0.115302778
      }
    },
    "testMethod" : {
      "count" : 9,
      "average" : {
        "ns" : 2.7942706333333332E7,
        "us" : 27942.70633333333,
        "ms" : 27.942706333333334,
        "s" : 0.02794270633333333
      },
      "min" : {
        "ns" : 15711528,
        "us" : 15711.528,
        "ms" : 15.711528,
        "s" : 0.015711528
      },
      "max" : {
        "ns" : 105815778,
        "us" : 105815.778,
        "ms" : 105.815778,
        "s" : 0.105815778
      }
    },
    "getTraceWithDelay" : {
      "count" : 9,
      "average" : {
        "ns" : 2.5171949333333332E7,
        "us" : 25171.94933333333,
        "ms" : 25.17194933333333,
        "s" : 0.025171949333333332
      },
      "min" : {
        "ns" : 13439909,
        "us" : 13439.909,
        "ms" : 13.439909,
        "s" : 0.013439909
      },
      "max" : {
        "ns" : 99589550,
        "us" : 99589.55,
        "ms" : 99.58955,
        "s" : 0.09958955
      }
    },
    "getTrace" : {
      "count" : 9,
      "average" : {
        "ns" : 1.6746983E7,
        "us" : 16746.983,
        "ms" : 16.746983,
        "s" : 0.016746983
      },
      "min" : {
        "ns" : 7506996,
        "us" : 7506.996,
        "ms" : 7.506996,
        "s" : 0.007506996
      },
      "max" : {
        "ns" : 78015812,
        "us" : 78015.812,
        "ms" : 78.015812,
        "s" : 0.078015812
      }
    },
    "handleResult" : {
      "count" : 9,
      "average" : {
        "ns" : 4202999.444444444,
        "us" : 4202.999444444444,
        "ms" : 4.202999444444444,
        "s" : 0.004202999444444444
      },
      "min" : {
        "ns" : 1619186,
        "us" : 1619.186,
        "ms" : 1.619186,
        "s" : 0.001619186
      },
      "max" : {
        "ns" : 16387264,
        "us" : 16387.264,
        "ms" : 16.387264,
        "s" : 0.016387264
      }
    },
    "StrategyRunner.analyze" : {
      "count" : 9,
      "average" : {
        "ns" : 4148541.111111111,
        "us" : 4148.541111111111,
        "ms" : 4.148541111111111,
        "s" : 0.004148541111111111
      },
      "min" : {
        "ns" : 1507380,
        "us" : 1507.38,
        "ms" : 1.50738,
        "s" : 0.00150738
      },
      "max" : {
        "ns" : 16066047,
        "us" : 16066.047,
        "ms" : 16.066047,
        "s" : 0.016066047
      }
    },
    "DynamicExplorationGenerator.handleFeedback<Analyzer>" : {
      "count" : 9,
      "average" : {
        "ns" : 1015509.1111111111,
        "us" : 1015.5091111111111,
        "ms" : 1.0155091111111112,
        "s" : 0.0010155091111111111
      },
      "min" : {
        "ns" : 86005,
        "us" : 86.005,
        "ms" : 0.086005,
        "s" : 8.6005E-5
      },
      "max" : {
        "ns" : 7124976,
        "us" : 7124.976,
        "ms" : 7.124976,
        "s" : 0.007124976
      }
    },
    "HappyPathDetector.handleFeedback<Analyzer>" : {
      "count" : 9,
      "average" : {
        "ns" : 56602.88888888889,
        "us" : 56.60288888888889,
        "ms" : 0.05660288888888889,
        "s" : 5.660288888888889E-5
      },
      "min" : {
        "ns" : 3200,
        "us" : 3.2,
        "ms" : 0.0032,
        "s" : 3.2E-6
      },
      "max" : {
        "ns" : 474125,
        "us" : 474.125,
        "ms" : 0.474125,
        "s" : 4.74125E-4
      }
    },
    "ParentChildDetector.handleFeedback<Analyzer>" : {
      "count" : 9,
      "average" : {
        "ns" : 367408.3333333333,
        "us" : 367.4083333333333,
        "ms" : 0.36740833333333334,
        "s" : 3.674083333333333E-4
      },
      "min" : {
        "ns" : 46503,
        "us" : 46.503,
        "ms" : 0.046503,
        "s" : 4.6503E-5
      },
      "max" : {
        "ns" : 2635838,
        "us" : 2635.838,
        "ms" : 2.635838,
        "s" : 0.002635838
      }
    },
    "HappensBeforeNeighbourDetector.handleFeedback<Analyzer>" : {
      "count" : 9,
      "average" : {
        "ns" : 794019.6666666666,
        "us" : 794.0196666666666,
        "ms" : 0.7940196666666667,
        "s" : 7.940196666666666E-4
      },
      "min" : {
        "ns" : 9600,
        "us" : 9.6,
        "ms" : 0.0096,
        "s" : 9.6E-6
      },
      "max" : {
        "ns" : 2248618,
        "us" : 2248.618,
        "ms" : 2.248618,
        "s" : 0.002248618
      }
    },
    "ErrorPropagationDetector.handleFeedback<Analyzer>" : {
      "count" : 9,
      "average" : {
        "ns" : 228623.11111111112,
        "us" : 228.62311111111111,
        "ms" : 0.2286231111111111,
        "s" : 2.2862311111111113E-4
      },
      "min" : {
        "ns" : 15101,
        "us" : 15.101,
        "ms" : 0.015101,
        "s" : 1.5101E-5
      },
      "max" : {
        "ns" : 464125,
        "us" : 464.125,
        "ms" : 0.464125,
        "s" : 4.64125E-4
      }
    },
    "ConditionalPointDetector.handleFeedback<Analyzer>" : {
      "count" : 9,
      "average" : {
        "ns" : 997674.8888888889,
        "us" : 997.6748888888889,
        "ms" : 0.9976748888888889,
        "s" : 9.97674888888889E-4
      },
      "min" : {
        "ns" : 227612,
        "us" : 227.612,
        "ms" : 0.227612,
        "s" : 2.27612E-4
      },
      "max" : {
        "ns" : 4244324,
        "us" : 4244.324,
        "ms" : 4.244324,
        "s" : 0.004244324
      }
    },
    "RedundancyAnalyzer.handleFeedback<Analyzer>" : {
      "count" : 9,
      "average" : {
        "ns" : 60625.555555555555,
        "us" : 60.62555555555556,
        "ms" : 0.06062555555555556,
        "s" : 6.0625555555555555E-5
      },
      "min" : {
        "ns" : 18401,
        "us" : 18.401,
        "ms" : 0.018401,
        "s" : 1.8401E-5
      },
      "max" : {
        "ns" : 240413,
        "us" : 240.413,
        "ms" : 0.240413,
        "s" : 2.40413E-4
      }
    },
    "StatusAnalyzer.handleFeedback<Analyzer>" : {
      "count" : 9,
      "average" : {
        "ns" : 32612.88888888889,
        "us" : 32.61288888888889,
        "ms" : 0.03261288888888889,
        "s" : 3.261288888888889E-5
      },
      "min" : {
        "ns" : 4800,
        "us" : 4.8,
        "ms" : 0.0048,
        "s" : 4.8E-6
      },
      "max" : {
        "ns" : 241812,
        "us" : 241.812,
        "ms" : 0.241812,
        "s" : 2.41812E-4
      }
    },
    "BehaviorAnalyzer.handleFeedback<Analyzer>" : {
      "count" : 9,
      "average" : {
        "ns" : 319005.55555555556,
        "us" : 319.0055555555556,
        "ms" : 0.31900555555555554,
        "s" : 3.190055555555556E-4
      },
      "min" : {
        "ns" : 99905,
        "us" : 99.905,
        "ms" : 0.099905,