{
  "responses" : [ {
    "behaviour" : "Behaviour[uid=controller:POST /v1/faultload/register(13819de8)#0, mode=null]",
    "min_ms" : 69.16484069824219,
    "average_ms" : 69.16484069824219,
    "max_ms" : 69.16484069824219,
    "count" : 1,
    "values" : [ 69.16484 ]
  }, {
    "behaviour" : "Behaviour[uid=controller:POST /v1/faultload/register(13819de8)#0, mode=HTTP_ERROR(500)]",
    "min_ms" : 4.742030143737793,
    "average_ms" : 6.281580809623964,
    "max_ms" : 19.515317916870117,
    "count" : 124,
    "values" : [ 9.744877, 9.495881, 6.844495, 7.434132, 6.830485, 6.664132, 5.935652, 8.68569, 7.104798, 12.060502, 10.141394, 7.919321, 11.144893, 12.594424, 6.906927, 8.1528, 19.515318, 8.467947, 9.771195, 7.410253, 6.981495, 8.298196, 6.015698, 6.52182, 14.920376, 5.563697, 5.771081, 7.17698, 5.206762, 5.890951, 5.75835, 5.05526, 6.724821, 5.312243, 5.623526, 5.215415, 5.06714, 4.971399, 5.483082, 5.455655, 5.691409, 5.996993, 5.461534, 5.660511, 6.037054, 5.674093, 5.245153, 5.080263, 5.149871, 5.340938, 5.167622, 5.336965, 5.04544, 5.086039, 5.475596, 5.771739, 5.70807, 5.022549, 5.601337, 5.298194, 5.434696, 5.388104, 5.221053, 5.096279, 5.236438, 5.713778, 5.622248, 5.532597, 5.07873, 5.231982, 5.171581, 5.840851, 5.487407, 5.13667, 5.349914, 5.149313, 5.661548, 5.135402, 4.984731, 5.06685, 14.979918, 4.913078, 4.832545, 5.916081, 6.768193, 5.12614, 5.290803, 5.674009, 5.441513, 5.457369, 5.138491, 5.570538, 5.26532, 5.203591, 4.931969, 6.081813, 5.345004, 5.701589, 5.148352, 5.311398, 4.911028, 5.233922, 5.374645, 6.44976, 5.975502, 5.226973, 6.12622, 6.021963, 6.119756, 5.76987, 7.771316, 5.964747, 6.370728, 4.74203, 5.922866, 5.279084, 5.082429, 4.864398, 5.188172, 5.557037, 5.682838, 5.619735, 5.128051, 5.204632 ]
  }, {
    "behaviour" : "Behaviour[uid=controller:POST /v1/faultload/register(13819de8)#0>proxy2:POST /v1/faultload/register(13819de8)#0, mode=null]",
    "min_ms" : 1.0359209775924683,
    "average_ms" : 3.3970551347732543,
    "max_ms" : 43.74348449707031,
    "count" : 25,
    "values" : [ 43.743484, 2.543317, 1.755594, 1.824175, 1.739765, 1.619323, 1.260887, 1.187697, 1.147756, 8.109362, 2.279832, 1.146656, 1.642723, 1.603586, 1.173357, 1.320878, 1.3781, 1.095536, 1.368499, 1.035921, 1.18418, 1.273993, 1.209676, 1.161416, 1.120665 ]
  }, {
    "behaviour" : "Behaviour[uid=controller:POST /v1/faultload/register(13819de8)#0>proxy3:POST /v1/faultload/register(13819de8)#0, mode=null]",
    "min_ms" : 1.0330239534378052,
    "average_ms" : 3.3674704122543333,
    "max_ms" : 44.56220626831055,
    "count" : 25,
    "values" : [ 44.562206, 2.010129, 1.239365, 1.192897, 1.384279, 1.994917, 1.663823, 4.450763, 1.447721, 2.345552, 2.074461, 2.52345, 2.004997, 1.377199, 1.85665, 1.338123, 1.330989, 1.089766, 1.324878, 1.166736, 1.265028, 1.112085, 1.338537, 1.033024, 1.059185 ]
  }, {
    "behaviour" : "Behaviour[uid=controller:POST /v1/faultload/register(13819de8)#0>proxy1:POST /v1/faultload/register(13819de8)#0, mode=null]",
    "min_ms" : 0.9952840209007263,
    "average_ms" : 3.1099107670783996,
    "max_ms" : 44.630496978759766,
    "count" : 25,
    "values" : [ 44.630497, 1.532162, 1.326898, 1.260868, 1.232807, 1.123206, 1.40495, 4.374051, 1.165896, 1.086955, 1.46923, 1.319558, 1.265237, 1.173931, 1.473926, 1.01649, 1.47287, 1.201042, 1.234207, 1.227866, 1.047145, 1.151542, 0.995284, 1.316964, 1.244187 ]
  } ],
  "overhead" : [ {
    "behaviour" : "Behaviour[uid=controller:POST /v1/faultload/register(13819de8)#0, mode=null]",
    "min_ms" : 2.278841018676758,
    "average_ms" : 2.278841018676758,
    "max_ms" : 2.278841018676758,
    "count" : 1,
    "values" : [ 2.278841 ]
  }, {
    "behaviour" : "Behaviour[uid=controller:POST /v1/faultload/register(13819de8)#0, mode=HTTP_ERROR(500)]",
    "min_ms" : 0.968159019947052,
    "average_ms" : 1.8039866782003833,
    "max_ms" : 29.371736526489258,
    "count" : 124,
    "values" : [ 1.62694, 1.549693, 1.40843, 1.841256, 1.727944, 1.620183, 1.655463, 1.689374, 1.740574, 1.178757, 1.721249, 1.785444, 1.734796, 2.15681, 1.620893, 1.293888, 1.283778, 1.379659, 2.937701, 5.389544, 4.607645, 0.968673, 1.526606, 1.605942, 3.153764, 1.45997, 1.125955, 1.40342, 1.449451, 1.300988, 1.352308, 1.204077, 1.24416, 1.198734, 1.273286, 1.203266, 1.275357, 1.074125, 1.304748, 1.44403, 1.187341, 1.161637, 1.292529, 1.218234, 1.211687, 1.170521, 1.130296, 1.201806, 0.995323, 1.118537, 1.165461, 1.202641, 1.416569, 25.115768, 1.064815, 1.174984, 1.108785, 1.158316, 1.146471, 1.248101, 1.146216, 1.094435, 1.460711, 1.042875, 1.343044, 1.171566, 1.252987, 1.131645, 1.259727, 0.968159, 1.009025, 1.347488, 1.118115, 1.083076, 1.148756, 1.131962, 1.435659, 1.139245, 1.086236, 1.009144, 1.203566, 1.334908, 1.29497, 1.291688, 1.218947, 1.201827, 1.117956, 1.407979, 1.23562, 1.215377, 1.214284, 1.238817, 1.28803, 1.218174, 1.203098, 1.291178, 1.287538, 1.468919, 1.346773, 1.191659, 1.171857, 1.340429, 1.17111, 1.358389, 1.44497, 1.363338, 1.374039, 1.622263, 1.351907, 1.411299, 1.43645, 1.533281, 1.039854, 1.325604, 1.368585, 1.169936, 1.078225, 29.371737, 1.068584, 1.302647, 1.140756, 1.29341, 1.034184, 1.261412 ]
  }, {
    "behaviour" : "Behaviour[uid=controller:POST /v1/faultload/register(13819de8)#0>proxy3:POST /v1/faultload/register(13819de8)#0, mode=null]",
    "min_ms" : 1.0272239446640015,
    "average_ms" : 1.7885228872299195,
    "max_ms" : 4.275979995727539,
    "count" : 25,
    "values" : [ 2.218018, 2.504955, 2.838542, 1.355798, 1.509991, 1.363739, 1.754024, 1.684562, 2.433993, 4.27598, 2.686778, 1.268148, 2.404324, 1.046414, 1.759185, 1.4688, 1.967821, 1.134575, 1.48858, 1.414419, 1.126625, 1.177687, 1.31642, 1.027224, 1.48647 ]
  }, {
    "behaviour" : "Behaviour[uid=controller:POST /v1/faultload/register(13819de8)#0>proxy2:POST /v1/faultload/register(13819de8)#0, mode=null]",
    "min_ms" : 0.752581000328064,
    "average_ms" : 1.6818935990333557,
    "max_ms" : 4.728334903717041,
    "count" : 25,
    "values" : [ 2.986443, 2.334373, 3.100413, 1.303128, 1.808084, 1.310639, 1.172506, 1.082594, 1.515474, 2.020819, 3.283555, 4.728335, 1.876426, 1.0775, 0.830881, 1.326438, 1.110235, 1.44609, 0.991283, 1.131369, 1.177592, 1.036275, 0.752581, 1.336529, 1.307778 ]
  }, {
    "behaviour" : "Behaviour[uid=controller:POST /v1/faultload/register(13819de8)#0>proxy1:POST /v1/faultload/register(13819de8)#0, mode=HTTP_ERROR(502)]",
    "min_ms" : 0.9288830161094666,
    "average_ms" : 1.6152470755577086,
    "max_ms" : 3.952554941177368,
    "count" : 25,
    "values" : [ 2.33084, 3.952555, 3.824306, 1.160906, 2.721489, 3.012952, 0.928883, 1.600482, 2.002748, 1.186192, 1.229538, 1.148646, 1.267198, 1.123608, 1.116976, 1.203206, 1.275898, 0.975942, 1.145195, 1.165226, 1.415076, 1.278109, 0.951656, 1.151106, 1.212444 ]
  }, {
    "behaviour" : "Behaviour[uid=controller:POST /v1/faultload/register(13819de8)#0>proxy2:POST /v1/faultload/register(13819de8)#0, mode=HTTP_ERROR(504)]",
    "min_ms" : 0.8710269927978516,
    "average_ms" : 1.5096307492256165,
    "max_ms" : 4.583323955535889,
    "count" : 25,
    "values" : [ 2.733995, 4.583324, 2.622187, 1.331977, 1.037842, 1.250667, 0.871027, 1.240227, 0.972079, 1.183976, 1.023958, 1.365019, 1.294473, 2.84283, 1.396639, 1.322486, 1.089435, 1.122806, 1.445845, 1.002315, 1.073765, 1.172297, 1.056394, 1.236478, 1.468728 ]
  }, {
    "behaviour" : "Behaviour[uid=controller:POST /v1/faultload/register(13819de8)#0>proxy1:POST /v1/faultload/register(13819de8)#0, mode=HTTP_ERROR(504)]",
    "min_ms" : 0.8325319886207581,
    "average_ms" : 1.396183841228485,
    "max_ms" : 2.8642590045928955,
    "count" : 25,