{
    "per_key": {
        "nextFaultload": {
            "n": 320,
            "mean": 4.332496681249999,
            "median": 2.033794,
            "std": 11.061517174957428,
            "min": 0.523818,
            "max": 73.760617,
            "p25": 1.3687162499999999,
            "p50": 2.033794,
            "p75": 3.0928635,
            "p90": 5.218781000000003,
            "p95": 6.8077282,
            "p99": 66.45291911
        },
        "Per test": {
            "n": 310,
            "mean": 48.33137672258064,
            "median": 41.048643,
            "std": 38.46955453996252,
            "min": 18.535221,
            "max": 311.976107,
            "p25": 37.102185500000004,
            "p50": 41.048643,
            "p75": 46.4418725,
            "p90": 56.273990900000015,
            "p95": 73.95275515,
            "p99": 250.7348352700001
        },
        "registerFaultload": {
            "n": 310,
            "mean": 7.500472354838709,
            "median": 4.721316999999999,
            "std": 11.572626939529755,
            "min": 3.5271139999999996,
            "max": 73.00730399999999,
            "p25": 4.2872734999999995,
            "p50": 4.721316999999999,
            "p75": 5.44604075,
            "p90": 7.197324400000001,
            "p95": 21.178632650000004,
            "p99": 70.27317073000005
        },
        "unregisterFautload": {
            "n": 310,
            "mean": 4.624977687096774,
            "median": 4.3915115,
            "std": 1.3496695096992815,
            "min": 3.284993,
            "max": 21.920938,
            "p25": 4.12218725,
            "p50": 4.3915115,
            "p75": 4.814149499999999,
            "p90": 5.1789604,
            "p95": 5.7181253000000005,
            "p99": 9.891515470000009
        },
        "testMethod": {
            "n": 310,
            "mean": 32.92678606451613,
            "median": 29.9212275,
            "std": 23.888736891793567,
            "min": 9.901904,
            "max": 214.70062099999998,
            "p25": 26.49282875,
            "p50": 29.9212275,
            "p75": 33.384876,
            "p90": 38.55344390000001,
            "p95": 47.387890850000005,
            "p99": 153.71180389000003
        },
        "getTraceWithDelay": {
            "n": 310,
            "mean": 18.365268687096773,
            "median": 13.986754999999999,
            "std": 19.98304135122631,
            "min": 8.152766999999999,
            "max": 132.914759,
            "p25": 11.7217945,
            "p50": 13.986754999999999,
            "p75": 17.07671525,
            "p90": 21.6550837,
            "p95": 28.680895850000006,
            "p99": 126.03710912999999
        },
        "handleResult": {
            "n": 310,
            "mean": 3.2475989709677413,
            "median": 2.1053195000000002,
            "std": 4.151456913547965,
            "min": 0.6335379999999999,
            "max": 25.372118999999998,
            "p25": 1.357017,
            "p50": 2.1053195000000002,
            "p75": 2.919028,
            "p90": 6.288501900000002,
            "p95": 10.8237443,
            "p99": 22.299633200000006
        },
        "Total test time": {
            "n": 10,
            "mean": 1996.4766902999995,
            "median": 2006.5938055,
            "std": 66.84740300604116,
            "min": 1890.446863,
            "max": 2083.135485,
            "p25": 1938.7256184999999,
            "p50": 2006.5938055,
            "p75": 2052.1714254999997,
            "p90": 2068.8661128,
            "p95": 2076.0007989,
            "p99": 2081.7085477799997
        },
        "getExpectedBehaviours": {
            "n": 3180,
            "mean": 0.12952695691823898,
            "median": 0.080426,
            "std": 0.25611401484809043,
            "min": 0.00997,
            "max": 5.678495,
            "p25": 0.05977775,
            "p50": 0.080426,
            "p75": 0.11550949999999999,
            "p90": 0.23695499999999997,
            "p95": 0.3821501499999995,
            "p99": 0.6855376200000001
        },
        "getExpectedPoints": {
            "n": 3180,
            "mean": 0.15894949874213835,
            "median": 0.089156,
            "std": 0.2932883858856411,
            "min": 0.01381,
            "max": 5.7336979999999995,
            "p25": 0.068661,
            "p50": 0.089156,
            "p75": 0.13117125000000002,
            "p90": 0.30809339999999996,
            "p95": 0.5030968999999997,
            "p99": 1.0018752000000002
        }
    }
}