{
  "stats" : {
    "nextFaultload" : {
      "count" : 22,
      "average" : {
        "ns" : 2374757.5,
        "us" : 2374.7575,
        "ms" : 2.3747575,
        "s" : 0.0023747575
      },
      "min" : {
        "ns" : 305312,
        "us" : 305.312,
        "ms" : 0.305312,
        "s" : 3.05312E-4
      },
      "max" : {
        "ns" : 3890654,
        "us" : 3890.654,
        "ms" : 3.890654,
        "s" : 0.003890654
      }
    },
    "Per test" : {
      "count" : 21,
      "average" : {
        "ns" : 4.0479151047619045E7,
        "us" : 40479.151047619045,
        "ms" : 40.47915104761905,
        "s" : 0.040479151047619046
      },
      "min" : {
        "ns" : 24944385,
        "us" : 24944.385,
        "ms" : 24.944385,
        "s" : 0.024944385
      },
      "max" : {
        "ns" : 237112365,
        "us" : 237112.365,
        "ms" : 237.112365,
        "s" : 0.237112365
      }
    },
    "registerFaultload" : {
      "count" : 21,
      "average" : {
        "ns" : 9005646.047619049,
        "us" : 9005.646047619048,
        "ms" : 9.005646047619049,
        "s" : 0.009005646047619048
      },
      "min" : {
        "ns" : 2744908,
        "us" : 2744.908,
        "ms" : 2.744908,
        "s" : 0.002744908
      },
      "max" : {
        "ns" : 110646970,
        "us" : 110646.97,
        "ms" : 110.64697,
        "s" : 0.11064697
      }
    },
    "testMethod" : {
      "count" : 21,
      "average" : {
        "ns" : 1.4026163476190476E7,
        "us" : 14026.163476190475,
        "ms" : 14.026163476190476,
        "s" : 0.014026163476190475
      },
      "min" : {
        "ns" : 11820267,
        "us" : 11820.267,
        "ms" : 11.820267,
        "s" : 0.011820267
      },
      "max" : {
        "ns" : 24081551,
        "us" : 24081.551,
        "ms" : 24.081551,
        "s" : 0.024081551
      }
    },
    "getTraceWithDelay" : {
      "count" : 21,
      "average" : {
        "ns" : 1.723348538095238E7,
        "us" : 17233.48538095238,
        "ms" : 17.23348538095238,
        "s" : 0.01723348538095238
      },
      "min" : {
        "ns" : 9505575,
        "us" : 9505.575,
        "ms" : 9.505575,
        "s" : 0.009505575
      },
      "max" : {
        "ns" : 104822140,
        "us" : 104822.14,
        "ms" : 104.82214,
        "s" : 0.10482214
      }
    },
    "getTrace" : {
      "count" : 21,
      "average" : {
        "ns" : 1.0474180333333334E7,
        "us" : 10474.180333333334,
        "ms" : 10.474180333333335,
        "s" : 0.010474180333333334
      },
      "min" : {
        "ns" : 4906293,
        "us" : 4906.293,
        "ms" : 4.906293,
        "s" : 0.004906293
      },
      "max" : {
        "ns" : 75526583,
        "us" : 75526.583,
        "ms" : 75.526583,
        "s" : 0.075526583
      }
    },
    "handleResult" : {
      "count" : 21,
      "average" : {
        "ns" : 3635048.1904761903,
        "us" : 3635.0481904761905,
        "ms" : 3.63504819047619,
        "s" : 0.0036350481904761905
      },
      "min" : {
        "ns" : 1738968,
        "us" : 1738.968,
        "ms" : 1.738968,
        "s" : 0.001738968
      },
      "max" : {
        "ns" : 20697217,
        "us" : 20697.217,
        "ms" : 20.697217,
        "s" : 0.020697217
      }
    },
    "StrategyRunner.analyze" : {
      "count" : 21,
      "average" : {
        "ns" : 3528029.904761905,
        "us" : 3528.029904761905,
        "ms" : 3.528029904761905,
        "s" : 0.003528029904761905
      },
      "min" : {
        "ns" : 1604263,
        "us" : 1604.263,
        "ms" : 1.604263,
        "s" : 0.001604263
      },
      "max" : {
        "ns" : 20351604,
        "us" : 20351.604,
        "ms" : 20.351604,
        "s" : 0.020351604
      }
    },
    "DynamicExplorationGenerator.handleFeedback<Analyzer>" : {
      "count" : 21,
      "average" : {
        "ns" : 547664.3333333334,
        "us" : 547.6643333333334,
        "ms" : 0.5476643333333334,
        "s" : 5.476643333333334E-4
      },
      "min" : {
        "ns" : 64303,
        "us" : 64.303,
        "ms" : 0.064303,
        "s" : 6.4303E-5
      },
      "max" : {
        "ns" : 6190745,
        "us" : 6190.745,
        "ms" : 6.190745,
        "s" : 0.006190745
      }
    },
    "HappyPathDetector.handleFeedback<Analyzer>" : {
      "count" : 21,
      "average" : {
        "ns" : 34215.71428571428,
        "us" : 34.215714285714284,
        "ms" : 0.03421571428571428,
        "s" : 3.421571428571428E-5
      },
      "min" : {
        "ns" : 2300,
        "us" : 2.3,
        "ms" : 0.0023,
        "s" : 2.3E-6
      },
      "max" : {
        "ns" : 646226,
        "us" : 646.226,
        "ms" : 0.646226,
        "s" : 6.46226E-4
      }
    },
    "ParentChildDetector.handleFeedback<Analyzer>" : {
      "count" : 21,
      "average" : {
        "ns" : 435236.1904761905,
        "us" : 435.2361904761905,
        "ms" : 0.4352361904761905,
        "s" : 4.3523619047619046E-4
      },
      "min" : {
        "ns" : 32901,
        "us" : 32.901,
        "ms" : 0.032901,
        "s" : 3.2901E-5
      },
      "max" : {
        "ns" : 7790607,
        "us" : 7790.607,
        "ms" : 7.790607,
        "s" : 0.007790607
      }
    },
    "HappensBeforeNeighbourDetector.handleFeedback<Analyzer>" : {
      "count" : 21,
      "average" : {
        "ns" : 404554.09523809527,
        "us" : 404.5540952380953,
        "ms" : 0.40455409523809527,
        "s" : 4.0455409523809525E-4
      },
      "min" : {
        "ns" : 14700,
        "us" : 14.7,
        "ms" : 0.0147,
        "s" : 1.47E-5
      },
      "max" : {
        "ns" : 1129744,
        "us" : 1129.744,
        "ms" : 1.129744,
        "s" : 0.001129744
      }
    },
    "ErrorPropagationDetector.handleFeedback<Analyzer>" : {
      "count" : 21,
      "average" : {
        "ns" : 346504.1904761905,
        "us" : 346.5041904761905,
        "ms" : 0.34650419047619047,
        "s" : 3.4650419047619046E-4
      },
      "min" : {
        "ns" : 4100,
        "us" : 4.1,
        "ms" : 0.0041,
        "s" : 4.1E-6
      },
      "max" : {
        "ns" : 1086543,
        "us" : 1086.543,
        "ms" : 1.086543,
        "s" : 0.001086543
      }
    },
    "ConditionalPointDetector.handleFeedback<Analyzer>" : {
      "count" : 21,
      "average" : {
        "ns" : 715914.1428571428,
        "us" : 715.9141428571428,
        "ms" : 0.7159141428571428,
        "s" : 7.159141428571429E-4
      },
      "min" : {
        "ns" : 138705,
        "us" : 138.705,
        "ms" : 0.138705,
        "s" : 1.38705E-4
      },
      "max" : {
        "ns" : 4386773,
        "us" : 4386.773,
        "ms" : 4.386773,
        "s" : 0.004386773
      }
    },
    "RedundancyAnalyzer.handleFeedback<Analyzer>" : {
      "count" : 21,
      "average" : {
        "ns" : 41163.42857142857,
        "us" : 41.163428571428575,
        "ms" : 0.04116342857142857,
        "s" : 4.1163428571428575E-5
      },
      "min" : {
        "ns" : 17000,
        "us" : 17.0,
        "ms" : 0.017,
        "s" : 1.7E-5
      },
      "max" : {
        "ns" : 215608,
        "us" : 215.608,
        "ms" : 0.215608,
        "s" : 2.15608E-4
      }
    },
    "StatusAnalyzer.handleFeedback<Analyzer>" : {
      "count" : 21,
      "average" : {
        "ns" : 18334.095238095237,
        "us" : 18.334095238095237,
        "ms" : 0.018334095238095236,
        "s" : 1.8334095238095236E-5
      },
      "min" : {
        "ns" : 3400,
        "us" : 3.4,
        "ms" : 0.0034,
        "s" : 3.4E-6
      },
      "max" : {
        "ns" : 133005,
        "us" : 133.005,
        "ms" : 0.133005,
        "s" : 1.33005E-4
      }
    },
    "BehaviorAnalyzer.handleFeedback<Analyzer>" : {
      "count" : 21,
      "average" : {
        "ns" : 460980.0,
        "us" : 460.98,
        "ms" : 0.46098,
        "s" : 4.6098E-4
      },
      "min" : {
        "ns" : 267510,
        "us" : 267.51,
        "ms" : 0.26751,
        "s" : 2.6751E-4
      },