{
  "stats" : {
    "nextFaultload" : {
      "count" : 10,
      "average" : {
        "ns" : 2546053.5,
        "us" : 2546.0535,
        "ms" : 2.5460535,
        "s" : 0.0025460535
      },
      "min" : {
        "ns" : 1618957,
        "us" : 1618.957,
        "ms" : 1.618957,
        "s" : 0.001618957
      },
      "max" : {
        "ns" : 7498138,
        "us" : 7498.138,
        "ms" : 7.498138,
        "s" : 0.007498138
      }
    },
    "Per test" : {
      "count" : 9,
      "average" : {
        "ns" : 6.3137847666666664E7,
        "us" : 63137.84766666666,
        "ms" : 63.137847666666666,
        "s" : 0.06313784766666666
      },
      "min" : {
        "ns" : 30725384,
        "us" : 30725.384,
        "ms" : 30.725384,
        "s" : 0.030725384
      },
      "max" : {
        "ns" : 251769244,
        "us" : 251769.244,
        "ms" : 251.769244,
        "s" : 0.251769244
      }
    },
    "registerFaultload" : {
      "count" : 9,
      "average" : {
        "ns" : 1.8448088444444444E7,
        "us" : 18448.088444444445,
        "ms" : 18.448088444444444,
        "s" : 0.018448088444444444
      },
      "min" : {
        "ns" : 3059141,
        "us" : 3059.141,
        "ms" : 3.059141,
        "s" : 0.003059141
      },
      "max" : {
        "ns" : 122872734,
        "us" : 122872.734,
        "ms" : 122.872734,
        "s" : 0.122872734
      }
    },
    "testMethod" : {
      "count" : 9,
      "average" : {
        "ns" : 1.6893639222222224E7,
        "us" : 16893.639222222224,
        "ms" : 16.893639222222223,
        "s" : 0.016893639222222225
      },
      "min" : {
        "ns" : 12741663,
        "us" : 12741.663,
        "ms" : 12.741663,
        "s" : 0.012741663
      },
      "max" : {
        "ns" : 30569265,
        "us" : 30569.265,
        "ms" : 30.569265,
        "s" : 0.030569265
      }
    },
    "getTraceWithDelay" : {
      "count" : 9,
      "average" : {
        "ns" : 2.7793054222222224E7,
        "us" : 27793.054222222225,
        "ms" : 27.793054222222224,
        "s" : 0.027793054222222224
      },
      "min" : {
        "ns" : 13949469,
        "us" : 13949.469,
        "ms" : 13.949469,
        "s" : 0.013949469
      },
      "max" : {
        "ns" : 98226652,
        "us" : 98226.652,
        "ms" : 98.226652,
        "s" : 0.098226652
      }
    },
    "getTrace" : {
      "count" : 9,
      "average" : {
        "ns" : 1.7687183222222224E7,
        "us" : 17687.183222222226,
        "ms" : 17.687183222222224,
        "s" : 0.017687183222222225
      },
      "min" : {
        "ns" : 8294690,
        "us" : 8294.69,
        "ms" : 8.29469,
        "s" : 0.00829469
      },
      "max" : {
        "ns" : 77997469,
        "us" : 77997.469,
        "ms" : 77.997469,
        "s" : 0.077997469
      }
    },
    "handleResult" : {
      "count" : 9,
      "average" : {
        "ns" : 6747891.111111111,
        "us" : 6747.891111111111,
        "ms" : 6.747891111111111,
        "s" : 0.006747891111111111
      },
      "min" : {
        "ns" : 2477387,
        "us" : 2477.387,
        "ms" : 2.477387,
        "s" : 0.002477387
      },
      "max" : {
        "ns" : 17564280,
        "us" : 17564.28,
        "ms" : 17.56428,
        "s" : 0.01756428
      }
    },
    "StrategyRunner.analyze" : {
      "count" : 9,
      "average" : {
        "ns" : 6698576.555555556,
        "us" : 6698.576555555556,
        "ms" : 6.698576555555556,
        "s" : 0.006698576555555556
      },
      "min" : {
        "ns" : 2466816,
        "us" : 2466.816,
        "ms" : 2.466816,
        "s" : 0.002466816
      },
      "max" : {
        "ns" : 17552300,
        "us" : 17552.3,
        "ms" : 17.5523,
        "s" : 0.0175523
      }
    },
    "DynamicExplorationGenerator.handleFeedback<Analyzer>" : {
      "count" : 9,
      "average" : {
        "ns" : 1200766.0,
        "us" : 1200.766,
        "ms" : 1.200766,
        "s" : 0.001200766
      },
      "min" : {
        "ns" : 125193,
        "us" : 125.193,
        "ms" : 0.125193,
        "s" : 1.25193E-4
      },
      "max" : {
        "ns" : 6441768,
        "us" : 6441.768,
        "ms" : 6.441768,
        "s" : 0.006441768
      }
    },
    "HappyPathDetector.handleFeedback<Analyzer>" : {
      "count" : 9,
      "average" : {
        "ns" : 55327.0,
        "us" : 55.327,
        "ms" : 0.055327,
        "s" : 5.5327E-5
      },
      "min" : {
        "ns" : 3150,
        "us" : 3.15,
        "ms" : 0.00315,
        "s" : 3.15E-6
      },
      "max" : {
        "ns" : 466641,
        "us" : 466.641,
        "ms" : 0.466641,
        "s" : 4.66641E-4
      }
    },
    "ParentChildDetector.handleFeedback<Analyzer>" : {
      "count" : 9,
      "average" : {
        "ns" : 442377.55555555556,
        "us" : 442.37755555555555,
        "ms" : 0.4423775555555556,
        "s" : 4.4237755555555554E-4
      },
      "min" : {
        "ns" : 56932,
        "us" : 56.932,
        "ms" : 0.056932,
        "s" : 5.6932E-5
      },
      "max" : {
        "ns" : 2925846,
        "us" : 2925.846,
        "ms" : 2.925846,
        "s" : 0.002925846
      }
    },
    "HappensBeforeNeighbourDetector.handleFeedback<Analyzer>" : {
      "count" : 9,
      "average" : {
        "ns" : 621907.6666666666,
        "us" : 621.9076666666666,
        "ms" : 0.6219076666666666,
        "s" : 6.219076666666666E-4
      },
      "min" : {
        "ns" : 12291,
        "us" : 12.291,
        "ms" : 0.012291,
        "s" : 1.2291E-5
      },
      "max" : {
        "ns" : 1272350,
        "us" : 1272.35,
        "ms" : 1.27235,
        "s" : 0.00127235
      }
    },
    "ErrorPropagationDetector.handleFeedback<Analyzer>" : {
      "count" : 9,
      "average" : {
        "ns" : 183867.66666666666,
        "us" : 183.86766666666665,
        "ms" : 0.18386766666666665,
        "s" : 1.8386766666666666E-4
      },
      "min" : {
        "ns" : 3820,
        "us" : 3.82,
        "ms" : 0.00382,
        "s" : 3.82E-6
      },
      "max" : {
        "ns" : 1097306,
        "us" : 1097.306,
        "ms" : 1.097306,
        "s" : 0.001097306
      }
    },
    "ConditionalPointDetector.handleFeedback<Analyzer>" : {
      "count" : 9,
      "average" : {
        "ns" : 1754073.7777777778,
        "us" : 1754.0737777777777,
        "ms" : 1.7540737777777777,
        "s" : 0.0017540737777777778
      },
      "min" : {
        "ns" : 274296,
        "us" : 274.296,
        "ms" : 0.274296,
        "s" : 2.74296E-4
      },
      "max" : {
        "ns" : 5157759,
        "us" : 5157.759,
        "ms" : 5.157759,
        "s" : 0.005157759
      }
    },
    "RedundancyAnalyzer.handleFeedback<Analyzer>" : {
      "count" : 9,
      "average" : {
        "ns" : 62869.11111111111,
        "us" : 62.86911111111111,
        "ms" : 0.06286911111111111,
        "s" : 6.286911111111111E-5
      },
      "min" : {
        "ns" : 18640,
        "us" : 18.64,
        "ms" : 0.01864,
        "s" : 1.864E-5
      },
      "max" : {
        "ns" : 240915,
        "us" : 240.915,
        "ms" : 0.240915,
        "s" : 2.40915E-4
      }
    },
    "StatusAnalyzer.handleFeedback<Analyzer>" : {
      "count" : 9,
      "average" : {
        "ns" : 29790.88888888889,
        "us" : 29.79088888888889,
        "ms" : 0.02979088888888889,
        "s" : 2.979088888888889E-5
      },
      "min" : {
        "ns" : 4480,
        "us" : 4.48,
        "ms" : 0.00448,
        "s" : 4.48E-6
      },
      "max" : {
        "ns" : 222715,
        "us" : 222.715,
        "ms" : 0.222715,
        "s" : 2.22715E-4
      }
    },
    "BehaviorAnalyzer.handleFeedback<Analyzer>" : {
      "count" : 9,
      "average" : {
        "ns" : 320619.44444444444,
        "us" : 320.6194444444444,
        "ms" : 0.32061944444444446,
        "s" : 3.206194444444444E-4
      },
      "min" : {
        "ns" : 100042,
        "us" : 100.042,
        "ms" : 0.100042,
        "s" : 1.00042E-4
      },