{
    "per_key": {
        "nextFaultload": {
            "n": 4941,
            "mean": 2.5546183740133577,
            "median": 1.58541,
            "std": 11.530369265601493,
            "min": 0.758046,
            "max": 301.605374,
            "p25": 1.167761,
            "p50": 1.58541,
            "p75": 2.032079,
            "p90": 2.770752,
            "p95": 4.0384839999999995,
            "p99": 17.21002320000019
        },
        "Per test": {
            "n": 4932,
            "mean": 38.7909427027575,
            "median": 30.742531,
            "std": 24.23769199440088,
            "min": 22.18519,
            "max": 319.585966,
            "p25": 27.290611499999997,
            "p50": 30.742531,
            "p75": 37.027365,
            "p90": 64.17329000000007,
            "p95": 89.76929695,
            "p99": 127.63319048999982
        },
        "registerFaultload": {
            "n": 4932,
            "mean": 4.801908735198702,
            "median": 3.1217015,
            "std": 4.906426399272924,
            "min": 2.10078,
            "max": 63.832575999999996,
            "p25": 2.80478325,
            "p50": 3.1217015,
            "p75": 3.9589227499999997,
            "p90": 9.881073400000002,
            "p95": 15.544198149999986,
            "p99": 26.01280054999998
        },
        "unregisterFautload": {
            "n": 4932,
            "mean": 4.418443429034873,
            "median": 2.908366,
            "std": 4.419745766850888,
            "min": 1.951298,
            "max": 46.606711,
            "p25": 2.6218145,
            "p50": 2.908366,
            "p75": 3.65633925,
            "p90": 8.541082600000017,
            "p95": 14.234144849999998,
            "p99": 24.349262269999986
        },
        "testMethod": {
            "n": 4932,
            "mean": 28.297744601378756,
            "median": 23.524321999999998,
            "std": 16.767633571857846,
            "min": 15.779999,
            "max": 289.059192,
            "p25": 20.30922175,
            "p50": 23.524321999999998,
            "p75": 28.409909,
            "p90": 42.6948616,
            "p95": 56.89113034999999,
            "p99": 89.20135155999995
        },
        "getTraceWithDelay": {
            "n": 4932,
            "mean": 8.877782914436333,
            "median": 6.139161999999999,
            "std": 7.383390723483213,
            "min": 4.818535,
            "max": 93.535399,
            "p25": 5.7045995,
            "p50": 6.139161999999999,
            "p75": 7.25619575,
            "p90": 17.051349600000037,
            "p95": 24.503507749999997,
            "p99": 38.94022059999981
        },
        "handleResult": {
            "n": 4932,
            "mean": 1.252641920924574,
            "median": 1.018213,
            "std": 1.2708041891618242,
            "min": 0.565897,
            "max": 25.08896,
            "p25": 0.8352427499999999,
            "p50": 1.018213,
            "p75": 1.2725075,
            "p90": 1.5045866000000006,
            "p95": 2.1425344999999987,
            "p99": 6.757780989999978
        },
        "Total test time": {
            "n": 9,
            "mean": 23447.755882555553,
            "median": 22956.700156,
            "std": 1011.8352230316123,
            "min": 22518.40152,
            "max": 25361.104545,
            "p25": 22733.244408,
            "p50": 22956.700156,
            "p75": 23518.532028999998,
            "p90": 25205.155446599998,
            "p95": 25283.129995799998,
            "p99": 25345.509635159997
        },
        "getExpectedBehaviours": {
            "n": 29691,
            "mean": 0.12211714418510661,
            "median": 0.090942,
            "std": 0.27047471206446,
            "min": 0.055722,
            "max": 21.409148,
            "p25": 0.072433,
            "p50": 0.090942,
            "p75": 0.1312735,
            "p90": 0.17515899999999998,
            "p95": 0.199548,
            "p99": 0.3354706999999979
        },
        "getExpectedPoints": {
            "n": 29691,
            "mean": 0.15927137031423663,
            "median": 0.100474,
            "std": 0.32955381707538023,
            "min": 0.057522,
            "max": 17.878215,
            "p25": 0.0762915,
            "p50": 0.100474,
            "p75": 0.1672595,
            "p90": 0.28273899999999996,
            "p95": 0.37441,
            "p99": 0.5388908999999985
        }
    }
}