{
  "stats" : {
    "nextFaultload" : {
      "count" : 10,
      "average" : {
        "ns" : 3739996.7,
        "us" : 3739.9967,
        "ms" : 3.7399967000000003,
        "s" : 0.0037399967
      },
      "min" : {
        "ns" : 1746795,
        "us" : 1746.795,
        "ms" : 1.746795,
        "s" : 0.001746795
      },
      "max" : {
        "ns" : 10037633,
        "us" : 10037.633,
        "ms" : 10.037633,
        "s" : 0.010037633
      }
    },
    "Per test" : {
      "count" : 9,
      "average" : {
        "ns" : 5.833004355555555E7,
        "us" : 58330.04355555555,
        "ms" : 58.330043555555555,
        "s" : 0.05833004355555555
      },
      "min" : {
        "ns" : 29245465,
        "us" : 29245.465,
        "ms" : 29.245465,
        "s" : 0.029245465
      },
      "max" : {
        "ns" : 229365144,
        "us" : 229365.144,
        "ms" : 229.365144,
        "s" : 0.229365144
      }
    },
    "registerFaultload" : {
      "count" : 9,
      "average" : {
        "ns" : 1.6680819777777778E7,
        "us" : 16680.81977777778,
        "ms" : 16.680819777777778,
        "s" : 0.01668081977777778
      },
      "min" : {
        "ns" : 2919040,
        "us" : 2919.04,
        "ms" : 2.91904,
        "s" : 0.00291904
      },
      "max" : {
        "ns" : 109718751,
        "us" : 109718.751,
        "ms" : 109.718751,
        "s" : 0.109718751
      }
    },
    "testMethod" : {
      "count" : 9,
      "average" : {
        "ns" : 1.6011726555555556E7,
        "us" : 16011.726555555557,
        "ms" : 16.011726555555555,
        "s" : 0.016011726555555557
      },
      "min" : {
        "ns" : 12965393,
        "us" : 12965.393,
        "ms" : 12.965393,
        "s" : 0.012965393
      },
      "max" : {
        "ns" : 23961896,
        "us" : 23961.896,
        "ms" : 23.961896,
        "s" : 0.023961896
      }
    },
    "getTraceWithDelay" : {
      "count" : 9,
      "average" : {
        "ns" : 2.5624729E7,
        "us" : 25624.729,
        "ms" : 25.624729,
        "s" : 0.025624729
      },
      "min" : {
        "ns" : 12174828,
        "us" : 12174.828,
        "ms" : 12.174828,
        "s" : 0.012174828
      },
      "max" : {
        "ns" : 95615175,
        "us" : 95615.175,
        "ms" : 95.615175,
        "s" : 0.095615175
      }
    },
    "getTrace" : {
      "count" : 9,
      "average" : {
        "ns" : 1.6390170333333334E7,
        "us" : 16390.170333333335,
        "ms" : 16.390170333333334,
        "s" : 0.016390170333333336
      },
      "min" : {
        "ns" : 7133665,
        "us" : 7133.665,
        "ms" : 7.133665,
        "s" : 0.007133665
      },
      "max" : {
        "ns" : 76526746,
        "us" : 76526.746,
        "ms" : 76.526746,
        "s" : 0.076526746
      }
    },
    "handleResult" : {
      "count" : 9,
      "average" : {
        "ns" : 6163372.0,
        "us" : 6163.372,
        "ms" : 6.163372,
        "s" : 0.006163372
      },
      "min" : {
        "ns" : 2001140,
        "us" : 2001.14,
        "ms" : 2.00114,
        "s" : 0.00200114
      },
      "max" : {
        "ns" : 15658598,
        "us" : 15658.598,
        "ms" : 15.658598,
        "s" : 0.015658598
      }
    },
    "StrategyRunner.analyze" : {
      "count" : 9,
      "average" : {
        "ns" : 6114942.111111111,
        "us" : 6114.942111111111,
        "ms" : 6.114942111111111,
        "s" : 0.006114942111111111
      },
      "min" : {
        "ns" : 1920719,
        "us" : 1920.719,
        "ms" : 1.920719,
        "s" : 0.001920719
      },
      "max" : {
        "ns" : 15646718,
        "us" : 15646.718,
        "ms" : 15.646718,
        "s" : 0.015646718
      }
    },
    "DynamicExplorationGenerator.handleFeedback<Analyzer>" : {
      "count" : 9,
      "average" : {
        "ns" : 1149811.6666666667,
        "us" : 1149.8116666666667,
        "ms" : 1.1498116666666667,
        "s" : 0.0011498116666666667
      },
      "min" : {
        "ns" : 86922,
        "us" : 86.922,
        "ms" : 0.086922,
        "s" : 8.6922E-5
      },
      "max" : {
        "ns" : 5746377,
        "us" : 5746.377,
        "ms" : 5.746377,
        "s" : 0.005746377
      }
    },
    "HappyPathDetector.handleFeedback<Analyzer>" : {
      "count" : 9,
      "average" : {
        "ns" : 108945.66666666667,
        "us" : 108.94566666666667,
        "ms" : 0.10894566666666668,
        "s" : 1.0894566666666668E-4
      },
      "min" : {
        "ns" : 2970,
        "us" : 2.97,
        "ms" : 0.00297,
        "s" : 2.97E-6
      },
      "max" : {
        "ns" : 948610,
        "us" : 948.61,
        "ms" : 0.94861,
        "s" : 9.4861E-4
      }
    },
    "ParentChildDetector.handleFeedback<Analyzer>" : {
      "count" : 9,
      "average" : {
        "ns" : 386607.8888888889,
        "us" : 386.60788888888885,
        "ms" : 0.38660788888888886,
        "s" : 3.866078888888889E-4
      },
      "min" : {
        "ns" : 60001,
        "us" : 60.001,
        "ms" : 0.060001,
        "s" : 6.0001E-5
      },
      "max" : {
        "ns" : 2463200,
        "us" : 2463.2,
        "ms" : 2.4632,
        "s" : 0.0024632
      }
    },
    "HappensBeforeNeighbourDetector.handleFeedback<Analyzer>" : {
      "count" : 9,
      "average" : {
        "ns" : 530174.5555555555,
        "us" : 530.1745555555555,
        "ms" : 0.5301745555555555,
        "s" : 5.301745555555555E-4
      },
      "min" : {
        "ns" : 18681,
        "us" : 18.681,
        "ms" : 0.018681,
        "s" : 1.8681E-5
      },
      "max" : {
        "ns" : 1093626,
        "us" : 1093.626,
        "ms" : 1.093626,
        "s" : 0.001093626
      }
    },
    "ErrorPropagationDetector.handleFeedback<Analyzer>" : {
      "count" : 9,
      "average" : {
        "ns" : 148587.55555555556,
        "us" : 148.58755555555555,
        "ms" : 0.14858755555555556,
        "s" : 1.4858755555555557E-4
      },
      "min" : {
        "ns" : 3670,
        "us" : 3.67,
        "ms" : 0.00367,
        "s" : 3.67E-6
      },
      "max" : {
        "ns" : 882108,
        "us" : 882.108,
        "ms" : 0.882108,
        "s" : 8.82108E-4
      }
    },
    "ConditionalPointDetector.handleFeedback<Analyzer>" : {
      "count" : 9,
      "average" : {
        "ns" : 1518367.5555555555,
        "us" : 1518.3675555555556,
        "ms" : 1.5183675555555556,
        "s" : 0.0015183675555555554
      },
      "min" : {
        "ns" : 252465,
        "us" : 252.465,
        "ms" : 0.252465,
        "s" : 2.52465E-4
      },
      "max" : {
        "ns" : 4603533,
        "us" : 4603.533,
        "ms" : 4.603533,
        "s" : 0.004603533
      }
    },
    "RedundancyAnalyzer.handleFeedback<Analyzer>" : {
      "count" : 9,
      "average" : {
        "ns" : 38798.666666666664,
        "us" : 38.79866666666666,
        "ms" : 0.03879866666666666,
        "s" : 3.8798666666666665E-5
      },
      "min" : {
        "ns" : 16520,
        "us" : 16.52,
        "ms" : 0.01652,
        "s" : 1.652E-5
      },
      "max" : {
        "ns" : 93582,
        "us" : 93.582,
        "ms" : 0.093582,
        "s" : 9.3582E-5
      }
    },
    "StatusAnalyzer.handleFeedback<Analyzer>" : {
      "count" : 9,
      "average" : {
        "ns" : 27641.555555555555,
        "us" : 27.641555555555556,
        "ms" : 0.027641555555555555,
        "s" : 2.7641555555555554E-5
      },
      "min" : {
        "ns" : 3530,
        "us" : 3.53,
        "ms" : 0.00353,
        "s" : 3.53E-6
      },
      "max" : {
        "ns" : 206814,
        "us" : 206.814,
        "ms" : 0.206814,
        "s" : 2.06814E-4
      }
    },
    "BehaviorAnalyzer.handleFeedback<Analyzer>" : {
      "count" : 9,
      "average" : {
        "ns" : 257822.11111111112,
        "us" : 257.8221111111111,
        "ms" : 0.25782211111111114,
        "s" : 2.5782211111111114E-4
      },
      "min" : {
        "ns" : 103112,
        "us" : 103.112,
        "ms" : 0.103112,
        "s" : 1.03112E-4
      },