{
    "per_key": {
        "nextFaultload": {
            "n": 22,
            "mean": 1.6864175454545454,
            "median": 1.713752,
            "std": 0.6758838617170938,
            "min": 0.028041,
            "max": 2.958633,
            "p25": 1.2505585,
            "p50": 1.713752,
            "p75": 2.2581712499999997,
            "p90": 2.4401228,
            "p95": 2.5454363,
            "p99": 2.8729931099999995
        },
        "Per test": {
            "n": 21,
            "mean": 46.65892433333333,
            "median": 32.532519,
            "std": 46.99893562019107,
            "min": 28.237647,
            "max": 251.617053,
            "p25": 29.389139,
            "p50": 32.532519,
            "p75": 39.906602,
            "p90": 60.846289,
            "p95": 69.685366,
            "p99": 215.2307156000001
        },
        "registerFaultload": {
            "n": 21,
            "mean": 9.758434809523811,
            "median": 3.617572,
            "std": 24.52585300194848,
            "min": 2.8703589999999997,
            "max": 118.596373,
            "p25": 3.228335,
            "p50": 3.617572,
            "p75": 4.23761,
            "p90": 4.761674,
            "p95": 17.696334,
            "p99": 98.41636520000007
        },
        "unregisterFautload": {
            "n": 21,
            "mean": 3.3081260952380944,
            "median": 3.236631,
            "std": 0.36477628193167344,
            "min": 2.800684,
            "max": 4.118774999999999,
            "p25": 2.9887949999999996,
            "p50": 3.236631,
            "p75": 3.603901,
            "p90": 3.802251,
            "p95": 3.849103,
            "p99": 4.0648406
        },
        "testMethod": {
            "n": 21,
            "mean": 15.786335571428568,
            "median": 14.850517,
            "std": 2.9567272069342474,
            "min": 13.345298,
            "max": 25.994146999999998,
            "p25": 13.856853,
            "p50": 14.850517,
            "p75": 16.233739,
            "p90": 19.240263,
            "p95": 21.056058999999998,
            "p99": 25.0065294
        },
        "getTraceWithDelay": {
            "n": 21,
            "mean": 21.123609523809517,
            "median": 14.363904999999999,
            "std": 21.25903715438328,
            "min": 10.903398,
            "max": 106.956819,
            "p25": 11.715826,
            "p50": 14.363904999999999,
            "p75": 15.986977,
            "p90": 27.029673,
            "p95": 53.227396999999996,
            "p99": 96.21093460000003
        },
        "handleResult": {
            "n": 21,
            "mean": 3.8316401904761905,
            "median": 2.3552649999999997,
            "std": 3.971069571906801,
            "min": 1.715727,
            "max": 16.980111,
            "p25": 1.878495,
            "p50": 2.3552649999999997,
            "p75": 2.799706,
            "p90": 7.756647999999999,
            "p95": 13.60647,
            "p99": 16.305382800000004
        },
        "Total test time": {
            "n": 1,
            "mean": 1306.130557,
            "median": 1306.130557,
            "std": 0.0,
            "min": 1306.130557,
            "max": 1306.130557,
            "p25": 1306.130557,
            "p50": 1306.130557,
            "p75": 1306.130557,
            "p90": 1306.130557,
            "p95": 1306.130557,
            "p99": 1306.130557
        },
        "getExpectedPoints": {
            "n": 40,
            "mean": 0.49044129999999997,
            "median": 0.38313699999999995,
            "std": 0.29146066848446295,
            "min": 0.14177599999999999,
            "max": 1.210694,
            "p25": 0.288828,
            "p50": 0.38313699999999995,
            "p75": 0.54280675,
            "p90": 0.9232055000000002,
            "p95": 1.1718536,
            "p99": 1.2064507999999998
        }
    }
}