{
  "stats" : {
    "nextFaultload" : {
      "count" : 22,
      "average" : {
        "ns" : 2376283.4545454546,
        "us" : 2376.283454545455,
        "ms" : 2.3762834545454545,
        "s" : 0.0023762834545454545
      },
      "min" : {
        "ns" : 315012,
        "us" : 315.012,
        "ms" : 0.315012,
        "s" : 3.15012E-4
      },
      "max" : {
        "ns" : 4110360,
        "us" : 4110.36,
        "ms" : 4.11036,
        "s" : 0.00411036
      }
    },
    "Per test" : {
      "count" : 21,
      "average" : {
        "ns" : 3.987939714285714E7,
        "us" : 39879.39714285714,
        "ms" : 39.879397142857144,
        "s" : 0.03987939714285714
      },
      "min" : {
        "ns" : 24096640,
        "us" : 24096.64,
        "ms" : 24.09664,
        "s" : 0.02409664
      },
      "max" : {
        "ns" : 231689730,
        "us" : 231689.73,
        "ms" : 231.68973,
        "s" : 0.23168973
      }
    },
    "registerFaultload" : {
      "count" : 21,
      "average" : {
        "ns" : 8850187.80952381,
        "us" : 8850.18780952381,
        "ms" : 8.85018780952381,
        "s" : 0.00885018780952381
      },
      "min" : {
        "ns" : 2577601,
        "us" : 2577.601,
        "ms" : 2.577601,
        "s" : 0.002577601
      },
      "max" : {
        "ns" : 108412325,
        "us" : 108412.325,
        "ms" : 108.412325,
        "s" : 0.108412325
      }
    },
    "testMethod" : {
      "count" : 21,
      "average" : {
        "ns" : 1.3469891666666666E7,
        "us" : 13469.891666666666,
        "ms" : 13.469891666666665,
        "s" : 0.013469891666666666
      },
      "min" : {
        "ns" : 11482747,
        "us" : 11482.747,
        "ms" : 11.482747,
        "s" : 0.011482747
      },
      "max" : {
        "ns" : 20399795,
        "us" : 20399.795,
        "ms" : 20.399795,
        "s" : 0.020399795
      }
    },
    "getTraceWithDelay" : {
      "count" : 21,
      "average" : {
        "ns" : 1.7342690285714287E7,
        "us" : 17342.69028571429,
        "ms" : 17.342690285714287,
        "s" : 0.017342690285714286
      },
      "min" : {
        "ns" : 9672577,
        "us" : 9672.577,
        "ms" : 9.672577,
        "s" : 0.009672577
      },
      "max" : {
        "ns" : 102585699,
        "us" : 102585.699,
        "ms" : 102.585699,
        "s" : 0.102585699
      }
    },
    "getTrace" : {
      "count" : 21,
      "average" : {
        "ns" : 1.0406181857142856E7,
        "us" : 10406.181857142856,
        "ms" : 10.406181857142856,
        "s" : 0.010406181857142857
      },
      "min" : {
        "ns" : 5204003,
        "us" : 5204.003,
        "ms" : 5.204003,
        "s" : 0.005204003
      },
      "max" : {
        "ns" : 73629870,
        "us" : 73629.87,
        "ms" : 73.62987,
        "s" : 0.07362987
      }
    },
    "handleResult" : {
      "count" : 21,
      "average" : {
        "ns" : 3679743.523809524,
        "us" : 3679.7435238095236,
        "ms" : 3.679743523809524,
        "s" : 0.0036797435238095236
      },
      "min" : {
        "ns" : 1706367,
        "us" : 1706.367,
        "ms" : 1.706367,
        "s" : 0.001706367
      },
      "max" : {
        "ns" : 20188387,
        "us" : 20188.387,
        "ms" : 20.188387,
        "s" : 0.020188387
      }
    },
    "StrategyRunner.analyze" : {
      "count" : 21,
      "average" : {
        "ns" : 3571377.380952381,
        "us" : 3571.377380952381,
        "ms" : 3.571377380952381,
        "s" : 0.003571377380952381
      },
      "min" : {
        "ns" : 1628564,
        "us" : 1628.564,
        "ms" : 1.628564,
        "s" : 0.001628564
      },
      "max" : {
        "ns" : 19850874,
        "us" : 19850.874,
        "ms" : 19.850874,
        "s" : 0.019850874
      }
    },
    "DynamicExplorationGenerator.handleFeedback<Analyzer>" : {
      "count" : 21,
      "average" : {
        "ns" : 520144.04761904763,
        "us" : 520.1440476190477,
        "ms" : 0.5201440476190476,
        "s" : 5.201440476190476E-4
      },
      "min" : {
        "ns" : 75603,
        "us" : 75.603,
        "ms" : 0.075603,
        "s" : 7.5603E-5
      },
      "max" : {
        "ns" : 5721623,
        "us" : 5721.623,
        "ms" : 5.721623,
        "s" : 0.005721623
      }
    },
    "HappyPathDetector.handleFeedback<Analyzer>" : {
      "count" : 21,
      "average" : {
        "ns" : 29501.095238095237,
        "us" : 29.501095238095235,
        "ms" : 0.029501095238095236,
        "s" : 2.9501095238095236E-5
      },
      "min" : {
        "ns" : 2200,
        "us" : 2.2,
        "ms" : 0.0022,
        "s" : 2.2E-6
      },
      "max" : {
        "ns" : 552422,
        "us" : 552.422,
        "ms" : 0.552422,
        "s" : 5.52422E-4
      }
    },
    "ParentChildDetector.handleFeedback<Analyzer>" : {
      "count" : 21,
      "average" : {
        "ns" : 432488.28571428574,
        "us" : 432.4882857142857,
        "ms" : 0.4324882857142857,
        "s" : 4.3248828571428575E-4
      },
      "min" : {
        "ns" : 34102,
        "us" : 34.102,
        "ms" : 0.034102,
        "s" : 3.4102E-5
      },
      "max" : {
        "ns" : 7692000,
        "us" : 7692.0,
        "ms" : 7.692,
        "s" : 0.007692
      }
    },
    "HappensBeforeNeighbourDetector.handleFeedback<Analyzer>" : {
      "count" : 21,
      "average" : {
        "ns" : 417159.14285714284,
        "us" : 417.15914285714285,
        "ms" : 0.41715914285714284,
        "s" : 4.1715914285714284E-4
      },
      "min" : {
        "ns" : 12201,
        "us" : 12.201,
        "ms" : 0.012201,
        "s" : 1.2201E-5
      },
      "max" : {
        "ns" : 1134644,
        "us" : 1134.644,
        "ms" : 1.134644,
        "s" : 0.001134644
      }
    },
    "ErrorPropagationDetector.handleFeedback<Analyzer>" : {
      "count" : 21,
      "average" : {
        "ns" : 355747.2380952381,
        "us" : 355.7472380952381,
        "ms" : 0.3557472380952381,
        "s" : 3.557472380952381E-4
      },
      "min" : {
        "ns" : 3900,
        "us" : 3.9,
        "ms" : 0.0039,
        "s" : 3.9E-6
      },
      "max" : {
        "ns" : 1230048,
        "us" : 1230.048,
        "ms" : 1.230048,
        "s" : 0.001230048
      }
    },
    "ConditionalPointDetector.handleFeedback<Analyzer>" : {
      "count" : 21,
      "average" : {
        "ns" : 746405.2857142857,
        "us" : 746.4052857142857,
        "ms" : 0.7464052857142857,
        "s" : 7.464052857142857E-4
      },
      "min" : {
        "ns" : 141406,
        "us" : 141.406,
        "ms" : 0.141406,
        "s" : 1.41406E-4
      },
      "max" : {
        "ns" : 4546177,
        "us" : 4546.177,
        "ms" : 4.546177,
        "s" : 0.004546177
      }
    },
    "RedundancyAnalyzer.handleFeedback<Analyzer>" : {
      "count" : 21,
      "average" : {
        "ns" : 47978.04761904762,
        "us" : 47.978047619047615,
        "ms" : 0.04797804761904762,
        "s" : 4.797804761904762E-5
      },
      "min" : {
        "ns" : 16500,
        "us" : 16.5,
        "ms" : 0.0165,
        "s" : 1.65E-5
      },
      "max" : {
        "ns" : 268610,
        "us" : 268.61,
        "ms" : 0.26861,
        "s" : 2.6861E-4
      }
    },
    "StatusAnalyzer.handleFeedback<Analyzer>" : {
      "count" : 21,
      "average" : {
        "ns" : 16886.47619047619,
        "us" : 16.88647619047619,
        "ms" : 0.01688647619047619,
        "s" : 1.688647619047619E-5
      },
      "min" : {
        "ns" : 3900,
        "us" : 3.9,
        "ms" : 0.0039,
        "s" : 3.9E-6
      },
      "max" : {
        "ns" : 140706,
        "us" : 140.706,
        "ms" : 0.140706,
        "s" : 1.40706E-4
      }
    },
    "BehaviorAnalyzer.handleFeedback<Analyzer>" : {
      "count" : 21,
      "average" : {
        "ns" : 468361.04761904763,
        "us" : 468.3610476190476,
        "ms" : 0.4683610476190476,
        "s" : 4.6836104761904763E-4
      },
      "min" : {
        "ns" : 262910,