{
  "stats" : {
    "nextFaultload" : {
      "count" : 9,
      "average" : {
        "ns" : 2347038.3333333335,
        "us" : 2347.0383333333334,
        "ms" : 2.3470383333333333,
        "s" : 0.0023470383333333337
      },
      "min" : {
        "ns" : 21432,
        "us" : 21.432,
        "ms" : 0.021432,
        "s" : 2.1432E-5
      },
      "max" : {
        "ns" : 3877258,
        "us" : 3877.258,
        "ms" : 3.877258,
        "s" : 0.003877258
      }
    },
    "Per test" : {
      "count" : 8,
      "average" : {
        "ns" : 6.2894240375E7,
        "us" : 62894.240375,
        "ms" : 62.894240375,
        "s" : 0.062894240375
      },
      "min" : {
        "ns" : 26576559,
        "us" : 26576.559,
        "ms" : 26.576559,
        "s" : 0.026576559
      },
      "max" : {
        "ns" : 240072935,
        "us" : 240072.935,
        "ms" : 240.072935,
        "s" : 0.240072935
      }
    },
    "registerFaultload" : {
      "count" : 8,
      "average" : {
        "ns" : 1.896232775E7,
        "us" : 18962.32775,
        "ms" : 18.96232775,
        "s" : 0.01896232775
      },
      "min" : {
        "ns" : 2857548,
        "us" : 2857.548,
        "ms" : 2.857548,
        "s" : 0.002857548
      },
      "max" : {
        "ns" : 114215435,
        "us" : 114215.435,
        "ms" : 114.215435,
        "s" : 0.114215435
      }
    },
    "testMethod" : {
      "count" : 8,
      "average" : {
        "ns" : 3.4372596E7,
        "us" : 34372.596,
        "ms" : 34.372596,
        "s" : 0.034372596
      },
      "min" : {
        "ns" : 17522851,
        "us" : 17522.851,
        "ms" : 17.522851,
        "s" : 0.017522851
      },
      "max" : {
        "ns" : 105188644,
        "us" : 105188.644,
        "ms" : 105.188644,
        "s" : 0.105188644
      }
    },
    "getTraceWithDelay" : {
      "count" : 8,
      "average" : {
        "ns" : 2.8309117625E7,
        "us" : 28309.117625,
        "ms" : 28.309117625,
        "s" : 0.028309117625
      },
      "min" : {
        "ns" : 13460581,
        "us" : 13460.581,
        "ms" : 13.460581,
        "s" : 0.013460581
      },
      "max" : {
        "ns" : 97296161,
        "us" : 97296.161,
        "ms" : 97.296161,
        "s" : 0.097296161
      }
    },
    "getTrace" : {
      "count" : 8,
      "average" : {
        "ns" : 1.847079225E7,
        "us" : 18470.79225,
        "ms" : 18.47079225,
        "s" : 0.01847079225
      },
      "min" : {
        "ns" : 7724103,
        "us" : 7724.103,
        "ms" : 7.724103,
        "s" : 0.007724103
      },
      "max" : {
        "ns" : 75821688,
        "us" : 75821.688,
        "ms" : 75.821688,
        "s" : 0.075821688
      }
    },
    "handleResult" : {
      "count" : 8,
      "average" : {
        "ns" : 6436273.875,
        "us" : 6436.273875,
        "ms" : 6.436273875,
        "s" : 0.006436273875
      },
      "min" : {
        "ns" : 1731232,
        "us" : 1731.232,
        "ms" : 1.731232,
        "s" : 0.001731232
      },
      "max" : {
        "ns" : 17448436,
        "us" : 17448.436,
        "ms" : 17.448436,
        "s" : 0.017448436
      }
    },
    "StrategyRunner.analyze" : {
      "count" : 8,
      "average" : {
        "ns" : 6403499.5,
        "us" : 6403.4995,
        "ms" : 6.4034995,
        "s" : 0.0064034995
      },
      "min" : {
        "ns" : 1724592,
        "us" : 1724.592,
        "ms" : 1.724592,
        "s" : 0.001724592
      },
      "max" : {
        "ns" : 17437516,
        "us" : 17437.516,
        "ms" : 17.437516,
        "s" : 0.017437516
      }
    },
    "DynamicExplorationGenerator.handleFeedback<Analyzer>" : {
      "count" : 8,
      "average" : {
        "ns" : 1089873.0,
        "us" : 1089.873,
        "ms" : 1.089873,
        "s" : 0.001089873
      },
      "min" : {
        "ns" : 77214,
        "us" : 77.214,
        "ms" : 0.077214,
        "s" : 7.7214E-5
      },
      "max" : {
        "ns" : 6061497,
        "us" : 6061.497,
        "ms" : 6.061497,
        "s" : 0.006061497
      }
    },
    "HappyPathDetector.handleFeedback<Analyzer>" : {
      "count" : 8,
      "average" : {
        "ns" : 75542.625,
        "us" : 75.542625,
        "ms" : 0.075542625,
        "s" : 7.5542625E-5
      },
      "min" : {
        "ns" : 2860,
        "us" : 2.86,
        "ms" : 0.00286,
        "s" : 2.86E-6
      },
      "max" : {
        "ns" : 579300,
        "us" : 579.3,
        "ms" : 0.5793,
        "s" : 5.793E-4
      }
    },
    "ParentChildDetector.handleFeedback<Analyzer>" : {
      "count" : 8,
      "average" : {
        "ns" : 423233.75,
        "us" : 423.23375,
        "ms" : 0.42323375,
        "s" : 4.2323375E-4
      },
      "min" : {
        "ns" : 40042,
        "us" : 40.042,
        "ms" : 0.040042,
        "s" : 4.0042E-5
      },
      "max" : {
        "ns" : 2746992,
        "us" : 2746.992,
        "ms" : 2.746992,
        "s" : 0.002746992
      }
    },
    "HappensBeforeNeighbourDetector.handleFeedback<Analyzer>" : {
      "count" : 8,
      "average" : {
        "ns" : 496262.875,
        "us" : 496.262875,
        "ms" : 0.496262875,
        "s" : 4.96262875E-4
      },
      "min" : {
        "ns" : 14161,
        "us" : 14.161,
        "ms" : 0.014161,
        "s" : 1.4161E-5
      },
      "max" : {
        "ns" : 1728221,
        "us" : 1728.221,
        "ms" : 1.728221,
        "s" : 0.001728221
      }
    },
    "ErrorPropagationDetector.handleFeedback<Analyzer>" : {
      "count" : 8,
      "average" : {
        "ns" : 291249.625,
        "us" : 291.249625,
        "ms" : 0.291249625,
        "s" : 2.91249625E-4
      },
      "min" : {
        "ns" : 14661,
        "us" : 14.661,
        "ms" : 0.014661,
        "s" : 1.4661E-5
      },
      "max" : {
        "ns" : 759074,
        "us" : 759.074,
        "ms" : 0.759074,
        "s" : 7.59074E-4
      }
    },
    "ConditionalPointDetector.handleFeedback<Analyzer>" : {
      "count" : 8,
      "average" : {
        "ns" : 1048221.75,
        "us" : 1048.22175,
        "ms" : 1.04822175,
        "s" : 0.00104822175
      },
      "min" : {
        "ns" : 237313,
        "us" : 237.313,
        "ms" : 0.237313,
        "s" : 2.37313E-4
      },
      "max" : {
        "ns" : 5568007,
        "us" : 5568.007,
        "ms" : 5.568007,
        "s" : 0.005568007
      }
    },
    "RedundancyAnalyzer.handleFeedback<Analyzer>" : {
      "count" : 8,
      "average" : {
        "ns" : 53194.375,
        "us" : 53.194375,
        "ms" : 0.053194375,
        "s" : 5.3194375E-5
      },
      "min" : {
        "ns" : 23642,
        "us" : 23.642,
        "ms" : 0.023642,
        "s" : 2.3642E-5
      },
      "max" : {
        "ns" : 152169,
        "us" : 152.169,
        "ms" : 0.152169,
        "s" : 1.52169E-4
      }
    },
    "StatusAnalyzer.handleFeedback<Analyzer>" : {
      "count" : 8,
      "average" : {
        "ns" : 36768.5,
        "us" : 36.7685,
        "ms" : 0.0367685,
        "s" : 3.67685E-5
      },
      "min" : {
        "ns" : 4070,
        "us" : 4.07,
        "ms" : 0.00407,
        "s" : 4.07E-6
      },
      "max" : {
        "ns" : 254004,
        "us" : 254.004,
        "ms" : 0.254004,
        "s" : 2.54004E-4
      }
    },
    "BehaviorAnalyzer.handleFeedback<Analyzer>" : {
      "count" : 8,
      "average" : {
        "ns" : 349099.875,
        "us" : 349.099875,
        "ms" : 0.349099875,
        "s" : 3.49099875E-4
      },
      "min" : {
        "ns" : 85305,
        "us" : 85.305,
        "ms" : 0.085305,
        "s" : 8.5305E-5
      },
      "max" : {
        "ns" : 852044,
        "us" : 852.044,
        "ms" : 0.852044,
        "s" : 8.52044E-4
      }
    },
    "TimingAnalyzer.handleFeedback<Analyzer>" : {
      "count" : 8,
      "average" : {
        "ns" : 243538.25,
        "us" : 243.53825,
        "ms" : 0.24353825,
        "s" : 2.4353825E-4
      },
      "min" : {
        "ns" : 47583,
        "us" : 47.583,