{
  "stats" : {
    "nextFaultload" : {
      "count" : 10,
      "average" : {
        "ns" : 3943044.4,
        "us" : 3943.0443999999998,
        "ms" : 3.9430444,
        "s" : 0.0039430444
      },
      "min" : {
        "ns" : 1939676,
        "us" : 1939.676,
        "ms" : 1.939676,
        "s" : 0.001939676
      },
      "max" : {
        "ns" : 10005492,
        "us" : 10005.492,
        "ms" : 10.005492,
        "s" : 0.010005492
      }
    },
    "Per test" : {
      "count" : 9,
      "average" : {
        "ns" : 5.5427471333333336E7,
        "us" : 55427.471333333335,
        "ms" : 55.42747133333334,
        "s" : 0.05542747133333334
      },
      "min" : {
        "ns" : 28272508,
        "us" : 28272.508,
        "ms" : 28.272508,
        "s" : 0.028272508
      },
      "max" : {
        "ns" : 237691111,
        "us" : 237691.111,
        "ms" : 237.691111,
        "s" : 0.237691111
      }
    },
    "registerFaultload" : {
      "count" : 9,
      "average" : {
        "ns" : 1.6498502111111112E7,
        "us" : 16498.502111111113,
        "ms" : 16.49850211111111,
        "s" : 0.01649850211111111
      },
      "min" : {
        "ns" : 2844511,
        "us" : 2844.511,
        "ms" : 2.844511,
        "s" : 0.002844511
      },
      "max" : {
        "ns" : 108120236,
        "us" : 108120.236,
        "ms" : 108.120236,
        "s" : 0.108120236
      }
    },
    "testMethod" : {
      "count" : 9,
      "average" : {
        "ns" : 2.9179387444444444E7,
        "us" : 29179.387444444445,
        "ms" : 29.179387444444444,
        "s" : 0.029179387444444444
      },
      "min" : {
        "ns" : 17966404,
        "us" : 17966.404,
        "ms" : 17.966404,
        "s" : 0.017966404
      },
      "max" : {
        "ns" : 99380493,
        "us" : 99380.493,
        "ms" : 99.380493,
        "s" : 0.099380493
      }
    },
    "getTraceWithDelay" : {
      "count" : 9,
      "average" : {
        "ns" : 2.5614514333333332E7,
        "us" : 25614.514333333333,
        "ms" : 25.614514333333332,
        "s" : 0.02561451433333333
      },
      "min" : {
        "ns" : 13218317,
        "us" : 13218.317,
        "ms" : 13.218317,
        "s" : 0.013218317
      },
      "max" : {
        "ns" : 104549395,
        "us" : 104549.395,
        "ms" : 104.549395,
        "s" : 0.104549395
      }
    },
    "getTrace" : {
      "count" : 9,
      "average" : {
        "ns" : 1.5621800777777778E7,
        "us" : 15621.800777777778,
        "ms" : 15.621800777777779,
        "s" : 0.015621800777777778
      },
      "min" : {
        "ns" : 6834567,
        "us" : 6834.567,
        "ms" : 6.834567,
        "s" : 0.006834567
      },
      "max" : {
        "ns" : 73537180,
        "us" : 73537.18,
        "ms" : 73.53718,
        "s" : 0.07353718
      }
    },
    "handleResult" : {
      "count" : 9,
      "average" : {
        "ns" : 5812627.666666667,
        "us" : 5812.627666666667,
        "ms" : 5.812627666666667,
        "s" : 0.005812627666666667
      },
      "min" : {
        "ns" : 2803310,
        "us" : 2803.31,
        "ms" : 2.80331,
        "s" : 0.00280331
      },
      "max" : {
        "ns" : 21142228,
        "us" : 21142.228,
        "ms" : 21.142228,
        "s" : 0.021142228
      }
    },
    "StrategyRunner.analyze" : {
      "count" : 9,
      "average" : {
        "ns" : 5616153.222222222,
        "us" : 5616.153222222222,
        "ms" : 5.616153222222222,
        "s" : 0.005616153222222222
      },
      "min" : {
        "ns" : 2665204,
        "us" : 2665.204,
        "ms" : 2.665204,
        "s" : 0.002665204
      },
      "max" : {
        "ns" : 20736812,
        "us" : 20736.812,
        "ms" : 20.736812,
        "s" : 0.020736812
      }
    },
    "DynamicExplorationGenerator.handleFeedback<Analyzer>" : {
      "count" : 9,
      "average" : {
        "ns" : 968927.0,
        "us" : 968.927,
        "ms" : 0.968927,
        "s" : 9.68927E-4
      },
      "min" : {
        "ns" : 106005,
        "us" : 106.005,
        "ms" : 0.106005,
        "s" : 1.06005E-4
      },
      "max" : {
        "ns" : 6760465,
        "us" : 6760.465,
        "ms" : 6.760465,
        "s" : 0.006760465
      }
    },
    "HappyPathDetector.handleFeedback<Analyzer>" : {
      "count" : 9,
      "average" : {
        "ns" : 55491.11111111111,
        "us" : 55.49111111111111,
        "ms" : 0.05549111111111111,
        "s" : 5.549111111111111E-5
      },
      "min" : {
        "ns" : 3301,
        "us" : 3.301,
        "ms" : 0.003301,
        "s" : 3.301E-6
      },
      "max" : {
        "ns" : 467118,
        "us" : 467.118,
        "ms" : 0.467118,
        "s" : 4.67118E-4
      }
    },
    "ParentChildDetector.handleFeedback<Analyzer>" : {
      "count" : 9,
      "average" : {
        "ns" : 919358.0,
        "us" : 919.358,
        "ms" : 0.919358,
        "s" : 9.19358E-4
      },
      "min" : {
        "ns" : 43501,
        "us" : 43.501,
        "ms" : 0.043501,
        "s" : 4.3501E-5
      },
      "max" : {
        "ns" : 7635699,
        "us" : 7635.699,
        "ms" : 7.635699,
        "s" : 0.007635699
      }
    },
    "HappensBeforeNeighbourDetector.handleFeedback<Analyzer>" : {
      "count" : 9,
      "average" : {
        "ns" : 916502.4444444445,
        "us" : 916.5024444444444,
        "ms" : 0.9165024444444445,
        "s" : 9.165024444444445E-4
      },
      "min" : {
        "ns" : 10600,
        "us" : 10.6,
        "ms" : 0.0106,
        "s" : 1.06E-5
      },
      "max" : {
        "ns" : 3375632,
        "us" : 3375.632,
        "ms" : 3.375632,
        "s" : 0.003375632
      }
    },
    "ErrorPropagationDetector.handleFeedback<Analyzer>" : {
      "count" : 9,
      "average" : {
        "ns" : 438806.1111111111,
        "us" : 438.80611111111114,
        "ms" : 0.4388061111111111,
        "s" : 4.388061111111111E-4
      },
      "min" : {
        "ns" : 12901,
        "us" : 12.901,
        "ms" : 0.012901,
        "s" : 1.2901E-5
      },
      "max" : {
        "ns" : 821932,
        "us" : 821.932,
        "ms" : 0.821932,
        "s" : 8.21932E-4
      }
    },
    "ConditionalPointDetector.handleFeedback<Analyzer>" : {
      "count" : 9,
      "average" : {
        "ns" : 985749.7777777778,
        "us" : 985.7497777777778,
        "ms" : 0.9857497777777777,
        "s" : 9.857497777777777E-4
      },
      "min" : {
        "ns" : 195408,
        "us" : 195.408,
        "ms" : 0.195408,
        "s" : 1.95408E-4
      },
      "max" : {
        "ns" : 4356070,
        "us" : 4356.07,
        "ms" : 4.35607,
        "s" : 0.00435607
      }
    },
    "RedundancyAnalyzer.handleFeedback<Analyzer>" : {
      "count" : 9,
      "average" : {
        "ns" : 42712.666666666664,
        "us" : 42.712666666666664,
        "ms" : 0.04271266666666666,
        "s" : 4.271266666666666E-5
      },
      "min" : {
        "ns" : 18300,
        "us" : 18.3,
        "ms" : 0.0183,
        "s" : 1.83E-5
      },
      "max" : {
        "ns" : 135705,
        "us" : 135.705,
        "ms" : 0.135705,
        "s" : 1.35705E-4
      }
    },
    "StatusAnalyzer.handleFeedback<Analyzer>" : {
      "count" : 9,
      "average" : {
        "ns" : 20412.222222222223,
        "us" : 20.412222222222223,
        "ms" : 0.020412222222222224,
        "s" : 2.0412222222222222E-5
      },
      "min" : {
        "ns" : 5001,
        "us" : 5.001,
        "ms" : 0.005001,
        "s" : 5.001E-6
      },
      "max" : {
        "ns" : 135806,
        "us" : 135.806,
        "ms" : 0.135806,
        "s" : 1.35806E-4
      }
    },
    "BehaviorAnalyzer.handleFeedback<Analyzer>" : {
      "count" : 9,
      "average" : {
        "ns" : 541010.1111111111,
        "us" : 541.0101111111111,
        "ms" : 0.5410101111111111,
        "s" : 5.410101111111112E-4
      },
      "min" : {
        "ns" : 363714,
        "us" : 363.714,
        "ms" : 0.363714,
        "s" : 3.63714E-4
      },