{
  "stats" : {
    "nextFaultload" : {
      "count" : 22,
      "average" : {
        "ns" : 2446299.5,
        "us" : 2446.2995,
        "ms" : 2.4462995,
        "s" : 0.0024462995
      },
      "min" : {
        "ns" : 321513,
        "us" : 321.513,
        "ms" : 0.321513,
        "s" : 3.21513E-4
      },
      "max" : {
        "ns" : 4382170,
        "us" : 4382.17,
        "ms" : 4.38217,
        "s" : 0.00438217
      }
    },
    "Per test" : {
      "count" : 21,
      "average" : {
        "ns" : 4.09384710952381E7,
        "us" : 40938.4710952381,
        "ms" : 40.9384710952381,
        "s" : 0.0409384710952381
      },
      "min" : {
        "ns" : 24682059,
        "us" : 24682.059,
        "ms" : 24.682059,
        "s" : 0.024682059
      },
      "max" : {
        "ns" : 237642631,
        "us" : 237642.631,
        "ms" : 237.642631,
        "s" : 0.237642631
      }
    },
    "registerFaultload" : {
      "count" : 21,
      "average" : {
        "ns" : 9178494.61904762,
        "us" : 9178.49461904762,
        "ms" : 9.178494619047619,
        "s" : 0.00917849461904762
      },
      "min" : {
        "ns" : 2452895,
        "us" : 2452.895,
        "ms" : 2.452895,
        "s" : 0.002452895
      },
      "max" : {
        "ns" : 114748257,
        "us" : 114748.257,
        "ms" : 114.748257,
        "s" : 0.114748257
      }
    },
    "testMethod" : {
      "count" : 21,
      "average" : {
        "ns" : 1.4140344523809524E7,
        "us" : 14140.344523809525,
        "ms" : 14.140344523809524,
        "s" : 0.014140344523809524
      },
      "min" : {
        "ns" : 11601751,
        "us" : 11601.751,
        "ms" : 11.601751,
        "s" : 0.011601751
      },
      "max" : {
        "ns" : 28010688,
        "us" : 28010.688,
        "ms" : 28.010688,
        "s" : 0.028010688
      }
    },
    "getTraceWithDelay" : {
      "count" : 21,
      "average" : {
        "ns" : 1.7399828095238097E7,
        "us" : 17399.828095238096,
        "ms" : 17.399828095238096,
        "s" : 0.017399828095238098
      },
      "min" : {
        "ns" : 9976087,
        "us" : 9976.087,
        "ms" : 9.976087,
        "s" : 0.009976087
      },
      "max" : {
        "ns" : 101995861,
        "us" : 101995.861,
        "ms" : 101.995861,
        "s" : 0.101995861
      }
    },
    "getTrace" : {
      "count" : 21,
      "average" : {
        "ns" : 1.0515251333333334E7,
        "us" : 10515.251333333334,
        "ms" : 10.515251333333334,
        "s" : 0.010515251333333335
      },
      "min" : {
        "ns" : 5307906,
        "us" : 5307.906,
        "ms" : 5.307906,
        "s" : 0.005307906
      },
      "max" : {
        "ns" : 73877769,
        "us" : 73877.769,
        "ms" : 73.877769,
        "s" : 0.073877769
      }
    },
    "handleResult" : {
      "count" : 21,
      "average" : {
        "ns" : 3678652.4285714286,
        "us" : 3678.6524285714286,
        "ms" : 3.6786524285714286,
        "s" : 0.0036786524285714285
      },
      "min" : {
        "ns" : 1666464,
        "us" : 1666.464,
        "ms" : 1.666464,
        "s" : 0.001666464
      },
      "max" : {
        "ns" : 19442556,
        "us" : 19442.556,
        "ms" : 19.442556,
        "s" : 0.019442556
      }
    },
    "StrategyRunner.analyze" : {
      "count" : 21,
      "average" : {
        "ns" : 3564700.4285714286,
        "us" : 3564.700428571429,
        "ms" : 3.5647004285714288,
        "s" : 0.003564700428571429
      },
      "min" : {
        "ns" : 1604862,
        "us" : 1604.862,
        "ms" : 1.604862,
        "s" : 0.001604862
      },
      "max" : {
        "ns" : 19007539,
        "us" : 19007.539,
        "ms" : 19.007539,
        "s" : 0.019007539
      }
    },
    "DynamicExplorationGenerator.handleFeedback<Analyzer>" : {
      "count" : 21,
      "average" : {
        "ns" : 518643.90476190473,
        "us" : 518.6439047619048,
        "ms" : 0.5186439047619047,
        "s" : 5.186439047619048E-4
      },
      "min" : {
        "ns" : 68902,
        "us" : 68.902,
        "ms" : 0.068902,
        "s" : 6.8902E-5
      },
      "max" : {
        "ns" : 5387209,
        "us" : 5387.209,
        "ms" : 5.387209,
        "s" : 0.005387209
      }
    },
    "HappyPathDetector.handleFeedback<Analyzer>" : {
      "count" : 21,
      "average" : {
        "ns" : 31306.0,
        "us" : 31.306,
        "ms" : 0.031306,
        "s" : 3.1306E-5
      },
      "min" : {
        "ns" : 2300,
        "us" : 2.3,
        "ms" : 0.0023,
        "s" : 2.3E-6
      },
      "max" : {
        "ns" : 588723,
        "us" : 588.723,
        "ms" : 0.588723,
        "s" : 5.88723E-4
      }
    },
    "ParentChildDetector.handleFeedback<Analyzer>" : {
      "count" : 21,
      "average" : {
        "ns" : 421035.5238095238,
        "us" : 421.0355238095238,
        "ms" : 0.4210355238095238,
        "s" : 4.210355238095238E-4
      },
      "min" : {
        "ns" : 34601,
        "us" : 34.601,
        "ms" : 0.034601,
        "s" : 3.4601E-5
      },
      "max" : {
        "ns" : 7308884,
        "us" : 7308.884,
        "ms" : 7.308884,
        "s" : 0.007308884
      }
    },
    "HappensBeforeNeighbourDetector.handleFeedback<Analyzer>" : {
      "count" : 21,
      "average" : {
        "ns" : 415540.0,
        "us" : 415.54,
        "ms" : 0.41554,
        "s" : 4.1554E-4
      },
      "min" : {
        "ns" : 9801,
        "us" : 9.801,
        "ms" : 0.009801,
        "s" : 9.801E-6
      },
      "max" : {
        "ns" : 1207447,
        "us" : 1207.447,
        "ms" : 1.207447,
        "s" : 0.001207447
      }
    },
    "ErrorPropagationDetector.handleFeedback<Analyzer>" : {
      "count" : 21,
      "average" : {
        "ns" : 362457.0,
        "us" : 362.457,
        "ms" : 0.362457,
        "s" : 3.62457E-4
      },
      "min" : {
        "ns" : 4200,
        "us" : 4.2,
        "ms" : 0.0042,
        "s" : 4.2E-6
      },
      "max" : {
        "ns" : 1114044,
        "us" : 1114.044,
        "ms" : 1.114044,
        "s" : 0.001114044
      }
    },
    "ConditionalPointDetector.handleFeedback<Analyzer>" : {
      "count" : 21,
      "average" : {
        "ns" : 729138.0,
        "us" : 729.138,
        "ms" : 0.729138,
        "s" : 7.29138E-4
      },
      "min" : {
        "ns" : 153806,
        "us" : 153.806,
        "ms" : 0.153806,
        "s" : 1.53806E-4
      },
      "max" : {
        "ns" : 4390771,
        "us" : 4390.771,
        "ms" : 4.390771,
        "s" : 0.004390771
      }
    },
    "RedundancyAnalyzer.handleFeedback<Analyzer>" : {
      "count" : 21,
      "average" : {
        "ns" : 39496.76190476191,
        "us" : 39.49676190476191,
        "ms" : 0.03949676190476191,
        "s" : 3.9496761904761906E-5
      },
      "min" : {
        "ns" : 17101,
        "us" : 17.101,
        "ms" : 0.017101,
        "s" : 1.7101E-5
      },
      "max" : {
        "ns" : 189807,
        "us" : 189.807,
        "ms" : 0.189807,
        "s" : 1.89807E-4
      }
    },
    "StatusAnalyzer.handleFeedback<Analyzer>" : {
      "count" : 21,
      "average" : {
        "ns" : 14062.42857142857,
        "us" : 14.06242857142857,
        "ms" : 0.014062428571428571,
        "s" : 1.4062428571428571E-5
      },
      "min" : {
        "ns" : 3600,
        "us" : 3.6,
        "ms" : 0.0036,
        "s" : 3.6E-6
      },
      "max" : {
        "ns" : 135605,
        "us" : 135.605,
        "ms" : 0.135605,
        "s" : 1.35605E-4
      }
    },
    "BehaviorAnalyzer.handleFeedback<Analyzer>" : {
      "count" : 21,
      "average" : {
        "ns" : 479528.09523809527,
        "us" : 479.52809523809526,
        "ms" : 0.47952809523809525,
        "s" : 4.7952809523809525E-4
      },
      "min" : {
        "ns" : 276311,
        "us" : 276.311,
        "ms" : 0.276311,
        "s" : 2.76311E-4
      },
      "max" : {
        "ns" : 1262749,
        "us" : 1262.749,
        "ms" : 1.262749,