{
  "stats" : {
    "nextFaultload" : {
      "count" : 22,
      "average" : {
        "ns" : 2320181.3636363638,
        "us" : 2320.1813636363636,
        "ms" : 2.320181363636364,
        "s" : 0.002320181363636364
      },
      "min" : {
        "ns" : 489119,
        "us" : 489.119,
        "ms" : 0.489119,
        "s" : 4.89119E-4
      },
      "max" : {
        "ns" : 3664743,
        "us" : 3664.743,
        "ms" : 3.664743,
        "s" : 0.003664743
      }
    },
    "Per test" : {
      "count" : 21,
      "average" : {
        "ns" : 3.977808371428572E7,
        "us" : 39778.08371428572,
        "ms" : 39.778083714285714,
        "s" : 0.03977808371428572
      },
      "min" : {
        "ns" : 24888070,
        "us" : 24888.07,
        "ms" : 24.88807,
        "s" : 0.02488807
      },
      "max" : {
        "ns" : 234790651,
        "us" : 234790.651,
        "ms" : 234.790651,
        "s" : 0.234790651
      }
    },
    "registerFaultload" : {
      "count" : 21,
      "average" : {
        "ns" : 9207878.047619049,
        "us" : 9207.878047619048,
        "ms" : 9.20787804761905,
        "s" : 0.009207878047619049
      },
      "min" : {
        "ns" : 2785408,
        "us" : 2785.408,
        "ms" : 2.785408,
        "s" : 0.002785408
      },
      "max" : {
        "ns" : 111544147,
        "us" : 111544.147,
        "ms" : 111.544147,
        "s" : 0.111544147
      }
    },
    "testMethod" : {
      "count" : 21,
      "average" : {
        "ns" : 1.305615661904762E7,
        "us" : 13056.156619047619,
        "ms" : 13.05615661904762,
        "s" : 0.01305615661904762
      },
      "min" : {
        "ns" : 11260439,
        "us" : 11260.439,
        "ms" : 11.260439,
        "s" : 0.011260439
      },
      "max" : {
        "ns" : 20663506,
        "us" : 20663.506,
        "ms" : 20.663506,
        "s" : 0.020663506
      }
    },
    "getTraceWithDelay" : {
      "count" : 21,
      "average" : {
        "ns" : 1.729957419047619E7,
        "us" : 17299.57419047619,
        "ms" : 17.29957419047619,
        "s" : 0.017299574190476192
      },
      "min" : {
        "ns" : 10016090,
        "us" : 10016.09,
        "ms" : 10.01609,
        "s" : 0.01001609
      },
      "max" : {
        "ns" : 102298487,
        "us" : 102298.487,
        "ms" : 102.298487,
        "s" : 0.102298487
      }
    },
    "getTrace" : {
      "count" : 21,
      "average" : {
        "ns" : 1.040858657142857E7,
        "us" : 10408.58657142857,
        "ms" : 10.408586571428572,
        "s" : 0.01040858657142857
      },
      "min" : {
        "ns" : 5343808,
        "us" : 5343.808,
        "ms" : 5.343808,
        "s" : 0.005343808
      },
      "max" : {
        "ns" : 73559367,
        "us" : 73559.367,
        "ms" : 73.559367,
        "s" : 0.073559367
      }
    },
    "handleResult" : {
      "count" : 21,
      "average" : {
        "ns" : 3684481.5714285714,
        "us" : 3684.4815714285714,
        "ms" : 3.6844815714285715,
        "s" : 0.0036844815714285714
      },
      "min" : {
        "ns" : 1762069,
        "us" : 1762.069,
        "ms" : 1.762069,
        "s" : 0.001762069
      },
      "max" : {
        "ns" : 20064282,
        "us" : 20064.282,
        "ms" : 20.064282,
        "s" : 0.020064282
      }
    },
    "StrategyRunner.analyze" : {
      "count" : 21,
      "average" : {
        "ns" : 3577810.6666666665,
        "us" : 3577.8106666666663,
        "ms" : 3.5778106666666667,
        "s" : 0.0035778106666666666
      },
      "min" : {
        "ns" : 1622463,
        "us" : 1622.463,
        "ms" : 1.622463,
        "s" : 0.001622463
      },
      "max" : {
        "ns" : 19664867,
        "us" : 19664.867,
        "ms" : 19.664867,
        "s" : 0.019664867
      }
    },
    "DynamicExplorationGenerator.handleFeedback<Analyzer>" : {
      "count" : 21,
      "average" : {
        "ns" : 529273.0,
        "us" : 529.273,
        "ms" : 0.529273,
        "s" : 5.29273E-4
      },
      "min" : {
        "ns" : 67803,
        "us" : 67.803,
        "ms" : 0.067803,
        "s" : 6.7803E-5
      },
      "max" : {
        "ns" : 5909030,
        "us" : 5909.03,
        "ms" : 5.90903,
        "s" : 0.00590903
      }
    },
    "HappyPathDetector.handleFeedback<Analyzer>" : {
      "count" : 21,
      "average" : {
        "ns" : 26810.52380952381,
        "us" : 26.810523809523808,
        "ms" : 0.02681052380952381,
        "s" : 2.681052380952381E-5
      },
      "min" : {
        "ns" : 2500,
        "us" : 2.5,
        "ms" : 0.0025,
        "s" : 2.5E-6
      },
      "max" : {
        "ns" : 494219,
        "us" : 494.219,
        "ms" : 0.494219,
        "s" : 4.94219E-4
      }
    },
    "ParentChildDetector.handleFeedback<Analyzer>" : {
      "count" : 21,
      "average" : {
        "ns" : 429154.90476190473,
        "us" : 429.15490476190473,
        "ms" : 0.4291549047619047,
        "s" : 4.291549047619047E-4
      },
      "min" : {
        "ns" : 37301,
        "us" : 37.301,
        "ms" : 0.037301,
        "s" : 3.7301E-5
      },
      "max" : {
        "ns" : 7716901,
        "us" : 7716.901,
        "ms" : 7.716901,
        "s" : 0.007716901
      }
    },
    "HappensBeforeNeighbourDetector.handleFeedback<Analyzer>" : {
      "count" : 21,
      "average" : {
        "ns" : 441012.4761904762,
        "us" : 441.0124761904762,
        "ms" : 0.44101247619047623,
        "s" : 4.410124761904762E-4
      },
      "min" : {
        "ns" : 13201,
        "us" : 13.201,
        "ms" : 0.013201,
        "s" : 1.3201E-5
      },
      "max" : {
        "ns" : 1195546,
        "us" : 1195.546,
        "ms" : 1.195546,
        "s" : 0.001195546
      }
    },
    "ErrorPropagationDetector.handleFeedback<Analyzer>" : {
      "count" : 21,
      "average" : {
        "ns" : 377428.90476190473,
        "us" : 377.42890476190473,
        "ms" : 0.3774289047619047,
        "s" : 3.7742890476190474E-4
      },
      "min" : {
        "ns" : 4200,
        "us" : 4.2,
        "ms" : 0.0042,
        "s" : 4.2E-6
      },
      "max" : {
        "ns" : 1225548,
        "us" : 1225.548,
        "ms" : 1.225548,
        "s" : 0.001225548
      }
    },
    "ConditionalPointDetector.handleFeedback<Analyzer>" : {
      "count" : 21,
      "average" : {
        "ns" : 724014.0476190476,
        "us" : 724.0140476190476,
        "ms" : 0.7240140476190475,
        "s" : 7.240140476190475E-4
      },
      "min" : {
        "ns" : 163407,
        "us" : 163.407,
        "ms" : 0.163407,
        "s" : 1.63407E-4
      },
      "max" : {
        "ns" : 4141561,
        "us" : 4141.561,
        "ms" : 4.141561,
        "s" : 0.004141561
      }
    },
    "RedundancyAnalyzer.handleFeedback<Analyzer>" : {
      "count" : 21,
      "average" : {
        "ns" : 38458.666666666664,
        "us" : 38.458666666666666,
        "ms" : 0.03845866666666666,
        "s" : 3.8458666666666665E-5
      },
      "min" : {
        "ns" : 17400,
        "us" : 17.4,
        "ms" : 0.0174,
        "s" : 1.74E-5
      },
      "max" : {
        "ns" : 233709,
        "us" : 233.709,
        "ms" : 0.233709,
        "s" : 2.33709E-4
      }
    },
    "StatusAnalyzer.handleFeedback<Analyzer>" : {
      "count" : 21,
      "average" : {
        "ns" : 20129.380952380954,
        "us" : 20.129380952380956,
        "ms" : 0.020129380952380954,
        "s" : 2.0129380952380955E-5
      },
      "min" : {
        "ns" : 3400,
        "us" : 3.4,
        "ms" : 0.0034,
        "s" : 3.4E-6
      },
      "max" : {
        "ns" : 189307,
        "us" : 189.307,
        "ms" : 0.189307,
        "s" : 1.89307E-4
      }
    },
    "BehaviorAnalyzer.handleFeedback<Analyzer>" : {
      "count" : 21,
      "average" : {
        "ns" : 471775.5238095238,
        "us" : 471.7755238095238,
        "ms" : 0.4717755238095238,
        "s" : 4.7177552380952377E-4
      },
      "min" : {
        "ns" : 274110,
        "us" : 274.11,