{
  "stats" : {
    "nextFaultload" : {
      "count" : 9,
      "average" : {
        "ns" : 2316641.111111111,
        "us" : 2316.641111111111,
        "ms" : 2.316641111111111,
        "s" : 0.002316641111111111
      },
      "min" : {
        "ns" : 19401,
        "us" : 19.401,
        "ms" : 0.019401,
        "s" : 1.9401E-5
      },
      "max" : {
        "ns" : 3880518,
        "us" : 3880.518,
        "ms" : 3.880518,
        "s" : 0.003880518
      }
    },
    "Per test" : {
      "count" : 8,
      "average" : {
        "ns" : 6.2867640625E7,
        "us" : 62867.640625,
        "ms" : 62.867640625,
        "s" : 0.062867640625
      },
      "min" : {
        "ns" : 27185437,
        "us" : 27185.437,
        "ms" : 27.185437,
        "s" : 0.027185437
      },
      "max" : {
        "ns" : 243338762,
        "us" : 243338.762,
        "ms" : 243.338762,
        "s" : 0.243338762
      }
    },
    "registerFaultload" : {
      "count" : 8,
      "average" : {
        "ns" : 1.9467099625E7,
        "us" : 19467.099625,
        "ms" : 19.467099625,
        "s" : 0.019467099625
      },
      "min" : {
        "ns" : 3350567,
        "us" : 3350.567,
        "ms" : 3.350567,
        "s" : 0.003350567
      },
      "max" : {
        "ns" : 115697348,
        "us" : 115697.348,
        "ms" : 115.697348,
        "s" : 0.115697348
      }
    },
    "testMethod" : {
      "count" : 8,
      "average" : {
        "ns" : 1.5822905625E7,
        "us" : 15822.905625,
        "ms" : 15.822905625,
        "s" : 0.015822905625
      },
      "min" : {
        "ns" : 9363230,
        "us" : 9363.23,
        "ms" : 9.36323,
        "s" : 0.00936323
      },
      "max" : {
        "ns" : 30490987,
        "us" : 30490.987,
        "ms" : 30.490987,
        "s" : 0.030490987
      }
    },
    "getTraceWithDelay" : {
      "count" : 8,
      "average" : {
        "ns" : 2.757905175E7,
        "us" : 27579.05175,
        "ms" : 27.57905175,
        "s" : 0.02757905175
      },
      "min" : {
        "ns" : 12343264,
        "us" : 12343.264,
        "ms" : 12.343264,
        "s" : 0.012343264
      },
      "max" : {
        "ns" : 97086503,
        "us" : 97086.503,
        "ms" : 97.086503,
        "s" : 0.097086503
      }
    },
    "getTrace" : {
      "count" : 8,
      "average" : {
        "ns" : 1.8147600875E7,
        "us" : 18147.600875,
        "ms" : 18.147600875,
        "s" : 0.018147600875
      },
      "min" : {
        "ns" : 7742154,
        "us" : 7742.154,
        "ms" : 7.742154,
        "s" : 0.007742154
      },
      "max" : {
        "ns" : 77017204,
        "us" : 77017.204,
        "ms" : 77.017204,
        "s" : 0.077017204
      }
    },
    "handleResult" : {
      "count" : 8,
      "average" : {
        "ns" : 6274139.5,
        "us" : 6274.1395,
        "ms" : 6.2741395,
        "s" : 0.0062741395
      },
      "min" : {
        "ns" : 1683948,
        "us" : 1683.948,
        "ms" : 1.683948,
        "s" : 0.001683948
      },
      "max" : {
        "ns" : 17886229,
        "us" : 17886.229,
        "ms" : 17.886229,
        "s" : 0.017886229
      }
    },
    "StrategyRunner.analyze" : {
      "count" : 8,
      "average" : {
        "ns" : 6225157.75,
        "us" : 6225.15775,
        "ms" : 6.22515775,
        "s" : 0.00622515775
      },
      "min" : {
        "ns" : 1673458,
        "us" : 1673.458,
        "ms" : 1.673458,
        "s" : 0.001673458
      },
      "max" : {
        "ns" : 17873987,
        "us" : 17873.987,
        "ms" : 17.873987,
        "s" : 0.017873987
      }
    },
    "DynamicExplorationGenerator.handleFeedback<Analyzer>" : {
      "count" : 8,
      "average" : {
        "ns" : 1199563.125,
        "us" : 1199.563125,
        "ms" : 1.199563125,
        "s" : 0.001199563125
      },
      "min" : {
        "ns" : 82035,
        "us" : 82.035,
        "ms" : 0.082035,
        "s" : 8.2035E-5
      },
      "max" : {
        "ns" : 6774158,
        "us" : 6774.158,
        "ms" : 6.774158,
        "s" : 0.006774158
      }
    },
    "HappyPathDetector.handleFeedback<Analyzer>" : {
      "count" : 8,
      "average" : {
        "ns" : 63496.25,
        "us" : 63.49625,
        "ms" : 0.06349625,
        "s" : 6.349625E-5
      },
      "min" : {
        "ns" : 2780,
        "us" : 2.78,
        "ms" : 0.00278,
        "s" : 2.78E-6
      },
      "max" : {
        "ns" : 482818,
        "us" : 482.818,
        "ms" : 0.482818,
        "s" : 4.82818E-4
      }
    },
    "ParentChildDetector.handleFeedback<Analyzer>" : {
      "count" : 8,
      "average" : {
        "ns" : 390786.75,
        "us" : 390.78675,
        "ms" : 0.39078675,
        "s" : 3.9078675E-4
      },
      "min" : {
        "ns" : 41362,
        "us" : 41.362,
        "ms" : 0.041362,
        "s" : 4.1362E-5
      },
      "max" : {
        "ns" : 2360778,
        "us" : 2360.778,
        "ms" : 2.360778,
        "s" : 0.002360778
      }
    },
    "HappensBeforeNeighbourDetector.handleFeedback<Analyzer>" : {
      "count" : 8,
      "average" : {
        "ns" : 575435.125,
        "us" : 575.435125,
        "ms" : 0.575435125,
        "s" : 5.75435125E-4
      },
      "min" : {
        "ns" : 11901,
        "us" : 11.901,
        "ms" : 0.011901,
        "s" : 1.1901E-5
      },
      "max" : {
        "ns" : 2153537,
        "us" : 2153.537,
        "ms" : 2.153537,
        "s" : 0.002153537
      }
    },
    "ErrorPropagationDetector.handleFeedback<Analyzer>" : {
      "count" : 8,
      "average" : {
        "ns" : 287540.25,
        "us" : 287.54025,
        "ms" : 0.28754025,
        "s" : 2.8754025E-4
      },
      "min" : {
        "ns" : 13091,
        "us" : 13.091,
        "ms" : 0.013091,
        "s" : 1.3091E-5
      },
      "max" : {
        "ns" : 819265,
        "us" : 819.265,
        "ms" : 0.819265,
        "s" : 8.19265E-4
      }
    },
    "ConditionalPointDetector.handleFeedback<Analyzer>" : {
      "count" : 8,
      "average" : {
        "ns" : 901942.0,
        "us" : 901.942,
        "ms" : 0.901942,
        "s" : 9.01942E-4
      },
      "min" : {
        "ns" : 149269,
        "us" : 149.269,
        "ms" : 0.149269,
        "s" : 1.49269E-4
      },
      "max" : {
        "ns" : 4741949,
        "us" : 4741.949,
        "ms" : 4.741949,
        "s" : 0.004741949
      }
    },
    "RedundancyAnalyzer.handleFeedback<Analyzer>" : {
      "count" : 8,
      "average" : {
        "ns" : 51065.375,
        "us" : 51.065375,
        "ms" : 0.051065375,
        "s" : 5.1065375E-5
      },
      "min" : {
        "ns" : 25581,
        "us" : 25.581,
        "ms" : 0.025581,
        "s" : 2.5581E-5
      },
      "max" : {
        "ns" : 167490,
        "us" : 167.49,
        "ms" : 0.16749,
        "s" : 1.6749E-4
      }
    },
    "StatusAnalyzer.handleFeedback<Analyzer>" : {
      "count" : 8,
      "average" : {
        "ns" : 37164.75,
        "us" : 37.16475,
        "ms" : 0.03716475,
        "s" : 3.716475E-5
      },
      "min" : {
        "ns" : 4531,
        "us" : 4.531,
        "ms" : 0.004531,
        "s" : 4.531E-6
      },
      "max" : {
        "ns" : 247385,
        "us" : 247.385,
        "ms" : 0.247385,
        "s" : 2.47385E-4
      }
    },
    "BehaviorAnalyzer.handleFeedback<Analyzer>" : {
      "count" : 8,
      "average" : {
        "ns" : 354173.5,
        "us" : 354.1735,
        "ms" : 0.3541735,
        "s" : 3.541735E-4
      },
      "min" : {
        "ns" : 83785,
        "us" : 83.785,
        "ms" : 0.083785,
        "s" : 8.3785E-5
      },
      "max" : {
        "ns" : 943395,
        "us" : 943.395,
        "ms" : 0.943395,
        "s" : 9.43395E-4
      }
    },
    "TimingAnalyzer.handleFeedback<Analyzer>" : {
      "count" : 8,
      "average" : {
        "ns" : 210136.25,
        "us" : 210.13625,
        "ms" : 0.21013625,
        "s" : 2.1013625E-4
      },
      "min" : {
        "ns" : 49853,
        "us" : 49.853,