{
  "responses" : [ {
    "behaviour" : "Behaviour[uid=controller:POST /v1/faultload/register(680c4bbc)#0, mode=null]",
    "min_ms" : 51.51563262939453,
    "average_ms" : 51.51563262939453,
    "max_ms" : 51.51563262939453,
    "count" : 1,
    "values" : [ 51.515633 ]
  }, {
    "behaviour" : "Behaviour[uid=controller:POST /v1/faultload/register(680c4bbc)#0, mode=HTTP_ERROR(500)]",
    "min_ms" : 4.770202159881592,
    "average_ms" : 6.043541058417289,
    "max_ms" : 17.018909454345703,
    "count" : 124,
    "values" : [ 9.729632, 10.099252, 11.185756, 7.048564, 7.021848, 6.262678, 6.983812, 9.047879, 17.01891, 6.292043, 9.651638, 6.421151, 6.212219, 12.978432, 5.424237, 8.09383, 6.008185, 6.14261, 8.530933, 5.047376, 5.979875, 5.847858, 5.118098, 5.140736, 4.916183, 7.407758, 5.422068, 5.335364, 5.060447, 5.622204, 5.337565, 6.11659, 5.272233, 5.768324, 5.107348, 5.142654, 4.831479, 4.800768, 5.218911, 6.732098, 5.600443, 6.960245, 5.266424, 5.500891, 5.297111, 6.594973, 5.527322, 5.995326, 6.657276, 5.693243, 6.212792, 6.933405, 5.182892, 4.804309, 4.770202, 6.240482, 5.594513, 5.695726, 5.285454, 4.799867, 4.838927, 8.221155, 5.050816, 5.112001, 5.332365, 5.245772, 4.900124, 6.707777, 5.732982, 5.722798, 5.220932, 5.805699, 5.066047, 5.376895, 4.845555, 5.618838, 5.580733, 5.258932, 6.644746, 5.725623, 6.372257, 5.139195, 6.000215, 5.219762, 7.940776, 5.319735, 5.867361, 5.562702, 7.529724, 5.784909, 5.451609, 5.218036, 4.84483, 5.9793, 5.137589, 5.87072, 5.092699, 6.226603, 5.49033, 5.270192, 5.390711, 5.415027, 5.411918, 5.484011, 5.68621, 6.188197, 5.650934, 6.293694, 5.000545, 5.819678, 5.19706, 5.873475, 5.084327, 5.552266, 6.054262, 5.551991, 5.33877, 5.087072, 5.356386, 4.878581, 5.252711, 4.987124, 5.938473, 5.585963 ]
  }, {
    "behaviour" : "Behaviour[uid=controller:POST /v1/faultload/register(680c4bbc)#0>proxy1:POST /v1/faultload/register(680c4bbc)#0, mode=null]",
    "min_ms" : 1.0399810075759888,
    "average_ms" : 2.7874398708343504,
    "max_ms" : 32.94152069091797,
    "count" : 25,
    "values" : [ 32.94152, 1.94259, 1.62318, 1.372013, 1.385723, 1.121005, 1.299025, 1.587593, 1.847767, 1.508996, 1.394983, 4.20647, 1.039981, 1.04908, 1.712912, 1.130725, 1.112423, 1.365473, 1.382123, 1.14827, 1.313196, 1.492226, 2.362669, 1.179116, 1.166937 ]
  }, {
    "behaviour" : "Behaviour[uid=controller:POST /v1/faultload/register(680c4bbc)#0>proxy3:POST /v1/faultload/register(680c4bbc)#0, mode=null]",
    "min_ms" : 0.9960700273513794,
    "average_ms" : 2.7067747497558594,
    "max_ms" : 33.19084167480469,
    "count" : 25,
    "values" : [ 33.19084, 1.288891, 1.463824, 1.26116, 3.880221, 1.286609, 1.564338, 2.022413, 1.377082, 1.279344, 1.789594, 1.28526, 1.396939, 1.409274, 1.251898, 1.174927, 1.258078, 1.143236, 1.201758, 1.102004, 1.090364, 1.491786, 1.038582, 1.424875, 0.99607 ]
  }, {
    "behaviour" : "Behaviour[uid=controller:POST /v1/faultload/register(680c4bbc)#0>proxy2:POST /v1/faultload/register(680c4bbc)#0, mode=null]",
    "min_ms" : 0.9687560200691223,
    "average_ms" : 2.51887015581131,
    "max_ms" : 32.94418716430664,
    "count" : 25,
    "values" : [ 32.944187, 1.541418, 1.333071, 1.099854, 1.488496, 1.354401, 1.448965, 1.562369, 1.177014, 1.259519, 1.247419, 1.244758, 1.606048, 1.437735, 1.034742, 1.137945, 0.988481, 1.233848, 0.994981, 1.204579, 1.253698, 1.103639, 0.968756, 1.022051, 1.28378 ]
  } ],
  "overhead" : [ {
    "behaviour" : "Behaviour[uid=controller:POST /v1/faultload/register(680c4bbc)#0, mode=null]",
    "min_ms" : 2.3815250396728516,
    "average_ms" : 2.3815250396728516,
    "max_ms" : 2.3815250396728516,
    "count" : 1,
    "values" : [ 2.381525 ]
  }, {
    "behaviour" : "Behaviour[uid=controller:POST /v1/faultload/register(680c4bbc)#0, mode=HTTP_ERROR(500)]",
    "min_ms" : 0.998511016368866,
    "average_ms" : 1.848903474788512,
    "max_ms" : 44.78620529174805,
    "count" : 124,
    "values" : [ 1.685062, 3.714564, 1.409944, 1.528437, 1.524937, 1.275315, 1.767495, 1.575406, 1.96016, 1.746216, 1.736464, 1.558399, 1.319535, 3.910521, 1.380263, 1.067962, 1.471524, 1.464885, 1.358453, 1.26972, 1.388693, 1.419666, 1.278699, 1.20601, 1.242782, 1.233309, 1.325641, 1.219964, 1.319708, 1.220315, 1.185257, 1.320491, 1.28594, 1.254357, 1.433494, 1.278394, 1.036693, 1.223988, 1.356016, 1.617811, 1.330532, 1.33398, 1.393307, 1.096944, 1.317507, 1.325232, 1.16226, 1.460684, 1.498446, 1.146487, 1.618369, 1.211046, 1.238308, 21.433622, 1.063156, 1.511638, 1.230228, 1.139586, 1.107415, 1.171676, 1.083366, 1.230298, 1.228038, 1.166315, 1.332161, 1.31939, 1.110374, 1.207715, 1.436499, 1.785255, 1.125375, 1.210669, 1.273229, 1.122926, 1.071099, 1.014927, 1.370732, 1.27338, 1.220678, 1.289044, 1.334481, 1.1819, 1.299031, 1.248608, 1.353902, 1.293539, 1.290009, 1.283, 1.265268, 1.175596, 1.146343, 1.079238, 1.079541, 1.215077, 1.352041, 1.174956, 1.351071, 1.407064, 1.117549, 1.199868, 1.275255, 1.323701, 1.167706, 1.354483, 1.318652, 1.268219, 1.123242, 1.140935, 1.263839, 1.379175, 1.361787, 1.332166, 1.240239, 1.2872, 1.224917, 1.421694, 1.186662, 44.786205, 1.006571, 1.311361, 0.998511, 1.150605, 1.162297, 1.096143 ]
  }, {
    "behaviour" : "Behaviour[uid=controller:POST /v1/faultload/register(680c4bbc)#0>proxy2:POST /v1/faultload/register(680c4bbc)#0, mode=null]",
    "min_ms" : 0.8589709997177124,
    "average_ms" : 1.4895724749565125,
    "max_ms" : 3.3812239170074463,
    "count" : 25,
    "values" : [ 1.900779, 2.929871, 1.532927, 2.333462, 1.384473, 1.516807, 1.308241, 3.381224, 1.025021, 1.207537, 1.2627, 1.120775, 1.759876, 1.366642, 1.304955, 0.889306, 0.993368, 1.190756, 1.171117, 1.33919, 1.25951, 0.858971, 1.256749, 1.245498, 1.699557 ]
  }, {
    "behaviour" : "Behaviour[uid=controller:POST /v1/faultload/register(680c4bbc)#0>proxy1:POST /v1/faultload/register(680c4bbc)#0, mode=HTTP_ERROR(500)]",
    "min_ms" : 0.9199029803276062,
    "average_ms" : 1.4727709364891053,
    "max_ms" : 7.089199066162109,
    "count" : 25,
    "values" : [ 7.089199, 1.134614, 1.134855, 1.173543, 1.101625, 1.528588, 1.016142, 0.919903, 0.931409, 1.113405, 1.339372, 1.110923, 1.065054, 1.156007, 1.339452, 1.515077, 1.228713, 0.994478, 1.832262, 1.146771, 1.570844, 1.187488, 1.162806, 1.036442, 1.990301 ]
  }, {
    "behaviour" : "Behaviour[uid=controller:POST /v1/faultload/register(680c4bbc)#0>proxy1:POST /v1/faultload/register(680c4bbc)#0, mode=null]",
    "min_ms" : 0.8532660007476807,
    "average_ms" : 1.406698353290558,
    "max_ms" : 3.44577693939209,
    "count" : 25,
    "values" : [ 2.050331, 3.445777, 1.355552, 1.297079, 1.317871, 2.454041, 1.376987, 1.563325, 1.742444, 1.192097, 1.227418, 1.29907, 1.456444, 0.8926, 1.233868, 1.254649, 1.382004, 0.853266, 1.145626, 0.992996, 0.962065, 1.075523, 1.123869, 1.25516, 1.217397 ]
  }, {
    "behaviour" : "Behaviour[uid=controller:POST /v1/faultload/register(680c4bbc)#0>proxy1:POST /v1/faultload/register(680c4bbc)#0, mode=HTTP_ERROR(503)]",
    "min_ms" : 0.9504280090332031,
    "average_ms" : 1.4007165765762328,
    "max_ms" : 6.57053279876709,
    "count" : 25,
    "values" : [ 1.063232, 6.570533, 0.953179, 1.158986, 1.427554, 1.811026, 1.105845, 0.950428, 1.27401, 1.132535, 1.070312, 1.012818, 1.008775, 1.06197, 1.184688, 1.31112, 1.435403, 1.022152, 1.062243, 1.071054, 1.340222, 1.442604, 1.215138, 1.093104, 1.238984 ]
  }, {
    "behaviour" : "Behaviour[uid=controller:POST /v1/faultload/register(680c4bbc)#0>proxy3:POST /v1/faultload/register(680c4bbc)#0, mode=HTTP_ERROR(502)]",
    "min_ms" : 1.0766030550003052,
    "average_ms" : 1.384150309562683,
    "max_ms" : 3.7588770389556885,
    "count" : 25,