{
  "stats" : {
    "nextFaultload" : {
      "count" : 9,
      "average" : {
        "ns" : 2587267.777777778,
        "us" : 2587.267777777778,
        "ms" : 2.587267777777778,
        "s" : 0.002587267777777778
      },
      "min" : {
        "ns" : 537521,
        "us" : 537.521,
        "ms" : 0.537521,
        "s" : 5.37521E-4
      },
      "max" : {
        "ns" : 3922453,
        "us" : 3922.453,
        "ms" : 3.922453,
        "s" : 0.003922453
      }
    },
    "Per test" : {
      "count" : 8,
      "average" : {
        "ns" : 5.8772347875E7,
        "us" : 58772.347875,
        "ms" : 58.772347875,
        "s" : 0.058772347875
      },
      "min" : {
        "ns" : 24811070,
        "us" : 24811.07,
        "ms" : 24.81107,
        "s" : 0.02481107
      },
      "max" : {
        "ns" : 232957008,
        "us" : 232957.008,
        "ms" : 232.957008,
        "s" : 0.232957008
      }
    },
    "registerFaultload" : {
      "count" : 8,
      "average" : {
        "ns" : 1.8087294875E7,
        "us" : 18087.294875,
        "ms" : 18.087294875,
        "s" : 0.018087294875
      },
      "min" : {
        "ns" : 2931714,
        "us" : 2931.714,
        "ms" : 2.931714,
        "s" : 0.002931714
      },
      "max" : {
        "ns" : 105989344,
        "us" : 105989.344,
        "ms" : 105.989344,
        "s" : 0.105989344
      }
    },
    "testMethod" : {
      "count" : 8,
      "average" : {
        "ns" : 1.4715762875E7,
        "us" : 14715.762875,
        "ms" : 14.715762875,
        "s" : 0.014715762875
      },
      "min" : {
        "ns" : 9250662,
        "us" : 9250.662,
        "ms" : 9.250662,
        "s" : 0.009250662
      },
      "max" : {
        "ns" : 26718145,
        "us" : 26718.145,
        "ms" : 26.718145,
        "s" : 0.026718145
      }
    },
    "getTraceWithDelay" : {
      "count" : 8,
      "average" : {
        "ns" : 2.5743969125E7,
        "us" : 25743.969125,
        "ms" : 25.743969125,
        "s" : 0.025743969125
      },
      "min" : {
        "ns" : 12011769,
        "us" : 12011.769,
        "ms" : 12.011769,
        "s" : 0.012011769
      },
      "max" : {
        "ns" : 99941007,
        "us" : 99941.007,
        "ms" : 99.941007,
        "s" : 0.099941007
      }
    },
    "getTrace" : {
      "count" : 8,
      "average" : {
        "ns" : 1.6080866125E7,
        "us" : 16080.866125,
        "ms" : 16.080866125,
        "s" : 0.016080866125
      },
      "min" : {
        "ns" : 6859668,
        "us" : 6859.668,
        "ms" : 6.859668,
        "s" : 0.006859668
      },
      "max" : {
        "ns" : 70989675,
        "us" : 70989.675,
        "ms" : 70.989675,
        "s" : 0.070989675
      }
    },
    "handleResult" : {
      "count" : 8,
      "average" : {
        "ns" : 5891743.25,
        "us" : 5891.74325,
        "ms" : 5.89174325,
        "s" : 0.00589174325
      },
      "min" : {
        "ns" : 1857473,
        "us" : 1857.473,
        "ms" : 1.857473,
        "s" : 0.001857473
      },
      "max" : {
        "ns" : 20520802,
        "us" : 20520.802,
        "ms" : 20.520802,
        "s" : 0.020520802
      }
    },
    "StrategyRunner.analyze" : {
      "count" : 8,
      "average" : {
        "ns" : 5741061.75,
        "us" : 5741.06175,
        "ms" : 5.74106175,
        "s" : 0.00574106175
      },
      "min" : {
        "ns" : 1763369,
        "us" : 1763.369,
        "ms" : 1.763369,
        "s" : 0.001763369
      },
      "max" : {
        "ns" : 20194789,
        "us" : 20194.789,
        "ms" : 20.194789,
        "s" : 0.020194789
      }
    },
    "DynamicExplorationGenerator.handleFeedback<Analyzer>" : {
      "count" : 8,
      "average" : {
        "ns" : 996913.875,
        "us" : 996.913875,
        "ms" : 0.996913875,
        "s" : 9.96913875E-4
      },
      "min" : {
        "ns" : 78603,
        "us" : 78.603,
        "ms" : 0.078603,
        "s" : 7.8603E-5
      },
      "max" : {
        "ns" : 5632220,
        "us" : 5632.22,
        "ms" : 5.63222,
        "s" : 0.00563222
      }
    },
    "HappyPathDetector.handleFeedback<Analyzer>" : {
      "count" : 8,
      "average" : {
        "ns" : 89028.5,
        "us" : 89.0285,
        "ms" : 0.0890285,
        "s" : 8.90285E-5
      },
      "min" : {
        "ns" : 3200,
        "us" : 3.2,
        "ms" : 0.0032,
        "s" : 3.2E-6
      },
      "max" : {
        "ns" : 681327,
        "us" : 681.327,
        "ms" : 0.681327,
        "s" : 6.81327E-4
      }
    },
    "ParentChildDetector.handleFeedback<Analyzer>" : {
      "count" : 8,
      "average" : {
        "ns" : 1073116.875,
        "us" : 1073.116875,
        "ms" : 1.073116875,
        "s" : 0.001073116875
      },
      "min" : {
        "ns" : 40402,
        "us" : 40.402,
        "ms" : 0.040402,
        "s" : 4.0402E-5
      },
      "max" : {
        "ns" : 8011613,
        "us" : 8011.613,
        "ms" : 8.011613,
        "s" : 0.008011613
      }
    },
    "HappensBeforeNeighbourDetector.handleFeedback<Analyzer>" : {
      "count" : 8,
      "average" : {
        "ns" : 381227.5,
        "us" : 381.2275,
        "ms" : 0.3812275,
        "s" : 3.812275E-4
      },
      "min" : {
        "ns" : 12201,
        "us" : 12.201,
        "ms" : 0.012201,
        "s" : 1.2201E-5
      },
      "max" : {
        "ns" : 1371453,
        "us" : 1371.453,
        "ms" : 1.371453,
        "s" : 0.001371453
      }
    },
    "ErrorPropagationDetector.handleFeedback<Analyzer>" : {
      "count" : 8,
      "average" : {
        "ns" : 899247.875,
        "us" : 899.247875,
        "ms" : 0.899247875,
        "s" : 8.99247875E-4
      },
      "min" : {
        "ns" : 14601,
        "us" : 14.601,
        "ms" : 0.014601,
        "s" : 1.4601E-5
      },
      "max" : {
        "ns" : 3380232,
        "us" : 3380.232,
        "ms" : 3.380232,
        "s" : 0.003380232
      }
    },
    "ConditionalPointDetector.handleFeedback<Analyzer>" : {
      "count" : 8,
      "average" : {
        "ns" : 820269.625,
        "us" : 820.269625,
        "ms" : 0.820269625,
        "s" : 8.20269625E-4
      },
      "min" : {
        "ns" : 125305,
        "us" : 125.305,
        "ms" : 0.125305,
        "s" : 1.25305E-4
      },
      "max" : {
        "ns" : 4605080,
        "us" : 4605.08,
        "ms" : 4.60508,
        "s" : 0.00460508
      }
    },
    "RedundancyAnalyzer.handleFeedback<Analyzer>" : {
      "count" : 8,
      "average" : {
        "ns" : 37051.375,
        "us" : 37.051375,
        "ms" : 0.037051375,
        "s" : 3.7051375E-5
      },
      "min" : {
        "ns" : 21701,
        "us" : 21.701,
        "ms" : 0.021701,
        "s" : 2.1701E-5
      },
      "max" : {
        "ns" : 69402,
        "us" : 69.402,
        "ms" : 0.069402,
        "s" : 6.9402E-5
      }
    },
    "StatusAnalyzer.handleFeedback<Analyzer>" : {
      "count" : 8,
      "average" : {
        "ns" : 21938.5,
        "us" : 21.9385,
        "ms" : 0.0219385,
        "s" : 2.19385E-5
      },
      "min" : {
        "ns" : 4600,
        "us" : 4.6,
        "ms" : 0.0046,
        "s" : 4.6E-6
      },
      "max" : {
        "ns" : 130605,
        "us" : 130.605,
        "ms" : 0.130605,
        "s" : 1.30605E-4
      }
    },
    "BehaviorAnalyzer.handleFeedback<Analyzer>" : {
      "count" : 8,
      "average" : {
        "ns" : 541783.5,
        "us" : 541.7835,
        "ms" : 0.5417835,
        "s" : 5.417835E-4
      },
      "min" : {
        "ns" : 260410,
        "us" : 260.41,
        "ms" : 0.26041,
        "s" : 2.6041E-4
      },
      "max" : {
        "ns" : 1473957,
        "us" : 1473.957,
        "ms" : 1.473957,
        "s" : 0.001473957
      }
    },
    "TimingAnalyzer.handleFeedback<Analyzer>" : {
      "count" : 8,
      "average" : {
        "ns" : 179619.375,
        "us" : 179.619375,
        "ms" : 0.179619375,
        "s" : 1.79619375E-4
      },
      "min" : {
        "ns" : 48602,
        "us" : 48.602,