{
  "stats" : {
    "nextFaultload" : {
      "count" : 9,
      "average" : {
        "ns" : 2510206.0,
        "us" : 2510.206,
        "ms" : 2.510206,
        "s" : 0.002510206
      },
      "min" : {
        "ns" : 19461,
        "us" : 19.461,
        "ms" : 0.019461,
        "s" : 1.9461E-5
      },
      "max" : {
        "ns" : 4980081,
        "us" : 4980.081,
        "ms" : 4.980081,
        "s" : 0.004980081
      }
    },
    "Per test" : {
      "count" : 8,
      "average" : {
        "ns" : 6.5034779375E7,
        "us" : 65034.779375,
        "ms" : 65.034779375,
        "s" : 0.065034779375
      },
      "min" : {
        "ns" : 26657684,
        "us" : 26657.684,
        "ms" : 26.657684,
        "s" : 0.026657684
      },
      "max" : {
        "ns" : 255935629,
        "us" : 255935.629,
        "ms" : 255.935629,
        "s" : 0.255935629
      }
    },
    "registerFaultload" : {
      "count" : 8,
      "average" : {
        "ns" : 2.127276675E7,
        "us" : 21272.76675,
        "ms" : 21.27276675,
        "s" : 0.02127276675
      },
      "min" : {
        "ns" : 3266335,
        "us" : 3266.335,
        "ms" : 3.266335,
        "s" : 0.003266335
      },
      "max" : {
        "ns" : 129086042,
        "us" : 129086.042,
        "ms" : 129.086042,
        "s" : 0.129086042
      }
    },
    "testMethod" : {
      "count" : 8,
      "average" : {
        "ns" : 1.5447850625E7,
        "us" : 15447.850625,
        "ms" : 15.447850625,
        "s" : 0.015447850625
      },
      "min" : {
        "ns" : 9286884,
        "us" : 9286.884,
        "ms" : 9.286884,
        "s" : 0.009286884
      },
      "max" : {
        "ns" : 27537244,
        "us" : 27537.244,
        "ms" : 27.537244,
        "s" : 0.027537244
      }
    },
    "getTraceWithDelay" : {
      "count" : 8,
      "average" : {
        "ns" : 2.8319251125E7,
        "us" : 28319.251125,
        "ms" : 28.319251125,
        "s" : 0.028319251125
      },
      "min" : {
        "ns" : 13431888,
        "us" : 13431.888,
        "ms" : 13.431888,
        "s" : 0.013431888
      },
      "max" : {
        "ns" : 99225888,
        "us" : 99225.888,
        "ms" : 99.225888,
        "s" : 0.099225888
      }
    },
    "getTrace" : {
      "count" : 8,
      "average" : {
        "ns" : 1.860348875E7,
        "us" : 18603.48875,
        "ms" : 18.60348875,
        "s" : 0.01860348875
      },
      "min" : {
        "ns" : 8545702,
        "us" : 8545.702,
        "ms" : 8.545702,
        "s" : 0.008545702
      },
      "max" : {
        "ns" : 77716235,
        "us" : 77716.235,
        "ms" : 77.716235,
        "s" : 0.077716235
      }
    },
    "handleResult" : {
      "count" : 8,
      "average" : {
        "ns" : 6469765.0,
        "us" : 6469.765,
        "ms" : 6.469765,
        "s" : 0.006469765
      },
      "min" : {
        "ns" : 1695036,
        "us" : 1695.036,
        "ms" : 1.695036,
        "s" : 0.001695036
      },
      "max" : {
        "ns" : 17889759,
        "us" : 17889.759,
        "ms" : 17.889759,
        "s" : 0.017889759
      }
    },
    "StrategyRunner.analyze" : {
      "count" : 8,
      "average" : {
        "ns" : 6435246.75,
        "us" : 6435.24675,
        "ms" : 6.43524675,
        "s" : 0.00643524675
      },
      "min" : {
        "ns" : 1680625,
        "us" : 1680.625,
        "ms" : 1.680625,
        "s" : 0.001680625
      },
      "max" : {
        "ns" : 17763972,
        "us" : 17763.972,
        "ms" : 17.763972,
        "s" : 0.017763972
      }
    },
    "DynamicExplorationGenerator.handleFeedback<Analyzer>" : {
      "count" : 8,
      "average" : {
        "ns" : 1224500.5,
        "us" : 1224.5005,
        "ms" : 1.2245005,
        "s" : 0.0012245005
      },
      "min" : {
        "ns" : 82475,
        "us" : 82.475,
        "ms" : 0.082475,
        "s" : 8.2475E-5
      },
      "max" : {
        "ns" : 6866197,
        "us" : 6866.197,
        "ms" : 6.866197,
        "s" : 0.006866197
      }
    },
    "HappyPathDetector.handleFeedback<Analyzer>" : {
      "count" : 8,
      "average" : {
        "ns" : 59513.25,
        "us" : 59.51325,
        "ms" : 0.05951325,
        "s" : 5.951325E-5
      },
      "min" : {
        "ns" : 2670,
        "us" : 2.67,
        "ms" : 0.00267,
        "s" : 2.67E-6
      },
      "max" : {
        "ns" : 451695,
        "us" : 451.695,
        "ms" : 0.451695,
        "s" : 4.51695E-4
      }
    },
    "ParentChildDetector.handleFeedback<Analyzer>" : {
      "count" : 8,
      "average" : {
        "ns" : 474579.875,
        "us" : 474.579875,
        "ms" : 0.474579875,
        "s" : 4.74579875E-4
      },
      "min" : {
        "ns" : 39822,
        "us" : 39.822,
        "ms" : 0.039822,
        "s" : 3.9822E-5
      },
      "max" : {
        "ns" : 3052858,
        "us" : 3052.858,
        "ms" : 3.052858,
        "s" : 0.003052858
      }
    },
    "HappensBeforeNeighbourDetector.handleFeedback<Analyzer>" : {
      "count" : 8,
      "average" : {
        "ns" : 522470.625,
        "us" : 522.470625,
        "ms" : 0.522470625,
        "s" : 5.22470625E-4
      },
      "min" : {
        "ns" : 11271,
        "us" : 11.271,
        "ms" : 0.011271,
        "s" : 1.1271E-5
      },
      "max" : {
        "ns" : 1754039,
        "us" : 1754.039,
        "ms" : 1.754039,
        "s" : 0.001754039
      }
    },
    "ErrorPropagationDetector.handleFeedback<Analyzer>" : {
      "count" : 8,
      "average" : {
        "ns" : 273152.875,
        "us" : 273.152875,
        "ms" : 0.273152875,
        "s" : 2.73152875E-4
      },
      "min" : {
        "ns" : 15541,
        "us" : 15.541,
        "ms" : 0.015541,
        "s" : 1.5541E-5
      },
      "max" : {
        "ns" : 828137,
        "us" : 828.137,
        "ms" : 0.828137,
        "s" : 8.28137E-4
      }
    },
    "ConditionalPointDetector.handleFeedback<Analyzer>" : {
      "count" : 8,
      "average" : {
        "ns" : 1110444.375,
        "us" : 1110.444375,
        "ms" : 1.110444375,
        "s" : 0.001110444375
      },
      "min" : {
        "ns" : 224543,
        "us" : 224.543,
        "ms" : 0.224543,
        "s" : 2.24543E-4
      },
      "max" : {
        "ns" : 5663944,
        "us" : 5663.944,
        "ms" : 5.663944,
        "s" : 0.005663944
      }
    },
    "RedundancyAnalyzer.handleFeedback<Analyzer>" : {
      "count" : 8,
      "average" : {
        "ns" : 47876.375,
        "us" : 47.876375,
        "ms" : 0.047876375,
        "s" : 4.7876375E-5
      },
      "min" : {
        "ns" : 19781,
        "us" : 19.781,
        "ms" : 0.019781,
        "s" : 1.9781E-5
      },
      "max" : {
        "ns" : 94645,
        "us" : 94.645,
        "ms" : 0.094645,
        "s" : 9.4645E-5
      }
    },
    "StatusAnalyzer.handleFeedback<Analyzer>" : {
      "count" : 8,
      "average" : {
        "ns" : 49922.875,
        "us" : 49.922875,
        "ms" : 0.049922875,
        "s" : 4.9922875E-5
      },
      "min" : {
        "ns" : 4780,
        "us" : 4.78,
        "ms" : 0.00478,
        "s" : 4.78E-6
      },
      "max" : {
        "ns" : 210991,
        "us" : 210.991,
        "ms" : 0.210991,
        "s" : 2.10991E-4
      }
    },
    "BehaviorAnalyzer.handleFeedback<Analyzer>" : {
      "count" : 8,
      "average" : {
        "ns" : 299056.75,
        "us" : 299.05675,
        "ms" : 0.29905675,
        "s" : 2.9905675E-4
      },
      "min" : {
        "ns" : 86105,
        "us" : 86.105,
        "ms" : 0.086105,
        "s" : 8.6105E-5
      },
      "max" : {
        "ns" : 848598,
        "us" : 848.598,
        "ms" : 0.848598,
        "s" : 8.48598E-4
      }
    },
    "TimingAnalyzer.handleFeedback<Analyzer>" : {
      "count" : 8,
      "average" : {
        "ns" : 239800.0,
        "us" : 239.8,
        "ms" : 0.2398,
        "s" : 2.398E-4
      },
      "min" : {
        "ns" : 55073,
        "us" : 55.073,
        "ms" : 0.055073,