{
  "stats" : {
    "nextFaultload" : {
      "count" : 9,
      "average" : {
        "ns" : 2359724.5555555555,
        "us" : 2359.7245555555555,
        "ms" : 2.3597245555555557,
        "s" : 0.0023597245555555557
      },
      "min" : {
        "ns" : 19111,
        "us" : 19.111,
        "ms" : 0.019111,
        "s" : 1.9111E-5
      },
      "max" : {
        "ns" : 3892029,
        "us" : 3892.029,
        "ms" : 3.892029,
        "s" : 0.003892029
      }
    },
    "Per test" : {
      "count" : 8,
      "average" : {
        "ns" : 6.4369302E7,
        "us" : 64369.302,
        "ms" : 64.369302,
        "s" : 0.064369302
      },
      "min" : {
        "ns" : 27623162,
        "us" : 27623.162,
        "ms" : 27.623162,
        "s" : 0.027623162
      },
      "max" : {
        "ns" : 244876257,
        "us" : 244876.257,
        "ms" : 244.876257,
        "s" : 0.244876257
      }
    },
    "registerFaultload" : {
      "count" : 8,
      "average" : {
        "ns" : 2.0045505125E7,
        "us" : 20045.505125,
        "ms" : 20.045505125,
        "s" : 0.020045505125
      },
      "min" : {
        "ns" : 3001556,
        "us" : 3001.556,
        "ms" : 3.001556,
        "s" : 0.003001556
      },
      "max" : {
        "ns" : 120216956,
        "us" : 120216.956,
        "ms" : 120.216956,
        "s" : 0.120216956
      }
    },
    "testMethod" : {
      "count" : 8,
      "average" : {
        "ns" : 3.428201675E7,
        "us" : 34282.01675,
        "ms" : 34.28201675,
        "s" : 0.03428201675
      },
      "min" : {
        "ns" : 18360099,
        "us" : 18360.099,
        "ms" : 18.360099,
        "s" : 0.018360099
      },
      "max" : {
        "ns" : 103407913,
        "us" : 103407.913,
        "ms" : 103.407913,
        "s" : 0.103407913
      }
    },
    "getTraceWithDelay" : {
      "count" : 8,
      "average" : {
        "ns" : 2.853245175E7,
        "us" : 28532.45175,
        "ms" : 28.53245175,
        "s" : 0.02853245175
      },
      "min" : {
        "ns" : 13133300,
        "us" : 13133.3,
        "ms" : 13.1333,
        "s" : 0.0131333
      },
      "max" : {
        "ns" : 97802334,
        "us" : 97802.334,
        "ms" : 97.802334,
        "s" : 0.097802334
      }
    },
    "getTrace" : {
      "count" : 8,
      "average" : {
        "ns" : 1.8202483875E7,
        "us" : 18202.483875,
        "ms" : 18.202483875,
        "s" : 0.018202483875
      },
      "min" : {
        "ns" : 7763395,
        "us" : 7763.395,
        "ms" : 7.763395,
        "s" : 0.007763395
      },
      "max" : {
        "ns" : 75824893,
        "us" : 75824.893,
        "ms" : 75.824893,
        "s" : 0.075824893
      }
    },
    "handleResult" : {
      "count" : 8,
      "average" : {
        "ns" : 6761254.375,
        "us" : 6761.254375,
        "ms" : 6.761254375,
        "s" : 0.006761254375
      },
      "min" : {
        "ns" : 1672768,
        "us" : 1672.768,
        "ms" : 1.672768,
        "s" : 0.001672768
      },
      "max" : {
        "ns" : 20136583,
        "us" : 20136.583,
        "ms" : 20.136583,
        "s" : 0.020136583
      }
    },
    "StrategyRunner.analyze" : {
      "count" : 8,
      "average" : {
        "ns" : 6729060.875,
        "us" : 6729.060875,
        "ms" : 6.729060875,
        "s" : 0.006729060875
      },
      "min" : {
        "ns" : 1666877,
        "us" : 1666.877,
        "ms" : 1.666877,
        "s" : 0.001666877
      },
      "max" : {
        "ns" : 20127842,
        "us" : 20127.842,
        "ms" : 20.127842,
        "s" : 0.020127842
      }
    },
    "DynamicExplorationGenerator.handleFeedback<Analyzer>" : {
      "count" : 8,
      "average" : {
        "ns" : 1151270.25,
        "us" : 1151.27025,
        "ms" : 1.15127025,
        "s" : 0.00115127025
      },
      "min" : {
        "ns" : 77595,
        "us" : 77.595,
        "ms" : 0.077595,
        "s" : 7.7595E-5
      },
      "max" : {
        "ns" : 6653201,
        "us" : 6653.201,
        "ms" : 6.653201,
        "s" : 0.006653201
      }
    },
    "HappyPathDetector.handleFeedback<Analyzer>" : {
      "count" : 8,
      "average" : {
        "ns" : 57197.25,
        "us" : 57.19725,
        "ms" : 0.05719725,
        "s" : 5.719725E-5
      },
      "min" : {
        "ns" : 2820,
        "us" : 2.82,
        "ms" : 0.00282,
        "s" : 2.82E-6
      },
      "max" : {
        "ns" : 432196,
        "us" : 432.196,
        "ms" : 0.432196,
        "s" : 4.32196E-4
      }
    },
    "ParentChildDetector.handleFeedback<Analyzer>" : {
      "count" : 8,
      "average" : {
        "ns" : 475187.625,
        "us" : 475.187625,
        "ms" : 0.475187625,
        "s" : 4.75187625E-4
      },
      "min" : {
        "ns" : 42452,
        "us" : 42.452,
        "ms" : 0.042452,
        "s" : 4.2452E-5
      },
      "max" : {
        "ns" : 3289233,
        "us" : 3289.233,
        "ms" : 3.289233,
        "s" : 0.003289233
      }
    },
    "HappensBeforeNeighbourDetector.handleFeedback<Analyzer>" : {
      "count" : 8,
      "average" : {
        "ns" : 542478.625,
        "us" : 542.478625,
        "ms" : 0.542478625,
        "s" : 5.42478625E-4
      },
      "min" : {
        "ns" : 14151,
        "us" : 14.151,
        "ms" : 0.014151,
        "s" : 1.4151E-5
      },
      "max" : {
        "ns" : 1874506,
        "us" : 1874.506,
        "ms" : 1.874506,
        "s" : 0.001874506
      }
    },
    "ErrorPropagationDetector.handleFeedback<Analyzer>" : {
      "count" : 8,
      "average" : {
        "ns" : 303932.75,
        "us" : 303.93275,
        "ms" : 0.30393275,
        "s" : 3.0393275E-4
      },
      "min" : {
        "ns" : 15851,
        "us" : 15.851,
        "ms" : 0.015851,
        "s" : 1.5851E-5
      },
      "max" : {
        "ns" : 1034171,
        "us" : 1034.171,
        "ms" : 1.034171,
        "s" : 0.001034171
      }
    },
    "ConditionalPointDetector.handleFeedback<Analyzer>" : {
      "count" : 8,
      "average" : {
        "ns" : 1041586.0,
        "us" : 1041.586,
        "ms" : 1.041586,
        "s" : 0.001041586
      },
      "min" : {
        "ns" : 225844,
        "us" : 225.844,
        "ms" : 0.225844,
        "s" : 2.25844E-4
      },
      "max" : {
        "ns" : 5002014,
        "us" : 5002.014,
        "ms" : 5.002014,
        "s" : 0.005002014
      }
    },
    "RedundancyAnalyzer.handleFeedback<Analyzer>" : {
      "count" : 8,
      "average" : {
        "ns" : 38130.875,
        "us" : 38.130875,
        "ms" : 0.038130875,
        "s" : 3.8130875E-5
      },
      "min" : {
        "ns" : 20991,
        "us" : 20.991,
        "ms" : 0.020991,
        "s" : 2.0991E-5
      },
      "max" : {
        "ns" : 80125,
        "us" : 80.125,
        "ms" : 0.080125,
        "s" : 8.0125E-5
      }
    },
    "StatusAnalyzer.handleFeedback<Analyzer>" : {
      "count" : 8,
      "average" : {
        "ns" : 31924.625,
        "us" : 31.924625,
        "ms" : 0.031924625,
        "s" : 3.1924625E-5
      },
      "min" : {
        "ns" : 4601,
        "us" : 4.601,
        "ms" : 0.004601,
        "s" : 4.601E-6
      },
      "max" : {
        "ns" : 212853,
        "us" : 212.853,
        "ms" : 0.212853,
        "s" : 2.12853E-4
      }
    },
    "BehaviorAnalyzer.handleFeedback<Analyzer>" : {
      "count" : 8,
      "average" : {
        "ns" : 335777.0,
        "us" : 335.777,
        "ms" : 0.335777,
        "s" : 3.35777E-4
      },
      "min" : {
        "ns" : 92005,
        "us" : 92.005,
        "ms" : 0.092005,
        "s" : 9.2005E-5
      },
      "max" : {
        "ns" : 1084634,
        "us" : 1084.634,
        "ms" : 1.084634,
        "s" : 0.001084634
      }
    },
    "TimingAnalyzer.handleFeedback<Analyzer>" : {
      "count" : 8,
      "average" : {
        "ns" : 278525.5,
        "us" : 278.5255,
        "ms" : 0.2785255,
        "s" : 2.785255E-4
      },
      "min" : {
        "ns" : 49133,
        "us" : 49.133,