{
    "per_key": {
        "nextFaultload": {
            "n": 660,
            "mean": 41.23464217575758,
            "median": 4.7162394999999995,
            "std": 195.06509235938924,
            "min": 0.533725,
            "max": 1477.551698,
            "p25": 4.1716359999999995,
            "p50": 4.7162394999999995,
            "p75": 6.670386,
            "p90": 10.869156,
            "p95": 63.567008949999966,
            "p99": 1354.7867251399991
        },
        "Per test": {
            "n": 650,
            "mean": 92.50097642923076,
            "median": 88.85775999999998,
            "std": 46.91153283130853,
            "min": 26.96604,
            "max": 475.954821,
            "p25": 75.13194575,
            "p50": 88.85775999999998,
            "p75": 102.45323325,
            "p90": 115.6910426,
            "p95": 125.21768864999999,
            "p99": 402.15173295999983
        },
        "registerFaultload": {
            "n": 650,
            "mean": 7.100042869230769,
            "median": 5.2271114999999995,
            "std": 9.032973874085496,
            "min": 3.53898,
            "max": 85.56135499999999,
            "p25": 4.485037999999999,
            "p50": 5.2271114999999995,
            "p75": 6.575732,
            "p90": 8.689153000000001,
            "p95": 11.365738149999991,
            "p99": 72.8394454
        },
        "unregisterFautload": {
            "n": 650,
            "mean": 4.903238832307692,
            "median": 4.4454755,
            "std": 1.6343683719655222,
            "min": 3.1210169999999997,
            "max": 20.787734,
            "p25": 4.0524865,
            "p50": 4.4454755,
            "p75": 5.1524659999999995,
            "p90": 6.384655,
            "p95": 7.705711999999996,
            "p99": 11.278035519999994
        },
        "testMethod": {
            "n": 650,
            "mean": 74.80698029999999,
            "median": 73.58439299999999,
            "std": 36.411983813283875,
            "min": 17.104716,
            "max": 343.530873,
            "p25": 55.686910749999996,
            "p50": 73.58439299999999,
            "p75": 88.59480074999999,
            "p90": 101.3763286,
            "p95": 110.07127989999995,
            "p99": 283.1911432499998
        },
        "getTraceWithDelay": {
            "n": 650,
            "mean": 18.107287858461536,
            "median": 14.4990505,
            "std": 18.05765408271143,
            "min": 7.403376,
            "max": 187.58492099999998,
            "p25": 11.828795249999999,
            "p50": 14.4990505,
            "p75": 19.358615999999998,
            "p90": 24.1981073,
            "p95": 29.955125499999973,
            "p99": 143.82785657
        },
        "handleResult": {
            "n": 650,
            "mean": 5.357667693846153,
            "median": 4.1181175,
            "std": 4.948519628659126,
            "min": 0.46872199999999997,
            "max": 44.926986,
            "p25": 3.1997675,
            "p50": 4.1181175,
            "p75": 5.7356395,
            "p90": 8.939889500000001,
            "p95": 11.063055599999995,
            "p99": 34.60140773
        },
        "Total test time": {
            "n": 10,
            "mean": 9206.858144199998,
            "median": 9287.936916999999,
            "std": 385.112457268302,
            "min": 8631.968257999999,
            "max": 9914.510541,
            "p25": 8976.00062175,
            "p50": 9287.936916999999,
            "p75": 9397.669448249999,
            "p90": 9605.690703299999,
            "p95": 9760.10062215,
            "p99": 9883.62855723
        },
        "getExpectedBehaviours": {
            "n": 17960,
            "mean": 0.698566932349666,
            "median": 0.7093254999999999,
            "std": 0.4159692435569152,
            "min": 0.0021999999999999997,
            "max": 7.6725699999999994,
            "p25": 0.6366019999999999,
            "p50": 0.7093254999999999,
            "p75": 0.7941274999999999,
            "p90": 1.0736677000000001,
            "p95": 1.2400767999999998,
            "p99": 1.9788306599999999
        },
        "getExpectedPoints": {
            "n": 17960,
            "mean": 0.7177602915924275,
            "median": 0.7188304999999999,
            "std": 0.4671525439096739,
            "min": 0.0031,
            "max": 16.928883,
            "p25": 0.6447375,
            "p50": 0.7188304999999999,
            "p75": 0.80643075,
            "p90": 1.1012755,
            "p95": 1.2964748999999998,
            "p99": 2.177746
        }
    }
}