{
  "stats" : {
    "nextFaultload" : {
      "count" : 10,
      "average" : {
        "ns" : 3422896.1,
        "us" : 3422.8961,
        "ms" : 3.4228961,
        "s" : 0.0034228961
      },
      "min" : {
        "ns" : 1645985,
        "us" : 1645.985,
        "ms" : 1.645985,
        "s" : 0.001645985
      },
      "max" : {
        "ns" : 9494888,
        "us" : 9494.888,
        "ms" : 9.494888,
        "s" : 0.009494888
      }
    },
    "Per test" : {
      "count" : 9,
      "average" : {
        "ns" : 5.5423207666666664E7,
        "us" : 55423.20766666666,
        "ms" : 55.42320766666666,
        "s" : 0.05542320766666666
      },
      "min" : {
        "ns" : 27845533,
        "us" : 27845.533,
        "ms" : 27.845533,
        "s" : 0.027845533
      },
      "max" : {
        "ns" : 224935076,
        "us" : 224935.076,
        "ms" : 224.935076,
        "s" : 0.224935076
      }
    },
    "registerFaultload" : {
      "count" : 9,
      "average" : {
        "ns" : 1.5924497333333334E7,
        "us" : 15924.497333333335,
        "ms" : 15.924497333333335,
        "s" : 0.015924497333333332
      },
      "min" : {
        "ns" : 2722940,
        "us" : 2722.94,
        "ms" : 2.72294,
        "s" : 0.00272294
      },
      "max" : {
        "ns" : 103396321,
        "us" : 103396.321,
        "ms" : 103.396321,
        "s" : 0.103396321
      }
    },
    "testMethod" : {
      "count" : 9,
      "average" : {
        "ns" : 1.4245166555555556E7,
        "us" : 14245.166555555556,
        "ms" : 14.245166555555556,
        "s" : 0.014245166555555556
      },
      "min" : {
        "ns" : 11587796,
        "us" : 11587.796,
        "ms" : 11.587796,
        "s" : 0.011587796
      },
      "max" : {
        "ns" : 20273544,
        "us" : 20273.544,
        "ms" : 20.273544,
        "s" : 0.020273544
      }
    },
    "getTraceWithDelay" : {
      "count" : 9,
      "average" : {
        "ns" : 2.5034899555555556E7,
        "us" : 25034.899555555556,
        "ms" : 25.034899555555555,
        "s" : 0.025034899555555556
      },
      "min" : {
        "ns" : 11914413,
        "us" : 11914.413,
        "ms" : 11.914413,
        "s" : 0.011914413
      },
      "max" : {
        "ns" : 101011998,
        "us" : 101011.998,
        "ms" : 101.011998,
        "s" : 0.101011998
      }
    },
    "getTrace" : {
      "count" : 9,
      "average" : {
        "ns" : 1.5506664555555556E7,
        "us" : 15506.664555555555,
        "ms" : 15.506664555555556,
        "s" : 0.015506664555555556
      },
      "min" : {
        "ns" : 6731347,
        "us" : 6731.347,
        "ms" : 6.731347,
        "s" : 0.006731347
      },
      "max" : {
        "ns" : 72870249,
        "us" : 72870.249,
        "ms" : 72.870249,
        "s" : 0.072870249
      }
    },
    "handleResult" : {
      "count" : 9,
      "average" : {
        "ns" : 5967240.444444444,
        "us" : 5967.240444444444,
        "ms" : 5.967240444444444,
        "s" : 0.005967240444444444
      },
      "min" : {
        "ns" : 2442526,
        "us" : 2442.526,
        "ms" : 2.442526,
        "s" : 0.002442526
      },
      "max" : {
        "ns" : 19399898,
        "us" : 19399.898,
        "ms" : 19.399898,
        "s" : 0.019399898
      }
    },
    "StrategyRunner.analyze" : {
      "count" : 9,
      "average" : {
        "ns" : 5825255.444444444,
        "us" : 5825.255444444444,
        "ms" : 5.825255444444444,
        "s" : 0.0058252554444444445
      },
      "min" : {
        "ns" : 2349921,
        "us" : 2349.921,
        "ms" : 2.349921,
        "s" : 0.002349921
      },
      "max" : {
        "ns" : 19014779,
        "us" : 19014.779,
        "ms" : 19.014779,
        "s" : 0.019014779
      }
    },
    "DynamicExplorationGenerator.handleFeedback<Analyzer>" : {
      "count" : 9,
      "average" : {
        "ns" : 1010440.8888888889,
        "us" : 1010.4408888888888,
        "ms" : 1.010440888888889,
        "s" : 0.001010440888888889
      },
      "min" : {
        "ns" : 87204,
        "us" : 87.204,
        "ms" : 0.087204,
        "s" : 8.7204E-5
      },
      "max" : {
        "ns" : 5638390,
        "us" : 5638.39,
        "ms" : 5.63839,
        "s" : 0.00563839
      }
    },
    "HappyPathDetector.handleFeedback<Analyzer>" : {
      "count" : 9,
      "average" : {
        "ns" : 59680.666666666664,
        "us" : 59.68066666666667,
        "ms" : 0.05968066666666667,
        "s" : 5.9680666666666666E-5
      },
      "min" : {
        "ns" : 2800,
        "us" : 2.8,
        "ms" : 0.0028,
        "s" : 2.8E-6
      },
      "max" : {
        "ns" : 506426,
        "us" : 506.426,
        "ms" : 0.506426,
        "s" : 5.06426E-4
      }
    },
    "ParentChildDetector.handleFeedback<Analyzer>" : {
      "count" : 9,
      "average" : {
        "ns" : 867933.6666666666,
        "us" : 867.9336666666667,
        "ms" : 0.8679336666666666,
        "s" : 8.679336666666666E-4
      },
      "min" : {
        "ns" : 45303,
        "us" : 45.303,
        "ms" : 0.045303,
        "s" : 4.5303E-5
      },
      "max" : {
        "ns" : 7195870,
        "us" : 7195.87,
        "ms" : 7.19587,
        "s" : 0.00719587
      }
    },
    "HappensBeforeNeighbourDetector.handleFeedback<Analyzer>" : {
      "count" : 9,
      "average" : {
        "ns" : 477680.22222222225,
        "us" : 477.68022222222226,
        "ms" : 0.47768022222222223,
        "s" : 4.7768022222222225E-4
      },
      "min" : {
        "ns" : 13401,
        "us" : 13.401,
        "ms" : 0.013401,
        "s" : 1.3401E-5
      },
      "max" : {
        "ns" : 1110158,
        "us" : 1110.158,
        "ms" : 1.110158,
        "s" : 0.001110158
      }
    },
    "ErrorPropagationDetector.handleFeedback<Analyzer>" : {
      "count" : 9,
      "average" : {
        "ns" : 352351.44444444444,
        "us" : 352.35144444444444,
        "ms" : 0.35235144444444444,
        "s" : 3.5235144444444445E-4
      },
      "min" : {
        "ns" : 3800,
        "us" : 3.8,
        "ms" : 0.0038,
        "s" : 3.8E-6
      },
      "max" : {
        "ns" : 1810493,
        "us" : 1810.493,
        "ms" : 1.810493,
        "s" : 0.001810493
      }
    },
    "ConditionalPointDetector.handleFeedback<Analyzer>" : {
      "count" : 9,
      "average" : {
        "ns" : 2018759.4444444445,
        "us" : 2018.7594444444444,
        "ms" : 2.0187594444444446,
        "s" : 0.0020187594444444445
      },
      "min" : {
        "ns" : 261213,
        "us" : 261.213,
        "ms" : 0.261213,
        "s" : 2.61213E-4
      },
      "max" : {
        "ns" : 6913056,
        "us" : 6913.056,
        "ms" : 6.913056,
        "s" : 0.006913056
      }
    },
    "RedundancyAnalyzer.handleFeedback<Analyzer>" : {
      "count" : 9,
      "average" : {
        "ns" : 34568.333333333336,
        "us" : 34.568333333333335,
        "ms" : 0.03456833333333333,
        "s" : 3.456833333333333E-5
      },
      "min" : {
        "ns" : 15901,
        "us" : 15.901,
        "ms" : 0.015901,
        "s" : 1.5901E-5
      },
      "max" : {
        "ns" : 85705,
        "us" : 85.705,
        "ms" : 0.085705,
        "s" : 8.5705E-5
      }
    },
    "StatusAnalyzer.handleFeedback<Analyzer>" : {
      "count" : 9,
      "average" : {
        "ns" : 21623.333333333332,
        "us" : 21.62333333333333,
        "ms" : 0.02162333333333333,
        "s" : 2.1623333333333334E-5
      },
      "min" : {
        "ns" : 4301,
        "us" : 4.301,
        "ms" : 0.004301,
        "s" : 4.301E-6
      },
      "max" : {
        "ns" : 148307,
        "us" : 148.307,
        "ms" : 0.148307,
        "s" : 1.48307E-4
      }
    },
    "BehaviorAnalyzer.handleFeedback<Analyzer>" : {
      "count" : 9,
      "average" : {
        "ns" : 523260.44444444444,
        "us" : 523.2604444444445,
        "ms" : 0.5232604444444444,
        "s" : 5.232604444444445E-4
      },
      "min" : {
        "ns" : 275515,