{
    "per_key": {
        "nextFaultload": {
            "n": 10,
            "mean": 1.9098078999999994,
            "median": 2.021445,
            "std": 0.7894679137066243,
            "min": 0.028501,
            "max": 3.115639,
            "p25": 1.7271462499999999,
            "p50": 2.021445,
            "p75": 2.25837525,
            "p90": 2.6946459999999997,
            "p95": 2.9051424999999993,
            "p99": 3.0735397
        },
        "Per test": {
            "n": 9,
            "mean": 70.30233888888887,
            "median": 38.964818,
            "std": 78.70062047147503,
            "min": 30.617818,
            "max": 288.01935599999996,
            "p25": 31.870974999999998,
            "p50": 38.964818,
            "p75": 49.173564999999996,
            "p90": 126.31080720000003,
            "p95": 207.1650815999999,
            "p99": 271.8485011199999
        },
        "registerFaultload": {
            "n": 9,
            "mean": 20.72257888888889,
            "median": 4.699844,
            "std": 39.94957179676531,
            "min": 3.6917519999999997,
            "max": 132.717379,
            "p25": 3.9986379999999997,
            "p50": 4.699844,
            "p75": 6.5995729999999995,
            "p90": 43.67079180000002,
            "p95": 88.19408539999995,
            "p99": 123.81272027999998
        },
        "unregisterFautload": {
            "n": 9,
            "mean": 3.6058215555555555,
            "median": 3.579465,
            "std": 0.26160086280528416,
            "min": 3.2425669999999998,
            "max": 3.9892809999999996,
            "p25": 3.338704,
            "p50": 3.579465,
            "p75": 3.846205,
            "p90": 3.9342057999999995,
            "p95": 3.9617433999999996,
            "p99": 3.9837734799999995
        },
        "testMethod": {
            "n": 9,
            "mean": 17.32799222222222,
            "median": 16.118116,
            "std": 9.321166298239254,
            "min": 10.693607,
            "max": 41.998369,
            "p25": 10.84569,
            "p50": 16.118116,
            "p75": 18.209473,
            "p90": 22.978204200000004,
            "p95": 32.48828659999999,
            "p99": 40.096352519999996
        },
        "getTraceWithDelay": {
            "n": 9,
            "mean": 32.25419344444444,
            "median": 19.129998,
            "std": 30.008099185572657,
            "min": 15.705077,
            "max": 113.185515,
            "p25": 16.123696,
            "p50": 19.129998,
            "p75": 24.39143,
            "p90": 59.66263340000001,
            "p95": 86.42407419999996,
            "p99": 107.83322684
        },
        "handleResult": {
            "n": 9,
            "mean": 7.503088999999999,
            "median": 3.9571669999999997,
            "std": 8.367379413252248,
            "min": 1.7953489999999999,
            "max": 26.419293999999997,
            "p25": 2.086016,
            "p50": 3.9571669999999997,
            "p75": 5.331588,
            "p90": 20.4084964,
            "p95": 23.413895199999995,
            "p99": 25.818214239999996
        },
        "Total test time": {
            "n": 1,
            "mean": 945.759296,
            "median": 945.759296,
            "std": 0.0,
            "min": 945.759296,
            "max": 945.759296,
            "p25": 945.759296,
            "p50": 945.759296,
            "p75": 945.759296,
            "p90": 945.759296,
            "p95": 945.759296,
            "p99": 945.759296
        },
        "getExpectedPoints": {
            "n": 16,
            "mean": 0.40106006250000004,
            "median": 0.3750535,
            "std": 0.1722914567025411,
            "min": 0.148223,
            "max": 0.7096859999999999,
            "p25": 0.290766,
            "p50": 0.3750535,
            "p75": 0.5297995,
            "p90": 0.6255934999999999,
            "p95": 0.7067152499999999,
            "p99": 0.70909185
        }
    }
}