{
  "stats" : {
    "nextFaultload" : {
      "count" : 10,
      "average" : {
        "ns" : 3916922.7,
        "us" : 3916.9227,
        "ms" : 3.9169227,
        "s" : 0.0039169227000000004
      },
      "min" : {
        "ns" : 1892273,
        "us" : 1892.273,
        "ms" : 1.892273,
        "s" : 0.001892273
      },
      "max" : {
        "ns" : 9417768,
        "us" : 9417.768,
        "ms" : 9.417768,
        "s" : 0.009417768
      }
    },
    "Per test" : {
      "count" : 9,
      "average" : {
        "ns" : 5.7035506333333336E7,
        "us" : 57035.50633333334,
        "ms" : 57.03550633333334,
        "s" : 0.05703550633333333
      },
      "min" : {
        "ns" : 26854447,
        "us" : 26854.447,
        "ms" : 26.854447,
        "s" : 0.026854447
      },
      "max" : {
        "ns" : 239435189,
        "us" : 239435.189,
        "ms" : 239.435189,
        "s" : 0.239435189
      }
    },
    "registerFaultload" : {
      "count" : 9,
      "average" : {
        "ns" : 1.6691048E7,
        "us" : 16691.048,
        "ms" : 16.691048,
        "s" : 0.016691048
      },
      "min" : {
        "ns" : 2690505,
        "us" : 2690.505,
        "ms" : 2.690505,
        "s" : 0.002690505
      },
      "max" : {
        "ns" : 107796382,
        "us" : 107796.382,
        "ms" : 107.796382,
        "s" : 0.107796382
      }
    },
    "testMethod" : {
      "count" : 9,
      "average" : {
        "ns" : 2.9747190777777776E7,
        "us" : 29747.190777777778,
        "ms" : 29.747190777777774,
        "s" : 0.029747190777777776
      },
      "min" : {
        "ns" : 17879797,
        "us" : 17879.797,
        "ms" : 17.879797,
        "s" : 0.017879797
      },
      "max" : {
        "ns" : 100246289,
        "us" : 100246.289,
        "ms" : 100.246289,
        "s" : 0.100246289
      }
    },
    "getTraceWithDelay" : {
      "count" : 9,
      "average" : {
        "ns" : 2.6769307777777776E7,
        "us" : 26769.307777777776,
        "ms" : 26.769307777777776,
        "s" : 0.026769307777777775
      },
      "min" : {
        "ns" : 13910544,
        "us" : 13910.544,
        "ms" : 13.910544,
        "s" : 0.013910544
      },
      "max" : {
        "ns" : 106679038,
        "us" : 106679.038,
        "ms" : 106.679038,
        "s" : 0.106679038
      }
    },
    "getTrace" : {
      "count" : 9,
      "average" : {
        "ns" : 1.5919485555555556E7,
        "us" : 15919.485555555557,
        "ms" : 15.919485555555555,
        "s" : 0.015919485555555557
      },
      "min" : {
        "ns" : 7420391,
        "us" : 7420.391,
        "ms" : 7.420391,
        "s" : 0.007420391
      },
      "max" : {
        "ns" : 74391586,
        "us" : 74391.586,
        "ms" : 74.391586,
        "s" : 0.074391586
      }
    },
    "handleResult" : {
      "count" : 9,
      "average" : {
        "ns" : 6170251.222222222,
        "us" : 6170.251222222222,
        "ms" : 6.170251222222222,
        "s" : 0.006170251222222222
      },
      "min" : {
        "ns" : 2975317,
        "us" : 2975.317,
        "ms" : 2.975317,
        "s" : 0.002975317
      },
      "max" : {
        "ns" : 21164221,
        "us" : 21164.221,
        "ms" : 21.164221,
        "s" : 0.021164221
      }
    },
    "StrategyRunner.analyze" : {
      "count" : 9,
      "average" : {
        "ns" : 6013867.0,
        "us" : 6013.867,
        "ms" : 6.013867,
        "s" : 0.006013867
      },
      "min" : {
        "ns" : 2896013,
        "us" : 2896.013,
        "ms" : 2.896013,
        "s" : 0.002896013
      },
      "max" : {
        "ns" : 20807407,
        "us" : 20807.407,
        "ms" : 20.807407,
        "s" : 0.020807407
      }
    },
    "DynamicExplorationGenerator.handleFeedback<Analyzer>" : {
      "count" : 9,
      "average" : {
        "ns" : 993661.0,
        "us" : 993.661,
        "ms" : 0.993661,
        "s" : 9.93661E-4
      },
      "min" : {
        "ns" : 114704,
        "us" : 114.704,
        "ms" : 0.114704,
        "s" : 1.14704E-4
      },
      "max" : {
        "ns" : 6747462,
        "us" : 6747.462,
        "ms" : 6.747462,
        "s" : 0.006747462
      }
    },
    "HappyPathDetector.handleFeedback<Analyzer>" : {
      "count" : 9,
      "average" : {
        "ns" : 40134.88888888889,
        "us" : 40.13488888888889,
        "ms" : 0.040134888888888894,
        "s" : 4.013488888888889E-5
      },
      "min" : {
        "ns" : 3300,
        "us" : 3.3,
        "ms" : 0.0033,
        "s" : 3.3E-6
      },
      "max" : {
        "ns" : 328813,
        "us" : 328.813,
        "ms" : 0.328813,
        "s" : 3.28813E-4
      }
    },
    "ParentChildDetector.handleFeedback<Analyzer>" : {
      "count" : 9,
      "average" : {
        "ns" : 925847.1111111111,
        "us" : 925.8471111111111,
        "ms" : 0.9258471111111112,
        "s" : 9.258471111111111E-4
      },
      "min" : {
        "ns" : 43502,
        "us" : 43.502,
        "ms" : 0.043502,
        "s" : 4.3502E-5
      },
      "max" : {
        "ns" : 7735200,
        "us" : 7735.2,
        "ms" : 7.7352,
        "s" : 0.0077352
      }
    },
    "HappensBeforeNeighbourDetector.handleFeedback<Analyzer>" : {
      "count" : 9,
      "average" : {
        "ns" : 990949.8888888889,
        "us" : 990.9498888888888,
        "ms" : 0.9909498888888889,
        "s" : 9.909498888888888E-4
      },
      "min" : {
        "ns" : 10501,
        "us" : 10.501,
        "ms" : 0.010501,
        "s" : 1.0501E-5
      },
      "max" : {
        "ns" : 3998156,
        "us" : 3998.156,
        "ms" : 3.998156,
        "s" : 0.003998156
      }
    },
    "ErrorPropagationDetector.handleFeedback<Analyzer>" : {
      "count" : 9,
      "average" : {
        "ns" : 481185.55555555556,
        "us" : 481.18555555555554,
        "ms" : 0.4811855555555556,
        "s" : 4.811855555555556E-4
      },
      "min" : {
        "ns" : 13600,
        "us" : 13.6,
        "ms" : 0.0136,
        "s" : 1.36E-5
      },
      "max" : {
        "ns" : 987439,
        "us" : 987.439,
        "ms" : 0.987439,
        "s" : 9.87439E-4
      }
    },
    "ConditionalPointDetector.handleFeedback<Analyzer>" : {
      "count" : 9,
      "average" : {
        "ns" : 1019884.0,
        "us" : 1019.884,
        "ms" : 1.019884,
        "s" : 0.001019884
      },
      "min" : {
        "ns" : 210108,
        "us" : 210.108,
        "ms" : 0.210108,
        "s" : 2.10108E-4
      },
      "max" : {
        "ns" : 4456773,
        "us" : 4456.773,
        "ms" : 4.456773,
        "s" : 0.004456773
      }
    },
    "RedundancyAnalyzer.handleFeedback<Analyzer>" : {
      "count" : 9,
      "average" : {
        "ns" : 44224.0,
        "us" : 44.224,
        "ms" : 0.044224,
        "s" : 4.4224E-5
      },
      "min" : {
        "ns" : 19801,
        "us" : 19.801,
        "ms" : 0.019801,
        "s" : 1.9801E-5
      },
      "max" : {
        "ns" : 144405,
        "us" : 144.405,
        "ms" : 0.144405,
        "s" : 1.44405E-4
      }
    },
    "StatusAnalyzer.handleFeedback<Analyzer>" : {
      "count" : 9,
      "average" : {
        "ns" : 22089.88888888889,
        "us" : 22.08988888888889,
        "ms" : 0.02208988888888889,
        "s" : 2.208988888888889E-5
      },
      "min" : {
        "ns" : 4601,
        "us" : 4.601,
        "ms" : 0.004601,
        "s" : 4.601E-6
      },
      "max" : {
        "ns" : 156606,
        "us" : 156.606,
        "ms" : 0.156606,
        "s" : 1.56606E-4
      }
    },
    "BehaviorAnalyzer.handleFeedback<Analyzer>" : {
      "count" : 9,
      "average" : {
        "ns" : 521064.44444444444,
        "us" : 521.0644444444445,
        "ms" : 0.5210644444444444,
        "s" : 5.210644444444445E-4
      },
      "min" : {
        "ns" : 343413,
        "us" : 343.413,
        "ms" : 0.343413,
        "s" : 3.43413E-4
      },
      "max" : {
        "ns" : 1021140,
        "us" : 1021.14,
        "ms" : 1.02114,