{
  "stats" : {
    "nextFaultload" : {
      "count" : 22,
      "average" : {
        "ns" : 2325691.0,
        "us" : 2325.691,
        "ms" : 2.325691,
        "s" : 0.002325691
      },
      "min" : {
        "ns" : 301817,
        "us" : 301.817,
        "ms" : 0.301817,
        "s" : 3.01817E-4
      },
      "max" : {
        "ns" : 3818609,
        "us" : 3818.609,
        "ms" : 3.818609,
        "s" : 0.003818609
      }
    },
    "Per test" : {
      "count" : 21,
      "average" : {
        "ns" : 4.049951371428572E7,
        "us" : 40499.51371428571,
        "ms" : 40.49951371428572,
        "s" : 0.040499513714285715
      },
      "min" : {
        "ns" : 24153023,
        "us" : 24153.023,
        "ms" : 24.153023,
        "s" : 0.024153023
      },
      "max" : {
        "ns" : 246048678,
        "us" : 246048.678,
        "ms" : 246.048678,
        "s" : 0.246048678
      }
    },
    "registerFaultload" : {
      "count" : 21,
      "average" : {
        "ns" : 9583239.285714285,
        "us" : 9583.239285714286,
        "ms" : 9.583239285714285,
        "s" : 0.009583239285714286
      },
      "min" : {
        "ns" : 2555240,
        "us" : 2555.24,
        "ms" : 2.55524,
        "s" : 0.00255524
      },
      "max" : {
        "ns" : 125445271,
        "us" : 125445.271,
        "ms" : 125.445271,
        "s" : 0.125445271
      }
    },
    "testMethod" : {
      "count" : 21,
      "average" : {
        "ns" : 1.360316880952381E7,
        "us" : 13603.16880952381,
        "ms" : 13.60316880952381,
        "s" : 0.01360316880952381
      },
      "min" : {
        "ns" : 11743443,
        "us" : 11743.443,
        "ms" : 11.743443,
        "s" : 0.011743443
      },
      "max" : {
        "ns" : 20197306,
        "us" : 20197.306,
        "ms" : 20.197306,
        "s" : 0.020197306
      }
    },
    "getTraceWithDelay" : {
      "count" : 21,
      "average" : {
        "ns" : 1.709042661904762E7,
        "us" : 17090.42661904762,
        "ms" : 17.09042661904762,
        "s" : 0.01709042661904762
      },
      "min" : {
        "ns" : 9404215,
        "us" : 9404.215,
        "ms" : 9.404215,
        "s" : 0.009404215
      },
      "max" : {
        "ns" : 100102883,
        "us" : 100102.883,
        "ms" : 100.102883,
        "s" : 0.100102883
      }
    },
    "getTrace" : {
      "count" : 21,
      "average" : {
        "ns" : 1.0287311047619049E7,
        "us" : 10287.311047619049,
        "ms" : 10.287311047619049,
        "s" : 0.010287311047619048
      },
      "min" : {
        "ns" : 4791862,
        "us" : 4791.862,
        "ms" : 4.791862,
        "s" : 0.004791862
      },
      "max" : {
        "ns" : 72217256,
        "us" : 72217.256,
        "ms" : 72.217256,
        "s" : 0.072217256
      }
    },
    "handleResult" : {
      "count" : 21,
      "average" : {
        "ns" : 3642047.1904761903,
        "us" : 3642.0471904761903,
        "ms" : 3.64204719047619,
        "s" : 0.00364204719047619
      },
      "min" : {
        "ns" : 1649390,
        "us" : 1649.39,
        "ms" : 1.64939,
        "s" : 0.00164939
      },
      "max" : {
        "ns" : 19384162,
        "us" : 19384.162,
        "ms" : 19.384162,
        "s" : 0.019384162
      }
    },
    "StrategyRunner.analyze" : {
      "count" : 21,
      "average" : {
        "ns" : 3539341.523809524,
        "us" : 3539.341523809524,
        "ms" : 3.5393415238095236,
        "s" : 0.0035393415238095236
      },
      "min" : {
        "ns" : 1584887,
        "us" : 1584.887,
        "ms" : 1.584887,
        "s" : 0.001584887
      },
      "max" : {
        "ns" : 19040743,
        "us" : 19040.743,
        "ms" : 19.040743,
        "s" : 0.019040743
      }
    },
    "DynamicExplorationGenerator.handleFeedback<Analyzer>" : {
      "count" : 21,
      "average" : {
        "ns" : 533024.3333333334,
        "us" : 533.0243333333334,
        "ms" : 0.5330243333333333,
        "s" : 5.330243333333334E-4
      },
      "min" : {
        "ns" : 67604,
        "us" : 67.604,
        "ms" : 0.067604,
        "s" : 6.7604E-5
      },
      "max" : {
        "ns" : 5789417,
        "us" : 5789.417,
        "ms" : 5.789417,
        "s" : 0.005789417
      }
    },
    "HappyPathDetector.handleFeedback<Analyzer>" : {
      "count" : 21,
      "average" : {
        "ns" : 30815.95238095238,
        "us" : 30.815952380952382,
        "ms" : 0.03081595238095238,
        "s" : 3.081595238095238E-5
      },
      "min" : {
        "ns" : 2300,
        "us" : 2.3,
        "ms" : 0.0023,
        "s" : 2.3E-6
      },
      "max" : {
        "ns" : 574131,
        "us" : 574.131,
        "ms" : 0.574131,
        "s" : 5.74131E-4
      }
    },
    "ParentChildDetector.handleFeedback<Analyzer>" : {
      "count" : 21,
      "average" : {
        "ns" : 409541.5714285714,
        "us" : 409.54157142857144,
        "ms" : 0.4095415714285714,
        "s" : 4.0954157142857143E-4
      },
      "min" : {
        "ns" : 31102,
        "us" : 31.102,
        "ms" : 0.031102,
        "s" : 3.1102E-5
      },
      "max" : {
        "ns" : 7261498,
        "us" : 7261.498,
        "ms" : 7.261498,
        "s" : 0.007261498
      }
    },
    "HappensBeforeNeighbourDetector.handleFeedback<Analyzer>" : {
      "count" : 21,
      "average" : {
        "ns" : 423675.5238095238,
        "us" : 423.6755238095238,
        "ms" : 0.4236755238095238,
        "s" : 4.236755238095238E-4
      },
      "min" : {
        "ns" : 15201,
        "us" : 15.201,
        "ms" : 0.015201,
        "s" : 1.5201E-5
      },
      "max" : {
        "ns" : 1253469,
        "us" : 1253.469,
        "ms" : 1.253469,
        "s" : 0.001253469
      }
    },
    "ErrorPropagationDetector.handleFeedback<Analyzer>" : {
      "count" : 21,
      "average" : {
        "ns" : 354886.3333333333,
        "us" : 354.8863333333333,
        "ms" : 0.3548863333333333,
        "s" : 3.548863333333333E-4
      },
      "min" : {
        "ns" : 4400,
        "us" : 4.4,
        "ms" : 0.0044,
        "s" : 4.4E-6
      },
      "max" : {
        "ns" : 924151,
        "us" : 924.151,
        "ms" : 0.924151,
        "s" : 9.24151E-4
      }
    },
    "ConditionalPointDetector.handleFeedback<Analyzer>" : {
      "count" : 21,
      "average" : {
        "ns" : 740164.380952381,
        "us" : 740.164380952381,
        "ms" : 0.7401643809523809,
        "s" : 7.401643809523809E-4
      },
      "min" : {
        "ns" : 150608,
        "us" : 150.608,
        "ms" : 0.150608,
        "s" : 1.50608E-4
      },
      "max" : {
        "ns" : 4039422,
        "us" : 4039.422,
        "ms" : 4.039422,
        "s" : 0.004039422
      }
    },
    "RedundancyAnalyzer.handleFeedback<Analyzer>" : {
      "count" : 21,
      "average" : {
        "ns" : 40854.76190476191,
        "us" : 40.85476190476191,
        "ms" : 0.04085476190476191,
        "s" : 4.085476190476191E-5
      },
      "min" : {
        "ns" : 16701,
        "us" : 16.701,
        "ms" : 0.016701,
        "s" : 1.6701E-5
      },
      "max" : {
        "ns" : 126007,
        "us" : 126.007,
        "ms" : 0.126007,
        "s" : 1.26007E-4
      }
    },
    "StatusAnalyzer.handleFeedback<Analyzer>" : {
      "count" : 21,
      "average" : {
        "ns" : 23586.904761904763,
        "us" : 23.586904761904762,
        "ms" : 0.023586904761904764,
        "s" : 2.3586904761904764E-5
      },
      "min" : {
        "ns" : 3200,
        "us" : 3.2,
        "ms" : 0.0032,
        "s" : 3.2E-6
      },
      "max" : {
        "ns" : 164809,
        "us" : 164.809,
        "ms" : 0.164809,
        "s" : 1.64809E-4
      }
    },
    "BehaviorAnalyzer.handleFeedback<Analyzer>" : {
      "count" : 21,
      "average" : {
        "ns" : 470030.5714285714,
        "us" : 470.0305714285714,
        "ms" : 0.4700305714285714,
        "s" : 4.700305714285714E-4
      },
      "min" : {
        "ns" : 260815,
        "us" : 260.815,