{
  "stats" : {
    "nextFaultload" : {
      "count" : 22,
      "average" : {
        "ns" : 2321894.272727273,
        "us" : 2321.894272727273,
        "ms" : 2.321894272727273,
        "s" : 0.0023218942727272728
      },
      "min" : {
        "ns" : 310416,
        "us" : 310.416,
        "ms" : 0.310416,
        "s" : 3.10416E-4
      },
      "max" : {
        "ns" : 4269632,
        "us" : 4269.632,
        "ms" : 4.269632,
        "s" : 0.004269632
      }
    },
    "Per test" : {
      "count" : 21,
      "average" : {
        "ns" : 3.9557353666666664E7,
        "us" : 39557.35366666666,
        "ms" : 39.557353666666664,
        "s" : 0.03955735366666666
      },
      "min" : {
        "ns" : 23808694,
        "us" : 23808.694,
        "ms" : 23.808694,
        "s" : 0.023808694
      },
      "max" : {
        "ns" : 236366940,
        "us" : 236366.94,
        "ms" : 236.36694,
        "s" : 0.23636694
      }
    },
    "registerFaultload" : {
      "count" : 21,
      "average" : {
        "ns" : 9044896.047619049,
        "us" : 9044.896047619048,
        "ms" : 9.044896047619048,
        "s" : 0.009044896047619048
      },
      "min" : {
        "ns" : 2386229,
        "us" : 2386.229,
        "ms" : 2.386229,
        "s" : 0.002386229
      },
      "max" : {
        "ns" : 113820783,
        "us" : 113820.783,
        "ms" : 113.820783,
        "s" : 0.113820783
      }
    },
    "testMethod" : {
      "count" : 21,
      "average" : {
        "ns" : 1.324864342857143E7,
        "us" : 13248.64342857143,
        "ms" : 13.248643428571429,
        "s" : 0.01324864342857143
      },
      "min" : {
        "ns" : 11370218,
        "us" : 11370.218,
        "ms" : 11.370218,
        "s" : 0.011370218
      },
      "max" : {
        "ns" : 20757027,
        "us" : 20757.027,
        "ms" : 20.757027,
        "s" : 0.020757027
      }
    },
    "getTraceWithDelay" : {
      "count" : 21,
      "average" : {
        "ns" : 1.704635457142857E7,
        "us" : 17046.354571428572,
        "ms" : 17.04635457142857,
        "s" : 0.01704635457142857
      },
      "min" : {
        "ns" : 9556519,
        "us" : 9556.519,
        "ms" : 9.556519,
        "s" : 0.009556519
      },
      "max" : {
        "ns" : 101488713,
        "us" : 101488.713,
        "ms" : 101.488713,
        "s" : 0.101488713
      }
    },
    "getTrace" : {
      "count" : 21,
      "average" : {
        "ns" : 1.0239532523809524E7,
        "us" : 10239.532523809525,
        "ms" : 10.239532523809524,
        "s" : 0.010239532523809524
      },
      "min" : {
        "ns" : 5139479,
        "us" : 5139.479,
        "ms" : 5.139479,
        "s" : 0.005139479
      },
      "max" : {
        "ns" : 72589144,
        "us" : 72589.144,
        "ms" : 72.589144,
        "s" : 0.072589144
      }
    },
    "handleResult" : {
      "count" : 21,
      "average" : {
        "ns" : 3646988.619047619,
        "us" : 3646.988619047619,
        "ms" : 3.646988619047619,
        "s" : 0.003646988619047619
      },
      "min" : {
        "ns" : 1651390,
        "us" : 1651.39,
        "ms" : 1.65139,
        "s" : 0.00165139
      },
      "max" : {
        "ns" : 20109993,
        "us" : 20109.993,
        "ms" : 20.109993,
        "s" : 0.020109993
      }
    },
    "StrategyRunner.analyze" : {
      "count" : 21,
      "average" : {
        "ns" : 3542316.0,
        "us" : 3542.316,
        "ms" : 3.542316,
        "s" : 0.003542316
      },
      "min" : {
        "ns" : 1588786,
        "us" : 1588.786,
        "ms" : 1.588786,
        "s" : 0.001588786
      },
      "max" : {
        "ns" : 19781575,
        "us" : 19781.575,
        "ms" : 19.781575,
        "s" : 0.019781575
      }
    },
    "DynamicExplorationGenerator.handleFeedback<Analyzer>" : {
      "count" : 21,
      "average" : {
        "ns" : 499932.0,
        "us" : 499.932,
        "ms" : 0.499932,
        "s" : 4.99932E-4
      },
      "min" : {
        "ns" : 69404,
        "us" : 69.404,
        "ms" : 0.069404,
        "s" : 6.9404E-5
      },
      "max" : {
        "ns" : 5540401,
        "us" : 5540.401,
        "ms" : 5.540401,
        "s" : 0.005540401
      }
    },
    "HappyPathDetector.handleFeedback<Analyzer>" : {
      "count" : 21,
      "average" : {
        "ns" : 27639.571428571428,
        "us" : 27.63957142857143,
        "ms" : 0.027639571428571427,
        "s" : 2.7639571428571427E-5
      },
      "min" : {
        "ns" : 2300,
        "us" : 2.3,
        "ms" : 0.0023,
        "s" : 2.3E-6
      },
      "max" : {
        "ns" : 512928,
        "us" : 512.928,
        "ms" : 0.512928,
        "s" : 5.12928E-4
      }
    },
    "ParentChildDetector.handleFeedback<Analyzer>" : {
      "count" : 21,
      "average" : {
        "ns" : 452758.04761904763,
        "us" : 452.75804761904766,
        "ms" : 0.45275804761904764,
        "s" : 4.5275804761904764E-4
      },
      "min" : {
        "ns" : 33602,
        "us" : 33.602,
        "ms" : 0.033602,
        "s" : 3.3602E-5
      },
      "max" : {
        "ns" : 8114941,
        "us" : 8114.941,
        "ms" : 8.114941,
        "s" : 0.008114941
      }
    },
    "HappensBeforeNeighbourDetector.handleFeedback<Analyzer>" : {
      "count" : 21,
      "average" : {
        "ns" : 446614.6666666667,
        "us" : 446.61466666666666,
        "ms" : 0.44661466666666666,
        "s" : 4.466146666666667E-4
      },
      "min" : {
        "ns" : 12101,
        "us" : 12.101,
        "ms" : 0.012101,
        "s" : 1.2101E-5
      },
      "max" : {
        "ns" : 1169863,
        "us" : 1169.863,
        "ms" : 1.169863,
        "s" : 0.001169863
      }
    },
    "ErrorPropagationDetector.handleFeedback<Analyzer>" : {
      "count" : 21,
      "average" : {
        "ns" : 356362.14285714284,
        "us" : 356.3621428571428,
        "ms" : 0.35636214285714285,
        "s" : 3.563621428571428E-4
      },
      "min" : {
        "ns" : 4400,
        "us" : 4.4,
        "ms" : 0.0044,
        "s" : 4.4E-6
      },
      "max" : {
        "ns" : 1116361,
        "us" : 1116.361,
        "ms" : 1.116361,
        "s" : 0.001116361
      }
    },
    "ConditionalPointDetector.handleFeedback<Analyzer>" : {
      "count" : 21,
      "average" : {
        "ns" : 730125.380952381,
        "us" : 730.125380952381,
        "ms" : 0.730125380952381,
        "s" : 7.30125380952381E-4
      },
      "min" : {
        "ns" : 143408,
        "us" : 143.408,
        "ms" : 0.143408,
        "s" : 1.43408E-4
      },
      "max" : {
        "ns" : 4188727,
        "us" : 4188.727,
        "ms" : 4.188727,
        "s" : 0.004188727
      }
    },
    "RedundancyAnalyzer.handleFeedback<Analyzer>" : {
      "count" : 21,
      "average" : {
        "ns" : 43535.71428571428,
        "us" : 43.535714285714285,
        "ms" : 0.04353571428571428,
        "s" : 4.3535714285714285E-5
      },
      "min" : {
        "ns" : 15501,
        "us" : 15.501,
        "ms" : 0.015501,
        "s" : 1.5501E-5
      },
      "max" : {
        "ns" : 173110,
        "us" : 173.11,
        "ms" : 0.17311,
        "s" : 1.7311E-4
      }
    },
    "StatusAnalyzer.handleFeedback<Analyzer>" : {
      "count" : 21,
      "average" : {
        "ns" : 14891.238095238095,
        "us" : 14.891238095238096,
        "ms" : 0.014891238095238096,
        "s" : 1.4891238095238096E-5
      },
      "min" : {
        "ns" : 3500,
        "us" : 3.5,
        "ms" : 0.0035,
        "s" : 3.5E-6
      },
      "max" : {
        "ns" : 133007,
        "us" : 133.007,
        "ms" : 0.133007,
        "s" : 1.33007E-4
      }
    },
    "BehaviorAnalyzer.handleFeedback<Analyzer>" : {
      "count" : 21,
      "average" : {
        "ns" : 478273.5714285714,
        "us" : 478.2735714285714,
        "ms" : 0.4782735714285714,
        "s" : 4.7827357142857143E-4
      },
      "min" : {
        "ns" : 284116,
        "us" : 284.116,
        "ms" : 0.284116,