{
  "stats" : {
    "nextFaultload" : {
      "count" : 9,
      "average" : {
        "ns" : 2168823.111111111,
        "us" : 2168.823111111111,
        "ms" : 2.168823111111111,
        "s" : 0.002168823111111111
      },
      "min" : {
        "ns" : 434924,
        "us" : 434.924,
        "ms" : 0.434924,
        "s" : 4.34924E-4
      },
      "max" : {
        "ns" : 4699267,
        "us" : 4699.267,
        "ms" : 4.699267,
        "s" : 0.004699267
      }
    },
    "Per test" : {
      "count" : 8,
      "average" : {
        "ns" : 1.39136666625E8,
        "us" : 139136.666625,
        "ms" : 139.136666625,
        "s" : 0.139136666625
      },
      "min" : {
        "ns" : 58687036,
        "us" : 58687.036,
        "ms" : 58.687036,
        "s" : 0.058687036
      },
      "max" : {
        "ns" : 467183476,
        "us" : 467183.476,
        "ms" : 467.183476,
        "s" : 0.467183476
      }
    },
    "registerFaultload" : {
      "count" : 8,
      "average" : {
        "ns" : 1.8654670125E7,
        "us" : 18654.670125,
        "ms" : 18.654670125,
        "s" : 0.018654670125
      },
      "min" : {
        "ns" : 3010171,
        "us" : 3010.171,
        "ms" : 3.010171,
        "s" : 0.003010171
      },
      "max" : {
        "ns" : 109234191,
        "us" : 109234.191,
        "ms" : 109.234191,
        "s" : 0.109234191
      }
    },
    "testMethod" : {
      "count" : 8,
      "average" : {
        "ns" : 9.5019539625E7,
        "us" : 95019.539625,
        "ms" : 95.019539625,
        "s" : 0.095019539625
      },
      "min" : {
        "ns" : 43310661,
        "us" : 43310.661,
        "ms" : 43.310661,
        "s" : 0.043310661
      },
      "max" : {
        "ns" : 258586354,
        "us" : 258586.354,
        "ms" : 258.586354,
        "s" : 0.258586354
      }
    },
    "getTraceWithDelay" : {
      "count" : 8,
      "average" : {
        "ns" : 2.5234381375E7,
        "us" : 25234.381375,
        "ms" : 25.234381375,
        "s" : 0.025234381375
      },
      "min" : {
        "ns" : 11608059,
        "us" : 11608.059,
        "ms" : 11.608059,
        "s" : 0.011608059
      },
      "max" : {
        "ns" : 99046113,
        "us" : 99046.113,
        "ms" : 99.046113,
        "s" : 0.099046113
      }
    },
    "getTrace" : {
      "count" : 8,
      "average" : {
        "ns" : 1.55866715E7,
        "us" : 15586.6715,
        "ms" : 15.5866715,
        "s" : 0.0155866715
      },
      "min" : {
        "ns" : 6285157,
        "us" : 6285.157,
        "ms" : 6.285157,
        "s" : 0.006285157
      },
      "max" : {
        "ns" : 69330429,
        "us" : 69330.429,
        "ms" : 69.330429,
        "s" : 0.069330429
      }
    },
    "handleResult" : {
      "count" : 8,
      "average" : {
        "ns" : 5649082.75,
        "us" : 5649.08275,
        "ms" : 5.64908275,
        "s" : 0.00564908275
      },
      "min" : {
        "ns" : 1655294,
        "us" : 1655.294,
        "ms" : 1.655294,
        "s" : 0.001655294
      },
      "max" : {
        "ns" : 20572866,
        "us" : 20572.866,
        "ms" : 20.572866,
        "s" : 0.020572866
      }
    },
    "StrategyRunner.analyze" : {
      "count" : 8,
      "average" : {
        "ns" : 5489161.375,
        "us" : 5489.161375,
        "ms" : 5.489161375,
        "s" : 0.005489161375
      },
      "min" : {
        "ns" : 1570789,
        "us" : 1570.789,
        "ms" : 1.570789,
        "s" : 0.001570789
      },
      "max" : {
        "ns" : 20150842,
        "us" : 20150.842,
        "ms" : 20.150842,
        "s" : 0.020150842
      }
    },
    "DynamicExplorationGenerator.handleFeedback<Analyzer>" : {
      "count" : 8,
      "average" : {
        "ns" : 1012144.875,
        "us" : 1012.144875,
        "ms" : 1.012144875,
        "s" : 0.001012144875
      },
      "min" : {
        "ns" : 82504,
        "us" : 82.504,
        "ms" : 0.082504,
        "s" : 8.2504E-5
      },
      "max" : {
        "ns" : 5921836,
        "us" : 5921.836,
        "ms" : 5.921836,
        "s" : 0.005921836
      }
    },
    "HappyPathDetector.handleFeedback<Analyzer>" : {
      "count" : 8,
      "average" : {
        "ns" : 69654.125,
        "us" : 69.654125,
        "ms" : 0.069654125,
        "s" : 6.9654125E-5
      },
      "min" : {
        "ns" : 3101,
        "us" : 3.101,
        "ms" : 0.003101,
        "s" : 3.101E-6
      },
      "max" : {
        "ns" : 526430,
        "us" : 526.43,
        "ms" : 0.52643,
        "s" : 5.2643E-4
      }
    },
    "ParentChildDetector.handleFeedback<Analyzer>" : {
      "count" : 8,
      "average" : {
        "ns" : 988881.0,
        "us" : 988.881,
        "ms" : 0.988881,
        "s" : 9.88881E-4
      },
      "min" : {
        "ns" : 38702,
        "us" : 38.702,
        "ms" : 0.038702,
        "s" : 3.8702E-5
      },
      "max" : {
        "ns" : 7381319,
        "us" : 7381.319,
        "ms" : 7.381319,
        "s" : 0.007381319
      }
    },
    "HappensBeforeNeighbourDetector.handleFeedback<Analyzer>" : {
      "count" : 8,
      "average" : {
        "ns" : 388784.625,
        "us" : 388.784625,
        "ms" : 0.388784625,
        "s" : 3.88784625E-4
      },
      "min" : {
        "ns" : 13301,
        "us" : 13.301,
        "ms" : 0.013301,
        "s" : 1.3301E-5
      },
      "max" : {
        "ns" : 1358877,
        "us" : 1358.877,
        "ms" : 1.358877,
        "s" : 0.001358877
      }
    },
    "ErrorPropagationDetector.handleFeedback<Analyzer>" : {
      "count" : 8,
      "average" : {
        "ns" : 787869.75,
        "us" : 787.86975,
        "ms" : 0.78786975,
        "s" : 7.8786975E-4
      },
      "min" : {
        "ns" : 29101,
        "us" : 29.101,
        "ms" : 0.029101,
        "s" : 2.9101E-5
      },
      "max" : {
        "ns" : 2761557,
        "us" : 2761.557,
        "ms" : 2.761557,
        "s" : 0.002761557
      }
    },
    "ConditionalPointDetector.handleFeedback<Analyzer>" : {
      "count" : 8,
      "average" : {
        "ns" : 839822.5,
        "us" : 839.8225,
        "ms" : 0.8398225,
        "s" : 8.398225E-4
      },
      "min" : {
        "ns" : 111406,
        "us" : 111.406,
        "ms" : 0.111406,
        "s" : 1.11406E-4
      },
      "max" : {
        "ns" : 5041085,
        "us" : 5041.085,
        "ms" : 5.041085,
        "s" : 0.005041085
      }
    },
    "RedundancyAnalyzer.handleFeedback<Analyzer>" : {
      "count" : 8,
      "average" : {
        "ns" : 37677.125,
        "us" : 37.677125,
        "ms" : 0.037677125,
        "s" : 3.7677125E-5
      },
      "min" : {
        "ns" : 21501,
        "us" : 21.501,
        "ms" : 0.021501,
        "s" : 2.1501E-5
      },
      "max" : {
        "ns" : 69904,
        "us" : 69.904,
        "ms" : 0.069904,
        "s" : 6.9904E-5
      }
    },
    "StatusAnalyzer.handleFeedback<Analyzer>" : {
      "count" : 8,
      "average" : {
        "ns" : 28001.5,
        "us" : 28.0015,
        "ms" : 0.0280015,
        "s" : 2.80015E-5
      },
      "min" : {
        "ns" : 4600,
        "us" : 4.6,
        "ms" : 0.0046,
        "s" : 4.6E-6
      },
      "max" : {
        "ns" : 187110,
        "us" : 187.11,
        "ms" : 0.18711,
        "s" : 1.8711E-4
      }
    },
    "BehaviorAnalyzer.handleFeedback<Analyzer>" : {
      "count" : 8,
      "average" : {
        "ns" : 530730.125,
        "us" : 530.730125,
        "ms" : 0.530730125,
        "s" : 5.30730125E-4
      },
      "min" : {
        "ns" : 292316,
        "us" : 292.316,
        "ms" : 0.292316,
        "s" : 2.92316E-4
      },
      "max" : {
        "ns" : 1341176,
        "us" : 1341.176,
        "ms" : 1.341176,
        "s" : 0.001341176
      }
    },
    "TimingAnalyzer.handleFeedback<Analyzer>" : {
      "count" : 8,
      "average" : {
        "ns" : 162921.875,
        "us" : 162.921875,
        "ms" : 0.162921875,
        "s" : 1.62921875E-4
      },
      "min" : {
        "ns" : 53403,