{
    "per_key": {
        "nextFaultload": {
            "n": 2190,
            "mean": 6.067469493150684,
            "median": 1.9336915,
            "std": 97.98012898858033,
            "min": 0.831437,
            "max": 2899.6509969999997,
            "p25": 1.4400677499999999,
            "p50": 1.9336915,
            "p75": 2.57687375,
            "p90": 4.1591460000000025,
            "p95": 5.374596399999997,
            "p99": 9.005147810000103
        },
        "Per test": {
            "n": 2187,
            "mean": 25.348449900777318,
            "median": 23.415195999999998,
            "std": 10.939280233249269,
            "min": 17.768832,
            "max": 293.481456,
            "p25": 21.9948045,
            "p50": 23.415195999999998,
            "p75": 25.7023445,
            "p90": 29.5548236,
            "p95": 34.274474799999986,
            "p99": 58.44166605999984
        },
        "registerFaultload": {
            "n": 2187,
            "mean": 3.0886417924096934,
            "median": 2.7427289999999998,
            "std": 2.1800291928823223,
            "min": 1.771583,
            "max": 55.264209,
            "p25": 2.4502145,
            "p50": 2.7427289999999998,
            "p75": 3.182499,
            "p90": 3.8443276,
            "p95": 4.549992699999998,
            "p99": 8.200878299999978
        },
        "unregisterFautload": {
            "n": 2187,
            "mean": 2.707867577960677,
            "median": 2.510221,
            "std": 0.9101287886678802,
            "min": 1.6624789999999998,
            "max": 17.231244999999998,
            "p25": 2.2545555,
            "p50": 2.510221,
            "p75": 2.84984,
            "p90": 3.4259906000000004,
            "p95": 3.9695772999999996,
            "p99": 6.082226559999999
        },
        "testMethod": {
            "n": 2187,
            "mean": 17.83417120804755,
            "median": 16.554318,
            "std": 7.136409020796741,
            "min": 12.643291,
            "max": 175.33097899999999,
            "p25": 15.574986499999998,
            "p50": 16.554318,
            "p75": 18.1130915,
            "p90": 20.758993800000002,
            "p95": 23.716500699999997,
            "p99": 43.74919365999982
        },
        "getTraceWithDelay": {
            "n": 2187,
            "mean": 7.130886836305442,
            "median": 6.150367,
            "std": 5.723753183334625,
            "min": 4.2359979999999995,
            "max": 155.77415499999998,
            "p25": 5.6719289999999996,
            "p50": 6.150367,
            "p75": 6.9361745,
            "p90": 8.844756,
            "p95": 11.232301699999995,
            "p99": 23.75784547999993
        },
        "handleResult": {
            "n": 2187,
            "mean": 1.585079901234568,
            "median": 1.3841649999999999,
            "std": 1.6871840954355481,
            "min": 0.596926,
            "max": 48.534392,
            "p25": 1.071799,
            "p50": 1.3841649999999999,
            "p75": 1.7202319999999998,
            "p90": 2.0114592,
            "p95": 2.399569599999999,
            "p99": 6.065491979999973
        },
        "Total test time": {
            "n": 3,
            "mean": 24104.590168666666,
            "median": 24365.624394,
            "std": 1161.6315851124857,
            "min": 22569.445788999998,
            "max": 25378.700322999997,
            "p25": 23467.535091499998,
            "p50": 24365.624394,
            "p75": 24872.162358499998,
            "p90": 25176.085137199996,
            "p95": 25277.392730099997,
            "p99": 25358.43880442
        },
        "getExpectedBehaviours": {
            "n": 16032,
            "mean": 0.23013787138223551,
            "median": 0.227211,
            "std": 0.18787717796203346,
            "min": 0.051002,
            "max": 5.116039,
            "p25": 0.16230799999999998,
            "p50": 0.227211,
            "p75": 0.275013,
            "p90": 0.3190149,
            "p95": 0.3682625499999999,
            "p99": 0.5141916200000001
        },
        "getExpectedPoints": {
            "n": 16032,
            "mean": 0.2788789453592814,
            "median": 0.256112,
            "std": 0.22123257182281575,
            "min": 0.054303,
            "max": 6.876732,
            "p25": 0.18668325,
            "p50": 0.256112,
            "p75": 0.30953949999999997,
            "p90": 0.4128999999999999,
            "p95": 0.5291689999999999,
            "p99": 0.8468986900000005
        }
    }
}