{
  "stats" : {
    "nextFaultload" : {
      "count" : 9,
      "average" : {
        "ns" : 2714039.777777778,
        "us" : 2714.039777777778,
        "ms" : 2.714039777777778,
        "s" : 0.002714039777777778
      },
      "min" : {
        "ns" : 759111,
        "us" : 759.111,
        "ms" : 0.759111,
        "s" : 7.59111E-4
      },
      "max" : {
        "ns" : 4918572,
        "us" : 4918.572,
        "ms" : 4.918572,
        "s" : 0.004918572
      }
    },
    "Per test" : {
      "count" : 8,
      "average" : {
        "ns" : 1.33181421E8,
        "us" : 133181.421,
        "ms" : 133.181421,
        "s" : 0.133181421
      },
      "min" : {
        "ns" : 42654423,
        "us" : 42654.423,
        "ms" : 42.654423,
        "s" : 0.042654423
      },
      "max" : {
        "ns" : 455061150,
        "us" : 455061.15,
        "ms" : 455.06115,
        "s" : 0.45506115
      }
    },
    "registerFaultload" : {
      "count" : 8,
      "average" : {
        "ns" : 1.8308505E7,
        "us" : 18308.505,
        "ms" : 18.308505,
        "s" : 0.018308505
      },
      "min" : {
        "ns" : 3131046,
        "us" : 3131.046,
        "ms" : 3.131046,
        "s" : 0.003131046
      },
      "max" : {
        "ns" : 108359683,
        "us" : 108359.683,
        "ms" : 108.359683,
        "s" : 0.108359683
      }
    },
    "testMethod" : {
      "count" : 8,
      "average" : {
        "ns" : 8.668182925E7,
        "us" : 86681.82925,
        "ms" : 86.68182925,
        "s" : 0.08668182925
      },
      "min" : {
        "ns" : 26961894,
        "us" : 26961.894,
        "ms" : 26.961894,
        "s" : 0.026961894
      },
      "max" : {
        "ns" : 241468329,
        "us" : 241468.329,
        "ms" : 241.468329,
        "s" : 0.241468329
      }
    },
    "getTraceWithDelay" : {
      "count" : 8,
      "average" : {
        "ns" : 2.7951571E7,
        "us" : 27951.571,
        "ms" : 27.951571,
        "s" : 0.027951571
      },
      "min" : {
        "ns" : 11994876,
        "us" : 11994.876,
        "ms" : 11.994876,
        "s" : 0.011994876
      },
      "max" : {
        "ns" : 104908033,
        "us" : 104908.033,
        "ms" : 104.908033,
        "s" : 0.104908033
      }
    },
    "getTrace" : {
      "count" : 8,
      "average" : {
        "ns" : 1.79650875E7,
        "us" : 17965.0875,
        "ms" : 17.9650875,
        "s" : 0.0179650875
      },
      "min" : {
        "ns" : 6872501,
        "us" : 6872.501,
        "ms" : 6.872501,
        "s" : 0.006872501
      },
      "max" : {
        "ns" : 75222999,
        "us" : 75222.999,
        "ms" : 75.222999,
        "s" : 0.075222999
      }
    },
    "handleResult" : {
      "count" : 8,
      "average" : {
        "ns" : 6160589.875,
        "us" : 6160.589875,
        "ms" : 6.160589875,
        "s" : 0.006160589875
      },
      "min" : {
        "ns" : 1927428,
        "us" : 1927.428,
        "ms" : 1.927428,
        "s" : 0.001927428
      },
      "max" : {
        "ns" : 20906805,
        "us" : 20906.805,
        "ms" : 20.906805,
        "s" : 0.020906805
      }
    },
    "StrategyRunner.analyze" : {
      "count" : 8,
      "average" : {
        "ns" : 5987200.0,
        "us" : 5987.2,
        "ms" : 5.9872,
        "s" : 0.0059872
      },
      "min" : {
        "ns" : 1812326,
        "us" : 1812.326,
        "ms" : 1.812326,
        "s" : 0.001812326
      },
      "max" : {
        "ns" : 20534600,
        "us" : 20534.6,
        "ms" : 20.5346,
        "s" : 0.0205346
      }
    },
    "DynamicExplorationGenerator.handleFeedback<Analyzer>" : {
      "count" : 8,
      "average" : {
        "ns" : 1088353.375,
        "us" : 1088.353375,
        "ms" : 1.088353375,
        "s" : 0.001088353375
      },
      "min" : {
        "ns" : 73601,
        "us" : 73.601,
        "ms" : 0.073601,
        "s" : 7.3601E-5
      },
      "max" : {
        "ns" : 6136189,
        "us" : 6136.189,
        "ms" : 6.136189,
        "s" : 0.006136189
      }
    },
    "HappyPathDetector.handleFeedback<Analyzer>" : {
      "count" : 8,
      "average" : {
        "ns" : 75576.0,
        "us" : 75.576,
        "ms" : 0.075576,
        "s" : 7.5576E-5
      },
      "min" : {
        "ns" : 3000,
        "us" : 3.0,
        "ms" : 0.003,
        "s" : 3.0E-6
      },
      "max" : {
        "ns" : 574108,
        "us" : 574.108,
        "ms" : 0.574108,
        "s" : 5.74108E-4
      }
    },
    "ParentChildDetector.handleFeedback<Analyzer>" : {
      "count" : 8,
      "average" : {
        "ns" : 1090678.375,
        "us" : 1090.678375,
        "ms" : 1.090678375,
        "s" : 0.001090678375
      },
      "min" : {
        "ns" : 41500,
        "us" : 41.5,
        "ms" : 0.0415,
        "s" : 4.15E-5
      },
      "max" : {
        "ns" : 8029717,
        "us" : 8029.717,
        "ms" : 8.029717,
        "s" : 0.008029717
      }
    },
    "HappensBeforeNeighbourDetector.handleFeedback<Analyzer>" : {
      "count" : 8,
      "average" : {
        "ns" : 438868.875,
        "us" : 438.868875,
        "ms" : 0.438868875,
        "s" : 4.38868875E-4
      },
      "min" : {
        "ns" : 14800,
        "us" : 14.8,
        "ms" : 0.0148,
        "s" : 1.48E-5
      },
      "max" : {
        "ns" : 1722825,
        "us" : 1722.825,
        "ms" : 1.722825,
        "s" : 0.001722825
      }
    },
    "ErrorPropagationDetector.handleFeedback<Analyzer>" : {
      "count" : 8,
      "average" : {
        "ns" : 884575.5,
        "us" : 884.5755,
        "ms" : 0.8845755,
        "s" : 8.845755E-4
      },
      "min" : {
        "ns" : 14800,
        "us" : 14.8,
        "ms" : 0.0148,
        "s" : 1.48E-5
      },
      "max" : {
        "ns" : 3195647,
        "us" : 3195.647,
        "ms" : 3.195647,
        "s" : 0.003195647
      }
    },
    "ConditionalPointDetector.handleFeedback<Analyzer>" : {
      "count" : 8,
      "average" : {
        "ns" : 828274.625,
        "us" : 828.274625,
        "ms" : 0.828274625,
        "s" : 8.28274625E-4
      },
      "min" : {
        "ns" : 111802,
        "us" : 111.802,
        "ms" : 0.111802,
        "s" : 1.11802E-4
      },
      "max" : {
        "ns" : 4548366,
        "us" : 4548.366,
        "ms" : 4.548366,
        "s" : 0.004548366
      }
    },
    "RedundancyAnalyzer.handleFeedback<Analyzer>" : {
      "count" : 8,
      "average" : {
        "ns" : 36175.5,
        "us" : 36.1755,
        "ms" : 0.0361755,
        "s" : 3.61755E-5
      },
      "min" : {
        "ns" : 20300,
        "us" : 20.3,
        "ms" : 0.0203,
        "s" : 2.03E-5
      },
      "max" : {
        "ns" : 85901,
        "us" : 85.901,
        "ms" : 0.085901,
        "s" : 8.5901E-5
      }
    },
    "StatusAnalyzer.handleFeedback<Analyzer>" : {
      "count" : 8,
      "average" : {
        "ns" : 22025.375,
        "us" : 22.025375,
        "ms" : 0.022025375,
        "s" : 2.2025375E-5
      },
      "min" : {
        "ns" : 3900,
        "us" : 3.9,
        "ms" : 0.0039,
        "s" : 3.9E-6
      },
      "max" : {
        "ns" : 140902,
        "us" : 140.902,
        "ms" : 0.140902,
        "s" : 1.40902E-4
      }
    },
    "BehaviorAnalyzer.handleFeedback<Analyzer>" : {
      "count" : 8,
      "average" : {
        "ns" : 615558.875,
        "us" : 615.558875,
        "ms" : 0.615558875,
        "s" : 6.15558875E-4
      },
      "min" : {
        "ns" : 343805,
        "us" : 343.805,
        "ms" : 0.343805,
        "s" : 3.43805E-4
      },
      "max" : {
        "ns" : 1688324,
        "us" : 1688.324,
        "ms" : 1.688324,
        "s" : 0.001688324
      }
    },
    "TimingAnalyzer.handleFeedback<Analyzer>" : {
      "count" : 8,
      "average" : {
        "ns" : 170390.125,
        "us" : 170.390125,
        "ms" : 0.170390125,
        "s" : 1.70390125E-4
      },
      "min" : {
        "ns" : 47901,
        "us" : 47.901,
        "ms" : 0.047901,
        "s" : 4.7901E-5
      },