{
  "stats" : {
    "nextFaultload" : {
      "count" : 10,
      "average" : {
        "ns" : 4147523.0,
        "us" : 4147.523,
        "ms" : 4.147523,
        "s" : 0.004147523
      },
      "min" : {
        "ns" : 1966392,
        "us" : 1966.392,
        "ms" : 1.966392,
        "s" : 0.001966392
      },
      "max" : {
        "ns" : 9484341,
        "us" : 9484.341,
        "ms" : 9.484341,
        "s" : 0.009484341
      }
    },
    "Per test" : {
      "count" : 9,
      "average" : {
        "ns" : 5.931568088888889E7,
        "us" : 59315.680888888885,
        "ms" : 59.315680888888885,
        "s" : 0.05931568088888889
      },
      "min" : {
        "ns" : 29738283,
        "us" : 29738.283,
        "ms" : 29.738283,
        "s" : 0.029738283
      },
      "max" : {
        "ns" : 246479564,
        "us" : 246479.564,
        "ms" : 246.479564,
        "s" : 0.246479564
      }
    },
    "registerFaultload" : {
      "count" : 9,
      "average" : {
        "ns" : 1.7531793111111112E7,
        "us" : 17531.79311111111,
        "ms" : 17.531793111111114,
        "s" : 0.01753179311111111
      },
      "min" : {
        "ns" : 2964737,
        "us" : 2964.737,
        "ms" : 2.964737,
        "s" : 0.002964737
      },
      "max" : {
        "ns" : 110470238,
        "us" : 110470.238,
        "ms" : 110.470238,
        "s" : 0.110470238
      }
    },
    "testMethod" : {
      "count" : 9,
      "average" : {
        "ns" : 3.1478764222222224E7,
        "us" : 31478.764222222224,
        "ms" : 31.478764222222225,
        "s" : 0.031478764222222226
      },
      "min" : {
        "ns" : 19295398,
        "us" : 19295.398,
        "ms" : 19.295398,
        "s" : 0.019295398
      },
      "max" : {
        "ns" : 105452305,
        "us" : 105452.305,
        "ms" : 105.452305,
        "s" : 0.105452305
      }
    },
    "getTraceWithDelay" : {
      "count" : 9,
      "average" : {
        "ns" : 2.6662795666666668E7,
        "us" : 26662.79566666667,
        "ms" : 26.662795666666668,
        "s" : 0.02666279566666667
      },
      "min" : {
        "ns" : 13845544,
        "us" : 13845.544,
        "ms" : 13.845544,
        "s" : 0.013845544
      },
      "max" : {
        "ns" : 105527708,
        "us" : 105527.708,
        "ms" : 105.527708,
        "s" : 0.105527708
      }
    },
    "getTrace" : {
      "count" : 9,
      "average" : {
        "ns" : 1.6120094E7,
        "us" : 16120.094,
        "ms" : 16.120094,
        "s" : 0.016120094
      },
      "min" : {
        "ns" : 7231236,
        "us" : 7231.236,
        "ms" : 7.231236,
        "s" : 0.007231236
      },
      "max" : {
        "ns" : 74229652,
        "us" : 74229.652,
        "ms" : 74.229652,
        "s" : 0.074229652
      }
    },
    "handleResult" : {
      "count" : 9,
      "average" : {
        "ns" : 6155453.0,
        "us" : 6155.453,
        "ms" : 6.155453,
        "s" : 0.006155453
      },
      "min" : {
        "ns" : 2991439,
        "us" : 2991.439,
        "ms" : 2.991439,
        "s" : 0.002991439
      },
      "max" : {
        "ns" : 21144483,
        "us" : 21144.483,
        "ms" : 21.144483,
        "s" : 0.021144483
      }
    },
    "StrategyRunner.analyze" : {
      "count" : 9,
      "average" : {
        "ns" : 5958066.111111111,
        "us" : 5958.066111111111,
        "ms" : 5.958066111111111,
        "s" : 0.005958066111111111
      },
      "min" : {
        "ns" : 2845533,
        "us" : 2845.533,
        "ms" : 2.845533,
        "s" : 0.002845533
      },
      "max" : {
        "ns" : 20824768,
        "us" : 20824.768,
        "ms" : 20.824768,
        "s" : 0.020824768
      }
    },
    "DynamicExplorationGenerator.handleFeedback<Analyzer>" : {
      "count" : 9,
      "average" : {
        "ns" : 998601.7777777778,
        "us" : 998.6017777777778,
        "ms" : 0.9986017777777777,
        "s" : 9.986017777777777E-4
      },
      "min" : {
        "ns" : 106504,
        "us" : 106.504,
        "ms" : 0.106504,
        "s" : 1.06504E-4
      },
      "max" : {
        "ns" : 6913521,
        "us" : 6913.521,
        "ms" : 6.913521,
        "s" : 0.006913521
      }
    },
    "HappyPathDetector.handleFeedback<Analyzer>" : {
      "count" : 9,
      "average" : {
        "ns" : 58047.11111111111,
        "us" : 58.04711111111111,
        "ms" : 0.05804711111111111,
        "s" : 5.804711111111111E-5
      },
      "min" : {
        "ns" : 3500,
        "us" : 3.5,
        "ms" : 0.0035,
        "s" : 3.5E-6
      },
      "max" : {
        "ns" : 488823,
        "us" : 488.823,
        "ms" : 0.488823,
        "s" : 4.88823E-4
      }
    },
    "ParentChildDetector.handleFeedback<Analyzer>" : {
      "count" : 9,
      "average" : {
        "ns" : 893052.6666666666,
        "us" : 893.0526666666666,
        "ms" : 0.8930526666666666,
        "s" : 8.930526666666666E-4
      },
      "min" : {
        "ns" : 48302,
        "us" : 48.302,
        "ms" : 0.048302,
        "s" : 4.8302E-5
      },
      "max" : {
        "ns" : 7473848,
        "us" : 7473.848,
        "ms" : 7.473848,
        "s" : 0.007473848
      }
    },
    "HappensBeforeNeighbourDetector.handleFeedback<Analyzer>" : {
      "count" : 9,
      "average" : {
        "ns" : 1072372.0,
        "us" : 1072.372,
        "ms" : 1.072372,
        "s" : 0.001072372
      },
      "min" : {
        "ns" : 11000,
        "us" : 11.0,
        "ms" : 0.011,
        "s" : 1.1E-5
      },
      "max" : {
        "ns" : 3866480,
        "us" : 3866.48,
        "ms" : 3.86648,
        "s" : 0.00386648
      }
    },
    "ErrorPropagationDetector.handleFeedback<Analyzer>" : {
      "count" : 9,
      "average" : {
        "ns" : 578493.6666666666,
        "us" : 578.4936666666666,
        "ms" : 0.5784936666666666,
        "s" : 5.784936666666667E-4
      },
      "min" : {
        "ns" : 13701,
        "us" : 13.701,
        "ms" : 0.013701,
        "s" : 1.3701E-5
      },
      "max" : {
        "ns" : 1155854,
        "us" : 1155.854,
        "ms" : 1.155854,
        "s" : 0.001155854
      }
    },
    "ConditionalPointDetector.handleFeedback<Analyzer>" : {
      "count" : 9,
      "average" : {
        "ns" : 989957.1111111111,
        "us" : 989.9571111111111,
        "ms" : 0.9899571111111112,
        "s" : 9.89957111111111E-4
      },
      "min" : {
        "ns" : 203209,
        "us" : 203.209,
        "ms" : 0.203209,
        "s" : 2.03209E-4
      },
      "max" : {
        "ns" : 4376104,
        "us" : 4376.104,
        "ms" : 4.376104,
        "s" : 0.004376104
      }
    },
    "RedundancyAnalyzer.handleFeedback<Analyzer>" : {
      "count" : 9,
      "average" : {
        "ns" : 43479.77777777778,
        "us" : 43.479777777777784,
        "ms" : 0.043479777777777784,
        "s" : 4.347977777777778E-5
      },
      "min" : {
        "ns" : 18501,
        "us" : 18.501,
        "ms" : 0.018501,
        "s" : 1.8501E-5
      },
      "max" : {
        "ns" : 136006,
        "us" : 136.006,
        "ms" : 0.136006,
        "s" : 1.36006E-4
      }
    },
    "StatusAnalyzer.handleFeedback<Analyzer>" : {
      "count" : 9,
      "average" : {
        "ns" : 19967.777777777777,
        "us" : 19.967777777777776,
        "ms" : 0.01996777777777778,
        "s" : 1.9967777777777778E-5
      },
      "min" : {
        "ns" : 4901,
        "us" : 4.901,
        "ms" : 0.004901,
        "s" : 4.901E-6
      },
      "max" : {
        "ns" : 134906,
        "us" : 134.906,
        "ms" : 0.134906,
        "s" : 1.34906E-4
      }
    },
    "BehaviorAnalyzer.handleFeedback<Analyzer>" : {
      "count" : 9,
      "average" : {
        "ns" : 586460.5555555555,
        "us" : 586.4605555555555,
        "ms" : 0.5864605555555555,
        "s" : 5.864605555555555E-4
      },
      "min" : {
        "ns" : 352716,
        "us" : 352.716,
        "ms" : 0.352716,
        "s" : 3.52716E-4
      },
      "max" : {
        "ns" : 1179455,