{
    "per_key": {
        "nextFaultload": {
            "n": 260,
            "mean": 1.540865926923077,
            "median": 1.397405,
            "std": 0.7832199455084061,
            "min": 0.01847,
            "max": 4.722011,
            "p25": 1.0657652499999999,
            "p50": 1.397405,
            "p75": 1.88673075,
            "p90": 2.3399094999999996,
            "p95": 3.033176199999999,
            "p99": 4.275619280000002
        },
        "Per test": {
            "n": 250,
            "mean": 38.540411076000005,
            "median": 28.160863,
            "std": 42.26302793485757,
            "min": 23.678981,
            "max": 261.40731999999997,
            "p25": 25.86953075,
            "p50": 28.160863,
            "p75": 32.441430499999996,
            "p90": 37.5439989,
            "p95": 57.26296104999999,
            "p99": 242.42824964999997
        },
        "registerFaultload": {
            "n": 250,
            "mean": 8.546807000000001,
            "median": 3.331842,
            "std": 22.431077617666617,
            "min": 2.432489,
            "max": 131.749592,
            "p25": 3.0432162499999995,
            "p50": 3.331842,
            "p75": 3.76223075,
            "p90": 4.7082418,
            "p95": 20.45826164999999,
            "p99": 117.55247912999997
        },
        "unregisterFautload": {
            "n": 250,
            "mean": 2.9443719079999995,
            "median": 2.90135,
            "std": 0.3402743379987911,
            "min": 2.114789,
            "max": 4.185757,
            "p25": 2.71353975,
            "p50": 2.90135,
            "p75": 3.11023025,
            "p90": 3.4132455999999998,
            "p95": 3.6074688999999998,
            "p99": 3.8953546899999987
        },
        "testMethod": {
            "n": 250,
            "mean": 14.740639799999999,
            "median": 13.6114585,
            "std": 3.5382923221500713,
            "min": 11.556522,
            "max": 40.403796,
            "p25": 12.7881225,
            "p50": 13.6114585,
            "p75": 15.716869499999998,
            "p90": 16.7643756,
            "p95": 18.040218399999983,
            "p99": 28.503555749999993
        },
        "getTraceWithDelay": {
            "n": 250,
            "mean": 15.257419736,
            "median": 11.147777,
            "std": 17.161060861681097,
            "min": 7.925909,
            "max": 101.519922,
            "p25": 9.654766,
            "p50": 11.147777,
            "p75": 13.447698749999999,
            "p90": 16.986704399999997,
            "p95": 21.510804949999983,
            "p99": 98.87718706999999
        },
        "handleResult": {
            "n": 250,
            "mean": 1.9989545079999997,
            "median": 1.103228,
            "std": 3.2302621712365527,
            "min": 0.5926319999999999,
            "max": 18.122933,
            "p25": 0.84195975,
            "p50": 1.103228,
            "p75": 1.6472975,
            "p90": 2.720211599999999,
            "p95": 5.549892149999998,
            "p99": 17.34047105999999
        },
        "Total test time": {
            "n": 10,
            "mean": 1292.7326715999998,
            "median": 1291.7595325,
            "std": 11.470609214808436,
            "min": 1274.486445,
            "max": 1311.596636,
            "p25": 1287.5703262499999,
            "p50": 1291.7595325,
            "p75": 1299.4192,
            "p90": 1309.3210210999998,
            "p95": 1310.45882855,
            "p99": 1311.36907451
        },
        "getExpectedBehaviours": {
            "n": 480,
            "mean": 0.12498469375,
            "median": 0.096302,
            "std": 0.09819023812821193,
            "min": 0.03319,
            "max": 0.716004,
            "p25": 0.05658075,
            "p50": 0.096302,
            "p75": 0.15493525,
            "p90": 0.23374780000000003,
            "p95": 0.3022334999999992,
            "p99": 0.52126283
        },
        "getExpectedPoints": {
            "n": 480,
            "mean": 0.18162746666666665,
            "median": 0.146737,
            "std": 0.12384173862205029,
            "min": 0.041971,
            "max": 0.827656,
            "p25": 0.09429199999999999,
            "p50": 0.146737,
            "p75": 0.23375225,
            "p90": 0.3405404,
            "p95": 0.4063468499999999,
            "p99": 0.6335327499999999
        }
    }
}