{
  "stats" : {
    "nextFaultload" : {
      "count" : 22,
      "average" : {
        "ns" : 2472505.5454545454,
        "us" : 2472.5055454545454,
        "ms" : 2.4725055454545455,
        "s" : 0.0024725055454545455
      },
      "min" : {
        "ns" : 319112,
        "us" : 319.112,
        "ms" : 0.319112,
        "s" : 3.19112E-4
      },
      "max" : {
        "ns" : 4172363,
        "us" : 4172.363,
        "ms" : 4.172363,
        "s" : 0.004172363
      }
    },
    "Per test" : {
      "count" : 21,
      "average" : {
        "ns" : 3.91074669047619E7,
        "us" : 39107.4669047619,
        "ms" : 39.1074669047619,
        "s" : 0.039107466904761905
      },
      "min" : {
        "ns" : 24217544,
        "us" : 24217.544,
        "ms" : 24.217544,
        "s" : 0.024217544
      },
      "max" : {
        "ns" : 229443641,
        "us" : 229443.641,
        "ms" : 229.443641,
        "s" : 0.229443641
      }
    },
    "registerFaultload" : {
      "count" : 21,
      "average" : {
        "ns" : 8865545.476190476,
        "us" : 8865.545476190477,
        "ms" : 8.865545476190476,
        "s" : 0.008865545476190475
      },
      "min" : {
        "ns" : 2575800,
        "us" : 2575.8,
        "ms" : 2.5758,
        "s" : 0.0025758
      },
      "max" : {
        "ns" : 108344122,
        "us" : 108344.122,
        "ms" : 108.344122,
        "s" : 0.108344122
      }
    },
    "testMethod" : {
      "count" : 21,
      "average" : {
        "ns" : 1.285816757142857E7,
        "us" : 12858.16757142857,
        "ms" : 12.85816757142857,
        "s" : 0.012858167571428571
      },
      "min" : {
        "ns" : 11238338,
        "us" : 11238.338,
        "ms" : 11.238338,
        "s" : 0.011238338
      },
      "max" : {
        "ns" : 19614464,
        "us" : 19614.464,
        "ms" : 19.614464,
        "s" : 0.019614464
      }
    },
    "getTraceWithDelay" : {
      "count" : 21,
      "average" : {
        "ns" : 1.7162678285714287E7,
        "us" : 17162.678285714286,
        "ms" : 17.162678285714286,
        "s" : 0.017162678285714286
      },
      "min" : {
        "ns" : 9990789,
        "us" : 9990.789,
        "ms" : 9.990789,
        "s" : 0.009990789
      },
      "max" : {
        "ns" : 101181143,
        "us" : 101181.143,
        "ms" : 101.181143,
        "s" : 0.101181143
      }
    },
    "getTrace" : {
      "count" : 21,
      "average" : {
        "ns" : 1.027221457142857E7,
        "us" : 10272.21457142857,
        "ms" : 10.27221457142857,
        "s" : 0.010272214571428571
      },
      "min" : {
        "ns" : 5208903,
        "us" : 5208.903,
        "ms" : 5.208903,
        "s" : 0.005208903
      },
      "max" : {
        "ns" : 72828638,
        "us" : 72828.638,
        "ms" : 72.828638,
        "s" : 0.072828638
      }
    },
    "handleResult" : {
      "count" : 21,
      "average" : {
        "ns" : 3622165.0476190476,
        "us" : 3622.1650476190475,
        "ms" : 3.6221650476190477,
        "s" : 0.0036221650476190477
      },
      "min" : {
        "ns" : 1736268,
        "us" : 1736.268,
        "ms" : 1.736268,
        "s" : 0.001736268
      },
      "max" : {
        "ns" : 19669766,
        "us" : 19669.766,
        "ms" : 19.669766,
        "s" : 0.019669766
      }
    },
    "StrategyRunner.analyze" : {
      "count" : 21,
      "average" : {
        "ns" : 3503003.1428571427,
        "us" : 3503.003142857143,
        "ms" : 3.5030031428571426,
        "s" : 0.0035030031428571425
      },
      "min" : {
        "ns" : 1672665,
        "us" : 1672.665,
        "ms" : 1.672665,
        "s" : 0.001672665
      },
      "max" : {
        "ns" : 19255950,
        "us" : 19255.95,
        "ms" : 19.25595,
        "s" : 0.01925595
      }
    },
    "DynamicExplorationGenerator.handleFeedback<Analyzer>" : {
      "count" : 21,
      "average" : {
        "ns" : 502667.2380952381,
        "us" : 502.66723809523813,
        "ms" : 0.5026672380952381,
        "s" : 5.026672380952381E-4
      },
      "min" : {
        "ns" : 68503,
        "us" : 68.503,
        "ms" : 0.068503,
        "s" : 6.8503E-5
      },
      "max" : {
        "ns" : 5629020,
        "us" : 5629.02,
        "ms" : 5.62902,
        "s" : 0.00562902
      }
    },
    "HappyPathDetector.handleFeedback<Analyzer>" : {
      "count" : 21,
      "average" : {
        "ns" : 30272.666666666668,
        "us" : 30.27266666666667,
        "ms" : 0.030272666666666666,
        "s" : 3.027266666666667E-5
      },
      "min" : {
        "ns" : 1900,
        "us" : 1.9,
        "ms" : 0.0019,
        "s" : 1.9E-6
      },
      "max" : {
        "ns" : 566822,
        "us" : 566.822,
        "ms" : 0.566822,
        "s" : 5.66822E-4
      }
    },
    "ParentChildDetector.handleFeedback<Analyzer>" : {
      "count" : 21,
      "average" : {
        "ns" : 417844.7619047619,
        "us" : 417.84476190476187,
        "ms" : 0.4178447619047619,
        "s" : 4.178447619047619E-4
      },
      "min" : {
        "ns" : 31701,
        "us" : 31.701,
        "ms" : 0.031701,
        "s" : 3.1701E-5
      },
      "max" : {
        "ns" : 7334686,
        "us" : 7334.686,
        "ms" : 7.334686,
        "s" : 0.007334686
      }
    },
    "HappensBeforeNeighbourDetector.handleFeedback<Analyzer>" : {
      "count" : 21,
      "average" : {
        "ns" : 417602.14285714284,
        "us" : 417.60214285714284,
        "ms" : 0.41760214285714287,
        "s" : 4.176021428571428E-4
      },
      "min" : {
        "ns" : 10700,
        "us" : 10.7,
        "ms" : 0.0107,
        "s" : 1.07E-5
      },
      "max" : {
        "ns" : 1280950,
        "us" : 1280.95,
        "ms" : 1.28095,
        "s" : 0.00128095
      }
    },
    "ErrorPropagationDetector.handleFeedback<Analyzer>" : {
      "count" : 21,
      "average" : {
        "ns" : 365957.1904761905,
        "us" : 365.9571904761905,
        "ms" : 0.36595719047619046,
        "s" : 3.6595719047619046E-4
      },
      "min" : {
        "ns" : 4000,
        "us" : 4.0,
        "ms" : 0.004,
        "s" : 4.0E-6
      },
      "max" : {
        "ns" : 1212547,
        "us" : 1212.547,
        "ms" : 1.212547,
        "s" : 0.001212547
      }
    },
    "ConditionalPointDetector.handleFeedback<Analyzer>" : {
      "count" : 21,
      "average" : {
        "ns" : 718766.2857142857,
        "us" : 718.7662857142857,
        "ms" : 0.7187662857142857,
        "s" : 7.187662857142857E-4
      },
      "min" : {
        "ns" : 138705,
        "us" : 138.705,
        "ms" : 0.138705,
        "s" : 1.38705E-4
      },
      "max" : {
        "ns" : 4346170,
        "us" : 4346.17,
        "ms" : 4.34617,
        "s" : 0.00434617
      }
    },
    "RedundancyAnalyzer.handleFeedback<Analyzer>" : {
      "count" : 21,
      "average" : {
        "ns" : 36277.666666666664,
        "us" : 36.27766666666666,
        "ms" : 0.036277666666666666,
        "s" : 3.6277666666666667E-5
      },
      "min" : {
        "ns" : 15601,
        "us" : 15.601,
        "ms" : 0.015601,
        "s" : 1.5601E-5
      },
      "max" : {
        "ns" : 87604,
        "us" : 87.604,
        "ms" : 0.087604,
        "s" : 8.7604E-5
      }
    },
    "StatusAnalyzer.handleFeedback<Analyzer>" : {
      "count" : 21,
      "average" : {
        "ns" : 18048.095238095237,
        "us" : 18.048095238095236,
        "ms" : 0.018048095238095238,
        "s" : 1.8048095238095236E-5
      },
      "min" : {
        "ns" : 3400,
        "us" : 3.4,
        "ms" : 0.0034,
        "s" : 3.4E-6
      },
      "max" : {
        "ns" : 142405,
        "us" : 142.405,
        "ms" : 0.142405,
        "s" : 1.42405E-4
      }
    },
    "BehaviorAnalyzer.handleFeedback<Analyzer>" : {
      "count" : 21,
      "average" : {
        "ns" : 477147.28571428574,
        "us" : 477.1472857142857,
        "ms" : 0.4771472857142857,
        "s" : 4.7714728571428576E-4
      },
      "min" : {
        "ns" : 274710,