{
  "stats" : {
    "nextFaultload" : {
      "count" : 22,
      "average" : {
        "ns" : 2406613.8636363638,
        "us" : 2406.613863636364,
        "ms" : 2.406613863636364,
        "s" : 0.002406613863636364
      },
      "min" : {
        "ns" : 396715,
        "us" : 396.715,
        "ms" : 0.396715,
        "s" : 3.96715E-4
      },
      "max" : {
        "ns" : 4163755,
        "us" : 4163.755,
        "ms" : 4.163755,
        "s" : 0.004163755
      }
    },
    "Per test" : {
      "count" : 21,
      "average" : {
        "ns" : 4.078755352380952E7,
        "us" : 40787.553523809525,
        "ms" : 40.78755352380952,
        "s" : 0.04078755352380952
      },
      "min" : {
        "ns" : 24504836,
        "us" : 24504.836,
        "ms" : 24.504836,
        "s" : 0.024504836
      },
      "max" : {
        "ns" : 232991499,
        "us" : 232991.499,
        "ms" : 232.991499,
        "s" : 0.232991499
      }
    },
    "registerFaultload" : {
      "count" : 21,
      "average" : {
        "ns" : 9078474.047619049,
        "us" : 9078.474047619049,
        "ms" : 9.078474047619048,
        "s" : 0.009078474047619049
      },
      "min" : {
        "ns" : 2526297,
        "us" : 2526.297,
        "ms" : 2.526297,
        "s" : 0.002526297
      },
      "max" : {
        "ns" : 111305256,
        "us" : 111305.256,
        "ms" : 111.305256,
        "s" : 0.111305256
      }
    },
    "testMethod" : {
      "count" : 21,
      "average" : {
        "ns" : 1.3392416666666666E7,
        "us" : 13392.416666666666,
        "ms" : 13.392416666666666,
        "s" : 0.013392416666666665
      },
      "min" : {
        "ns" : 11640245,
        "us" : 11640.245,
        "ms" : 11.640245,
        "s" : 0.011640245
      },
      "max" : {
        "ns" : 20657171,
        "us" : 20657.171,
        "ms" : 20.657171,
        "s" : 0.020657171
      }
    },
    "getTraceWithDelay" : {
      "count" : 21,
      "average" : {
        "ns" : 1.809594985714286E7,
        "us" : 18095.94985714286,
        "ms" : 18.09594985714286,
        "s" : 0.018095949857142857
      },
      "min" : {
        "ns" : 9506363,
        "us" : 9506.363,
        "ms" : 9.506363,
        "s" : 0.009506363
      },
      "max" : {
        "ns" : 100639357,
        "us" : 100639.357,
        "ms" : 100.639357,
        "s" : 0.100639357
      }
    },
    "getTrace" : {
      "count" : 21,
      "average" : {
        "ns" : 1.120909438095238E7,
        "us" : 11209.094380952381,
        "ms" : 11.209094380952381,
        "s" : 0.01120909438095238
      },
      "min" : {
        "ns" : 5000791,
        "us" : 5000.791,
        "ms" : 5.000791,
        "s" : 0.005000791
      },
      "max" : {
        "ns" : 72841520,
        "us" : 72841.52,
        "ms" : 72.84152,
        "s" : 0.07284152
      }
    },
    "handleResult" : {
      "count" : 21,
      "average" : {
        "ns" : 3650961.4285714286,
        "us" : 3650.9614285714288,
        "ms" : 3.6509614285714287,
        "s" : 0.0036509614285714287
      },
      "min" : {
        "ns" : 1583460,
        "us" : 1583.46,
        "ms" : 1.58346,
        "s" : 0.00158346
      },
      "max" : {
        "ns" : 19234718,
        "us" : 19234.718,
        "ms" : 19.234718,
        "s" : 0.019234718
      }
    },
    "StrategyRunner.analyze" : {
      "count" : 21,
      "average" : {
        "ns" : 3540424.0476190476,
        "us" : 3540.4240476190475,
        "ms" : 3.5404240476190476,
        "s" : 0.0035404240476190475
      },
      "min" : {
        "ns" : 1519958,
        "us" : 1519.958,
        "ms" : 1.519958,
        "s" : 0.001519958
      },
      "max" : {
        "ns" : 18900006,
        "us" : 18900.006,
        "ms" : 18.900006,
        "s" : 0.018900006
      }
    },
    "DynamicExplorationGenerator.handleFeedback<Analyzer>" : {
      "count" : 21,
      "average" : {
        "ns" : 507490.4285714286,
        "us" : 507.4904285714286,
        "ms" : 0.5074904285714286,
        "s" : 5.074904285714285E-4
      },
      "min" : {
        "ns" : 64303,
        "us" : 64.303,
        "ms" : 0.064303,
        "s" : 6.4303E-5
      },
      "max" : {
        "ns" : 5584309,
        "us" : 5584.309,
        "ms" : 5.584309,
        "s" : 0.005584309
      }
    },
    "HappyPathDetector.handleFeedback<Analyzer>" : {
      "count" : 21,
      "average" : {
        "ns" : 25429.571428571428,
        "us" : 25.42957142857143,
        "ms" : 0.025429571428571426,
        "s" : 2.5429571428571426E-5
      },
      "min" : {
        "ns" : 2200,
        "us" : 2.2,
        "ms" : 0.0022,
        "s" : 2.2E-6
      },
      "max" : {
        "ns" : 465217,
        "us" : 465.217,
        "ms" : 0.465217,
        "s" : 4.65217E-4
      }
    },
    "ParentChildDetector.handleFeedback<Analyzer>" : {
      "count" : 21,
      "average" : {
        "ns" : 414029.7619047619,
        "us" : 414.02976190476187,
        "ms" : 0.4140297619047619,
        "s" : 4.140297619047619E-4
      },
      "min" : {
        "ns" : 33401,
        "us" : 33.401,
        "ms" : 0.033401,
        "s" : 3.3401E-5
      },
      "max" : {
        "ns" : 7295073,
        "us" : 7295.073,
        "ms" : 7.295073,
        "s" : 0.007295073
      }
    },
    "HappensBeforeNeighbourDetector.handleFeedback<Analyzer>" : {
      "count" : 21,
      "average" : {
        "ns" : 422482.5714285714,
        "us" : 422.4825714285714,
        "ms" : 0.42248257142857143,
        "s" : 4.224825714285714E-4
      },
      "min" : {
        "ns" : 12200,
        "us" : 12.2,
        "ms" : 0.0122,
        "s" : 1.22E-5
      },
      "max" : {
        "ns" : 1105741,
        "us" : 1105.741,
        "ms" : 1.105741,
        "s" : 0.001105741
      }
    },
    "ErrorPropagationDetector.handleFeedback<Analyzer>" : {
      "count" : 21,
      "average" : {
        "ns" : 360489.85714285716,
        "us" : 360.48985714285715,
        "ms" : 0.36048985714285714,
        "s" : 3.6048985714285715E-4
      },
      "min" : {
        "ns" : 4100,
        "us" : 4.1,
        "ms" : 0.0041,
        "s" : 4.1E-6
      },
      "max" : {
        "ns" : 1156743,
        "us" : 1156.743,
        "ms" : 1.156743,
        "s" : 0.001156743
      }
    },
    "ConditionalPointDetector.handleFeedback<Analyzer>" : {
      "count" : 21,
      "average" : {
        "ns" : 741418.2380952381,
        "us" : 741.418238095238,
        "ms" : 0.7414182380952381,
        "s" : 7.414182380952381E-4
      },
      "min" : {
        "ns" : 141706,
        "us" : 141.706,
        "ms" : 0.141706,
        "s" : 1.41706E-4
      },
      "max" : {
        "ns" : 4223057,
        "us" : 4223.057,
        "ms" : 4.223057,
        "s" : 0.004223057
      }
    },
    "RedundancyAnalyzer.handleFeedback<Analyzer>" : {
      "count" : 21,
      "average" : {
        "ns" : 41301.619047619046,
        "us" : 41.30161904761905,
        "ms" : 0.041301619047619045,
        "s" : 4.1301619047619043E-5
      },
      "min" : {
        "ns" : 16901,
        "us" : 16.901,
        "ms" : 0.016901,
        "s" : 1.6901E-5
      },
      "max" : {
        "ns" : 176907,
        "us" : 176.907,
        "ms" : 0.176907,
        "s" : 1.76907E-4
      }
    },
    "StatusAnalyzer.handleFeedback<Analyzer>" : {
      "count" : 21,
      "average" : {
        "ns" : 19529.285714285714,
        "us" : 19.529285714285713,
        "ms" : 0.019529285714285714,
        "s" : 1.9529285714285715E-5
      },
      "min" : {
        "ns" : 3500,
        "us" : 3.5,
        "ms" : 0.0035,
        "s" : 3.5E-6
      },
      "max" : {
        "ns" : 132505,
        "us" : 132.505,
        "ms" : 0.132505,
        "s" : 1.32505E-4
      }
    },
    "BehaviorAnalyzer.handleFeedback<Analyzer>" : {
      "count" : 21,
      "average" : {
        "ns" : 458622.14285714284,
        "us" : 458.6221428571428,
        "ms" : 0.45862214285714287,
        "s" : 4.5862214285714284E-4
      },