{
  "stats" : {
    "nextFaultload" : {
      "count" : 22,
      "average" : {
        "ns" : 2423770.8181818184,
        "us" : 2423.7708181818184,
        "ms" : 2.4237708181818185,
        "s" : 0.0024237708181818183
      },
      "min" : {
        "ns" : 315917,
        "us" : 315.917,
        "ms" : 0.315917,
        "s" : 3.15917E-4
      },
      "max" : {
        "ns" : 4321431,
        "us" : 4321.431,
        "ms" : 4.321431,
        "s" : 0.004321431
      }
    },
    "Per test" : {
      "count" : 21,
      "average" : {
        "ns" : 3.9453186333333336E7,
        "us" : 39453.18633333334,
        "ms" : 39.453186333333335,
        "s" : 0.039453186333333334
      },
      "min" : {
        "ns" : 24426409,
        "us" : 24426.409,
        "ms" : 24.426409,
        "s" : 0.024426409
      },
      "max" : {
        "ns" : 235485924,
        "us" : 235485.924,
        "ms" : 235.485924,
        "s" : 0.235485924
      }
    },
    "registerFaultload" : {
      "count" : 21,
      "average" : {
        "ns" : 9025169.38095238,
        "us" : 9025.16938095238,
        "ms" : 9.02516938095238,
        "s" : 0.00902516938095238
      },
      "min" : {
        "ns" : 2736946,
        "us" : 2736.946,
        "ms" : 2.736946,
        "s" : 0.002736946
      },
      "max" : {
        "ns" : 110793339,
        "us" : 110793.339,
        "ms" : 110.793339,
        "s" : 0.110793339
      }
    },
    "testMethod" : {
      "count" : 21,
      "average" : {
        "ns" : 1.3061024095238095E7,
        "us" : 13061.024095238095,
        "ms" : 13.061024095238094,
        "s" : 0.013061024095238094
      },
      "min" : {
        "ns" : 11122296,
        "us" : 11122.296,
        "ms" : 11.122296,
        "s" : 0.011122296
      },
      "max" : {
        "ns" : 20130479,
        "us" : 20130.479,
        "ms" : 20.130479,
        "s" : 0.020130479
      }
    },
    "getTraceWithDelay" : {
      "count" : 21,
      "average" : {
        "ns" : 1.714757657142857E7,
        "us" : 17147.57657142857,
        "ms" : 17.14757657142857,
        "s" : 0.017147576571428572
      },
      "min" : {
        "ns" : 9730222,
        "us" : 9730.222,
        "ms" : 9.730222,
        "s" : 0.009730222
      },
      "max" : {
        "ns" : 104260089,
        "us" : 104260.089,
        "ms" : 104.260089,
        "s" : 0.104260089
      }
    },
    "getTrace" : {
      "count" : 21,
      "average" : {
        "ns" : 1.0368217761904761E7,
        "us" : 10368.217761904762,
        "ms" : 10.368217761904761,
        "s" : 0.01036821776190476
      },
      "min" : {
        "ns" : 5448792,
        "us" : 5448.792,
        "ms" : 5.448792,
        "s" : 0.005448792
      },
      "max" : {
        "ns" : 75092425,
        "us" : 75092.425,
        "ms" : 75.092425,
        "s" : 0.075092425
      }
    },
    "handleResult" : {
      "count" : 21,
      "average" : {
        "ns" : 3696674.285714286,
        "us" : 3696.674285714286,
        "ms" : 3.696674285714286,
        "s" : 0.003696674285714286
      },
      "min" : {
        "ns" : 1775295,
        "us" : 1775.295,
        "ms" : 1.775295,
        "s" : 0.001775295
      },
      "max" : {
        "ns" : 20726211,
        "us" : 20726.211,
        "ms" : 20.726211,
        "s" : 0.020726211
      }
    },
    "StrategyRunner.analyze" : {
      "count" : 21,
      "average" : {
        "ns" : 3588373.238095238,
        "us" : 3588.373238095238,
        "ms" : 3.588373238095238,
        "s" : 0.0035883732380952377
      },
      "min" : {
        "ns" : 1640188,
        "us" : 1640.188,
        "ms" : 1.640188,
        "s" : 0.001640188
      },
      "max" : {
        "ns" : 20396194,
        "us" : 20396.194,
        "ms" : 20.396194,
        "s" : 0.020396194
      }
    },
    "DynamicExplorationGenerator.handleFeedback<Analyzer>" : {
      "count" : 21,
      "average" : {
        "ns" : 536214.4285714285,
        "us" : 536.2144285714285,
        "ms" : 0.5362144285714285,
        "s" : 5.362144285714285E-4
      },
      "min" : {
        "ns" : 62903,
        "us" : 62.903,
        "ms" : 0.062903,
        "s" : 6.2903E-5
      },
      "max" : {
        "ns" : 6505949,
        "us" : 6505.949,
        "ms" : 6.505949,
        "s" : 0.006505949
      }
    },
    "HappyPathDetector.handleFeedback<Analyzer>" : {
      "count" : 21,
      "average" : {
        "ns" : 30230.095238095237,
        "us" : 30.230095238095238,
        "ms" : 0.030230095238095236,
        "s" : 3.0230095238095236E-5
      },
      "min" : {
        "ns" : 2300,
        "us" : 2.3,
        "ms" : 0.0023,
        "s" : 2.3E-6
      },
      "max" : {
        "ns" : 570630,
        "us" : 570.63,
        "ms" : 0.57063,
        "s" : 5.7063E-4
      }
    },
    "ParentChildDetector.handleFeedback<Analyzer>" : {
      "count" : 21,
      "average" : {
        "ns" : 448662.09523809527,
        "us" : 448.6620952380953,
        "ms" : 0.44866209523809525,
        "s" : 4.4866209523809525E-4
      },
      "min" : {
        "ns" : 34202,
        "us" : 34.202,
        "ms" : 0.034202,
        "s" : 3.4202E-5
      },
      "max" : {
        "ns" : 7772116,
        "us" : 7772.116,
        "ms" : 7.772116,
        "s" : 0.007772116
      }
    },
    "HappensBeforeNeighbourDetector.handleFeedback<Analyzer>" : {
      "count" : 21,
      "average" : {
        "ns" : 413441.2380952381,
        "us" : 413.44123809523813,
        "ms" : 0.4134412380952381,
        "s" : 4.134412380952381E-4
      },
      "min" : {
        "ns" : 10500,
        "us" : 10.5,
        "ms" : 0.0105,
        "s" : 1.05E-5
      },
      "max" : {
        "ns" : 1120660,
        "us" : 1120.66,
        "ms" : 1.12066,
        "s" : 0.00112066
      }
    },
    "ErrorPropagationDetector.handleFeedback<Analyzer>" : {
      "count" : 21,
      "average" : {
        "ns" : 355485.6666666667,
        "us" : 355.4856666666667,
        "ms" : 0.3554856666666667,
        "s" : 3.554856666666667E-4
      },
      "min" : {
        "ns" : 4100,
        "us" : 4.1,
        "ms" : 0.0041,
        "s" : 4.1E-6
      },
      "max" : {
        "ns" : 1052856,
        "us" : 1052.856,
        "ms" : 1.052856,
        "s" : 0.001052856
      }
    },
    "ConditionalPointDetector.handleFeedback<Analyzer>" : {
      "count" : 21,
      "average" : {
        "ns" : 726515.1904761905,
        "us" : 726.5151904761906,
        "ms" : 0.7265151904761905,
        "s" : 7.265151904761905E-4
      },
      "min" : {
        "ns" : 139608,
        "us" : 139.608,
        "ms" : 0.139608,
        "s" : 1.39608E-4
      },
      "max" : {
        "ns" : 4278729,
        "us" : 4278.729,
        "ms" : 4.278729,
        "s" : 0.004278729
      }
    },
    "RedundancyAnalyzer.handleFeedback<Analyzer>" : {
      "count" : 21,
      "average" : {
        "ns" : 39259.19047619047,
        "us" : 39.259190476190476,
        "ms" : 0.039259190476190475,
        "s" : 3.9259190476190476E-5
      },
      "min" : {
        "ns" : 15301,
        "us" : 15.301,
        "ms" : 0.015301,
        "s" : 1.5301E-5
      },
      "max" : {
        "ns" : 151708,
        "us" : 151.708,
        "ms" : 0.151708,
        "s" : 1.51708E-4
      }
    },
    "StatusAnalyzer.handleFeedback<Analyzer>" : {
      "count" : 21,
      "average" : {
        "ns" : 18420.0,
        "us" : 18.42,
        "ms" : 0.01842,
        "s" : 1.842E-5
      },
      "min" : {
        "ns" : 3200,
        "us" : 3.2,
        "ms" : 0.0032,
        "s" : 3.2E-6
      },
      "max" : {
        "ns" : 132707,
        "us" : 132.707,
        "ms" : 0.132707,
        "s" : 1.32707E-4
      }
    },
    "BehaviorAnalyzer.handleFeedback<Analyzer>" : {
      "count" : 21,
      "average" : {
        "ns" : 494874.1904761905,
        "us" : 494.87419047619045,
        "ms" : 0.49487419047619047,
        "s" : 4.948741904761904E-4
      },
      "min" : {
        "ns" : 256414,
        "us" : 256.414,