{
  "stats" : {
    "nextFaultload" : {
      "count" : 22,
      "average" : {
        "ns" : 2375619.9545454546,
        "us" : 2375.6199545454547,
        "ms" : 2.3756199545454546,
        "s" : 0.0023756199545454547
      },
      "min" : {
        "ns" : 331618,
        "us" : 331.618,
        "ms" : 0.331618,
        "s" : 3.31618E-4
      },
      "max" : {
        "ns" : 4848364,
        "us" : 4848.364,
        "ms" : 4.848364,
        "s" : 0.004848364
      }
    },
    "Per test" : {
      "count" : 21,
      "average" : {
        "ns" : 4.098863723809524E7,
        "us" : 40988.63723809524,
        "ms" : 40.98863723809524,
        "s" : 0.04098863723809524
      },
      "min" : {
        "ns" : 24478331,
        "us" : 24478.331,
        "ms" : 24.478331,
        "s" : 0.024478331
      },
      "max" : {
        "ns" : 234357836,
        "us" : 234357.836,
        "ms" : 234.357836,
        "s" : 0.234357836
      }
    },
    "registerFaultload" : {
      "count" : 21,
      "average" : {
        "ns" : 9010985.142857144,
        "us" : 9010.985142857144,
        "ms" : 9.010985142857143,
        "s" : 0.009010985142857144
      },
      "min" : {
        "ns" : 2498036,
        "us" : 2498.036,
        "ms" : 2.498036,
        "s" : 0.002498036
      },
      "max" : {
        "ns" : 109630258,
        "us" : 109630.258,
        "ms" : 109.630258,
        "s" : 0.109630258
      }
    },
    "testMethod" : {
      "count" : 21,
      "average" : {
        "ns" : 1.458885E7,
        "us" : 14588.85,
        "ms" : 14.58885,
        "s" : 0.01458885
      },
      "min" : {
        "ns" : 11542527,
        "us" : 11542.527,
        "ms" : 11.542527,
        "s" : 0.011542527
      },
      "max" : {
        "ns" : 41998582,
        "us" : 41998.582,
        "ms" : 41.998582,
        "s" : 0.041998582
      }
    },
    "getTraceWithDelay" : {
      "count" : 21,
      "average" : {
        "ns" : 1.715828485714286E7,
        "us" : 17158.28485714286,
        "ms" : 17.15828485714286,
        "s" : 0.01715828485714286
      },
      "min" : {
        "ns" : 9735029,
        "us" : 9735.029,
        "ms" : 9.735029,
        "s" : 0.009735029
      },
      "max" : {
        "ns" : 103415720,
        "us" : 103415.72,
        "ms" : 103.41572,
        "s" : 0.10341572
      }
    },
    "getTrace" : {
      "count" : 21,
      "average" : {
        "ns" : 1.035789142857143E7,
        "us" : 10357.891428571429,
        "ms" : 10.35789142857143,
        "s" : 0.01035789142857143
      },
      "min" : {
        "ns" : 5120779,
        "us" : 5120.779,
        "ms" : 5.120779,
        "s" : 0.005120779
      },
      "max" : {
        "ns" : 74194532,
        "us" : 74194.532,
        "ms" : 74.194532,
        "s" : 0.074194532
      }
    },
    "handleResult" : {
      "count" : 21,
      "average" : {
        "ns" : 3615853.5714285714,
        "us" : 3615.8535714285713,
        "ms" : 3.6158535714285716,
        "s" : 0.003615853571428571
      },
      "min" : {
        "ns" : 1731194,
        "us" : 1731.194,
        "ms" : 1.731194,
        "s" : 0.001731194
      },
      "max" : {
        "ns" : 20482913,
        "us" : 20482.913,
        "ms" : 20.482913,
        "s" : 0.020482913
      }
    },
    "StrategyRunner.analyze" : {
      "count" : 21,
      "average" : {
        "ns" : 3520848.4285714286,
        "us" : 3520.8484285714285,
        "ms" : 3.5208484285714285,
        "s" : 0.003520848428571429
      },
      "min" : {
        "ns" : 1652590,
        "us" : 1652.59,
        "ms" : 1.65259,
        "s" : 0.00165259
      },
      "max" : {
        "ns" : 20138995,
        "us" : 20138.995,
        "ms" : 20.138995,
        "s" : 0.020138995
      }
    },
    "DynamicExplorationGenerator.handleFeedback<Analyzer>" : {
      "count" : 21,
      "average" : {
        "ns" : 508108.5238095238,
        "us" : 508.1085238095238,
        "ms" : 0.5081085238095238,
        "s" : 5.081085238095238E-4
      },
      "min" : {
        "ns" : 65903,
        "us" : 65.903,
        "ms" : 0.065903,
        "s" : 6.5903E-5
      },
      "max" : {
        "ns" : 5901621,
        "us" : 5901.621,
        "ms" : 5.901621,
        "s" : 0.005901621
      }
    },
    "HappyPathDetector.handleFeedback<Analyzer>" : {
      "count" : 21,
      "average" : {
        "ns" : 30016.0,
        "us" : 30.016,
        "ms" : 0.030016,
        "s" : 3.0016E-5
      },
      "min" : {
        "ns" : 2200,
        "us" : 2.2,
        "ms" : 0.0022,
        "s" : 2.2E-6
      },
      "max" : {
        "ns" : 559630,
        "us" : 559.63,
        "ms" : 0.55963,
        "s" : 5.5963E-4
      }
    },
    "ParentChildDetector.handleFeedback<Analyzer>" : {
      "count" : 21,
      "average" : {
        "ns" : 439076.2380952381,
        "us" : 439.0762380952381,
        "ms" : 0.4390762380952381,
        "s" : 4.3907623809523813E-4
      },
      "min" : {
        "ns" : 32902,
        "us" : 32.902,
        "ms" : 0.032902,
        "s" : 3.2902E-5
      },
      "max" : {
        "ns" : 7754821,
        "us" : 7754.821,
        "ms" : 7.754821,
        "s" : 0.007754821
      }
    },
    "HappensBeforeNeighbourDetector.handleFeedback<Analyzer>" : {
      "count" : 21,
      "average" : {
        "ns" : 411446.04761904763,
        "us" : 411.44604761904765,
        "ms" : 0.41144604761904763,
        "s" : 4.1144604761904764E-4
      },
      "min" : {
        "ns" : 16401,
        "us" : 16.401,
        "ms" : 0.016401,
        "s" : 1.6401E-5
      },
      "max" : {
        "ns" : 1057257,
        "us" : 1057.257,
        "ms" : 1.057257,
        "s" : 0.001057257
      }
    },
    "ErrorPropagationDetector.handleFeedback<Analyzer>" : {
      "count" : 21,
      "average" : {
        "ns" : 364796.04761904763,
        "us" : 364.7960476190476,
        "ms" : 0.36479604761904766,
        "s" : 3.647960476190476E-4
      },
      "min" : {
        "ns" : 4201,
        "us" : 4.201,
        "ms" : 0.004201,
        "s" : 4.201E-6
      },
      "max" : {
        "ns" : 878348,
        "us" : 878.348,
        "ms" : 0.878348,
        "s" : 8.78348E-4
      }
    },
    "ConditionalPointDetector.handleFeedback<Analyzer>" : {
      "count" : 21,
      "average" : {
        "ns" : 736392.4285714285,
        "us" : 736.3924285714285,
        "ms" : 0.7363924285714285,
        "s" : 7.363924285714286E-4
      },
      "min" : {
        "ns" : 138708,
        "us" : 138.708,
        "ms" : 0.138708,
        "s" : 1.38708E-4
      },
      "max" : {
        "ns" : 4481944,
        "us" : 4481.944,
        "ms" : 4.481944,
        "s" : 0.004481944
      }
    },
    "RedundancyAnalyzer.handleFeedback<Analyzer>" : {
      "count" : 21,
      "average" : {
        "ns" : 44173.857142857145,
        "us" : 44.173857142857145,
        "ms" : 0.04417385714285715,
        "s" : 4.4173857142857144E-5
      },
      "min" : {
        "ns" : 14301,
        "us" : 14.301,
        "ms" : 0.014301,
        "s" : 1.4301E-5
      },
      "max" : {
        "ns" : 156008,
        "us" : 156.008,
        "ms" : 0.156008,
        "s" : 1.56008E-4
      }
    },
    "StatusAnalyzer.handleFeedback<Analyzer>" : {
      "count" : 21,
      "average" : {
        "ns" : 17705.666666666668,
        "us" : 17.70566666666667,
        "ms" : 0.017705666666666668,
        "s" : 1.770566666666667E-5
      },
      "min" : {
        "ns" : 3200,
        "us" : 3.2,
        "ms" : 0.0032,
        "s" : 3.2E-6
      },
      "max" : {
        "ns" : 132107,
        "us" : 132.107,
        "ms" : 0.132107,
        "s" : 1.32107E-4
      }
    },
    "BehaviorAnalyzer.handleFeedback<Analyzer>" : {
      "count" : 21,
      "average" : {
        "ns" : 475502.14285714284,
        "us" : 475.5021428571428,
        "ms" : 0.4755021428571428,
        "s" : 4.755021428571428E-4
      },
      "min" : {
        "ns" : 269115,
        "us" : 269.115,
        "ms" : 0.269115,