{
    "per_key": {
        "nextFaultload": {
            "n": 100,
            "mean": 4.037833189999999,
            "median": 3.3208064999999998,
            "std": 2.576530912977687,
            "min": 1.7848789999999999,
            "max": 13.656806,
            "p25": 2.7644715,
            "p50": 3.3208064999999998,
            "p75": 3.93424675,
            "p90": 5.6994068000000455,
            "p95": 11.281779899999998,
            "p99": 11.80649798000001
        },
        "Per test": {
            "n": 90,
            "mean": 57.38687984444443,
            "median": 30.826588,
            "std": 69.09185087673231,
            "min": 25.712767,
            "max": 264.351674,
            "p25": 29.315317999999998,
            "p50": 30.826588,
            "p75": 36.670179499999996,
            "p90": 244.3223644,
            "p95": 250.3074566,
            "p99": 259.91749108
        },
        "registerFaultload": {
            "n": 90,
            "mean": 19.42340585555555,
            "median": 4.642956999999999,
            "std": 36.53289025715991,
            "min": 3.3981299999999997,
            "max": 130.92487599999998,
            "p25": 4.140833000000001,
            "p50": 4.642956999999999,
            "p75": 6.76232325,
            "p90": 118.0339836,
            "p95": 119.82340405,
            "p99": 126.15490052999998
        },
        "unregisterFautload": {
            "n": 90,
            "mean": 4.374950811111111,
            "median": 4.2348435,
            "std": 0.6472287226459849,
            "min": 3.480067,
            "max": 6.909362,
            "p25": 3.9432437499999997,
            "p50": 4.2348435,
            "p75": 4.5960339999999995,
            "p90": 5.261883800000001,
            "p95": 5.4849638999999994,
            "p99": 6.74780119
        },
        "testMethod": {
            "n": 90,
            "mean": 28.957799766666668,
            "median": 19.094614,
            "std": 27.868462427172894,
            "min": 15.898079999999998,
            "max": 115.87608399999999,
            "p25": 18.18004075,
            "p50": 19.094614,
            "p75": 20.521672749999997,
            "p90": 102.5896789,
            "p95": 106.15321474999999,
            "p99": 114.73806680999999
        },
        "getTraceWithDelay": {
            "n": 90,
            "mean": 27.009399255555557,
            "median": 17.125465,
            "std": 27.87927867690307,
            "min": 12.932406,
            "max": 109.827981,
            "p25": 15.479452749999998,
            "p50": 17.125465,
            "p75": 20.15512125,
            "p90": 102.64501200000001,
            "p95": 105.30456199999999,
            "p99": 107.87022842
        },
        "handleResult": {
            "n": 90,
            "mean": 4.591971677777778,
            "median": 2.5489515000000003,
            "std": 4.93811343059935,
            "min": 1.419494,
            "max": 18.620552999999997,
            "p25": 2.0534465,
            "p50": 2.5489515000000003,
            "p75": 3.52677825,
            "p90": 16.9610585,
            "p95": 18.048466149999996,
            "p99": 18.54560343
        },
        "Total test time": {
            "n": 10,
            "mean": 808.3230384,
            "median": 808.638076,
            "std": 12.664831512026124,
            "min": 792.4264499999999,
            "max": 837.1581,
            "p25": 799.1754115,
            "p50": 808.638076,
            "p75": 813.5575719999999,
            "p90": 819.2024673,
            "p95": 828.18028365,
            "p99": 835.36253673
        },
        "getExpectedBehaviours": {
            "n": 320,
            "mean": 0.32535955,
            "median": 0.26816799999999996,
            "std": 0.17034127594188672,
            "min": 0.126033,
            "max": 1.13643,
            "p25": 0.20039649999999998,
            "p50": 0.26816799999999996,
            "p75": 0.39780224999999997,
            "p90": 0.5696815000000001,
            "p95": 0.6935692499999999,
            "p99": 0.8186782699999999
        },
        "getExpectedPoints": {
            "n": 320,
            "mean": 0.42450178125000004,
            "median": 0.385677,
            "std": 0.22025242832282724,
            "min": 0.139173,
            "max": 1.154737,
            "p25": 0.24352574999999999,
            "p50": 0.385677,
            "p75": 0.5612587499999999,
            "p90": 0.749205,
            "p95": 0.83364525,
            "p99": 0.95916679
        }
    }
}