{
    "per_key": {
        "nextFaultload": {
            "n": 5370,
            "mean": 2.926235633333333,
            "median": 1.519957,
            "std": 20.626297623544104,
            "min": 0.6984429999999999,
            "max": 490.958176,
            "p25": 1.1573885,
            "p50": 1.519957,
            "p75": 1.9999889999999998,
            "p90": 2.9101312999999998,
            "p95": 3.7300438500000026,
            "p99": 17.260735190000172
        },
        "Per test": {
            "n": 5360,
            "mean": 34.88112892910448,
            "median": 31.928424999999997,
            "std": 19.693743230699326,
            "min": 22.750308999999998,
            "max": 499.082564,
            "p25": 28.411641499999998,
            "p50": 31.928424999999997,
            "p75": 36.5959935,
            "p90": 42.40152190000001,
            "p95": 46.908115550000005,
            "p99": 98.96822499999995
        },
        "registerFaultload": {
            "n": 5360,
            "mean": 3.69843422761194,
            "median": 3.264763,
            "std": 3.1418212014702123,
            "min": 2.052899,
            "max": 73.374544,
            "p25": 2.89488375,
            "p50": 3.264763,
            "p75": 3.7463047499999997,
            "p90": 4.3925472,
            "p95": 5.0034304999999994,
            "p99": 13.801266849999939
        },
        "unregisterFautload": {
            "n": 5360,
            "mean": 3.259903549626866,
            "median": 2.986898,
            "std": 1.6832455281811625,
            "min": 1.8675769999999998,
            "max": 39.570547999999995,
            "p25": 2.66658475,
            "p50": 2.986898,
            "p75": 3.424241,
            "p90": 3.9509918000000006,
            "p95": 4.47768645,
            "p99": 9.268799229999981
        },
        "testMethod": {
            "n": 5360,
            "mean": 26.503494663992534,
            "median": 24.377868,
            "std": 13.530035573192096,
            "min": 16.596562,
            "max": 397.35650699999997,
            "p25": 21.17795075,
            "p50": 24.377868,
            "p75": 28.487747999999996,
            "p90": 33.2438152,
            "p95": 37.34961125,
            "p99": 66.26597854999997
        },
        "getTraceWithDelay": {
            "n": 5360,
            "mean": 7.565298738432835,
            "median": 6.396207,
            "std": 7.729398737768761,
            "min": 4.792401,
            "max": 213.74329899999998,
            "p25": 5.81454475,
            "p50": 6.396207,
            "p75": 7.340039249999999,
            "p90": 9.1757601,
            "p95": 10.98457205,
            "p99": 32.80045194999979
        },
        "handleResult": {
            "n": 5360,
            "mean": 1.2842483188432834,
            "median": 1.0083995,
            "std": 2.574308838201143,
            "min": 0.520736,
            "max": 67.373718,
            "p25": 0.832347,
            "p50": 1.0083995,
            "p75": 1.2439010000000001,
            "p90": 1.4461834000000002,
            "p95": 1.73941575,
            "p99": 5.872594109999999
        },
        "Total test time": {
            "n": 10,
            "mean": 21036.434540299997,
            "median": 20967.0054125,
            "std": 575.5700040722946,
            "min": 20322.901142,
            "max": 22164.403078,
            "p25": 20509.58517125,
            "p50": 20967.0054125,
            "p75": 21478.99900125,
            "p90": 21659.460770799997,
            "p95": 21911.9319244,
            "p99": 22113.90884728
        },
        "getExpectedBehaviours": {
            "n": 37350,
            "mean": 0.1015170774029451,
            "median": 0.0801035,
            "std": 0.1936736751922166,
            "min": 0.025401,
            "max": 11.911401999999999,
            "p25": 0.045101999999999996,
            "p50": 0.0801035,
            "p75": 0.13540975,
            "p90": 0.160707,
            "p95": 0.1883091,
            "p99": 0.28796686000000016
        },
        "getExpectedPoints": {
            "n": 37350,
            "mean": 0.13247483424364126,
            "median": 0.1150055,
            "std": 0.21952062037898631,
            "min": 0.027101,
            "max": 22.311531,
            "p25": 0.052804,
            "p50": 0.1150055,
            "p75": 0.15751074999999998,
            "p90": 0.2310122,
            "p95": 0.32846699999999956,
            "p99": 0.4895353300000004
        }
    }
}