{
    "per_key": {
        "nextFaultload": {
            "n": 7300,
            "mean": 6.685908335753424,
            "median": 2.0714195,
            "std": 108.1412365904577,
            "min": 0.423043,
            "max": 3033.381112,
            "p25": 1.480902,
            "p50": 2.0714195,
            "p75": 2.90390975,
            "p90": 4.8223377,
            "p95": 6.090988599999998,
            "p99": 9.531042190000013
        },
        "Per test": {
            "n": 7290,
            "mean": 29.311956617695472,
            "median": 28.8055855,
            "std": 8.646140358438808,
            "min": 18.035733999999998,
            "max": 223.26598299999998,
            "p25": 27.271537249999998,
            "p50": 28.8055855,
            "p75": 30.5851145,
            "p90": 33.1458144,
            "p95": 36.27942665,
            "p99": 57.67071830999995
        },
        "registerFaultload": {
            "n": 7290,
            "mean": 2.7398762515775035,
            "median": 2.4919805,
            "std": 1.6930101260024246,
            "min": 1.791075,
            "max": 52.838184999999996,
            "p25": 2.29891525,
            "p50": 2.4919805,
            "p75": 2.81419275,
            "p90": 3.3257827,
            "p95": 3.7689848499999976,
            "p99": 5.583120849999985
        },
        "unregisterFautload": {
            "n": 7290,
            "mean": 2.477336193964334,
            "median": 2.313224,
            "std": 0.6731656745365003,
            "min": 1.728956,
            "max": 18.166135999999998,
            "p25": 2.1367007499999997,
            "p50": 2.313224,
            "p75": 2.6068265,
            "p90": 3.0866271000000003,
            "p95": 3.495132249999998,
            "p99": 4.550089879999997
        },
        "testMethod": {
            "n": 7290,
            "mean": 22.439992958847736,
            "median": 22.273491999999997,
            "std": 6.626616013935394,
            "min": 12.915007,
            "max": 161.315375,
            "p25": 21.078907,
            "p50": 22.273491999999997,
            "p75": 23.702215,
            "p90": 25.5604795,
            "p95": 27.795732749999985,
            "p99": 42.64481220999987
        },
        "getTraceWithDelay": {
            "n": 7290,
            "mean": 6.723710979012345,
            "median": 6.069198999999999,
            "std": 4.1329358070828475,
            "min": 4.262258,
            "max": 109.585539,
            "p25": 5.6368985,
            "p50": 6.069198999999999,
            "p75": 6.67758775,
            "p90": 8.218322000000004,
            "p95": 10.016060999999995,
            "p99": 17.07745236999996
        },
        "handleResult": {
            "n": 7290,
            "mean": 1.6393329021947873,
            "median": 1.3973114999999998,
            "std": 1.1466086859945939,
            "min": 0.636799,
            "max": 41.937236,
            "p25": 1.048676,
            "p50": 1.3973114999999998,
            "p75": 1.98238725,
            "p90": 2.5269441,
            "p95": 2.859968199999998,
            "p99": 5.0843564899999905
        },
        "Total test time": {
            "n": 10,
            "mean": 27341.259144699998,
            "median": 27331.032478,
            "std": 184.41306842364855,
            "min": 26973.321901,
            "max": 27667.916147,
            "p25": 27246.302807,
            "p50": 27331.032478,
            "p75": 27470.200017249997,
            "p90": 27521.0720399,
            "p95": 27594.49409345,
            "p99": 27653.23173629
        },
        "getExpectedBehaviours": {
            "n": 53440,
            "mean": 0.2664779522267964,
            "median": 0.2440695,
            "std": 0.21060485725785225,
            "min": 0.098935,
            "max": 7.487064999999999,
            "p25": 0.15775050000000002,
            "p50": 0.2440695,
            "p75": 0.31575175,
            "p90": 0.42225679999999993,
            "p95": 0.459186,
            "p99": 0.5921146
        },
        "getExpectedPoints": {
            "n": 53440,
            "mean": 0.3101587494386227,
            "median": 0.2674485,
            "std": 0.23346457817721472,
            "min": 0.10287099999999999,
            "max": 7.792096,
            "p25": 0.18826149999999997,
            "p50": 0.2674485,
            "p75": 0.3760305,
            "p90": 0.47107129999999986,
            "p95": 0.5634410499999997,
            "p99": 0.9700967
        }
    }
}