{
  "stats" : {
    "nextFaultload" : {
      "count" : 10,
      "average" : {
        "ns" : 3961672.3,
        "us" : 3961.6722999999997,
        "ms" : 3.9616723,
        "s" : 0.0039616723
      },
      "min" : {
        "ns" : 2399710,
        "us" : 2399.71,
        "ms" : 2.39971,
        "s" : 0.00239971
      },
      "max" : {
        "ns" : 11462553,
        "us" : 11462.553,
        "ms" : 11.462553,
        "s" : 0.011462553
      }
    },
    "Per test" : {
      "count" : 9,
      "average" : {
        "ns" : 5.7615940666666664E7,
        "us" : 57615.94066666666,
        "ms" : 57.61594066666667,
        "s" : 0.057615940666666664
      },
      "min" : {
        "ns" : 27686674,
        "us" : 27686.674,
        "ms" : 27.686674,
        "s" : 0.027686674
      },
      "max" : {
        "ns" : 249359471,
        "us" : 249359.471,
        "ms" : 249.359471,
        "s" : 0.249359471
      }
    },
    "registerFaultload" : {
      "count" : 9,
      "average" : {
        "ns" : 1.9737726222222224E7,
        "us" : 19737.726222222223,
        "ms" : 19.737726222222225,
        "s" : 0.019737726222222224
      },
      "min" : {
        "ns" : 3848887,
        "us" : 3848.887,
        "ms" : 3.848887,
        "s" : 0.003848887
      },
      "max" : {
        "ns" : 123326744,
        "us" : 123326.744,
        "ms" : 123.326744,
        "s" : 0.123326744
      }
    },
    "testMethod" : {
      "count" : 9,
      "average" : {
        "ns" : 2.8541068E7,
        "us" : 28541.068,
        "ms" : 28.541068,
        "s" : 0.028541068
      },
      "min" : {
        "ns" : 17381783,
        "us" : 17381.783,
        "ms" : 17.381783,
        "s" : 0.017381783
      },
      "max" : {
        "ns" : 102566583,
        "us" : 102566.583,
        "ms" : 102.566583,
        "s" : 0.102566583
      }
    },
    "getTraceWithDelay" : {
      "count" : 9,
      "average" : {
        "ns" : 2.7381422111111112E7,
        "us" : 27381.42211111111,
        "ms" : 27.38142211111111,
        "s" : 0.027381422111111112
      },
      "min" : {
        "ns" : 14355056,
        "us" : 14355.056,
        "ms" : 14.355056,
        "s" : 0.014355056
      },
      "max" : {
        "ns" : 103941961,
        "us" : 103941.961,
        "ms" : 103.941961,
        "s" : 0.103941961
      }
    },
    "getTrace" : {
      "count" : 9,
      "average" : {
        "ns" : 1.7791948333333332E7,
        "us" : 17791.948333333334,
        "ms" : 17.79194833333333,
        "s" : 0.01779194833333333
      },
      "min" : {
        "ns" : 7800646,
        "us" : 7800.646,
        "ms" : 7.800646,
        "s" : 0.007800646
      },
      "max" : {
        "ns" : 79706627,
        "us" : 79706.627,
        "ms" : 79.706627,
        "s" : 0.079706627
      }
    },
    "handleResult" : {
      "count" : 9,
      "average" : {
        "ns" : 4725382.777777778,
        "us" : 4725.382777777778,
        "ms" : 4.725382777777778,
        "s" : 0.004725382777777778
      },
      "min" : {
        "ns" : 1570799,
        "us" : 1570.799,
        "ms" : 1.570799,
        "s" : 0.001570799
      },
      "max" : {
        "ns" : 17899949,
        "us" : 17899.949,
        "ms" : 17.899949,
        "s" : 0.017899949
      }
    },
    "StrategyRunner.analyze" : {
      "count" : 9,
      "average" : {
        "ns" : 4669183.555555556,
        "us" : 4669.183555555556,
        "ms" : 4.669183555555556,
        "s" : 0.004669183555555556
      },
      "min" : {
        "ns" : 1535899,
        "us" : 1535.899,
        "ms" : 1.535899,
        "s" : 0.001535899
      },
      "max" : {
        "ns" : 17605212,
        "us" : 17605.212,
        "ms" : 17.605212,
        "s" : 0.017605212
      }
    },
    "DynamicExplorationGenerator.handleFeedback<Analyzer>" : {
      "count" : 9,
      "average" : {
        "ns" : 1083710.5555555555,
        "us" : 1083.7105555555554,
        "ms" : 1.0837105555555555,
        "s" : 0.0010837105555555554
      },
      "min" : {
        "ns" : 106812,
        "us" : 106.812,
        "ms" : 0.106812,
        "s" : 1.06812E-4
      },
      "max" : {
        "ns" : 7461516,
        "us" : 7461.516,
        "ms" : 7.461516,
        "s" : 0.007461516
      }
    },
    "HappyPathDetector.handleFeedback<Analyzer>" : {
      "count" : 9,
      "average" : {
        "ns" : 66921.77777777778,
        "us" : 66.92177777777778,
        "ms" : 0.06692177777777777,
        "s" : 6.692177777777778E-5
      },
      "min" : {
        "ns" : 3570,
        "us" : 3.57,
        "ms" : 0.00357,
        "s" : 3.57E-6
      },
      "max" : {
        "ns" : 569265,
        "us" : 569.265,
        "ms" : 0.569265,
        "s" : 5.69265E-4
      }
    },
    "ParentChildDetector.handleFeedback<Analyzer>" : {
      "count" : 9,
      "average" : {
        "ns" : 392072.0,
        "us" : 392.072,
        "ms" : 0.392072,
        "s" : 3.92072E-4
      },
      "min" : {
        "ns" : 43481,
        "us" : 43.481,
        "ms" : 0.043481,
        "s" : 4.3481E-5
      },
      "max" : {
        "ns" : 2809011,
        "us" : 2809.011,
        "ms" : 2.809011,
        "s" : 0.002809011
      }
    },
    "HappensBeforeNeighbourDetector.handleFeedback<Analyzer>" : {
      "count" : 9,
      "average" : {
        "ns" : 893333.6666666666,
        "us" : 893.3336666666667,
        "ms" : 0.8933336666666666,
        "s" : 8.933336666666666E-4
      },
      "min" : {
        "ns" : 15860,
        "us" : 15.86,
        "ms" : 0.01586,
        "s" : 1.586E-5
      },
      "max" : {
        "ns" : 2926713,
        "us" : 2926.713,
        "ms" : 2.926713,
        "s" : 0.002926713
      }
    },
    "ErrorPropagationDetector.handleFeedback<Analyzer>" : {
      "count" : 9,
      "average" : {
        "ns" : 318628.1111111111,
        "us" : 318.62811111111114,
        "ms" : 0.3186281111111111,
        "s" : 3.1862811111111114E-4
      },
      "min" : {
        "ns" : 12591,
        "us" : 12.591,
        "ms" : 0.012591,
        "s" : 1.2591E-5
      },
      "max" : {
        "ns" : 1175370,
        "us" : 1175.37,
        "ms" : 1.17537,
        "s" : 0.00117537
      }
    },
    "ConditionalPointDetector.handleFeedback<Analyzer>" : {
      "count" : 9,
      "average" : {
        "ns" : 1148127.7777777778,
        "us" : 1148.1277777777777,
        "ms" : 1.1481277777777779,
        "s" : 0.0011481277777777778
      },
      "min" : {
        "ns" : 224316,
        "us" : 224.316,
        "ms" : 0.224316,
        "s" : 2.24316E-4
      },
      "max" : {
        "ns" : 5065687,
        "us" : 5065.687,
        "ms" : 5.065687,
        "s" : 0.005065687
      }
    },
    "RedundancyAnalyzer.handleFeedback<Analyzer>" : {
      "count" : 9,
      "average" : {
        "ns" : 49205.444444444445,
        "us" : 49.205444444444446,
        "ms" : 0.04920544444444445,
        "s" : 4.9205444444444444E-5
      },
      "min" : {
        "ns" : 18450,
        "us" : 18.45,
        "ms" : 0.01845,
        "s" : 1.845E-5
      },
      "max" : {
        "ns" : 143863,
        "us" : 143.863,
        "ms" : 0.143863,
        "s" : 1.43863E-4
      }
    },
    "StatusAnalyzer.handleFeedback<Analyzer>" : {
      "count" : 9,
      "average" : {
        "ns" : 33275.555555555555,
        "us" : 33.275555555555556,
        "ms" : 0.03327555555555555,
        "s" : 3.3275555555555555E-5
      },
      "min" : {
        "ns" : 4830,
        "us" : 4.83,
        "ms" : 0.00483,
        "s" : 4.83E-6
      },
      "max" : {
        "ns" : 222366,
        "us" : 222.366,
        "ms" : 0.222366,
        "s" : 2.22366E-4
      }
    },
    "BehaviorAnalyzer.handleFeedback<Analyzer>" : {
      "count" : 9,
      "average" : {
        "ns" : 356391.1111111111,
        "us" : 356.3911111111111,
        "ms" : 0.3563911111111111,
        "s" : 3.563911111111111E-4
      },
      "min" : {
        "ns" : 97143,
        "us" : 97.143,
        "ms" : 0.097143,