{
  "stats" : {
    "nextFaultload" : {
      "count" : 10,
      "average" : {
        "ns" : 3903713.2,
        "us" : 3903.7132,
        "ms" : 3.9037132000000003,
        "s" : 0.0039037132
      },
      "min" : {
        "ns" : 1763669,
        "us" : 1763.669,
        "ms" : 1.763669,
        "s" : 0.001763669
      },
      "max" : {
        "ns" : 8801345,
        "us" : 8801.345,
        "ms" : 8.801345,
        "s" : 0.008801345
      }
    },
    "Per test" : {
      "count" : 9,
      "average" : {
        "ns" : 5.826263144444445E7,
        "us" : 58262.63144444445,
        "ms" : 58.262631444444445,
        "s" : 0.05826263144444445
      },
      "min" : {
        "ns" : 31268727,
        "us" : 31268.727,
        "ms" : 31.268727,
        "s" : 0.031268727
      },
      "max" : {
        "ns" : 235759054,
        "us" : 235759.054,
        "ms" : 235.759054,
        "s" : 0.235759054
      }
    },
    "registerFaultload" : {
      "count" : 9,
      "average" : {
        "ns" : 1.6922697555555556E7,
        "us" : 16922.697555555555,
        "ms" : 16.922697555555555,
        "s" : 0.016922697555555557
      },
      "min" : {
        "ns" : 3213826,
        "us" : 3213.826,
        "ms" : 3.213826,
        "s" : 0.003213826
      },
      "max" : {
        "ns" : 106930397,
        "us" : 106930.397,
        "ms" : 106.930397,
        "s" : 0.106930397
      }
    },
    "testMethod" : {
      "count" : 9,
      "average" : {
        "ns" : 3.0928091666666668E7,
        "us" : 30928.091666666667,
        "ms" : 30.928091666666667,
        "s" : 0.030928091666666668
      },
      "min" : {
        "ns" : 20209293,
        "us" : 20209.293,
        "ms" : 20.209293,
        "s" : 0.020209293
      },
      "max" : {
        "ns" : 98848880,
        "us" : 98848.88,
        "ms" : 98.84888,
        "s" : 0.09884888
      }
    },
    "getTraceWithDelay" : {
      "count" : 9,
      "average" : {
        "ns" : 2.6401447222222224E7,
        "us" : 26401.447222222225,
        "ms" : 26.401447222222224,
        "s" : 0.026401447222222225
      },
      "min" : {
        "ns" : 13215518,
        "us" : 13215.518,
        "ms" : 13.215518,
        "s" : 0.013215518
      },
      "max" : {
        "ns" : 102641328,
        "us" : 102641.328,
        "ms" : 102.641328,
        "s" : 0.102641328
      }
    },
    "getTrace" : {
      "count" : 9,
      "average" : {
        "ns" : 1.5727205888888888E7,
        "us" : 15727.205888888888,
        "ms" : 15.727205888888887,
        "s" : 0.015727205888888887
      },
      "min" : {
        "ns" : 7177681,
        "us" : 7177.681,
        "ms" : 7.177681,
        "s" : 0.007177681
      },
      "max" : {
        "ns" : 71817719,
        "us" : 71817.719,
        "ms" : 71.817719,
        "s" : 0.071817719
      }
    },
    "handleResult" : {
      "count" : 9,
      "average" : {
        "ns" : 6254312.333333333,
        "us" : 6254.312333333333,
        "ms" : 6.254312333333333,
        "s" : 0.006254312333333333
      },
      "min" : {
        "ns" : 2678905,
        "us" : 2678.905,
        "ms" : 2.678905,
        "s" : 0.002678905
      },
      "max" : {
        "ns" : 21572547,
        "us" : 21572.547,
        "ms" : 21.572547,
        "s" : 0.021572547
      }
    },
    "StrategyRunner.analyze" : {
      "count" : 9,
      "average" : {
        "ns" : 6094817.0,
        "us" : 6094.817,
        "ms" : 6.094817,
        "s" : 0.006094817
      },
      "min" : {
        "ns" : 2539400,
        "us" : 2539.4,
        "ms" : 2.5394,
        "s" : 0.0025394
      },
      "max" : {
        "ns" : 21201932,
        "us" : 21201.932,
        "ms" : 21.201932,
        "s" : 0.021201932
      }
    },
    "DynamicExplorationGenerator.handleFeedback<Analyzer>" : {
      "count" : 9,
      "average" : {
        "ns" : 958971.0,
        "us" : 958.971,
        "ms" : 0.958971,
        "s" : 9.58971E-4
      },
      "min" : {
        "ns" : 116105,
        "us" : 116.105,
        "ms" : 0.116105,
        "s" : 1.16105E-4
      },
      "max" : {
        "ns" : 6399352,
        "us" : 6399.352,
        "ms" : 6.399352,
        "s" : 0.006399352
      }
    },
    "HappyPathDetector.handleFeedback<Analyzer>" : {
      "count" : 9,
      "average" : {
        "ns" : 46457.555555555555,
        "us" : 46.45755555555556,
        "ms" : 0.04645755555555556,
        "s" : 4.645755555555555E-5
      },
      "min" : {
        "ns" : 3500,
        "us" : 3.5,
        "ms" : 0.0035,
        "s" : 3.5E-6
      },
      "max" : {
        "ns" : 377415,
        "us" : 377.415,
        "ms" : 0.377415,
        "s" : 3.77415E-4
      }
    },
    "ParentChildDetector.handleFeedback<Analyzer>" : {
      "count" : 9,
      "average" : {
        "ns" : 1012795.4444444445,
        "us" : 1012.7954444444445,
        "ms" : 1.0127954444444445,
        "s" : 0.0010127954444444445
      },
      "min" : {
        "ns" : 48902,
        "us" : 48.902,
        "ms" : 0.048902,
        "s" : 4.8902E-5
      },
      "max" : {
        "ns" : 8454532,
        "us" : 8454.532,
        "ms" : 8.454532,
        "s" : 0.008454532
      }
    },
    "HappensBeforeNeighbourDetector.handleFeedback<Analyzer>" : {
      "count" : 9,
      "average" : {
        "ns" : 1020884.5555555555,
        "us" : 1020.8845555555555,
        "ms" : 1.0208845555555555,
        "s" : 0.0010208845555555554
      },
      "min" : {
        "ns" : 12100,
        "us" : 12.1,
        "ms" : 0.0121,
        "s" : 1.21E-5
      },
      "max" : {
        "ns" : 3876453,
        "us" : 3876.453,
        "ms" : 3.876453,
        "s" : 0.003876453
      }
    },
    "ErrorPropagationDetector.handleFeedback<Analyzer>" : {
      "count" : 9,
      "average" : {
        "ns" : 459551.44444444444,
        "us" : 459.5514444444444,
        "ms" : 0.45955144444444446,
        "s" : 4.5955144444444446E-4
      },
      "min" : {
        "ns" : 14501,
        "us" : 14.501,
        "ms" : 0.014501,
        "s" : 1.4501E-5
      },
      "max" : {
        "ns" : 955337,
        "us" : 955.337,
        "ms" : 0.955337,
        "s" : 9.55337E-4
      }
    },
    "ConditionalPointDetector.handleFeedback<Analyzer>" : {
      "count" : 9,
      "average" : {
        "ns" : 1074720.0,
        "us" : 1074.72,
        "ms" : 1.07472,
        "s" : 0.00107472
      },
      "min" : {
        "ns" : 214508,
        "us" : 214.508,
        "ms" : 0.214508,
        "s" : 2.14508E-4
      },
      "max" : {
        "ns" : 4496477,
        "us" : 4496.477,
        "ms" : 4.496477,
        "s" : 0.004496477
      }
    },
    "RedundancyAnalyzer.handleFeedback<Analyzer>" : {
      "count" : 9,
      "average" : {
        "ns" : 43279.555555555555,
        "us" : 43.279555555555554,
        "ms" : 0.04327955555555556,
        "s" : 4.3279555555555556E-5
      },
      "min" : {
        "ns" : 18901,
        "us" : 18.901,
        "ms" : 0.018901,
        "s" : 1.8901E-5
      },
      "max" : {
        "ns" : 126705,
        "us" : 126.705,
        "ms" : 0.126705,
        "s" : 1.26705E-4
      }
    },
    "StatusAnalyzer.handleFeedback<Analyzer>" : {
      "count" : 9,
      "average" : {
        "ns" : 21256.222222222223,
        "us" : 21.256222222222224,
        "ms" : 0.02125622222222222,
        "s" : 2.1256222222222223E-5
      },
      "min" : {
        "ns" : 5300,
        "us" : 5.3,
        "ms" : 0.0053,
        "s" : 5.3E-6
      },
      "max" : {
        "ns" : 138705,
        "us" : 138.705,
        "ms" : 0.138705,
        "s" : 1.38705E-4
      }
    },
    "BehaviorAnalyzer.handleFeedback<Analyzer>" : {
      "count" : 9,
      "average" : {
        "ns" : 652992.2222222222,
        "us" : 652.9922222222223,
        "ms" : 0.6529922222222222,
        "s" : 6.529922222222222E-4
      },
      "min" : {
        "ns" : 358614,
        "us" : 358.614,
        "ms" : 0.358614,
        "s" : 3.58614E-4
      },
      "max" : {
        "ns" : 1450057,