{
  "stats" : {
    "nextFaultload" : {
      "count" : 22,
      "average" : {
        "ns" : 2338033.3181818184,
        "us" : 2338.0333181818182,
        "ms" : 2.3380333181818185,
        "s" : 0.0023380333181818183
      },
      "min" : {
        "ns" : 393915,
        "us" : 393.915,
        "ms" : 0.393915,
        "s" : 3.93915E-4
      },
      "max" : {
        "ns" : 3839851,
        "us" : 3839.851,
        "ms" : 3.839851,
        "s" : 0.003839851
      }
    },
    "Per test" : {
      "count" : 21,
      "average" : {
        "ns" : 4.0502433666666664E7,
        "us" : 40502.433666666664,
        "ms" : 40.50243366666666,
        "s" : 0.040502433666666664
      },
      "min" : {
        "ns" : 24738277,
        "us" : 24738.277,
        "ms" : 24.738277,
        "s" : 0.024738277
      },
      "max" : {
        "ns" : 247456477,
        "us" : 247456.477,
        "ms" : 247.456477,
        "s" : 0.247456477
      }
    },
    "registerFaultload" : {
      "count" : 21,
      "average" : {
        "ns" : 9690649.61904762,
        "us" : 9690.64961904762,
        "ms" : 9.690649619047619,
        "s" : 0.00969064961904762
      },
      "min" : {
        "ns" : 2482498,
        "us" : 2482.498,
        "ms" : 2.482498,
        "s" : 0.002482498
      },
      "max" : {
        "ns" : 123720788,
        "us" : 123720.788,
        "ms" : 123.720788,
        "s" : 0.123720788
      }
    },
    "testMethod" : {
      "count" : 21,
      "average" : {
        "ns" : 1.339351961904762E7,
        "us" : 13393.51961904762,
        "ms" : 13.39351961904762,
        "s" : 0.01339351961904762
      },
      "min" : {
        "ns" : 11545656,
        "us" : 11545.656,
        "ms" : 11.545656,
        "s" : 0.011545656
      },
      "max" : {
        "ns" : 20374905,
        "us" : 20374.905,
        "ms" : 20.374905,
        "s" : 0.020374905
      }
    },
    "getTraceWithDelay" : {
      "count" : 21,
      "average" : {
        "ns" : 1.720664176190476E7,
        "us" : 17206.64176190476,
        "ms" : 17.206641761904763,
        "s" : 0.01720664176190476
      },
      "min" : {
        "ns" : 10146801,
        "us" : 10146.801,
        "ms" : 10.146801,
        "s" : 0.010146801
      },
      "max" : {
        "ns" : 103050872,
        "us" : 103050.872,
        "ms" : 103.050872,
        "s" : 0.103050872
      }
    },
    "getTrace" : {
      "count" : 21,
      "average" : {
        "ns" : 1.0268429523809524E7,
        "us" : 10268.429523809524,
        "ms" : 10.268429523809525,
        "s" : 0.010268429523809524
      },
      "min" : {
        "ns" : 5116502,
        "us" : 5116.502,
        "ms" : 5.116502,
        "s" : 0.005116502
      },
      "max" : {
        "ns" : 73643410,
        "us" : 73643.41,
        "ms" : 73.64341,
        "s" : 0.07364341
      }
    },
    "handleResult" : {
      "count" : 21,
      "average" : {
        "ns" : 3709494.1904761903,
        "us" : 3709.4941904761904,
        "ms" : 3.7094941904761902,
        "s" : 0.00370949419047619
      },
      "min" : {
        "ns" : 1667666,
        "us" : 1667.666,
        "ms" : 1.667666,
        "s" : 0.001667666
      },
      "max" : {
        "ns" : 20263201,
        "us" : 20263.201,
        "ms" : 20.263201,
        "s" : 0.020263201
      }
    },
    "StrategyRunner.analyze" : {
      "count" : 21,
      "average" : {
        "ns" : 3599461.1904761903,
        "us" : 3599.4611904761905,
        "ms" : 3.59946119047619,
        "s" : 0.0035994611904761904
      },
      "min" : {
        "ns" : 1550361,
        "us" : 1550.361,
        "ms" : 1.550361,
        "s" : 0.001550361
      },
      "max" : {
        "ns" : 19822283,
        "us" : 19822.283,
        "ms" : 19.822283,
        "s" : 0.019822283
      }
    },
    "DynamicExplorationGenerator.handleFeedback<Analyzer>" : {
      "count" : 21,
      "average" : {
        "ns" : 535611.619047619,
        "us" : 535.611619047619,
        "ms" : 0.535611619047619,
        "s" : 5.35611619047619E-4
      },
      "min" : {
        "ns" : 70302,
        "us" : 70.302,
        "ms" : 0.070302,
        "s" : 7.0302E-5
      },
      "max" : {
        "ns" : 5898233,
        "us" : 5898.233,
        "ms" : 5.898233,
        "s" : 0.005898233
      }
    },
    "HappyPathDetector.handleFeedback<Analyzer>" : {
      "count" : 21,
      "average" : {
        "ns" : 33063.28571428572,
        "us" : 33.06328571428572,
        "ms" : 0.03306328571428572,
        "s" : 3.306328571428572E-5
      },
      "min" : {
        "ns" : 2600,
        "us" : 2.6,
        "ms" : 0.0026,
        "s" : 2.6E-6
      },
      "max" : {
        "ns" : 618524,
        "us" : 618.524,
        "ms" : 0.618524,
        "s" : 6.18524E-4
      }
    },
    "ParentChildDetector.handleFeedback<Analyzer>" : {
      "count" : 21,
      "average" : {
        "ns" : 437769.6666666667,
        "us" : 437.7696666666667,
        "ms" : 0.43776966666666667,
        "s" : 4.377696666666667E-4
      },
      "min" : {
        "ns" : 33701,
        "us" : 33.701,
        "ms" : 0.033701,
        "s" : 3.3701E-5
      },
      "max" : {
        "ns" : 7628601,
        "us" : 7628.601,
        "ms" : 7.628601,
        "s" : 0.007628601
      }
    },
    "HappensBeforeNeighbourDetector.handleFeedback<Analyzer>" : {
      "count" : 21,
      "average" : {
        "ns" : 413045.09523809527,
        "us" : 413.04509523809526,
        "ms" : 0.41304509523809524,
        "s" : 4.1304509523809526E-4
      },
      "min" : {
        "ns" : 12701,
        "us" : 12.701,
        "ms" : 0.012701,
        "s" : 1.2701E-5
      },
      "max" : {
        "ns" : 1143145,
        "us" : 1143.145,
        "ms" : 1.143145,
        "s" : 0.001143145
      }
    },
    "ErrorPropagationDetector.handleFeedback<Analyzer>" : {
      "count" : 21,
      "average" : {
        "ns" : 379629.14285714284,
        "us" : 379.6291428571428,
        "ms" : 0.37962914285714283,
        "s" : 3.796291428571428E-4
      },
      "min" : {
        "ns" : 4100,
        "us" : 4.1,
        "ms" : 0.0041,
        "s" : 4.1E-6
      },
      "max" : {
        "ns" : 1269150,
        "us" : 1269.15,
        "ms" : 1.26915,
        "s" : 0.00126915
      }
    },
    "ConditionalPointDetector.handleFeedback<Analyzer>" : {
      "count" : 21,
      "average" : {
        "ns" : 738495.7619047619,
        "us" : 738.4957619047619,
        "ms" : 0.7384957619047618,
        "s" : 7.384957619047619E-4
      },
      "min" : {
        "ns" : 134205,
        "us" : 134.205,
        "ms" : 0.134205,
        "s" : 1.34205E-4
      },
      "max" : {
        "ns" : 4477277,
        "us" : 4477.277,
        "ms" : 4.477277,
        "s" : 0.004477277
      }
    },
    "RedundancyAnalyzer.handleFeedback<Analyzer>" : {
      "count" : 21,
      "average" : {
        "ns" : 40306.23809523809,
        "us" : 40.30623809523809,
        "ms" : 0.04030623809523809,
        "s" : 4.030623809523809E-5
      },
      "min" : {
        "ns" : 17001,
        "us" : 17.001,
        "ms" : 0.017001,
        "s" : 1.7001E-5
      },
      "max" : {
        "ns" : 177107,
        "us" : 177.107,
        "ms" : 0.177107,
        "s" : 1.77107E-4
      }
    },
    "StatusAnalyzer.handleFeedback<Analyzer>" : {
      "count" : 21,
      "average" : {
        "ns" : 17472.095238095237,
        "us" : 17.472095238095235,
        "ms" : 0.017472095238095238,
        "s" : 1.7472095238095237E-5
      },
      "min" : {
        "ns" : 3600,
        "us" : 3.6,
        "ms" : 0.0036,
        "s" : 3.6E-6
      },
      "max" : {
        "ns" : 137705,
        "us" : 137.705,
        "ms" : 0.137705,
        "s" : 1.37705E-4
      }
    },
    "BehaviorAnalyzer.handleFeedback<Analyzer>" : {
      "count" : 21,
      "average" : {
        "ns" : 468832.71428571426,
        "us" : 468.83271428571425,
        "ms" : 0.46883271428571427,
        "s" : 4.6883271428571426E-4
      },