{
  "stats" : {
    "nextFaultload" : {
      "count" : 10,
      "average" : {
        "ns" : 3880362.2,
        "us" : 3880.3622,
        "ms" : 3.8803622,
        "s" : 0.0038803622
      },
      "min" : {
        "ns" : 1712067,
        "us" : 1712.067,
        "ms" : 1.712067,
        "s" : 0.001712067
      },
      "max" : {
        "ns" : 9201161,
        "us" : 9201.161,
        "ms" : 9.201161,
        "s" : 0.009201161
      }
    },
    "Per test" : {
      "count" : 9,
      "average" : {
        "ns" : 5.643347044444445E7,
        "us" : 56433.47044444445,
        "ms" : 56.433470444444445,
        "s" : 0.056433470444444446
      },
      "min" : {
        "ns" : 27636784,
        "us" : 27636.784,
        "ms" : 27.636784,
        "s" : 0.027636784
      },
      "max" : {
        "ns" : 241285270,
        "us" : 241285.27,
        "ms" : 241.28527,
        "s" : 0.24128527
      }
    },
    "registerFaultload" : {
      "count" : 9,
      "average" : {
        "ns" : 1.7196074777777776E7,
        "us" : 17196.074777777776,
        "ms" : 17.196074777777778,
        "s" : 0.017196074777777775
      },
      "min" : {
        "ns" : 2939415,
        "us" : 2939.415,
        "ms" : 2.939415,
        "s" : 0.002939415
      },
      "max" : {
        "ns" : 112057298,
        "us" : 112057.298,
        "ms" : 112.057298,
        "s" : 0.112057298
      }
    },
    "testMethod" : {
      "count" : 9,
      "average" : {
        "ns" : 2.9619551555555556E7,
        "us" : 29619.551555555558,
        "ms" : 29.619551555555557,
        "s" : 0.029619551555555557
      },
      "min" : {
        "ns" : 18404822,
        "us" : 18404.822,
        "ms" : 18.404822,
        "s" : 0.018404822
      },
      "max" : {
        "ns" : 99240196,
        "us" : 99240.196,
        "ms" : 99.240196,
        "s" : 0.099240196
      }
    },
    "getTraceWithDelay" : {
      "count" : 9,
      "average" : {
        "ns" : 2.5616216777777776E7,
        "us" : 25616.216777777776,
        "ms" : 25.616216777777776,
        "s" : 0.025616216777777777
      },
      "min" : {
        "ns" : 13261221,
        "us" : 13261.221,
        "ms" : 13.261221,
        "s" : 0.013261221
      },
      "max" : {
        "ns" : 104534703,
        "us" : 104534.703,
        "ms" : 104.534703,
        "s" : 0.104534703
      }
    },
    "getTrace" : {
      "count" : 9,
      "average" : {
        "ns" : 1.5773486111111112E7,
        "us" : 15773.486111111111,
        "ms" : 15.773486111111112,
        "s" : 0.015773486111111113
      },
      "min" : {
        "ns" : 7384590,
        "us" : 7384.59,
        "ms" : 7.38459,
        "s" : 0.00738459
      },
      "max" : {
        "ns" : 73833098,
        "us" : 73833.098,
        "ms" : 73.833098,
        "s" : 0.073833098
      }
    },
    "handleResult" : {
      "count" : 9,
      "average" : {
        "ns" : 5784993.888888889,
        "us" : 5784.993888888889,
        "ms" : 5.784993888888889,
        "s" : 0.005784993888888889
      },
      "min" : {
        "ns" : 2713607,
        "us" : 2713.607,
        "ms" : 2.713607,
        "s" : 0.002713607
      },
      "max" : {
        "ns" : 21174431,
        "us" : 21174.431,
        "ms" : 21.174431,
        "s" : 0.021174431
      }
    },
    "StrategyRunner.analyze" : {
      "count" : 9,
      "average" : {
        "ns" : 5620865.111111111,
        "us" : 5620.865111111111,
        "ms" : 5.620865111111111,
        "s" : 0.005620865111111111
      },
      "min" : {
        "ns" : 2566501,
        "us" : 2566.501,
        "ms" : 2.566501,
        "s" : 0.002566501
      },
      "max" : {
        "ns" : 20830118,
        "us" : 20830.118,
        "ms" : 20.830118,
        "s" : 0.020830118
      }
    },
    "DynamicExplorationGenerator.handleFeedback<Analyzer>" : {
      "count" : 9,
      "average" : {
        "ns" : 985561.0,
        "us" : 985.561,
        "ms" : 0.985561,
        "s" : 9.85561E-4
      },
      "min" : {
        "ns" : 100504,
        "us" : 100.504,
        "ms" : 0.100504,
        "s" : 1.00504E-4
      },
      "max" : {
        "ns" : 6863869,
        "us" : 6863.869,
        "ms" : 6.863869,
        "s" : 0.006863869
      }
    },
    "HappyPathDetector.handleFeedback<Analyzer>" : {
      "count" : 9,
      "average" : {
        "ns" : 52757.666666666664,
        "us" : 52.757666666666665,
        "ms" : 0.05275766666666666,
        "s" : 5.2757666666666665E-5
      },
      "min" : {
        "ns" : 3300,
        "us" : 3.3,
        "ms" : 0.0033,
        "s" : 3.3E-6
      },
      "max" : {
        "ns" : 444918,
        "us" : 444.918,
        "ms" : 0.444918,
        "s" : 4.44918E-4
      }
    },
    "ParentChildDetector.handleFeedback<Analyzer>" : {
      "count" : 9,
      "average" : {
        "ns" : 922758.4444444445,
        "us" : 922.7584444444445,
        "ms" : 0.9227584444444445,
        "s" : 9.227584444444445E-4
      },
      "min" : {
        "ns" : 47102,
        "us" : 47.102,
        "ms" : 0.047102,
        "s" : 4.7102E-5
      },
      "max" : {
        "ns" : 7739604,
        "us" : 7739.604,
        "ms" : 7.739604,
        "s" : 0.007739604
      }
    },
    "HappensBeforeNeighbourDetector.handleFeedback<Analyzer>" : {
      "count" : 9,
      "average" : {
        "ns" : 927480.8888888889,
        "us" : 927.4808888888889,
        "ms" : 0.9274808888888889,
        "s" : 9.274808888888889E-4
      },
      "min" : {
        "ns" : 11301,
        "us" : 11.301,
        "ms" : 0.011301,
        "s" : 1.1301E-5
      },
      "max" : {
        "ns" : 3546739,
        "us" : 3546.739,
        "ms" : 3.546739,
        "s" : 0.003546739
      }
    },
    "ErrorPropagationDetector.handleFeedback<Analyzer>" : {
      "count" : 9,
      "average" : {
        "ns" : 454284.55555555556,
        "us" : 454.2845555555556,
        "ms" : 0.4542845555555556,
        "s" : 4.5428455555555556E-4
      },
      "min" : {
        "ns" : 13600,
        "us" : 13.6,
        "ms" : 0.0136,
        "s" : 1.36E-5
      },
      "max" : {
        "ns" : 829833,
        "us" : 829.833,
        "ms" : 0.829833,
        "s" : 8.29833E-4
      }
    },
    "ConditionalPointDetector.handleFeedback<Analyzer>" : {
      "count" : 9,
      "average" : {
        "ns" : 1000572.5555555555,
        "us" : 1000.5725555555555,
        "ms" : 1.0005725555555556,
        "s" : 0.0010005725555555555
      },
      "min" : {
        "ns" : 192307,
        "us" : 192.307,
        "ms" : 0.192307,
        "s" : 1.92307E-4
      },
      "max" : {
        "ns" : 4255167,
        "us" : 4255.167,
        "ms" : 4.255167,
        "s" : 0.004255167
      }
    },
    "RedundancyAnalyzer.handleFeedback<Analyzer>" : {
      "count" : 9,
      "average" : {
        "ns" : 40946.22222222222,
        "us" : 40.94622222222222,
        "ms" : 0.04094622222222222,
        "s" : 4.094622222222222E-5
      },
      "min" : {
        "ns" : 18801,
        "us" : 18.801,
        "ms" : 0.018801,
        "s" : 1.8801E-5
      },
      "max" : {
        "ns" : 121305,
        "us" : 121.305,
        "ms" : 0.121305,
        "s" : 1.21305E-4
      }
    },
    "StatusAnalyzer.handleFeedback<Analyzer>" : {
      "count" : 9,
      "average" : {
        "ns" : 20189.444444444445,
        "us" : 20.189444444444444,
        "ms" : 0.020189444444444444,
        "s" : 2.0189444444444446E-5
      },
      "min" : {
        "ns" : 4700,
        "us" : 4.7,
        "ms" : 0.0047,
        "s" : 4.7E-6
      },
      "max" : {
        "ns" : 138505,
        "us" : 138.505,
        "ms" : 0.138505,
        "s" : 1.38505E-4
      }
    },
    "BehaviorAnalyzer.handleFeedback<Analyzer>" : {
      "count" : 9,
      "average" : {
        "ns" : 499719.8888888889,
        "us" : 499.7198888888889,
        "ms" : 0.49971988888888885,
        "s" : 4.997198888888888E-4
      },
      "min" : {
        "ns" : 321013,
        "us" : 321.013,
        "ms" : 0.321013,