{
  "stats" : {
    "nextFaultload" : {
      "count" : 22,
      "average" : {
        "ns" : 2407037.772727273,
        "us" : 2407.037772727273,
        "ms" : 2.407037772727273,
        "s" : 0.002407037772727273
      },
      "min" : {
        "ns" : 410323,
        "us" : 410.323,
        "ms" : 0.410323,
        "s" : 4.10323E-4
      },
      "max" : {
        "ns" : 4210716,
        "us" : 4210.716,
        "ms" : 4.210716,
        "s" : 0.004210716
      }
    },
    "Per test" : {
      "count" : 21,
      "average" : {
        "ns" : 4.0829700428571425E7,
        "us" : 40829.70042857143,
        "ms" : 40.82970042857143,
        "s" : 0.040829700428571425
      },
      "min" : {
        "ns" : 24783644,
        "us" : 24783.644,
        "ms" : 24.783644,
        "s" : 0.024783644
      },
      "max" : {
        "ns" : 233266108,
        "us" : 233266.108,
        "ms" : 233.266108,
        "s" : 0.233266108
      }
    },
    "registerFaultload" : {
      "count" : 21,
      "average" : {
        "ns" : 8990720.42857143,
        "us" : 8990.720428571429,
        "ms" : 8.990720428571429,
        "s" : 0.008990720428571429
      },
      "min" : {
        "ns" : 2755049,
        "us" : 2755.049,
        "ms" : 2.755049,
        "s" : 0.002755049
      },
      "max" : {
        "ns" : 109843555,
        "us" : 109843.555,
        "ms" : 109.843555,
        "s" : 0.109843555
      }
    },
    "testMethod" : {
      "count" : 21,
      "average" : {
        "ns" : 1.399855557142857E7,
        "us" : 13998.555571428571,
        "ms" : 13.998555571428572,
        "s" : 0.01399855557142857
      },
      "min" : {
        "ns" : 11483191,
        "us" : 11483.191,
        "ms" : 11.483191,
        "s" : 0.011483191
      },
      "max" : {
        "ns" : 21402402,
        "us" : 21402.402,
        "ms" : 21.402402,
        "s" : 0.021402402
      }
    },
    "getTraceWithDelay" : {
      "count" : 21,
      "average" : {
        "ns" : 1.761475561904762E7,
        "us" : 17614.75561904762,
        "ms" : 17.61475561904762,
        "s" : 0.017614755619047618
      },
      "min" : {
        "ns" : 9575019,
        "us" : 9575.019,
        "ms" : 9.575019,
        "s" : 0.009575019
      },
      "max" : {
        "ns" : 102903098,
        "us" : 102903.098,
        "ms" : 102.903098,
        "s" : 0.102903098
      }
    },
    "getTrace" : {
      "count" : 21,
      "average" : {
        "ns" : 1.049100261904762E7,
        "us" : 10491.00261904762,
        "ms" : 10.49100261904762,
        "s" : 0.01049100261904762
      },
      "min" : {
        "ns" : 4947468,
        "us" : 4947.468,
        "ms" : 4.947468,
        "s" : 0.004947468
      },
      "max" : {
        "ns" : 73895704,
        "us" : 73895.704,
        "ms" : 73.895704,
        "s" : 0.073895704
      }
    },
    "handleResult" : {
      "count" : 21,
      "average" : {
        "ns" : 3842964.6666666665,
        "us" : 3842.9646666666663,
        "ms" : 3.8429646666666666,
        "s" : 0.0038429646666666667
      },
      "min" : {
        "ns" : 1805193,
        "us" : 1805.193,
        "ms" : 1.805193,
        "s" : 0.001805193
      },
      "max" : {
        "ns" : 20127536,
        "us" : 20127.536,
        "ms" : 20.127536,
        "s" : 0.020127536
      }
    },
    "StrategyRunner.analyze" : {
      "count" : 21,
      "average" : {
        "ns" : 3728744.5714285714,
        "us" : 3728.7445714285714,
        "ms" : 3.7287445714285714,
        "s" : 0.0037287445714285715
      },
      "min" : {
        "ns" : 1651385,
        "us" : 1651.385,
        "ms" : 1.651385,
        "s" : 0.001651385
      },
      "max" : {
        "ns" : 19749817,
        "us" : 19749.817,
        "ms" : 19.749817,
        "s" : 0.019749817
      }
    },
    "DynamicExplorationGenerator.handleFeedback<Analyzer>" : {
      "count" : 21,
      "average" : {
        "ns" : 544113.7142857143,
        "us" : 544.1137142857143,
        "ms" : 0.5441137142857143,
        "s" : 5.441137142857143E-4
      },
      "min" : {
        "ns" : 70803,
        "us" : 70.803,
        "ms" : 0.070803,
        "s" : 7.0803E-5
      },
      "max" : {
        "ns" : 6149516,
        "us" : 6149.516,
        "ms" : 6.149516,
        "s" : 0.006149516
      }
    },
    "HappyPathDetector.handleFeedback<Analyzer>" : {
      "count" : 21,
      "average" : {
        "ns" : 29254.0,
        "us" : 29.254,
        "ms" : 0.029254,
        "s" : 2.9254E-5
      },
      "min" : {
        "ns" : 2300,
        "us" : 2.3,
        "ms" : 0.0023,
        "s" : 2.3E-6
      },
      "max" : {
        "ns" : 548929,
        "us" : 548.929,
        "ms" : 0.548929,
        "s" : 5.48929E-4
      }
    },
    "ParentChildDetector.handleFeedback<Analyzer>" : {
      "count" : 21,
      "average" : {
        "ns" : 431584.0,
        "us" : 431.584,
        "ms" : 0.431584,
        "s" : 4.31584E-4
      },
      "min" : {
        "ns" : 33902,
        "us" : 33.902,
        "ms" : 0.033902,
        "s" : 3.3902E-5
      },
      "max" : {
        "ns" : 7453984,
        "us" : 7453.984,
        "ms" : 7.453984,
        "s" : 0.007453984
      }
    },
    "HappensBeforeNeighbourDetector.handleFeedback<Analyzer>" : {
      "count" : 21,
      "average" : {
        "ns" : 478119.90476190473,
        "us" : 478.1199047619047,
        "ms" : 0.47811990476190475,
        "s" : 4.781199047619047E-4
      },
      "min" : {
        "ns" : 16501,
        "us" : 16.501,
        "ms" : 0.016501,
        "s" : 1.6501E-5
      },
      "max" : {
        "ns" : 1166860,
        "us" : 1166.86,
        "ms" : 1.16686,
        "s" : 0.00116686
      }
    },
    "ErrorPropagationDetector.handleFeedback<Analyzer>" : {
      "count" : 21,
      "average" : {
        "ns" : 345393.90476190473,
        "us" : 345.3939047619047,
        "ms" : 0.34539390476190474,
        "s" : 3.453939047619047E-4
      },
      "min" : {
        "ns" : 4700,
        "us" : 4.7,
        "ms" : 0.0047,
        "s" : 4.7E-6
      },
      "max" : {
        "ns" : 1112257,
        "us" : 1112.257,
        "ms" : 1.112257,
        "s" : 0.001112257
      }
    },
    "ConditionalPointDetector.handleFeedback<Analyzer>" : {
      "count" : 21,
      "average" : {
        "ns" : 754472.1428571428,
        "us" : 754.4721428571428,
        "ms" : 0.7544721428571428,
        "s" : 7.544721428571428E-4
      },
      "min" : {
        "ns" : 138207,
        "us" : 138.207,
        "ms" : 0.138207,
        "s" : 1.38207E-4
      },
      "max" : {
        "ns" : 4246018,
        "us" : 4246.018,
        "ms" : 4.246018,
        "s" : 0.004246018
      }
    },
    "RedundancyAnalyzer.handleFeedback<Analyzer>" : {
      "count" : 21,
      "average" : {
        "ns" : 47935.76190476191,
        "us" : 47.93576190476191,
        "ms" : 0.04793576190476191,
        "s" : 4.793576190476191E-5
      },
      "min" : {
        "ns" : 16800,
        "us" : 16.8,
        "ms" : 0.0168,
        "s" : 1.68E-5
      },
      "max" : {
        "ns" : 235912,
        "us" : 235.912,
        "ms" : 0.235912,
        "s" : 2.35912E-4
      }
    },
    "StatusAnalyzer.handleFeedback<Analyzer>" : {
      "count" : 21,
      "average" : {
        "ns" : 18524.761904761905,
        "us" : 18.524761904761906,
        "ms" : 0.018524761904761905,
        "s" : 1.8524761904761904E-5
      },
      "min" : {
        "ns" : 3201,
        "us" : 3.201,
        "ms" : 0.003201,
        "s" : 3.201E-6
      },
      "max" : {
        "ns" : 133007,
        "us" : 133.007,
        "ms" : 0.133007,
        "s" : 1.33007E-4
      }
    },
    "BehaviorAnalyzer.handleFeedback<Analyzer>" : {
      "count" : 21,
      "average" : {
        "ns" : 525393.8571428572,
        "us" : 525.3938571428572,
        "ms" : 0.5253938571428571,
        "s" : 5.253938571428572E-4
      },
      "min" : {
        "ns" : 271914,
        "us" : 271.914,
        "ms" : 0.271914,