{
  "stats" : {
    "nextFaultload" : {
      "count" : 9,
      "average" : {
        "ns" : 2249028.777777778,
        "us" : 2249.028777777778,
        "ms" : 2.2490287777777778,
        "s" : 0.002249028777777778
      },
      "min" : {
        "ns" : 21491,
        "us" : 21.491,
        "ms" : 0.021491,
        "s" : 2.1491E-5
      },
      "max" : {
        "ns" : 3810564,
        "us" : 3810.564,
        "ms" : 3.810564,
        "s" : 0.003810564
      }
    },
    "Per test" : {
      "count" : 8,
      "average" : {
        "ns" : 6.413384025E7,
        "us" : 64133.84025,
        "ms" : 64.13384025,
        "s" : 0.06413384025
      },
      "min" : {
        "ns" : 26173983,
        "us" : 26173.983,
        "ms" : 26.173983,
        "s" : 0.026173983
      },
      "max" : {
        "ns" : 249182022,
        "us" : 249182.022,
        "ms" : 249.182022,
        "s" : 0.249182022
      }
    },
    "registerFaultload" : {
      "count" : 8,
      "average" : {
        "ns" : 1.9444382625E7,
        "us" : 19444.382625,
        "ms" : 19.444382625,
        "s" : 0.019444382625
      },
      "min" : {
        "ns" : 3167595,
        "us" : 3167.595,
        "ms" : 3.167595,
        "s" : 0.003167595
      },
      "max" : {
        "ns" : 115635414,
        "us" : 115635.414,
        "ms" : 115.635414,
        "s" : 0.115635414
      }
    },
    "testMethod" : {
      "count" : 8,
      "average" : {
        "ns" : 3.497346925E7,
        "us" : 34973.46925,
        "ms" : 34.97346925,
        "s" : 0.03497346925
      },
      "min" : {
        "ns" : 17500588,
        "us" : 17500.588,
        "ms" : 17.500588,
        "s" : 0.017500588
      },
      "max" : {
        "ns" : 111684251,
        "us" : 111684.251,
        "ms" : 111.684251,
        "s" : 0.111684251
      }
    },
    "getTraceWithDelay" : {
      "count" : 8,
      "average" : {
        "ns" : 2.903473775E7,
        "us" : 29034.73775,
        "ms" : 29.03473775,
        "s" : 0.02903473775
      },
      "min" : {
        "ns" : 12016239,
        "us" : 12016.239,
        "ms" : 12.016239,
        "s" : 0.012016239
      },
      "max" : {
        "ns" : 105391238,
        "us" : 105391.238,
        "ms" : 105.391238,
        "s" : 0.105391238
      }
    },
    "getTrace" : {
      "count" : 8,
      "average" : {
        "ns" : 1.9024454625E7,
        "us" : 19024.454625,
        "ms" : 19.024454625,
        "s" : 0.019024454625
      },
      "min" : {
        "ns" : 7096967,
        "us" : 7096.967,
        "ms" : 7.096967,
        "s" : 0.007096967
      },
      "max" : {
        "ns" : 82515302,
        "us" : 82515.302,
        "ms" : 82.515302,
        "s" : 0.082515302
      }
    },
    "handleResult" : {
      "count" : 8,
      "average" : {
        "ns" : 6660883.375,
        "us" : 6660.883375,
        "ms" : 6.660883375,
        "s" : 0.006660883375
      },
      "min" : {
        "ns" : 1605555,
        "us" : 1605.555,
        "ms" : 1.605555,
        "s" : 0.001605555
      },
      "max" : {
        "ns" : 18502178,
        "us" : 18502.178,
        "ms" : 18.502178,
        "s" : 0.018502178
      }
    },
    "StrategyRunner.analyze" : {
      "count" : 8,
      "average" : {
        "ns" : 6619474.375,
        "us" : 6619.474375,
        "ms" : 6.619474375,
        "s" : 0.006619474375
      },
      "min" : {
        "ns" : 1598385,
        "us" : 1598.385,
        "ms" : 1.598385,
        "s" : 0.001598385
      },
      "max" : {
        "ns" : 18494448,
        "us" : 18494.448,
        "ms" : 18.494448,
        "s" : 0.018494448
      }
    },
    "DynamicExplorationGenerator.handleFeedback<Analyzer>" : {
      "count" : 8,
      "average" : {
        "ns" : 1204682.0,
        "us" : 1204.682,
        "ms" : 1.204682,
        "s" : 0.001204682
      },
      "min" : {
        "ns" : 79744,
        "us" : 79.744,
        "ms" : 0.079744,
        "s" : 7.9744E-5
      },
      "max" : {
        "ns" : 7019602,
        "us" : 7019.602,
        "ms" : 7.019602,
        "s" : 0.007019602
      }
    },
    "HappyPathDetector.handleFeedback<Analyzer>" : {
      "count" : 8,
      "average" : {
        "ns" : 63386.375,
        "us" : 63.386375,
        "ms" : 0.063386375,
        "s" : 6.3386375E-5
      },
      "min" : {
        "ns" : 2811,
        "us" : 2.811,
        "ms" : 0.002811,
        "s" : 2.811E-6
      },
      "max" : {
        "ns" : 483539,
        "us" : 483.539,
        "ms" : 0.483539,
        "s" : 4.83539E-4
      }
    },
    "ParentChildDetector.handleFeedback<Analyzer>" : {
      "count" : 8,
      "average" : {
        "ns" : 515400.375,
        "us" : 515.400375,
        "ms" : 0.515400375,
        "s" : 5.15400375E-4
      },
      "min" : {
        "ns" : 38652,
        "us" : 38.652,
        "ms" : 0.038652,
        "s" : 3.8652E-5
      },
      "max" : {
        "ns" : 3300185,
        "us" : 3300.185,
        "ms" : 3.300185,
        "s" : 0.003300185
      }
    },
    "HappensBeforeNeighbourDetector.handleFeedback<Analyzer>" : {
      "count" : 8,
      "average" : {
        "ns" : 478761.875,
        "us" : 478.761875,
        "ms" : 0.478761875,
        "s" : 4.78761875E-4
      },
      "min" : {
        "ns" : 21991,
        "us" : 21.991,
        "ms" : 0.021991,
        "s" : 2.1991E-5
      },
      "max" : {
        "ns" : 1515349,
        "us" : 1515.349,
        "ms" : 1.515349,
        "s" : 0.001515349
      }
    },
    "ErrorPropagationDetector.handleFeedback<Analyzer>" : {
      "count" : 8,
      "average" : {
        "ns" : 284028.125,
        "us" : 284.028125,
        "ms" : 0.284028125,
        "s" : 2.84028125E-4
      },
      "min" : {
        "ns" : 37182,
        "us" : 37.182,
        "ms" : 0.037182,
        "s" : 3.7182E-5
      },
      "max" : {
        "ns" : 802757,
        "us" : 802.757,
        "ms" : 0.802757,
        "s" : 8.02757E-4
      }
    },
    "ConditionalPointDetector.handleFeedback<Analyzer>" : {
      "count" : 8,
      "average" : {
        "ns" : 1048979.25,
        "us" : 1048.97925,
        "ms" : 1.04897925,
        "s" : 0.00104897925
      },
      "min" : {
        "ns" : 246484,
        "us" : 246.484,
        "ms" : 0.246484,
        "s" : 2.46484E-4
      },
      "max" : {
        "ns" : 5461371,
        "us" : 5461.371,
        "ms" : 5.461371,
        "s" : 0.005461371
      }
    },
    "RedundancyAnalyzer.handleFeedback<Analyzer>" : {
      "count" : 8,
      "average" : {
        "ns" : 49151.75,
        "us" : 49.15175,
        "ms" : 0.04915175,
        "s" : 4.915175E-5
      },
      "min" : {
        "ns" : 24342,
        "us" : 24.342,
        "ms" : 0.024342,
        "s" : 2.4342E-5
      },
      "max" : {
        "ns" : 117047,
        "us" : 117.047,
        "ms" : 0.117047,
        "s" : 1.17047E-4
      }
    },
    "StatusAnalyzer.handleFeedback<Analyzer>" : {
      "count" : 8,
      "average" : {
        "ns" : 42715.125,
        "us" : 42.715125,
        "ms" : 0.042715125,
        "s" : 4.2715125E-5
      },
      "min" : {
        "ns" : 4620,
        "us" : 4.62,
        "ms" : 0.00462,
        "s" : 4.62E-6
      },
      "max" : {
        "ns" : 295367,
        "us" : 295.367,
        "ms" : 0.295367,
        "s" : 2.95367E-4
      }
    },
    "BehaviorAnalyzer.handleFeedback<Analyzer>" : {
      "count" : 8,
      "average" : {
        "ns" : 323910.25,
        "us" : 323.91025,
        "ms" : 0.32391025,
        "s" : 3.2391025E-4
      },
      "min" : {
        "ns" : 80245,
        "us" : 80.245,
        "ms" : 0.080245,
        "s" : 8.0245E-5
      },
      "max" : {
        "ns" : 1007999,
        "us" : 1007.999,
        "ms" : 1.007999,
        "s" : 0.001007999
      }
    },
    "TimingAnalyzer.handleFeedback<Analyzer>" : {
      "count" : 8,
      "average" : {
        "ns" : 226369.5,
        "us" : 226.3695,
        "ms" : 0.2263695,
        "s" : 2.263695E-4
      },
      "min" : {
        "ns" : 50523,