{
  "stats" : {
    "nextFaultload" : {
      "count" : 22,
      "average" : {
        "ns" : 2425093.1363636362,
        "us" : 2425.0931363636364,
        "ms" : 2.4250931363636363,
        "s" : 0.0024250931363636362
      },
      "min" : {
        "ns" : 461325,
        "us" : 461.325,
        "ms" : 0.461325,
        "s" : 4.61325E-4
      },
      "max" : {
        "ns" : 4389434,
        "us" : 4389.434,
        "ms" : 4.389434,
        "s" : 0.004389434
      }
    },
    "Per test" : {
      "count" : 21,
      "average" : {
        "ns" : 4.10124530952381E7,
        "us" : 41012.453095238096,
        "ms" : 41.012453095238094,
        "s" : 0.0410124530952381
      },
      "min" : {
        "ns" : 24928032,
        "us" : 24928.032,
        "ms" : 24.928032,
        "s" : 0.024928032
      },
      "max" : {
        "ns" : 232042098,
        "us" : 232042.098,
        "ms" : 232.042098,
        "s" : 0.232042098
      }
    },
    "registerFaultload" : {
      "count" : 21,
      "average" : {
        "ns" : 8974869.904761905,
        "us" : 8974.869904761905,
        "ms" : 8.974869904761904,
        "s" : 0.008974869904761904
      },
      "min" : {
        "ns" : 2594739,
        "us" : 2594.739,
        "ms" : 2.594739,
        "s" : 0.002594739
      },
      "max" : {
        "ns" : 110516205,
        "us" : 110516.205,
        "ms" : 110.516205,
        "s" : 0.110516205
      }
    },
    "testMethod" : {
      "count" : 21,
      "average" : {
        "ns" : 1.4548043904761905E7,
        "us" : 14548.043904761906,
        "ms" : 14.548043904761904,
        "s" : 0.014548043904761904
      },
      "min" : {
        "ns" : 11637021,
        "us" : 11637.021,
        "ms" : 11.637021,
        "s" : 0.011637021
      },
      "max" : {
        "ns" : 28226408,
        "us" : 28226.408,
        "ms" : 28.226408,
        "s" : 0.028226408
      }
    },
    "getTraceWithDelay" : {
      "count" : 21,
      "average" : {
        "ns" : 1.7272913285714287E7,
        "us" : 17272.913285714287,
        "ms" : 17.27291328571429,
        "s" : 0.017272913285714286
      },
      "min" : {
        "ns" : 10006534,
        "us" : 10006.534,
        "ms" : 10.006534,
        "s" : 0.010006534
      },
      "max" : {
        "ns" : 101703034,
        "us" : 101703.034,
        "ms" : 101.703034,
        "s" : 0.101703034
      }
    },
    "getTrace" : {
      "count" : 21,
      "average" : {
        "ns" : 1.030815538095238E7,
        "us" : 10308.155380952381,
        "ms" : 10.30815538095238,
        "s" : 0.01030815538095238
      },
      "min" : {
        "ns" : 5349785,
        "us" : 5349.785,
        "ms" : 5.349785,
        "s" : 0.005349785
      },
      "max" : {
        "ns" : 73090105,
        "us" : 73090.105,
        "ms" : 73.090105,
        "s" : 0.073090105
      }
    },
    "handleResult" : {
      "count" : 21,
      "average" : {
        "ns" : 3681968.285714286,
        "us" : 3681.968285714286,
        "ms" : 3.681968285714286,
        "s" : 0.003681968285714286
      },
      "min" : {
        "ns" : 1693190,
        "us" : 1693.19,
        "ms" : 1.69319,
        "s" : 0.00169319
      },
      "max" : {
        "ns" : 20231681,
        "us" : 20231.681,
        "ms" : 20.231681,
        "s" : 0.020231681
      }
    },
    "StrategyRunner.analyze" : {
      "count" : 21,
      "average" : {
        "ns" : 3575710.285714286,
        "us" : 3575.710285714286,
        "ms" : 3.575710285714286,
        "s" : 0.0035757102857142857
      },
      "min" : {
        "ns" : 1559183,
        "us" : 1559.183,
        "ms" : 1.559183,
        "s" : 0.001559183
      },
      "max" : {
        "ns" : 19882963,
        "us" : 19882.963,
        "ms" : 19.882963,
        "s" : 0.019882963
      }
    },
    "DynamicExplorationGenerator.handleFeedback<Analyzer>" : {
      "count" : 21,
      "average" : {
        "ns" : 525404.2380952381,
        "us" : 525.4042380952382,
        "ms" : 0.5254042380952381,
        "s" : 5.254042380952381E-4
      },
      "min" : {
        "ns" : 64004,
        "us" : 64.004,
        "ms" : 0.064004,
        "s" : 6.4004E-5
      },
      "max" : {
        "ns" : 6084125,
        "us" : 6084.125,
        "ms" : 6.084125,
        "s" : 0.006084125
      }
    },
    "HappyPathDetector.handleFeedback<Analyzer>" : {
      "count" : 21,
      "average" : {
        "ns" : 33297.142857142855,
        "us" : 33.29714285714285,
        "ms" : 0.03329714285714286,
        "s" : 3.329714285714285E-5
      },
      "min" : {
        "ns" : 2500,
        "us" : 2.5,
        "ms" : 0.0025,
        "s" : 2.5E-6
      },
      "max" : {
        "ns" : 618633,
        "us" : 618.633,
        "ms" : 0.618633,
        "s" : 6.18633E-4
      }
    },
    "ParentChildDetector.handleFeedback<Analyzer>" : {
      "count" : 21,
      "average" : {
        "ns" : 437180.4285714286,
        "us" : 437.1804285714286,
        "ms" : 0.4371804285714286,
        "s" : 4.371804285714286E-4
      },
      "min" : {
        "ns" : 31402,
        "us" : 31.402,
        "ms" : 0.031402,
        "s" : 3.1402E-5
      },
      "max" : {
        "ns" : 7497200,
        "us" : 7497.2,
        "ms" : 7.4972,
        "s" : 0.0074972
      }
    },
    "HappensBeforeNeighbourDetector.handleFeedback<Analyzer>" : {
      "count" : 21,
      "average" : {
        "ns" : 432137.28571428574,
        "us" : 432.1372857142857,
        "ms" : 0.4321372857142857,
        "s" : 4.3213728571428575E-4
      },
      "min" : {
        "ns" : 11201,
        "us" : 11.201,
        "ms" : 0.011201,
        "s" : 1.1201E-5
      },
      "max" : {
        "ns" : 1198464,
        "us" : 1198.464,
        "ms" : 1.198464,
        "s" : 0.001198464
      }
    },
    "ErrorPropagationDetector.handleFeedback<Analyzer>" : {
      "count" : 21,
      "average" : {
        "ns" : 355285.61904761905,
        "us" : 355.28561904761904,
        "ms" : 0.3552856190476191,
        "s" : 3.5528561904761904E-4
      },
      "min" : {
        "ns" : 4400,
        "us" : 4.4,
        "ms" : 0.0044,
        "s" : 4.4E-6
      },
      "max" : {
        "ns" : 1230365,
        "us" : 1230.365,
        "ms" : 1.230365,
        "s" : 0.001230365
      }
    },
    "ConditionalPointDetector.handleFeedback<Analyzer>" : {
      "count" : 21,
      "average" : {
        "ns" : 733572.4761904762,
        "us" : 733.5724761904762,
        "ms" : 0.7335724761904762,
        "s" : 7.335724761904762E-4
      },
      "min" : {
        "ns" : 144608,
        "us" : 144.608,
        "ms" : 0.144608,
        "s" : 1.44608E-4
      },
      "max" : {
        "ns" : 4331831,
        "us" : 4331.831,
        "ms" : 4.331831,
        "s" : 0.004331831
      }
    },
    "RedundancyAnalyzer.handleFeedback<Analyzer>" : {
      "count" : 21,
      "average" : {
        "ns" : 48826.52380952381,
        "us" : 48.826523809523806,
        "ms" : 0.048826523809523806,
        "s" : 4.882652380952381E-5
      },
      "min" : {
        "ns" : 15601,
        "us" : 15.601,
        "ms" : 0.015601,
        "s" : 1.5601E-5
      },
      "max" : {
        "ns" : 193310,
        "us" : 193.31,
        "ms" : 0.19331,
        "s" : 1.9331E-4
      }
    },
    "StatusAnalyzer.handleFeedback<Analyzer>" : {
      "count" : 21,
      "average" : {
        "ns" : 18258.0,
        "us" : 18.258,
        "ms" : 0.018258,
        "s" : 1.8258E-5
      },
      "min" : {
        "ns" : 3701,
        "us" : 3.701,
        "ms" : 0.003701,
        "s" : 3.701E-6
      },
      "max" : {
        "ns" : 134007,
        "us" : 134.007,
        "ms" : 0.134007,
        "s" : 1.34007E-4
      }
    },
    "BehaviorAnalyzer.handleFeedback<Analyzer>" : {
      "count" : 21,
      "average" : {
        "ns" : 452324.1904761905,
        "us" : 452.3241904761905,
        "ms" : 0.4523241904761905,
        "s" : 4.5232419047619047E-4
      },
      "min" : {
        "ns" : 270014,
        "us" : 270.014,