{
  "stats" : {
    "nextFaultload" : {
      "count" : 9,
      "average" : {
        "ns" : 2342010.4444444445,
        "us" : 2342.0104444444446,
        "ms" : 2.3420104444444445,
        "s" : 0.0023420104444444446
      },
      "min" : {
        "ns" : 786433,
        "us" : 786.433,
        "ms" : 0.786433,
        "s" : 7.86433E-4
      },
      "max" : {
        "ns" : 4065273,
        "us" : 4065.273,
        "ms" : 4.065273,
        "s" : 0.004065273
      }
    },
    "Per test" : {
      "count" : 8,
      "average" : {
        "ns" : 6.0391304875E7,
        "us" : 60391.304875,
        "ms" : 60.391304875,
        "s" : 0.060391304875
      },
      "min" : {
        "ns" : 24748652,
        "us" : 24748.652,
        "ms" : 24.748652,
        "s" : 0.024748652
      },
      "max" : {
        "ns" : 241627672,
        "us" : 241627.672,
        "ms" : 241.627672,
        "s" : 0.241627672
      }
    },
    "registerFaultload" : {
      "count" : 8,
      "average" : {
        "ns" : 1.8421545625E7,
        "us" : 18421.545625,
        "ms" : 18.421545625,
        "s" : 0.018421545625
      },
      "min" : {
        "ns" : 2890523,
        "us" : 2890.523,
        "ms" : 2.890523,
        "s" : 0.002890523
      },
      "max" : {
        "ns" : 109333448,
        "us" : 109333.448,
        "ms" : 109.333448,
        "s" : 0.109333448
      }
    },
    "testMethod" : {
      "count" : 8,
      "average" : {
        "ns" : 1.457669475E7,
        "us" : 14576.69475,
        "ms" : 14.57669475,
        "s" : 0.01457669475
      },
      "min" : {
        "ns" : 9221392,
        "us" : 9221.392,
        "ms" : 9.221392,
        "s" : 0.009221392
      },
      "max" : {
        "ns" : 27075451,
        "us" : 27075.451,
        "ms" : 27.075451,
        "s" : 0.027075451
      }
    },
    "getTraceWithDelay" : {
      "count" : 8,
      "average" : {
        "ns" : 2.714306625E7,
        "us" : 27143.06625,
        "ms" : 27.14306625,
        "s" : 0.02714306625
      },
      "min" : {
        "ns" : 11522790,
        "us" : 11522.79,
        "ms" : 11.52279,
        "s" : 0.01152279
      },
      "max" : {
        "ns" : 104916260,
        "us" : 104916.26,
        "ms" : 104.91626,
        "s" : 0.10491626
      }
    },
    "getTrace" : {
      "count" : 8,
      "average" : {
        "ns" : 1.7148566375E7,
        "us" : 17148.566375,
        "ms" : 17.148566375,
        "s" : 0.017148566375
      },
      "min" : {
        "ns" : 6608881,
        "us" : 6608.881,
        "ms" : 6.608881,
        "s" : 0.006608881
      },
      "max" : {
        "ns" : 74862882,
        "us" : 74862.882,
        "ms" : 74.862882,
        "s" : 0.074862882
      }
    },
    "handleResult" : {
      "count" : 8,
      "average" : {
        "ns" : 6128573.0,
        "us" : 6128.573,
        "ms" : 6.128573,
        "s" : 0.006128573
      },
      "min" : {
        "ns" : 1883980,
        "us" : 1883.98,
        "ms" : 1.88398,
        "s" : 0.00188398
      },
      "max" : {
        "ns" : 21492114,
        "us" : 21492.114,
        "ms" : 21.492114,
        "s" : 0.021492114
      }
    },
    "StrategyRunner.analyze" : {
      "count" : 8,
      "average" : {
        "ns" : 5985479.25,
        "us" : 5985.47925,
        "ms" : 5.98547925,
        "s" : 0.00598547925
      },
      "min" : {
        "ns" : 1798776,
        "us" : 1798.776,
        "ms" : 1.798776,
        "s" : 0.001798776
      },
      "max" : {
        "ns" : 21078096,
        "us" : 21078.096,
        "ms" : 21.078096,
        "s" : 0.021078096
      }
    },
    "DynamicExplorationGenerator.handleFeedback<Analyzer>" : {
      "count" : 8,
      "average" : {
        "ns" : 1072233.125,
        "us" : 1072.233125,
        "ms" : 1.072233125,
        "s" : 0.001072233125
      },
      "min" : {
        "ns" : 78703,
        "us" : 78.703,
        "ms" : 0.078703,
        "s" : 7.8703E-5
      },
      "max" : {
        "ns" : 6297068,
        "us" : 6297.068,
        "ms" : 6.297068,
        "s" : 0.006297068
      }
    },
    "HappyPathDetector.handleFeedback<Analyzer>" : {
      "count" : 8,
      "average" : {
        "ns" : 66927.75,
        "us" : 66.92775,
        "ms" : 0.06692775,
        "s" : 6.692775E-5
      },
      "min" : {
        "ns" : 3200,
        "us" : 3.2,
        "ms" : 0.0032,
        "s" : 3.2E-6
      },
      "max" : {
        "ns" : 505822,
        "us" : 505.822,
        "ms" : 0.505822,
        "s" : 5.05822E-4
      }
    },
    "ParentChildDetector.handleFeedback<Analyzer>" : {
      "count" : 8,
      "average" : {
        "ns" : 1077458.25,
        "us" : 1077.45825,
        "ms" : 1.07745825,
        "s" : 0.00107745825
      },
      "min" : {
        "ns" : 38502,
        "us" : 38.502,
        "ms" : 0.038502,
        "s" : 3.8502E-5
      },
      "max" : {
        "ns" : 8071943,
        "us" : 8071.943,
        "ms" : 8.071943,
        "s" : 0.008071943
      }
    },
    "HappensBeforeNeighbourDetector.handleFeedback<Analyzer>" : {
      "count" : 8,
      "average" : {
        "ns" : 406779.875,
        "us" : 406.779875,
        "ms" : 0.406779875,
        "s" : 4.06779875E-4
      },
      "min" : {
        "ns" : 11801,
        "us" : 11.801,
        "ms" : 0.011801,
        "s" : 1.1801E-5
      },
      "max" : {
        "ns" : 1423161,
        "us" : 1423.161,
        "ms" : 1.423161,
        "s" : 0.001423161
      }
    },
    "ErrorPropagationDetector.handleFeedback<Analyzer>" : {
      "count" : 8,
      "average" : {
        "ns" : 900525.875,
        "us" : 900.525875,
        "ms" : 0.900525875,
        "s" : 9.00525875E-4
      },
      "min" : {
        "ns" : 15400,
        "us" : 15.4,
        "ms" : 0.0154,
        "s" : 1.54E-5
      },
      "max" : {
        "ns" : 3003128,
        "us" : 3003.128,
        "ms" : 3.003128,
        "s" : 0.003003128
      }
    },
    "ConditionalPointDetector.handleFeedback<Analyzer>" : {
      "count" : 8,
      "average" : {
        "ns" : 848648.75,
        "us" : 848.64875,
        "ms" : 0.84864875,
        "s" : 8.4864875E-4
      },
      "min" : {
        "ns" : 121405,
        "us" : 121.405,
        "ms" : 0.121405,
        "s" : 1.21405E-4
      },
      "max" : {
        "ns" : 4922109,
        "us" : 4922.109,
        "ms" : 4.922109,
        "s" : 0.004922109
      }
    },
    "RedundancyAnalyzer.handleFeedback<Analyzer>" : {
      "count" : 8,
      "average" : {
        "ns" : 35851.375,
        "us" : 35.851375,
        "ms" : 0.035851375,
        "s" : 3.5851375E-5
      },
      "min" : {
        "ns" : 21201,
        "us" : 21.201,
        "ms" : 0.021201,
        "s" : 2.1201E-5
      },
      "max" : {
        "ns" : 71303,
        "us" : 71.303,
        "ms" : 0.071303,
        "s" : 7.1303E-5
      }
    },
    "StatusAnalyzer.handleFeedback<Analyzer>" : {
      "count" : 8,
      "average" : {
        "ns" : 22026.0,
        "us" : 22.026,
        "ms" : 0.022026,
        "s" : 2.2026E-5
      },
      "min" : {
        "ns" : 4700,
        "us" : 4.7,
        "ms" : 0.0047,
        "s" : 4.7E-6
      },
      "max" : {
        "ns" : 137706,
        "us" : 137.706,
        "ms" : 0.137706,
        "s" : 1.37706E-4
      }
    },
    "BehaviorAnalyzer.handleFeedback<Analyzer>" : {
      "count" : 8,
      "average" : {
        "ns" : 637339.625,
        "us" : 637.339625,
        "ms" : 0.637339625,
        "s" : 6.37339625E-4
      },
      "min" : {
        "ns" : 259011,
        "us" : 259.011,
        "ms" : 0.259011,
        "s" : 2.59011E-4
      },
      "max" : {
        "ns" : 1527065,
        "us" : 1527.065,
        "ms" : 1.527065,
        "s" : 0.001527065
      }
    },
    "TimingAnalyzer.handleFeedback<Analyzer>" : {
      "count" : 8,
      "average" : {
        "ns" : 177382.625,
        "us" : 177.382625,
        "ms" : 0.177382625,
        "s" : 1.77382625E-4
      },
      "min" : {
        "ns" : 49003,
        "us" : 49.003,