{
  "responses" : [ {
    "behaviour" : "Behaviour[uid=controller:POST /v1/faultload/register(612e7ca4)#0, mode=null]",
    "min_ms" : 60.69075393676758,
    "average_ms" : 60.69075393676758,
    "max_ms" : 60.69075393676758,
    "count" : 1,
    "values" : [ 60.690754 ]
  }, {
    "behaviour" : "Behaviour[uid=controller:POST /v1/faultload/register(612e7ca4)#0, mode=HTTP_ERROR(500)]",
    "min_ms" : 4.759389877319336,
    "average_ms" : 5.718242726018352,
    "max_ms" : 9.979730606079102,
    "count" : 124,
    "values" : [ 9.979731, 6.777507, 6.095234, 5.885869, 5.632408, 5.978373, 6.42861, 7.020119, 5.862206, 6.242498, 7.213082, 5.732681, 5.864616, 5.501661, 7.03486, 7.502868, 6.715285, 6.932748, 7.504286, 5.137924, 5.669949, 5.58058, 5.035798, 5.076789, 5.351853, 5.955053, 5.289803, 5.400184, 5.197246, 5.917903, 6.247017, 5.7167, 5.651509, 5.818501, 5.07396, 4.832592, 5.395435, 5.821985, 5.882423, 7.057041, 6.797486, 5.890332, 5.910597, 6.1488, 5.158471, 5.413252, 6.003994, 5.019254, 5.404795, 5.615097, 5.210347, 5.562571, 5.696989, 4.965867, 5.21448, 5.084344, 5.609578, 4.990159, 5.042018, 6.948559, 4.936273, 5.066639, 5.258792, 5.07742, 5.654039, 5.794861, 4.944178, 5.11248, 5.515826, 5.065318, 5.255308, 5.342705, 6.631014, 7.877443, 5.221186, 5.11253, 5.252652, 5.521886, 5.565577, 5.389304, 5.576436, 5.758046, 5.52265, 6.089235, 7.112591, 6.047765, 6.195458, 5.309403, 5.699451, 5.856712, 5.625342, 5.529697, 6.227597, 6.012057, 5.682809, 5.758419, 5.482966, 5.658209, 5.223292, 5.527977, 5.537406, 6.004164, 6.42425, 5.242579, 5.524146, 5.646112, 5.290453, 6.163728, 5.477249, 5.104685, 5.391384, 5.240291, 4.75939, 5.07883, 5.851047, 4.992755, 5.366005, 5.10104, 5.346794, 4.803736, 5.278172, 5.24422, 5.073907, 4.926337 ]
  }, {
    "behaviour" : "Behaviour[uid=controller:POST /v1/faultload/register(612e7ca4)#0>proxy1:POST /v1/faultload/register(612e7ca4)#0, mode=null]",
    "min_ms" : 0.9133139848709106,
    "average_ms" : 3.0214132976531984,
    "max_ms" : 44.69157409667969,
    "count" : 25,
    "values" : [ 44.691574, 1.190931, 1.546077, 1.317365, 1.258119, 1.081437, 1.119728, 1.26606, 1.27743, 0.913314, 1.190839, 3.253761, 0.924355, 1.002926, 1.32033, 1.2567, 1.219589, 0.925754, 1.400719, 1.242879, 1.1669, 1.168238, 1.131552, 1.423423, 1.245332 ]
  }, {
    "behaviour" : "Behaviour[uid=controller:POST /v1/faultload/register(612e7ca4)#0>proxy3:POST /v1/faultload/register(612e7ca4)#0, mode=null]",
    "min_ms" : 0.9998250007629395,
    "average_ms" : 2.9860817909240724,
    "max_ms" : 45.74955749511719,
    "count" : 25,
    "values" : [ 45.749557, 1.054085, 1.147817, 1.224416, 1.036465, 1.160409, 1.577738, 0.999825, 1.071412, 1.023272, 1.31083, 1.187534, 1.167278, 1.133378, 1.232229, 1.349861, 1.61738, 1.12247, 1.131608, 1.23911, 1.201472, 1.241653, 1.116346, 1.082276, 1.473623 ]
  }, {
    "behaviour" : "Behaviour[uid=controller:POST /v1/faultload/register(612e7ca4)#0>proxy2:POST /v1/faultload/register(612e7ca4)#0, mode=null]",
    "min_ms" : 0.9484789967536926,
    "average_ms" : 2.930278995037079,
    "max_ms" : 45.003814697265625,
    "count" : 25,
    "values" : [ 45.003815, 0.971056, 1.132128, 1.202679, 1.080126, 0.948479, 1.397683, 0.984678, 1.003538, 1.009011, 1.133703, 1.123327, 1.451148, 1.068936, 0.983753, 1.19792, 1.380361, 1.143908, 1.36389, 1.204146, 1.22811, 1.215708, 1.248849, 1.278121, 1.501902 ]
  } ],
  "overhead" : [ {
    "behaviour" : "Behaviour[uid=controller:POST /v1/faultload/register(612e7ca4)#0, mode=HTTP_ERROR(500)]",
    "min_ms" : 1.000846028327942,
    "average_ms" : 1.7273225611256016,
    "max_ms" : 31.54879379272461,
    "count" : 124,
    "values" : [ 2.114727, 1.401669, 1.316271, 1.477936, 1.387581, 1.613485, 1.511276, 1.25888, 1.59423, 1.429242, 1.317101, 1.271979, 1.492643, 1.421123, 1.413583, 2.007502, 1.785638, 1.94171, 1.439641, 1.334836, 1.20583, 1.34827, 1.182398, 1.425472, 1.153208, 1.728387, 1.159797, 1.347761, 1.201639, 1.213469, 1.27283, 1.361805, 1.334755, 1.147842, 1.3048, 1.124228, 1.268819, 1.184315, 1.571054, 1.521483, 1.417137, 1.769979, 1.357007, 1.203054, 1.218409, 1.15136, 1.34601, 1.160123, 1.25345, 1.375123, 1.118885, 1.027472, 1.193834, 21.996923, 1.041927, 1.093242, 1.268549, 1.181538, 1.110803, 1.621657, 1.96894, 1.32439, 1.125648, 1.249849, 1.163487, 1.154412, 1.103317, 1.064636, 1.242071, 1.174088, 1.168188, 1.130037, 1.491083, 1.354981, 1.163854, 1.092172, 1.448153, 1.065372, 1.000846, 1.216814, 1.849779, 1.251719, 1.299489, 1.261659, 1.303281, 1.408891, 1.253788, 1.376762, 1.218718, 1.469513, 1.144703, 1.237689, 1.626156, 1.449258, 1.370067, 1.421932, 1.196289, 1.289039, 1.157448, 1.231509, 1.166169, 1.22029, 1.695266, 1.253026, 1.28066, 1.154261, 1.303921, 1.292225, 1.242201, 1.415175, 1.108608, 1.958891, 1.130902, 1.199408, 1.099962, 1.232187, 1.060035, 31.548794, 1.119967, 1.120948, 1.133588, 1.085579, 1.210882, 1.139328 ]
  }, {
    "behaviour" : "Behaviour[uid=controller:POST /v1/faultload/register(612e7ca4)#0, mode=null]",
    "min_ms" : 1.601227045059204,
    "average_ms" : 1.601227045059204,
    "max_ms" : 1.601227045059204,
    "count" : 1,
    "values" : [ 1.601227 ]
  }, {
    "behaviour" : "Behaviour[uid=controller:POST /v1/faultload/register(612e7ca4)#0>proxy1:POST /v1/faultload/register(612e7ca4)#0, mode=null]",
    "min_ms" : 0.9690549969673157,
    "average_ms" : 1.3400299191474914,
    "max_ms" : 1.9588359594345093,
    "count" : 25,
    "values" : [ 1.958836, 1.594567, 1.156648, 0.982511, 1.184519, 1.386192, 1.056577, 1.336899, 1.397242, 1.713027, 1.686066, 0.992465, 1.084907, 0.969055, 1.639246, 1.200648, 1.099877, 1.455494, 1.567317, 0.9955, 1.078856, 1.515414, 1.201125, 1.550854, 1.696906 ]
  }, {
    "behaviour" : "Behaviour[uid=controller:POST /v1/faultload/register(612e7ca4)#0>proxy2:POST /v1/faultload/register(612e7ca4)#0, mode=null]",
    "min_ms" : 1.009315013885498,
    "average_ms" : 1.3329257106781005,
    "max_ms" : 2.735793113708496,
    "count" : 25,
    "values" : [ 2.187832, 1.146858, 1.08489, 1.159848, 1.174059, 1.195355, 1.115987, 1.228488, 1.329312, 1.287635, 1.28306, 2.735793, 1.470848, 1.135059, 1.478985, 1.156467, 1.192959, 1.112428, 1.337621, 1.310813, 1.147332, 1.009315, 1.243215, 1.094326, 1.704658 ]
  }, {
    "behaviour" : "Behaviour[uid=controller:POST /v1/faultload/register(612e7ca4)#0>proxy2:POST /v1/faultload/register(612e7ca4)#0, mode=HTTP_ERROR(503)]",
    "min_ms" : 0.8209580183029175,
    "average_ms" : 1.305488383769989,
    "max_ms" : 2.1851439476013184,
    "count" : 25,
    "values" : [ 1.072156, 2.185144, 1.375212, 1.488914, 1.085668, 1.171344, 1.030506, 0.820958, 1.142023, 1.236729, 1.122767, 0.897899, 1.86515, 1.167083, 1.039465, 1.518584, 1.567758, 1.136717, 1.654792, 1.581715, 1.214118, 1.361612, 0.995631, 1.093897, 1.811368 ]
  }, {
    "behaviour" : "Behaviour[uid=controller:POST /v1/faultload/register(612e7ca4)#0>proxy3:POST /v1/faultload/register(612e7ca4)#0, mode=HTTP_ERROR(504)]",
    "min_ms" : 0.9423660039901733,
    "average_ms" : 1.2985012006759644,
    "max_ms" : 1.7721389532089233,
    "count" : 25,
    "values" : [ 1.456073, 1.127233, 1.410963, 1.289, 1.089687, 1.052636, 1.772139, 1.081838, 1.014486, 1.509174, 1.510402, 1.224789, 1.509153, 1.340741, 1.170978, 1.008606, 1.660113, 0.942366, 1.657846, 1.423942, 1.195929, 1.313538, 1.446513, 1.109847, 1.144538 ]
  }, {
    "behaviour" : "Behaviour[uid=controller:POST /v1/faultload/register(612e7ca4)#0>proxy1:POST /v1/faultload/register(612e7ca4)#0, mode=HTTP_ERROR(502)]",
    "min_ms" : 0.9628450274467468,
    "average_ms" : 1.2843894839286805,
    "max_ms" : 1.8196940422058105,
    "count" : 25,