{
  "stats" : {
    "nextFaultload" : {
      "count" : 10,
      "average" : {
        "ns" : 4047558.4,
        "us" : 4047.5584,
        "ms" : 4.0475584,
        "s" : 0.0040475584
      },
      "min" : {
        "ns" : 1920775,
        "us" : 1920.775,
        "ms" : 1.920775,
        "s" : 0.001920775
      },
      "max" : {
        "ns" : 9258363,
        "us" : 9258.363,
        "ms" : 9.258363,
        "s" : 0.009258363
      }
    },
    "Per test" : {
      "count" : 9,
      "average" : {
        "ns" : 5.572783544444445E7,
        "us" : 55727.83544444445,
        "ms" : 55.727835444444445,
        "s" : 0.05572783544444445
      },
      "min" : {
        "ns" : 26772647,
        "us" : 26772.647,
        "ms" : 26.772647,
        "s" : 0.026772647
      },
      "max" : {
        "ns" : 239017650,
        "us" : 239017.65,
        "ms" : 239.01765,
        "s" : 0.23901765
      }
    },
    "registerFaultload" : {
      "count" : 9,
      "average" : {
        "ns" : 1.6761989E7,
        "us" : 16761.989,
        "ms" : 16.761989,
        "s" : 0.016761989
      },
      "min" : {
        "ns" : 2881413,
        "us" : 2881.413,
        "ms" : 2.881413,
        "s" : 0.002881413
      },
      "max" : {
        "ns" : 109454982,
        "us" : 109454.982,
        "ms" : 109.454982,
        "s" : 0.109454982
      }
    },
    "testMethod" : {
      "count" : 9,
      "average" : {
        "ns" : 2.9194075444444444E7,
        "us" : 29194.075444444443,
        "ms" : 29.194075444444444,
        "s" : 0.029194075444444443
      },
      "min" : {
        "ns" : 17532386,
        "us" : 17532.386,
        "ms" : 17.532386,
        "s" : 0.017532386
      },
      "max" : {
        "ns" : 99371187,
        "us" : 99371.187,
        "ms" : 99.371187,
        "s" : 0.099371187
      }
    },
    "getTraceWithDelay" : {
      "count" : 9,
      "average" : {
        "ns" : 2.5675860111111112E7,
        "us" : 25675.860111111113,
        "ms" : 25.675860111111113,
        "s" : 0.02567586011111111
      },
      "min" : {
        "ns" : 13701036,
        "us" : 13701.036,
        "ms" : 13.701036,
        "s" : 0.013701036
      },
      "max" : {
        "ns" : 104427285,
        "us" : 104427.285,
        "ms" : 104.427285,
        "s" : 0.104427285
      }
    },
    "getTrace" : {
      "count" : 9,
      "average" : {
        "ns" : 1.5665146222222222E7,
        "us" : 15665.146222222222,
        "ms" : 15.665146222222223,
        "s" : 0.01566514622222222
      },
      "min" : {
        "ns" : 7103078,
        "us" : 7103.078,
        "ms" : 7.103078,
        "s" : 0.007103078
      },
      "max" : {
        "ns" : 73509776,
        "us" : 73509.776,
        "ms" : 73.509776,
        "s" : 0.073509776
      }
    },
    "handleResult" : {
      "count" : 9,
      "average" : {
        "ns" : 5890486.0,
        "us" : 5890.486,
        "ms" : 5.890486,
        "s" : 0.005890486
      },
      "min" : {
        "ns" : 2890913,
        "us" : 2890.913,
        "ms" : 2.890913,
        "s" : 0.002890913
      },
      "max" : {
        "ns" : 21243931,
        "us" : 21243.931,
        "ms" : 21.243931,
        "s" : 0.021243931
      }
    },
    "StrategyRunner.analyze" : {
      "count" : 9,
      "average" : {
        "ns" : 5719401.666666667,
        "us" : 5719.401666666667,
        "ms" : 5.719401666666667,
        "s" : 0.005719401666666667
      },
      "min" : {
        "ns" : 2803810,
        "us" : 2803.81,
        "ms" : 2.80381,
        "s" : 0.00280381
      },
      "max" : {
        "ns" : 20874717,
        "us" : 20874.717,
        "ms" : 20.874717,
        "s" : 0.020874717
      }
    },
    "DynamicExplorationGenerator.handleFeedback<Analyzer>" : {
      "count" : 9,
      "average" : {
        "ns" : 1016206.4444444445,
        "us" : 1016.2064444444445,
        "ms" : 1.0162064444444445,
        "s" : 0.0010162064444444445
      },
      "min" : {
        "ns" : 85803,
        "us" : 85.803,
        "ms" : 0.085803,
        "s" : 8.5803E-5
      },
      "max" : {
        "ns" : 7041075,
        "us" : 7041.075,
        "ms" : 7.041075,
        "s" : 0.007041075
      }
    },
    "HappyPathDetector.handleFeedback<Analyzer>" : {
      "count" : 9,
      "average" : {
        "ns" : 60569.11111111111,
        "us" : 60.56911111111111,
        "ms" : 0.06056911111111111,
        "s" : 6.056911111111111E-5
      },
      "min" : {
        "ns" : 3800,
        "us" : 3.8,
        "ms" : 0.0038,
        "s" : 3.8E-6
      },
      "max" : {
        "ns" : 511620,
        "us" : 511.62,
        "ms" : 0.51162,
        "s" : 5.1162E-4
      }
    },
    "ParentChildDetector.handleFeedback<Analyzer>" : {
      "count" : 9,
      "average" : {
        "ns" : 866634.0,
        "us" : 866.634,
        "ms" : 0.866634,
        "s" : 8.66634E-4
      },
      "min" : {
        "ns" : 45002,
        "us" : 45.002,
        "ms" : 0.045002,
        "s" : 4.5002E-5
      },
      "max" : {
        "ns" : 7243384,
        "us" : 7243.384,
        "ms" : 7.243384,
        "s" : 0.007243384
      }
    },
    "HappensBeforeNeighbourDetector.handleFeedback<Analyzer>" : {
      "count" : 9,
      "average" : {
        "ns" : 943370.3333333334,
        "us" : 943.3703333333334,
        "ms" : 0.9433703333333334,
        "s" : 9.433703333333334E-4
      },
      "min" : {
        "ns" : 10400,
        "us" : 10.4,
        "ms" : 0.0104,
        "s" : 1.04E-5
      },
      "max" : {
        "ns" : 3540739,
        "us" : 3540.739,
        "ms" : 3.540739,
        "s" : 0.003540739
      }
    },
    "ErrorPropagationDetector.handleFeedback<Analyzer>" : {
      "count" : 9,
      "average" : {
        "ns" : 456629.1111111111,
        "us" : 456.6291111111111,
        "ms" : 0.4566291111111111,
        "s" : 4.566291111111111E-4
      },
      "min" : {
        "ns" : 12300,
        "us" : 12.3,
        "ms" : 0.0123,
        "s" : 1.23E-5
      },
      "max" : {
        "ns" : 885935,
        "us" : 885.935,
        "ms" : 0.885935,
        "s" : 8.85935E-4
      }
    },
    "ConditionalPointDetector.handleFeedback<Analyzer>" : {
      "count" : 9,
      "average" : {
        "ns" : 1070786.4444444445,
        "us" : 1070.7864444444444,
        "ms" : 1.0707864444444446,
        "s" : 0.0010707864444444446
      },
      "min" : {
        "ns" : 203408,
        "us" : 203.408,
        "ms" : 0.203408,
        "s" : 2.03408E-4
      },
      "max" : {
        "ns" : 4387472,
        "us" : 4387.472,
        "ms" : 4.387472,
        "s" : 0.004387472
      }
    },
    "RedundancyAnalyzer.handleFeedback<Analyzer>" : {
      "count" : 9,
      "average" : {
        "ns" : 41657.333333333336,
        "us" : 41.657333333333334,
        "ms" : 0.04165733333333334,
        "s" : 4.165733333333334E-5
      },
      "min" : {
        "ns" : 21601,
        "us" : 21.601,
        "ms" : 0.021601,
        "s" : 2.1601E-5
      },
      "max" : {
        "ns" : 115105,
        "us" : 115.105,
        "ms" : 0.115105,
        "s" : 1.15105E-4
      }
    },
    "StatusAnalyzer.handleFeedback<Analyzer>" : {
      "count" : 9,
      "average" : {
        "ns" : 18967.222222222223,
        "us" : 18.967222222222222,
        "ms" : 0.018967222222222222,
        "s" : 1.896722222222222E-5
      },
      "min" : {
        "ns" : 4500,
        "us" : 4.5,
        "ms" : 0.0045,
        "s" : 4.5E-6
      },
      "max" : {
        "ns" : 129005,
        "us" : 129.005,
        "ms" : 0.129005,
        "s" : 1.29005E-4
      }
    },
    "BehaviorAnalyzer.handleFeedback<Analyzer>" : {
      "count" : 9,
      "average" : {
        "ns" : 577967.1111111111,
        "us" : 577.9671111111111,
        "ms" : 0.5779671111111111,
        "s" : 5.779671111111112E-4
      },
      "min" : {
        "ns" : 382815,
        "us" : 382.815,
        "ms" : 0.382815,
        "s" : 3.82815E-4
      },
      "max" : {
        "ns" : 1028040,
        "us" : 1028.04,