{
  "stats" : {
    "nextFaultload" : {
      "count" : 9,
      "average" : {
        "ns" : 2194832.4444444445,
        "us" : 2194.8324444444447,
        "ms" : 2.1948324444444447,
        "s" : 0.0021948324444444446
      },
      "min" : {
        "ns" : 529527,
        "us" : 529.527,
        "ms" : 0.529527,
        "s" : 5.29527E-4
      },
      "max" : {
        "ns" : 3977399,
        "us" : 3977.399,
        "ms" : 3.977399,
        "s" : 0.003977399
      }
    },
    "Per test" : {
      "count" : 8,
      "average" : {
        "ns" : 1.32477872625E8,
        "us" : 132477.872625,
        "ms" : 132.477872625,
        "s" : 0.132477872625
      },
      "min" : {
        "ns" : 54270123,
        "us" : 54270.123,
        "ms" : 54.270123,
        "s" : 0.054270123
      },
      "max" : {
        "ns" : 447739768,
        "us" : 447739.768,
        "ms" : 447.739768,
        "s" : 0.447739768
      }
    },
    "registerFaultload" : {
      "count" : 8,
      "average" : {
        "ns" : 1.9013866625E7,
        "us" : 19013.866625,
        "ms" : 19.013866625,
        "s" : 0.019013866625
      },
      "min" : {
        "ns" : 2500626,
        "us" : 2500.626,
        "ms" : 2.500626,
        "s" : 0.002500626
      },
      "max" : {
        "ns" : 115769810,
        "us" : 115769.81,
        "ms" : 115.76981,
        "s" : 0.11576981
      }
    },
    "testMethod" : {
      "count" : 8,
      "average" : {
        "ns" : 8.846382675E7,
        "us" : 88463.82675,
        "ms" : 88.46382675,
        "s" : 0.08846382675
      },
      "min" : {
        "ns" : 39728694,
        "us" : 39728.694,
        "ms" : 39.728694,
        "s" : 0.039728694
      },
      "max" : {
        "ns" : 235251605,
        "us" : 235251.605,
        "ms" : 235.251605,
        "s" : 0.235251605
      }
    },
    "getTraceWithDelay" : {
      "count" : 8,
      "average" : {
        "ns" : 2.4778655875E7,
        "us" : 24778.655875,
        "ms" : 24.778655875,
        "s" : 0.024778655875
      },
      "min" : {
        "ns" : 11181861,
        "us" : 11181.861,
        "ms" : 11.181861,
        "s" : 0.011181861
      },
      "max" : {
        "ns" : 96392938,
        "us" : 96392.938,
        "ms" : 96.392938,
        "s" : 0.096392938
      }
    },
    "getTrace" : {
      "count" : 8,
      "average" : {
        "ns" : 1.55452925E7,
        "us" : 15545.2925,
        "ms" : 15.5452925,
        "s" : 0.0155452925
      },
      "min" : {
        "ns" : 6269414,
        "us" : 6269.414,
        "ms" : 6.269414,
        "s" : 0.006269414
      },
      "max" : {
        "ns" : 69509488,
        "us" : 69509.488,
        "ms" : 69.509488,
        "s" : 0.069509488
      }
    },
    "handleResult" : {
      "count" : 8,
      "average" : {
        "ns" : 5324404.625,
        "us" : 5324.404625,
        "ms" : 5.324404625,
        "s" : 0.005324404625
      },
      "min" : {
        "ns" : 1795890,
        "us" : 1795.89,
        "ms" : 1.79589,
        "s" : 0.00179589
      },
      "max" : {
        "ns" : 18431525,
        "us" : 18431.525,
        "ms" : 18.431525,
        "s" : 0.018431525
      }
    },
    "StrategyRunner.analyze" : {
      "count" : 8,
      "average" : {
        "ns" : 5183360.0,
        "us" : 5183.36,
        "ms" : 5.18336,
        "s" : 0.00518336
      },
      "min" : {
        "ns" : 1709486,
        "us" : 1709.486,
        "ms" : 1.709486,
        "s" : 0.001709486
      },
      "max" : {
        "ns" : 18105209,
        "us" : 18105.209,
        "ms" : 18.105209,
        "s" : 0.018105209
      }
    },
    "DynamicExplorationGenerator.handleFeedback<Analyzer>" : {
      "count" : 8,
      "average" : {
        "ns" : 920721.375,
        "us" : 920.721375,
        "ms" : 0.920721375,
        "s" : 9.20721375E-4
      },
      "min" : {
        "ns" : 83504,
        "us" : 83.504,
        "ms" : 0.083504,
        "s" : 8.3504E-5
      },
      "max" : {
        "ns" : 5396171,
        "us" : 5396.171,
        "ms" : 5.396171,
        "s" : 0.005396171
      }
    },
    "HappyPathDetector.handleFeedback<Analyzer>" : {
      "count" : 8,
      "average" : {
        "ns" : 55552.625,
        "us" : 55.552625,
        "ms" : 0.055552625,
        "s" : 5.5552625E-5
      },
      "min" : {
        "ns" : 3000,
        "us" : 3.0,
        "ms" : 0.003,
        "s" : 3.0E-6
      },
      "max" : {
        "ns" : 416121,
        "us" : 416.121,
        "ms" : 0.416121,
        "s" : 4.16121E-4
      }
    },
    "ParentChildDetector.handleFeedback<Analyzer>" : {
      "count" : 8,
      "average" : {
        "ns" : 945660.25,
        "us" : 945.66025,
        "ms" : 0.94566025,
        "s" : 9.4566025E-4
      },
      "min" : {
        "ns" : 42602,
        "us" : 42.602,
        "ms" : 0.042602,
        "s" : 4.2602E-5
      },
      "max" : {
        "ns" : 7072255,
        "us" : 7072.255,
        "ms" : 7.072255,
        "s" : 0.007072255
      }
    },
    "HappensBeforeNeighbourDetector.handleFeedback<Analyzer>" : {
      "count" : 8,
      "average" : {
        "ns" : 419958.625,
        "us" : 419.958625,
        "ms" : 0.419958625,
        "s" : 4.19958625E-4
      },
      "min" : {
        "ns" : 17201,
        "us" : 17.201,
        "ms" : 0.017201,
        "s" : 1.7201E-5
      },
      "max" : {
        "ns" : 1172459,
        "us" : 1172.459,
        "ms" : 1.172459,
        "s" : 0.001172459
      }
    },
    "ErrorPropagationDetector.handleFeedback<Analyzer>" : {
      "count" : 8,
      "average" : {
        "ns" : 773151.25,
        "us" : 773.15125,
        "ms" : 0.77315125,
        "s" : 7.7315125E-4
      },
      "min" : {
        "ns" : 14301,
        "us" : 14.301,
        "ms" : 0.014301,
        "s" : 1.4301E-5
      },
      "max" : {
        "ns" : 2524027,
        "us" : 2524.027,
        "ms" : 2.524027,
        "s" : 0.002524027
      }
    },
    "ConditionalPointDetector.handleFeedback<Analyzer>" : {
      "count" : 8,
      "average" : {
        "ns" : 704523.0,
        "us" : 704.523,
        "ms" : 0.704523,
        "s" : 7.04523E-4
      },
      "min" : {
        "ns" : 176609,
        "us" : 176.609,
        "ms" : 0.176609,
        "s" : 1.76609E-4
      },
      "max" : {
        "ns" : 4027102,
        "us" : 4027.102,
        "ms" : 4.027102,
        "s" : 0.004027102
      }
    },
    "RedundancyAnalyzer.handleFeedback<Analyzer>" : {
      "count" : 8,
      "average" : {
        "ns" : 38651.75,
        "us" : 38.65175,
        "ms" : 0.03865175,
        "s" : 3.865175E-5
      },
      "min" : {
        "ns" : 20301,
        "us" : 20.301,
        "ms" : 0.020301,
        "s" : 2.0301E-5
      },
      "max" : {
        "ns" : 69403,
        "us" : 69.403,
        "ms" : 0.069403,
        "s" : 6.9403E-5
      }
    },
    "StatusAnalyzer.handleFeedback<Analyzer>" : {
      "count" : 8,
      "average" : {
        "ns" : 20788.75,
        "us" : 20.78875,
        "ms" : 0.02078875,
        "s" : 2.078875E-5
      },
      "min" : {
        "ns" : 4601,
        "us" : 4.601,
        "ms" : 0.004601,
        "s" : 4.601E-6
      },
      "max" : {
        "ns" : 129606,
        "us" : 129.606,
        "ms" : 0.129606,
        "s" : 1.29606E-4
      }
    },
    "BehaviorAnalyzer.handleFeedback<Analyzer>" : {
      "count" : 8,
      "average" : {
        "ns" : 524463.75,
        "us" : 524.46375,
        "ms" : 0.52446375,
        "s" : 5.2446375E-4
      },
      "min" : {
        "ns" : 262513,
        "us" : 262.513,
        "ms" : 0.262513,
        "s" : 2.62513E-4
      },
      "max" : {
        "ns" : 1462573,
        "us" : 1462.573,
        "ms" : 1.462573,
        "s" : 0.001462573
      }
    },
    "TimingAnalyzer.handleFeedback<Analyzer>" : {
      "count" : 8,
      "average" : {
        "ns" : 160283.25,
        "us" : 160.28325,
        "ms" : 0.16028325,
        "s" : 1.6028325E-4
      },
      "min" : {
        "ns" : 50502,
        "us" : 50.502,