{
  "stats" : {
    "nextFaultload" : {
      "count" : 10,
      "average" : {
        "ns" : 3686105.5,
        "us" : 3686.1055,
        "ms" : 3.6861055,
        "s" : 0.0036861055
      },
      "min" : {
        "ns" : 1804472,
        "us" : 1804.472,
        "ms" : 1.804472,
        "s" : 0.001804472
      },
      "max" : {
        "ns" : 8989254,
        "us" : 8989.254,
        "ms" : 8.989254,
        "s" : 0.008989254
      }
    },
    "Per test" : {
      "count" : 9,
      "average" : {
        "ns" : 5.398137311111111E7,
        "us" : 53981.37311111111,
        "ms" : 53.98137311111111,
        "s" : 0.05398137311111111
      },
      "min" : {
        "ns" : 25510006,
        "us" : 25510.006,
        "ms" : 25.510006,
        "s" : 0.025510006
      },
      "max" : {
        "ns" : 232898684,
        "us" : 232898.684,
        "ms" : 232.898684,
        "s" : 0.232898684
      }
    },
    "registerFaultload" : {
      "count" : 9,
      "average" : {
        "ns" : 1.6023331888888888E7,
        "us" : 16023.331888888888,
        "ms" : 16.023331888888887,
        "s" : 0.016023331888888888
      },
      "min" : {
        "ns" : 3007218,
        "us" : 3007.218,
        "ms" : 3.007218,
        "s" : 0.003007218
      },
      "max" : {
        "ns" : 104462220,
        "us" : 104462.22,
        "ms" : 104.46222,
        "s" : 0.10446222
      }
    },
    "testMethod" : {
      "count" : 9,
      "average" : {
        "ns" : 2.8651585333333332E7,
        "us" : 28651.585333333333,
        "ms" : 28.651585333333333,
        "s" : 0.028651585333333333
      },
      "min" : {
        "ns" : 16594755,
        "us" : 16594.755,
        "ms" : 16.594755,
        "s" : 0.016594755
      },
      "max" : {
        "ns" : 98785495,
        "us" : 98785.495,
        "ms" : 98.785495,
        "s" : 0.098785495
      }
    },
    "getTraceWithDelay" : {
      "count" : 9,
      "average" : {
        "ns" : 2.4582524888888888E7,
        "us" : 24582.52488888889,
        "ms" : 24.582524888888887,
        "s" : 0.024582524888888888
      },
      "min" : {
        "ns" : 12998213,
        "us" : 12998.213,
        "ms" : 12.998213,
        "s" : 0.012998213
      },
      "max" : {
        "ns" : 102913858,
        "us" : 102913.858,
        "ms" : 102.913858,
        "s" : 0.102913858
      }
    },
    "getTrace" : {
      "count" : 9,
      "average" : {
        "ns" : 1.5039270777777778E7,
        "us" : 15039.270777777778,
        "ms" : 15.039270777777778,
        "s" : 0.015039270777777778
      },
      "min" : {
        "ns" : 7077679,
        "us" : 7077.679,
        "ms" : 7.077679,
        "s" : 0.007077679
      },
      "max" : {
        "ns" : 72437056,
        "us" : 72437.056,
        "ms" : 72.437056,
        "s" : 0.072437056
      }
    },
    "handleResult" : {
      "count" : 9,
      "average" : {
        "ns" : 5476593.444444444,
        "us" : 5476.593444444444,
        "ms" : 5.476593444444444,
        "s" : 0.005476593444444444
      },
      "min" : {
        "ns" : 2526199,
        "us" : 2526.199,
        "ms" : 2.526199,
        "s" : 0.002526199
      },
      "max" : {
        "ns" : 20575511,
        "us" : 20575.511,
        "ms" : 20.575511,
        "s" : 0.020575511
      }
    },
    "StrategyRunner.analyze" : {
      "count" : 9,
      "average" : {
        "ns" : 5318609.777777778,
        "us" : 5318.609777777778,
        "ms" : 5.318609777777778,
        "s" : 0.005318609777777778
      },
      "min" : {
        "ns" : 2396194,
        "us" : 2396.194,
        "ms" : 2.396194,
        "s" : 0.002396194
      },
      "max" : {
        "ns" : 20213297,
        "us" : 20213.297,
        "ms" : 20.213297,
        "s" : 0.020213297
      }
    },
    "DynamicExplorationGenerator.handleFeedback<Analyzer>" : {
      "count" : 9,
      "average" : {
        "ns" : 919702.7777777778,
        "us" : 919.7027777777778,
        "ms" : 0.9197027777777778,
        "s" : 9.197027777777777E-4
      },
      "min" : {
        "ns" : 93204,
        "us" : 93.204,
        "ms" : 0.093204,
        "s" : 9.3204E-5
      },
      "max" : {
        "ns" : 6346150,
        "us" : 6346.15,
        "ms" : 6.34615,
        "s" : 0.00634615
      }
    },
    "HappyPathDetector.handleFeedback<Analyzer>" : {
      "count" : 9,
      "average" : {
        "ns" : 45312.88888888889,
        "us" : 45.31288888888889,
        "ms" : 0.04531288888888889,
        "s" : 4.531288888888889E-5
      },
      "min" : {
        "ns" : 3400,
        "us" : 3.4,
        "ms" : 0.0034,
        "s" : 3.4E-6
      },
      "max" : {
        "ns" : 375315,
        "us" : 375.315,
        "ms" : 0.375315,
        "s" : 3.75315E-4
      }
    },
    "ParentChildDetector.handleFeedback<Analyzer>" : {
      "count" : 9,
      "average" : {
        "ns" : 929159.0,
        "us" : 929.159,
        "ms" : 0.929159,
        "s" : 9.29159E-4
      },
      "min" : {
        "ns" : 47502,
        "us" : 47.502,
        "ms" : 0.047502,
        "s" : 4.7502E-5
      },
      "max" : {
        "ns" : 7771907,
        "us" : 7771.907,
        "ms" : 7.771907,
        "s" : 0.007771907
      }
    },
    "HappensBeforeNeighbourDetector.handleFeedback<Analyzer>" : {
      "count" : 9,
      "average" : {
        "ns" : 908713.6666666666,
        "us" : 908.7136666666667,
        "ms" : 0.9087136666666666,
        "s" : 9.087136666666667E-4
      },
      "min" : {
        "ns" : 11801,
        "us" : 11.801,
        "ms" : 0.011801,
        "s" : 1.1801E-5
      },
      "max" : {
        "ns" : 3440435,
        "us" : 3440.435,
        "ms" : 3.440435,
        "s" : 0.003440435
      }
    },
    "ErrorPropagationDetector.handleFeedback<Analyzer>" : {
      "count" : 9,
      "average" : {
        "ns" : 439561.77777777775,
        "us" : 439.56177777777776,
        "ms" : 0.4395617777777778,
        "s" : 4.3956177777777777E-4
      },
      "min" : {
        "ns" : 14100,
        "us" : 14.1,
        "ms" : 0.0141,
        "s" : 1.41E-5
      },
      "max" : {
        "ns" : 890835,
        "us" : 890.835,
        "ms" : 0.890835,
        "s" : 8.90835E-4
      }
    },
    "ConditionalPointDetector.handleFeedback<Analyzer>" : {
      "count" : 9,
      "average" : {
        "ns" : 946559.4444444445,
        "us" : 946.5594444444445,
        "ms" : 0.9465594444444445,
        "s" : 9.465594444444445E-4
      },
      "min" : {
        "ns" : 196108,
        "us" : 196.108,
        "ms" : 0.196108,
        "s" : 1.96108E-4
      },
      "max" : {
        "ns" : 4244867,
        "us" : 4244.867,
        "ms" : 4.244867,
        "s" : 0.004244867
      }
    },
    "RedundancyAnalyzer.handleFeedback<Analyzer>" : {
      "count" : 9,
      "average" : {
        "ns" : 40479.333333333336,
        "us" : 40.47933333333334,
        "ms" : 0.04047933333333333,
        "s" : 4.047933333333334E-5
      },
      "min" : {
        "ns" : 18600,
        "us" : 18.6,
        "ms" : 0.0186,
        "s" : 1.86E-5
      },
      "max" : {
        "ns" : 111705,
        "us" : 111.705,
        "ms" : 0.111705,
        "s" : 1.11705E-4
      }
    },
    "StatusAnalyzer.handleFeedback<Analyzer>" : {
      "count" : 9,
      "average" : {
        "ns" : 20189.88888888889,
        "us" : 20.18988888888889,
        "ms" : 0.02018988888888889,
        "s" : 2.018988888888889E-5
      },
      "min" : {
        "ns" : 4800,
        "us" : 4.8,
        "ms" : 0.0048,
        "s" : 4.8E-6
      },
      "max" : {
        "ns" : 137206,
        "us" : 137.206,
        "ms" : 0.137206,
        "s" : 1.37206E-4
      }
    },
    "BehaviorAnalyzer.handleFeedback<Analyzer>" : {
      "count" : 9,
      "average" : {
        "ns" : 473163.0,
        "us" : 473.163,
        "ms" : 0.473163,
        "s" : 4.73163E-4
      },
      "min" : {
        "ns" : 338614,
        "us" : 338.614,
        "ms" : 0.338614,
        "s" : 3.38614E-4
      },
      "max" : {
        "ns" : 993639,