{
    "per_key": {
        "nextFaultload": {
            "n": 10,
            "mean": 1.4512782000000002,
            "median": 1.4561065,
            "std": 0.6917627059779676,
            "min": 0.02318,
            "max": 2.826111,
            "p25": 1.212861,
            "p50": 1.4561065,
            "p75": 1.7527179999999998,
            "p90": 2.026677,
            "p95": 2.4263939999999993,
            "p99": 2.7461676
        },
        "Per test": {
            "n": 9,
            "mean": 160.81738288888886,
            "median": 109.238436,
            "std": 205.1646763648282,
            "min": 56.688987999999995,
            "max": 734.216025,
            "p25": 57.409783999999995,
            "p50": 109.238436,
            "p75": 113.93956899999999,
            "p90": 264.2136834000001,
            "p95": 499.21485419999976,
            "p99": 687.21579084
        },
        "registerFaultload": {
            "n": 9,
            "mean": 18.699453000000002,
            "median": 3.40143,
            "std": 36.953100253550986,
            "min": 3.1334779999999998,
            "max": 122.094816,
            "p25": 3.187,
            "p50": 3.40143,
            "p75": 5.281135,
            "p90": 41.09024480000002,
            "p95": 81.59253039999996,
            "p99": 113.99435888
        },
        "unregisterFautload": {
            "n": 9,
            "mean": 3.266841888888889,
            "median": 3.009045,
            "std": 0.5689152758372618,
            "min": 2.648177,
            "max": 4.59028,
            "p25": 2.8984929999999998,
            "p50": 3.009045,
            "p75": 3.478945,
            "p90": 3.9516744,
            "p95": 4.2709772,
            "p99": 4.52641944
        },
        "testMethod": {
            "n": 9,
            "mean": 114.51286399999998,
            "median": 91.293677,
            "std": 135.34246166699788,
            "min": 40.263601,
            "max": 491.01888499999995,
            "p25": 41.557339999999996,
            "p50": 91.293677,
            "p75": 94.151899,
            "p90": 174.82088100000004,
            "p95": 332.9198829999998,
            "p99": 459.3990845999999
        },
        "getTraceWithDelay": {
            "n": 9,
            "mean": 27.606842444444442,
            "median": 14.30668,
            "std": 33.58189565193329,
            "min": 10.497218,
            "max": 121.038293,
            "p25": 11.948869,
            "p50": 14.30668,
            "p75": 18.851868,
            "p90": 49.58450420000001,
            "p95": 85.31139859999996,
            "p99": 113.89291411999999
        },
        "handleResult": {
            "n": 9,
            "mean": 6.343706777777778,
            "median": 2.724548,
            "std": 7.595354654416134,
            "min": 1.4144109999999999,
            "max": 23.23528,
            "p25": 1.6311749999999998,
            "p50": 2.724548,
            "p75": 4.999508,
            "p90": 18.2953192,
            "p95": 20.7652996,
            "p99": 22.74128392
        },
        "Total test time": {
            "n": 1,
            "mean": 1703.676217,
            "median": 1703.676217,
            "std": 0.0,
            "min": 1703.676217,
            "max": 1703.676217,
            "p25": 1703.676217,
            "p50": 1703.676217,
            "p75": 1703.676217,
            "p90": 1703.676217,
            "p95": 1703.676217,
            "p99": 1703.676217
        },
        "getExpectedPoints": {
            "n": 16,
            "mean": 0.29564956249999996,
            "median": 0.285591,
            "std": 0.13995824882575195,
            "min": 0.106642,
            "max": 0.650134,
            "p25": 0.17004149999999998,
            "p50": 0.285591,
            "p75": 0.36862225,
            "p90": 0.43862999999999996,
            "p95": 0.5042185,
            "p99": 0.6209509
        }
    }
}