{
  "stats" : {
    "nextFaultload" : {
      "count" : 10,
      "average" : {
        "ns" : 3734016.9,
        "us" : 3734.0169,
        "ms" : 3.7340169,
        "s" : 0.0037340169
      },
      "min" : {
        "ns" : 1797795,
        "us" : 1797.795,
        "ms" : 1.797795,
        "s" : 0.001797795
      },
      "max" : {
        "ns" : 10243340,
        "us" : 10243.34,
        "ms" : 10.24334,
        "s" : 0.01024334
      }
    },
    "Per test" : {
      "count" : 9,
      "average" : {
        "ns" : 5.259338388888889E7,
        "us" : 52593.383888888886,
        "ms" : 52.59338388888889,
        "s" : 0.05259338388888889
      },
      "min" : {
        "ns" : 25926067,
        "us" : 25926.067,
        "ms" : 25.926067,
        "s" : 0.025926067
      },
      "max" : {
        "ns" : 233568713,
        "us" : 233568.713,
        "ms" : 233.568713,
        "s" : 0.233568713
      }
    },
    "registerFaultload" : {
      "count" : 9,
      "average" : {
        "ns" : 1.8299253444444444E7,
        "us" : 18299.253444444443,
        "ms" : 18.299253444444442,
        "s" : 0.018299253444444444
      },
      "min" : {
        "ns" : 3796600,
        "us" : 3796.6,
        "ms" : 3.7966,
        "s" : 0.0037966
      },
      "max" : {
        "ns" : 115571592,
        "us" : 115571.592,
        "ms" : 115.571592,
        "s" : 0.115571592
      }
    },
    "testMethod" : {
      "count" : 9,
      "average" : {
        "ns" : 2.6232205111111112E7,
        "us" : 26232.20511111111,
        "ms" : 26.232205111111114,
        "s" : 0.02623220511111111
      },
      "min" : {
        "ns" : 15572621,
        "us" : 15572.621,
        "ms" : 15.572621,
        "s" : 0.015572621
      },
      "max" : {
        "ns" : 97332531,
        "us" : 97332.531,
        "ms" : 97.332531,
        "s" : 0.097332531
      }
    },
    "getTraceWithDelay" : {
      "count" : 9,
      "average" : {
        "ns" : 2.4666733666666668E7,
        "us" : 24666.733666666667,
        "ms" : 24.66673366666667,
        "s" : 0.02466673366666667
      },
      "min" : {
        "ns" : 13912134,
        "us" : 13912.134,
        "ms" : 13.912134,
        "s" : 0.013912134
      },
      "max" : {
        "ns" : 97995966,
        "us" : 97995.966,
        "ms" : 97.995966,
        "s" : 0.097995966
      }
    },
    "getTrace" : {
      "count" : 9,
      "average" : {
        "ns" : 1.6379041333333334E7,
        "us" : 16379.041333333334,
        "ms" : 16.379041333333333,
        "s" : 0.016379041333333334
      },
      "min" : {
        "ns" : 7724907,
        "us" : 7724.907,
        "ms" : 7.724907,
        "s" : 0.007724907
      },
      "max" : {
        "ns" : 76592138,
        "us" : 76592.138,
        "ms" : 76.592138,
        "s" : 0.076592138
      }
    },
    "handleResult" : {
      "count" : 9,
      "average" : {
        "ns" : 4131762.222222222,
        "us" : 4131.762222222222,
        "ms" : 4.131762222222222,
        "s" : 0.004131762222222222
      },
      "min" : {
        "ns" : 1648387,
        "us" : 1648.387,
        "ms" : 1.648387,
        "s" : 0.001648387
      },
      "max" : {
        "ns" : 16149852,
        "us" : 16149.852,
        "ms" : 16.149852,
        "s" : 0.016149852
      }
    },
    "StrategyRunner.analyze" : {
      "count" : 9,
      "average" : {
        "ns" : 4081493.0,
        "us" : 4081.493,
        "ms" : 4.081493,
        "s" : 0.004081493
      },
      "min" : {
        "ns" : 1495879,
        "us" : 1495.879,
        "ms" : 1.495879,
        "s" : 0.001495879
      },
      "max" : {
        "ns" : 15953041,
        "us" : 15953.041,
        "ms" : 15.953041,
        "s" : 0.015953041
      }
    },
    "DynamicExplorationGenerator.handleFeedback<Analyzer>" : {
      "count" : 9,
      "average" : {
        "ns" : 987840.7777777778,
        "us" : 987.8407777777777,
        "ms" : 0.9878407777777778,
        "s" : 9.878407777777778E-4
      },
      "min" : {
        "ns" : 104306,
        "us" : 104.306,
        "ms" : 0.104306,
        "s" : 1.04306E-4
      },
      "max" : {
        "ns" : 6602948,
        "us" : 6602.948,
        "ms" : 6.602948,
        "s" : 0.006602948
      }
    },
    "HappyPathDetector.handleFeedback<Analyzer>" : {
      "count" : 9,
      "average" : {
        "ns" : 39957.666666666664,
        "us" : 39.95766666666666,
        "ms" : 0.03995766666666666,
        "s" : 3.9957666666666665E-5
      },
      "min" : {
        "ns" : 3400,
        "us" : 3.4,
        "ms" : 0.0034,
        "s" : 3.4E-6
      },
      "max" : {
        "ns" : 325417,
        "us" : 325.417,
        "ms" : 0.325417,
        "s" : 3.25417E-4
      }
    },
    "ParentChildDetector.handleFeedback<Analyzer>" : {
      "count" : 9,
      "average" : {
        "ns" : 372853.1111111111,
        "us" : 372.8531111111111,
        "ms" : 0.37285311111111114,
        "s" : 3.728531111111111E-4
      },
      "min" : {
        "ns" : 44003,
        "us" : 44.003,
        "ms" : 0.044003,
        "s" : 4.4003E-5
      },
      "max" : {
        "ns" : 2757846,
        "us" : 2757.846,
        "ms" : 2.757846,
        "s" : 0.002757846
      }
    },
    "HappensBeforeNeighbourDetector.handleFeedback<Analyzer>" : {
      "count" : 9,
      "average" : {
        "ns" : 784996.8888888889,
        "us" : 784.9968888888889,
        "ms" : 0.7849968888888889,
        "s" : 7.849968888888889E-4
      },
      "min" : {
        "ns" : 9401,
        "us" : 9.401,
        "ms" : 0.009401,
        "s" : 9.401E-6
      },
      "max" : {
        "ns" : 2181415,
        "us" : 2181.415,
        "ms" : 2.181415,
        "s" : 0.002181415
      }
    },
    "ErrorPropagationDetector.handleFeedback<Analyzer>" : {
      "count" : 9,
      "average" : {
        "ns" : 198666.22222222222,
        "us" : 198.66622222222222,
        "ms" : 0.19866622222222222,
        "s" : 1.9866622222222222E-4
      },
      "min" : {
        "ns" : 11701,
        "us" : 11.701,
        "ms" : 0.011701,
        "s" : 1.1701E-5
      },
      "max" : {
        "ns" : 516427,
        "us" : 516.427,
        "ms" : 0.516427,
        "s" : 5.16427E-4
      }
    },
    "ConditionalPointDetector.handleFeedback<Analyzer>" : {
      "count" : 9,
      "average" : {
        "ns" : 1029187.5555555555,
        "us" : 1029.1875555555555,
        "ms" : 1.0291875555555554,
        "s" : 0.0010291875555555555
      },
      "min" : {
        "ns" : 230312,
        "us" : 230.312,
        "ms" : 0.230312,
        "s" : 2.30312E-4
      },
      "max" : {
        "ns" : 4551440,
        "us" : 4551.44,
        "ms" : 4.55144,
        "s" : 0.00455144
      }
    },
    "RedundancyAnalyzer.handleFeedback<Analyzer>" : {
      "count" : 9,
      "average" : {
        "ns" : 48524.555555555555,
        "us" : 48.52455555555555,
        "ms" : 0.04852455555555556,
        "s" : 4.852455555555556E-5
      },
      "min" : {
        "ns" : 19201,
        "us" : 19.201,
        "ms" : 0.019201,
        "s" : 1.9201E-5
      },
      "max" : {
        "ns" : 139107,
        "us" : 139.107,
        "ms" : 0.139107,
        "s" : 1.39107E-4
      }
    },
    "StatusAnalyzer.handleFeedback<Analyzer>" : {
      "count" : 9,
      "average" : {
        "ns" : 33735.0,
        "us" : 33.735,
        "ms" : 0.033735,
        "s" : 3.3735E-5
      },
      "min" : {
        "ns" : 4500,
        "us" : 4.5,
        "ms" : 0.0045,
        "s" : 4.5E-6
      },
      "max" : {
        "ns" : 259313,
        "us" : 259.313,
        "ms" : 0.259313,
        "s" : 2.59313E-4
      }
    },
    "BehaviorAnalyzer.handleFeedback<Analyzer>" : {
      "count" : 9,
      "average" : {
        "ns" : 318294.55555555556,
        "us" : 318.2945555555556,
        "ms" : 0.3182945555555556,
        "s" : 3.1829455555555555E-4
      },
      "min" : {
        "ns" : 105606,
        "us" : 105.606,
        "ms" : 0.105606,
        "s" : 1.05606E-4
      },